{"type": "FeatureCollection", "features": [{"type": "Feature", "geometry": {"type": "MultiPolygon", "coordinates": [[[[9.268723271806728, 58.3695721004336], [9.24154365271827, 58.353540426260416], [9.198434306220955, 58.328071811625016], [9.112970009874864, 58.277431746584], [9.070631844466838, 58.25227177817166], [9.067265283976962, 58.25027115549639], [9.066319528886872, 58.250694815855425], [9.02621211645935, 58.268648014884356], [8.981799455682493, 58.288492408081225], [8.92457272324583, 58.3140077507046], [8.897100460376047, 58.326233802860436], [8.872892358442666, 58.33699699474387], [8.822664127757388, 58.35928719852007], [8.812220231311146, 58.36391614378847], [8.801190705788942, 58.368802231025114], [8.775969624312594, 58.37996611471229], [8.734074376932401, 58.3952435359841], [8.727100368571385, 58.39564473592455], [8.713586945862929, 58.39642121136662], [8.714510089194876, 58.39893982951379], [8.715092738214706, 58.40052845868824], [8.708379067964458, 58.4031704087808], [8.708182179904373, 58.403507527900445], [8.707464341822835, 58.40376429786785], [8.706026381840456, 58.40345446554457], [8.705869851992654, 58.40373755395428], [8.705449413066988, 58.40397664652387], [8.704267621818921, 58.40418052784123], [8.704181706406546, 58.404073890376374], [8.704127314105996, 58.40400681361523], [8.704069214266235, 58.40390965360754], [8.704051936869181, 58.40388061219069], [8.703959282893505, 58.403725369303785], [8.703879176512203, 58.40350004719255], [8.703862364990876, 58.4034760721513], [8.70382429540682, 58.40344816649999], [8.703790908817565, 58.403431479321455], [8.703757464069595, 58.40341415883528], [8.703712172848247, 58.40338346524759], [8.70365699296701, 58.403335172182395], [8.703614962070649, 58.403299686018414], [8.703609144362517, 58.403294805898085], [8.70357536598769, 58.403263059093184], [8.703541411153257, 58.403221757075706], [8.70353264782502, 58.40320745532526], [8.70352025155872, 58.40318757067619], [8.70350176648643, 58.403150904434646], [8.703479948998373, 58.403102185702224], [8.703462142352837, 58.403057897710724], [8.703458824627399, 58.40304863784762], [8.703443303811754, 58.403015540157604], [8.703439282799675, 58.403010208295655], [8.703420724996636, 58.402970116119754], [8.703405364086986, 58.40293612569865], [8.703379749633795, 58.40288082527209], [8.7033671387073, 58.402842017138646], [8.703362656738204, 58.4028335103871], [8.703359302610647, 58.40282253755942], [8.703348131565633, 58.40277281297843], [8.703345749921711, 58.40276215831032], [8.703339060227547, 58.4027343595841], [8.70333876483788, 58.40272930157835], [8.703322214238025, 58.40268183331516], [8.703309362391975, 58.40264724616792], [8.703305275585429, 58.40263461608815], [8.703282805856709, 58.40258379371652], [8.703271169501136, 58.402552959042545], [8.703267693958347, 58.40252829090181], [8.703266550792229, 58.40251742714699], [8.703269217595233, 58.4024843260897], [8.703270395942804, 58.40247582839873], [8.703278731933189, 58.40244651942006], [8.703299053967655, 58.402414469498964], [8.703323966557987, 58.4023855280096], [8.703367687707871, 58.40234544620535], [8.703387940580699, 58.402325280953946], [8.70339975137809, 58.40231010289857], [8.703404065093421, 58.40230230025491], [8.703420791797091, 58.4022634984746], [8.703424408561649, 58.402245214337086], [8.703424494815048, 58.40223035847843], [8.70342071676157, 58.40220450462365], [8.70341644965401, 58.402190965039345], [8.703403950176407, 58.40216495110647], [8.703392272302093, 58.40214393107622], [8.70337605182465, 58.40211953479363], [8.703362808858921, 58.40210438159307], [8.703352358612094, 58.402095670458934], [8.70333593105352, 58.402082971922866], [8.703290788252998, 58.40204571096923], [8.703258014435908, 58.40201698561848], [8.703237294345627, 58.402000472842204], [8.703219054310889, 58.40198831529844], [8.703188040071797, 58.4019708443389], [8.703130552965389, 58.401942160557034], [8.703077130281633, 58.4019166492952], [8.70299295253005, 58.401877012051905], [8.702937903539045, 58.40185196085578], [8.702891515179546, 58.40183220024618], [8.70282407455263, 58.40180257491515], [8.70278059788377, 58.40178475914741], [8.702763779949581, 58.40177807537625], [8.702678101611134, 58.40174394766976], [8.702610189328887, 58.40172366532461], [8.70255477629265, 58.40170544064851], [8.702485356669843, 58.40168112115833], [8.70241548645989, 58.401654527860074], [8.702325451013694, 58.401619824661886], [8.7022927239754, 58.40160713226097], [8.702255964715027, 58.401591088738655], [8.702245465573736, 58.401585527236584], [8.702185575828391, 58.40156068713161], [8.70211639213377, 58.401533136854994], [8.702088149509255, 58.40152318739753], [8.702041923592907, 58.40151018907145], [8.701990203276013, 58.40149529849759], [8.70193354836355, 58.40148592832879], [8.701893256047896, 58.401479076737395], [8.701858213966123, 58.401473564951615], [8.701803387668187, 58.40146356446747], [8.701753328998853, 58.40145280855393], [8.70170809891572, 58.401436166723286], [8.701665633472635, 58.40141749983115], [8.701655054540378, 58.40141238464556], [8.701642160073199, 58.40140391297925], [8.70158599195514, 58.40136691780918], [8.701552608235472, 58.401339692903946], [8.70154030833363, 58.40133269155021], [8.701485062046386, 58.40130204612193], [8.701466369515183, 58.40129337836329], [8.701438271163543, 58.40128262531691], [8.701408024531387, 58.40127428796591], [8.701379791073572, 58.401268121372254], [8.70135528159809, 58.40126511058189], [8.701272832903712, 58.40126086151816], [8.70123901649297, 58.40126000317576], [8.701152220318823, 58.40125607984598], [8.701129389703857, 58.40125423260487], [8.701063929942668, 58.40124325668779], [8.700969931654921, 58.401220154933554], [8.700917574136387, 58.4012059529404], [8.700895410767897, 58.40119846471341], [8.700836961633325, 58.40117612668569], [8.70081504396465, 58.40116630897118], [8.700747652886157, 58.40113929667646], [8.700667059646332, 58.40110361725764], [8.700656799264918, 58.40109959844244], [8.700567735237481, 58.401052783545246], [8.700510465496693, 58.401021947720814], [8.700481574157358, 58.401004130508575], [8.700469652522935, 58.400995976911936], [8.70038230279585, 58.40094438316125], [8.700364074454333, 58.40093312635399], [8.700316284860536, 58.40090491983802], [8.700301174272196, 58.40089732931086], [8.7002671275003, 58.400880518435386], [8.700189099197846, 58.400850639163274], [8.700178620911935, 58.40084687973436], [8.700158529115084, 58.40084219546768], [8.700158050914421, 58.40084199174026], [8.700135232310531, 58.40083816354971], [8.700091778234881, 58.40083268633374], [8.700038415447525, 58.40083176343996], [8.699932172385099, 58.40083201281907], [8.699856306223076, 58.400834121856754], [8.699749157472143, 58.400838469208615], [8.699662125404169, 58.400840657369095], [8.699613846883597, 58.40084295731269], [8.699524272449274, 58.400848802462825], [8.699465926764663, 58.40085366747264], [8.699435536573374, 58.40085667030284], [8.699349998235519, 58.400867758030145], [8.699254586197494, 58.40087745764307], [8.699186497388837, 58.4008849936875], [8.699128772133145, 58.4008921407164], [8.699086986200701, 58.40089746284338], [8.699035807437117, 58.40090637401182], [8.698951145288097, 58.40091831529056], [8.698902050930924, 58.400925167835055], [8.698823280122678, 58.400931996190664], [8.698757983603292, 58.40093543697245], [8.698655808335356, 58.4009407494601], [8.69859032738911, 58.40094138913939], [8.698526472960387, 58.4009415687218], [8.698454641672969, 58.40094126436094], [8.698352681866238, 58.400941543790644], [8.698238149359693, 58.40093922099525], [8.698120903496196, 58.4009328914662], [8.697960338679765, 58.40090884215495], [8.697915703807114, 58.40089655125343], [8.697900836187765, 58.40089239476834], [8.697841297571392, 58.400874234395495], [8.697786372543947, 58.40085522106846], [8.697769652016456, 58.40084800103414], [8.697712545830429, 58.40082392657221], [8.697671829453952, 58.400800301171024], [8.69766056688639, 58.40079326057506], [8.697620500558301, 58.40076696540253], [8.697601328668556, 58.400753319970896], [8.697573579045716, 58.40073105533789], [8.697546219308437, 58.4007056577894], [8.697524295590831, 58.40068151935284], [8.69750881049353, 58.400661661579605], [8.697477668932766, 58.40060662706407], [8.697474171092743, 58.40059933945431], [8.697470038588563, 58.400586977044654], [8.697460682655613, 58.40055589402901], [8.697458443391765, 58.40055019961982], [8.697443684592768, 58.400507141767044], [8.697425860613501, 58.4004620412479], [8.697421374443435, 58.40045452470606], [8.697403483024514, 58.40041554505194], [8.697402768382114, 58.40041091661076], [8.69739907443741, 58.40040280875778], [8.697383675855956, 58.400363321770485], [8.697371546969144, 58.40033048069555], [8.697362885650731, 58.40030222388529], [8.697361638928621, 58.4002986499091], [8.697360476358913, 58.40029652107692], [8.697359398378545, 58.40027764493282], [8.69736071610159, 58.40026933426174], [8.697365062197184, 58.40025369801471], [8.697381758883719, 58.400220839449275], [8.6973967038924, 58.40017573604091], [8.697581609227107, 58.39985713238638], [8.69794563785475, 58.399625547253414], [8.698141213833, 58.39950299390757], [8.698191645600527, 58.39941398141769], [8.698095831767247, 58.39920859284938], [8.698029282053797, 58.39902563359451], [8.697781775482518, 58.398676851007934], [8.697764751274493, 58.398663671870956], [8.697752091997456, 58.39864719587102], [8.697719532957755, 58.39860965341602], [8.697676562343025, 58.39856511235848], [8.697672440800716, 58.39856130635766], [8.697643647361673, 58.398527642363874], [8.697638296843774, 58.39851729122623], [8.697604343197016, 58.39847508671601], [8.697580835661686, 58.398444475651544], [8.697561281356936, 58.39841478029919], [8.697551658768337, 58.398394761703834], [8.697536636731073, 58.398375196957595], [8.697503821502151, 58.39833142752039], [8.697475604972398, 58.398302204994046], [8.697438686835731, 58.39825931365814], [8.697420982059798, 58.398238445606154], [8.697413511096988, 58.39822844004723], [8.697393518536535, 58.39819449011537], [8.697390903148492, 58.398187065952136], [8.697389976409127, 58.39818170654133], [8.697370822305556, 58.39814977937031], [8.697340206258689, 58.39810809984403], [8.697302844068656, 58.3980619443042], [8.697293688705825, 58.3980517654891], [8.697265995608117, 58.39801005016821], [8.697242618376377, 58.39797584298731], [8.697223380360033, 58.397942470654215], [8.697206296655292, 58.39790569230197], [8.697204575378526, 58.39789615080761], [8.69719288758934, 58.397864682397746], [8.697188927896395, 58.397857101775784], [8.697170174048756, 58.39782294278673], [8.697156344521577, 58.397800554899376], [8.697148303758937, 58.3977927727236], [8.697129630140584, 58.39778401511085], [8.697107561549053, 58.397774099146396], [8.697103688425067, 58.39777273705938], [8.697096404322888, 58.39777030589456], [8.697081384054169, 58.39776605166964], [8.697080305716531, 58.39776536798055], [8.697065965631882, 58.397761147346415], [8.69705155740718, 58.39775539229487], [8.697008787745961, 58.39772409996266], [8.697004814495932, 58.39772138200042], [8.69699863243293, 58.397715672971074], [8.696991136236258, 58.39771251083029], [8.696977904129476, 58.3977040219405], [8.696976703742049, 58.397703062037195], [8.696954444443957, 58.39768368013619], [8.696921437998851, 58.39765917428811], [8.69689736039737, 58.397615475947184], [8.696874623059895, 58.39757004255884], [8.696833476115804, 58.39743300768226], [8.696864909243345, 58.39731982142433], [8.69680724895143, 58.397161977215745], [8.69681691532227, 58.39710994860949], [8.696931717906732, 58.396920184602756], [8.696935024976236, 58.396873966113795], [8.696945468070684, 58.39673335506473], [8.696928772274989, 58.39658527943149], [8.696968547144586, 58.396437020837176], [8.696941889825224, 58.396346453000724], [8.697089103863883, 58.39615576802814], [8.697114542316127, 58.39607506818869], [8.697312980486176, 58.395837829264416], [8.697268045445881, 58.395796613281284], [8.69726932158054, 58.39579523531869], [8.697267574975053, 58.39579253726632], [8.697259868776873, 58.39578576228749], [8.697234161766959, 58.39576648031353], [8.697181143449711, 58.395727296742706], [8.697159874114432, 58.395715799110874], [8.697107203279346, 58.395690952488636], [8.697076039971293, 58.39567914630814], [8.697018772393621, 58.3956550632942], [8.6970059972202, 58.39564785781712], [8.696945814205119, 58.39561228298794], [8.696897140369265, 58.3955861926951], [8.696871466313803, 58.395574387394014], [8.696842831786423, 58.395563786792046], [8.696837848650478, 58.39556191955505], [8.696776896962977, 58.39554116686776], [8.69674689037009, 58.39553247983308], [8.696680381581338, 58.39551019175287], [8.696660747111883, 58.39550201700451], [8.696614262722912, 58.39548477073178], [8.696545243320788, 58.39545830578596], [8.696477404193493, 58.39543099848035], [8.696402237738555, 58.39540341926321], [8.696363645578161, 58.395392867056934], [8.696311056282745, 58.39537522904803], [8.696225321973158, 58.39534631715312], [8.696144920992637, 58.39532019037977], [8.696081027481176, 58.39529767090241], [8.695995883643173, 58.395268337700045], [8.69592294250096, 58.39524366002259], [8.69583810514797, 58.39521740395048], [8.69575508023543, 58.39519060692009], [8.695746006392788, 58.39518763693545], [8.695667826603692, 58.39516252018556], [8.695593099649164, 58.39513919507439], [8.695548392844072, 58.395127349849425], [8.695460403576632, 58.395103369468465], [8.695404132523414, 58.39508617960169], [8.695383494403693, 58.395077864994434], [8.69532267839876, 58.395055407085486], [8.695272082522939, 58.39503813728439], [8.69519554976134, 58.39501436246116], [8.695119085167114, 58.39499212200945], [8.695037935750252, 58.394967308438886], [8.694995781738264, 58.39495270714923], [8.694926410695654, 58.39493108722801], [8.69484479349448, 58.39490697090951], [8.694760875986546, 58.39488229057069], [8.694735435269969, 58.39487301806489], [8.694697854374935, 58.394861614666034], [8.694670243376676, 58.39485583739331], [8.694657693143576, 58.394855037170764], [8.694645891073394, 58.394855804966795], [8.694580619650663, 58.39486203643073], [8.694549824277013, 58.39486636885661], [8.694535841857192, 58.394869730770374], [8.694454119687078, 58.394891180366145], [8.694415544992445, 58.39490350414172], [8.694398568064312, 58.39491113111629], [8.694349567558094, 58.3949318558564], [8.694321924714721, 58.39494156759757], [8.694246835483575, 58.39496811810172], [8.694171544105279, 58.394994838700384], [8.694093776167172, 58.39502197725422], [8.694043429077533, 58.39503777199829], [8.694006120312137, 58.395047816601426], [8.693923695291494, 58.395070311892916], [8.693839171787197, 58.39509207300219], [8.693789962705175, 58.395106302771346], [8.693747304782566, 58.39512130656741], [8.69367357499855, 58.395147923937586], [8.693604177941156, 58.395171423084875], [8.693545398787695, 58.39519310529835], [8.693512064463683, 58.39520298592628], [8.693490976475335, 58.39520770776763], [8.693477425940177, 58.39520865923979], [8.693458212379369, 58.39520770973505], [8.693431263410048, 58.39520493696026], [8.693421299540384, 58.39520597561294], [8.693416972700863, 58.39520810339921], [8.693390871580512, 58.39522356505348], [8.693375066445975, 58.3952342218605], [8.69336881521994, 58.39523751541272], [8.6933419318822, 58.39525446945695], [8.693304758511083, 58.39527523794604], [8.693293554323413, 58.39527936746596], [8.693288361303308, 58.39528154250403], [8.693284486543837, 58.39528306219351], [8.693224816756105, 58.39530875304958], [8.69319786135888, 58.395322281146846], [8.693130625861157, 58.39535381234572], [8.693107213205678, 58.39536193166205], [8.693034964719892, 58.39538889208685], [8.692962892187682, 58.39541487048695], [8.692884974423842, 58.395440920210014], [8.692865198455374, 58.39544597698483], [8.692825318505838, 58.39545409294777], [8.692791561809225, 58.3954596295443], [8.69275105182083, 58.395464562171995], [8.692715110656012, 58.39547080134307], [8.692702032050443, 58.39547294686883], [8.692699831595862, 58.39547373873416], [8.692691179872837, 58.395475112370995], [8.69267382236662, 58.39547911784083], [8.692594688362828, 58.39549664144472], [8.69255903918501, 58.395503165191506], [8.692472207708523, 58.39551769646984], [8.69227456426178, 58.39553890895984], [8.691917392989792, 58.3956012295543], [8.691867644692348, 58.395609848117076], [8.69175510034421, 58.3956443625932], [8.691649215219059, 58.395677134727606], [8.691561902155819, 58.39570199875864], [8.691466361122266, 58.39572969823385], [8.691304220640347, 58.39580832277631], [8.691233530607498, 58.39583040586882], [8.69119938237562, 58.39584673017559], [8.691153043548557, 58.39586407293879], [8.69107451060685, 58.39589927756398], [8.691032431774188, 58.395925386801984], [8.690864817686682, 58.39598860978267], [8.690748831711707, 58.39604182133676], [8.690577333231792, 58.39612047773883], [8.690567190611647, 58.39612538001986], [8.690565128080287, 58.396126358794625], [8.690516054295989, 58.39614077419796], [8.690054591568426, 58.396346446333645], [8.689992190978556, 58.396372991466535], [8.68967133624263, 58.39650915170107], [8.689194111998653, 58.39671656340567], [8.689189444646674, 58.39671867422335], [8.68915266637682, 58.39673243629454], [8.689147424843226, 58.39673487896647], [8.689108527332973, 58.39675375984678], [8.689071698534304, 58.3967706715825], [8.688991415505054, 58.396803176695144], [8.688965065992491, 58.39681331157272], [8.688920743104678, 58.39683183403972], [8.688901407006622, 58.39684303623871], [8.688868199293234, 58.3968569748103], [8.688719982215927, 58.3969153004119], [8.688681416937238, 58.396930414982606], [8.688625350057496, 58.396955111243], [8.68862166097314, 58.396956549922734], [8.688606638488233, 58.396962831852825], [8.688060343524883, 58.3971927617697], [8.687660474847815, 58.397360944347724], [8.687307041404637, 58.39751124870803], [8.686989091395109, 58.397644484382894], [8.6868338564054, 58.39771128696431], [8.686519333084691, 58.39784739296995], [8.686295729860571, 58.39794431598916], [8.68617597585245, 58.39799215877557], [8.686032087041928, 58.39804925466753], [8.685894864175454, 58.39810361808333], [8.685565961379169, 58.39835609202721], [8.685193475295264, 58.39863342755678], [8.684848433766915, 58.398885911969096], [8.68437537488064, 58.39904875240598], [8.683990115133334, 58.39919936485599], [8.683690162623057, 58.39927998651642], [8.683624966083627, 58.39929720405122], [8.683456461312561, 58.3993451534848], [8.683446143311679, 58.39934815525786], [8.68334691269256, 58.399377197602135], [8.68310151905322, 58.39944727908627], [8.683018358939533, 58.39947567562021], [8.68298464695034, 58.3995000351437], [8.682881676943285, 58.399521236712474], [8.682813501366343, 58.399530200737836], [8.682746509005694, 58.399566962676815], [8.682609454563922, 58.39961745852442], [8.682539581617188, 58.399628229712306], [8.682463209147794, 58.39964939661782], [8.682458531307875, 58.39965060606475], [8.68238713905215, 58.39968129593986], [8.68230880633774, 58.399706688745], [8.682180804426276, 58.399748806120364], [8.681747213640492, 58.399885671808335], [8.68148983352646, 58.39996704530043], [8.677254679284385, 58.40086759728939], [8.677221046637642, 58.40087430696344], [8.676562001931147, 58.40100818221107], [8.676444231409267, 58.401040083564595], [8.675975536512016, 58.401147722091444], [8.675741998869375, 58.401209911741965], [8.675506477445323, 58.4012726331279], [8.675483298281778, 58.401274636704194], [8.67543240614655, 58.40127904961333], [8.67465521912943, 58.40134662812072], [8.67461775820656, 58.40134981504847], [8.67439078846246, 58.40138882125652], [8.673502937179627, 58.40150215410868], [8.672845128754302, 58.401586086839544], [8.67281441487311, 58.401590868631324], [8.67276710546629, 58.40159825009219], [8.672710827503312, 58.40160779875192], [8.672445191365108, 58.40160993991251], [8.671965342502912, 58.40163451286186], [8.671385150010712, 58.40163033144652], [8.671348458507332, 58.40163400590332], [8.669645810091541, 58.40167286177719], [8.666454817420359, 58.40166468203318], [8.666100526472214, 58.401643676981664], [8.665967677620342, 58.40163348118389], [8.66593934981849, 58.40163072430595], [8.665902243558957, 58.401627171484776], [8.665797741156597, 58.401621534603855], [8.665691237683289, 58.401621292239724], [8.665604722556637, 58.401624383540124], [8.665517736232578, 58.40162628055909], [8.665506618457327, 58.40162608900024], [8.66540489937574, 58.40162500309229], [8.665291745329029, 58.40162262900958], [8.665157302510185, 58.40161937825647], [8.66503781513981, 58.401615969068175], [8.664926694972214, 58.401614686323605], [8.664822742368667, 58.40161456985282], [8.66470320922912, 58.401613319621624], [8.664590124430507, 58.40161437079617], [8.66445359320577, 58.40161795058366], [8.664338690833779, 58.401622423818665], [8.664258548011878, 58.40162538022574], [8.664146069572585, 58.401619255956774], [8.663470723799367, 58.40246880899906], [8.66345610618692, 58.40248708684928], [8.663304726692425, 58.402693023701154], [8.663111942503857, 58.40283926335559], [8.663102447655273, 58.40294146544285], [8.662714525902594, 58.40346880552704], [8.662685426841433, 58.40351221276927], [8.662652721871755, 58.4035670592818], [8.662572982356023, 58.403720082314635], [8.662193512341448, 58.40423946500044], [8.662106190632267, 58.40435266305652], [8.66209591047023, 58.404369715154516], [8.662075563623628, 58.404413106601595], [8.662052675237126, 58.404443942925795], [8.661776083617221, 58.40479992268805], [8.6617661866414, 58.404826270452176], [8.66175192551939, 58.40491490632693], [8.661743993545267, 58.40493891992949], [8.661685099715498, 58.40511999721939], [8.661641047163316, 58.405182565984134], [8.661636907821185, 58.40518839474898], [8.6615495376845, 58.40531230784088], [8.661320410357801, 58.405638130793285], [8.661205489009069, 58.4057073571632], [8.661057060376102, 58.405947213004545], [8.660968154247886, 58.40601394853554], [8.66080976523951, 58.40627096217241], [8.660702483200394, 58.40636632610649], [8.660641344739993, 58.40648271528867], [8.660561004090802, 58.406556180560855], [8.66056225235731, 58.40664918933688], [8.660012141316313, 58.40752926739467], [8.659890869789253, 58.40759844762309], [8.659701268671943, 58.40783337520085], [8.658944161048735, 58.408457470652884], [8.658807274074706, 58.40881300099551], [8.65879708168951, 58.40883906376595], [8.658792480677969, 58.40885315549766], [8.658675198265275, 58.40876888231176], [8.658558331541595, 58.408604291787505], [8.658336622284725, 58.40839018020744], [8.657766554930651, 58.40820460209014], [8.657380539237657, 58.40814507163622], [8.657090140818903, 58.40814243928834], [8.656196293870604, 58.40809459440032], [8.655021603155589, 58.40802161439935], [8.653981739283573, 58.40793470202132], [8.653558626120896, 58.40783260572235], [8.653076866827485, 58.40742704376414], [8.652170678936306, 58.40697623416595], [8.650565440740362, 58.406729587141626], [8.648267617822421, 58.40665407411203], [8.64656096998859, 58.40642943832829], [8.64509905289975, 58.40601485662452], [8.644649566467738, 58.405574749441996], [8.644692385954507, 58.405232469376244], [8.644698506300978, 58.40518341798965], [8.644764267711752, 58.404658185511934], [8.644838883757462, 58.4040611610936], [8.644716524285137, 58.403859985294275], [8.643775935194354, 58.40383025676262], [8.643447404476724, 58.403805248030224], [8.642664792549942, 58.403821387245216], [8.642392552103205, 58.40387699684568], [8.641726873736083, 58.4038746374009], [8.640851174710848, 58.40387225773494], [8.640061856791961, 58.40428974273196], [8.639540651743474, 58.40524450152348], [8.638369890167212, 58.406192733295555], [8.637671687492206, 58.40709246041783], [8.637164993277814, 58.407375679318335], [8.636545774769907, 58.40721105924751], [8.636304187046589, 58.4071843331752], [8.635957605817012, 58.40719821539632], [8.635358596670724, 58.407097373465035], [8.635242600740908, 58.40709068836904], [8.634439567553047, 58.40701443331824], [8.63165434225223, 58.40696465744029], [8.63005188382053, 58.406930624518594], [8.62664872749295, 58.407458212005096], [8.625192200363097, 58.40768395490192], [8.61933692370033, 58.40853468929482], [8.618416876107243, 58.408702151929795], [8.61640717684556, 58.409101440637215], [8.615789711093157, 58.40922421307667], [8.615735748446667, 58.40922745837359], [8.613786689274669, 58.409345484777305], [8.613699067290773, 58.40935073786359], [8.613251189696843, 58.409377864659], [8.612234782547311, 58.409406620483495], [8.611452771668786, 58.4091144774175], [8.61091329356483, 58.408565345026524], [8.610635298326612, 58.408078928194136], [8.610419996947318, 58.40774615404233], [8.609977266244575, 58.40730129597395], [8.609761320061553, 58.40691264545543], [8.609349510004895, 58.406649920753516], [8.608687205033739, 58.40636996681132], [8.607683915517818, 58.406415733143824], [8.606824901658463, 58.406858087223846], [8.606202618846936, 58.40744424713874], [8.605827512062303, 58.407855444623], [8.605520424199344, 58.40830400522235], [8.60543003877327, 58.40886790292776], [8.605590628301027, 58.40968711105021], [8.604891675058527, 58.410120721468864], [8.604068461818896, 58.41040615273007], [8.603443429347656, 58.41057199164051], [8.603014439806586, 58.41163915949722], [8.603308911864804, 58.41298622275925], [8.604088842356418, 58.413695511801535], [8.604800027270155, 58.414404503248214], [8.605242674062039, 58.414783894210814], [8.605796260530418, 58.41522153116748], [8.606462635938719, 58.417258496652536], [8.606559930642566, 58.41771443558367], [8.606483217348867, 58.41843519899214], [8.606373494625359, 58.41889013658608], [8.6053860266197, 58.42040445555213], [8.604957461643458, 58.420783074509465], [8.604964388900141, 58.42127042567751], [8.604961450450215, 58.4216657723276], [8.604794808648982, 58.4220785880637], [8.604141123508898, 58.42217716087608], [8.603846295967301, 58.42222174525525], [8.601628895989682, 58.42464806550972], [8.600914468069899, 58.42503738605531], [8.598649256879959, 58.42526446970811], [8.596060772503026, 58.42552411654363], [8.59245959744452, 58.4251348234872], [8.591006261195323, 58.42417612065613], [8.588817951532882, 58.42184393409752], [8.58676148523562, 58.41874948176266], [8.586684871950757, 58.4182897850361], [8.586750506545041, 58.41772320559258], [8.586756862992923, 58.41766768114734], [8.5869765967258, 58.41577030423762], [8.585236027870124, 58.41433700594412], [8.582631798978184, 58.41223489619711], [8.579765443005527, 58.4105923215542], [8.579339741092486, 58.41016135283129], [8.578367924542297, 58.40928605582281], [8.574921555792749, 58.40600504409302], [8.573563012607098, 58.404781290849414], [8.57109542486195, 58.40255860122188], [8.565358499076842, 58.40420168224245], [8.565275536338618, 58.404235869823545], [8.565053770580713, 58.40429899714958], [8.564688982521666, 58.404370044046075], [8.564462680955591, 58.404509503213646], [8.563530702285954, 58.40479072463569], [8.563098906180542, 58.404952153046416], [8.562815295511147, 58.405052149482614], [8.562564943378424, 58.405100770297295], [8.561758741949562, 58.405385622161155], [8.561545480540012, 58.40543971522199], [8.561259540182146, 58.40554301368135], [8.560455496040364, 58.40582346315492], [8.560184316104877, 58.40590048238267], [8.559699484744364, 58.40603274250664], [8.55948912347216, 58.40611967513482], [8.55895568394091, 58.40629334495258], [8.558729787122193, 58.40636201819521], [8.558702880986523, 58.40638335851896], [8.558448023510941, 58.40646209888272], [8.558720867220279, 58.40736326842539], [8.558876464443737, 58.40902053603494], [8.558471483916671, 58.41019095004846], [8.554373798653298, 58.412949997636446], [8.552215122019062, 58.415888146418325], [8.551091759287074, 58.416356882447715], [8.549339574851986, 58.41701721439678], [8.549267704371843, 58.41703934327129], [8.54889555406482, 58.417141143549934], [8.548759049455786, 58.41719927759329], [8.54873317878688, 58.41721022005533], [8.548641056024222, 58.41724447576433], [8.548406688861565, 58.41731108413166], [8.548127219518541, 58.41738865316519], [8.54796881392173, 58.417397760147814], [8.547856702240708, 58.41741839459062], [8.54774130414154, 58.417472820633876], [8.547239186678803, 58.417645690109396], [8.547145691913672, 58.417703294660484], [8.546987945254038, 58.417791068271875], [8.54673639530789, 58.41799326702906], [8.54661197430653, 58.41804165140753], [8.546519738458706, 58.41806995512178], [8.546392141693767, 58.41809917314378], [8.546290157623087, 58.41814409787592], [8.545932957371756, 58.41830645513139], [8.545232407153645, 58.41845478184118], [8.544671507184601, 58.41862133671298], [8.54454281040716, 58.41866680076877], [8.544346872250996, 58.41871850186741], [8.544139566937401, 58.41881151221927], [8.543908979024378, 58.418934059934166], [8.543568005147693, 58.41904724071999], [8.542726141364769, 58.41945151328115], [8.54218423850862, 58.41969576237058], [8.542105969148166, 58.41973116500262], [8.541036190257632, 58.420448614573985], [8.540285322507714, 58.420845047099114], [8.539274877711906, 58.421458838546314], [8.538773284133745, 58.42191210635657], [8.538216620174271, 58.42277954020696], [8.537987359767047, 58.423572301032856], [8.537735314086069, 58.42407909233458], [8.536924406660452, 58.42399111011431], [8.536129105649938, 58.423847255818174], [8.535757059128336, 58.424147551317965], [8.535688849095799, 58.42418418051959], [8.534926696210917, 58.42479601401051], [8.533289591998164, 58.42608349385439], [8.532845008022472, 58.42645946401343], [8.532181623621648, 58.427000624664906], [8.531566734815915, 58.42751424471517], [8.530986666704354, 58.42789091103629], [8.530657887172298, 58.428132946408866], [8.530148571275157, 58.42849644090943], [8.530030783147431, 58.428591445848326], [8.529469882204472, 58.42902141151277], [8.528854792915839, 58.42945646499505], [8.52870714703737, 58.429902690725854], [8.528571066907604, 58.43028239650132], [8.528503674620339, 58.430601540426835], [8.528310250848254, 58.43110228312938], [8.528232921916269, 58.43147812125283], [8.52835316706793, 58.43177434956996], [8.52838407707589, 58.431809784765974], [8.528542151390988, 58.432075953605946], [8.528574076093518, 58.43212918503177], [8.528496653565554, 58.434349943431755], [8.52792325741418, 58.435980248928246], [8.52726486465544, 58.4378793539253], [8.527077830495356, 58.43842987213177], [8.526714889877907, 58.43960740617638], [8.52655851045945, 58.44032882043128], [8.52649029397273, 58.44064287859941], [8.526061272517222, 58.444600490177315], [8.525919695352835, 58.44472536352199], [8.525747101161723, 58.44490009742994], [8.525660287334718, 58.44498793353536], [8.525060851959655, 58.44559518715597], [8.524439335162196, 58.446228882117616], [8.524102393684455, 58.446560479514304], [8.52389387742694, 58.446765907252065], [8.523749599652785, 58.44690811648235], [8.523466784145237, 58.447191204306975], [8.52326668247368, 58.44737706115403], [8.523138250066728, 58.447476206502905], [8.522293494653844, 58.44816279523293], [8.522032816507556, 58.448535277946725], [8.52105165928789, 58.44948949290331], [8.519672379371718, 58.450722464036296], [8.518181017160991, 58.45218303268873], [8.516939459684428, 58.45333352453746], [8.515452505964738, 58.45524692709613], [8.515051086258469, 58.455564693540715], [8.514941136608568, 58.45566396009887], [8.514653066426463, 58.45590028661202], [8.514243611387728, 58.45635347860841], [8.514152457184897, 58.45640496757695], [8.51228964704525, 58.458149278484214], [8.510286401816765, 58.46004866178271], [8.508139647643825, 58.462149165842426], [8.5076647345253, 58.462738724874775], [8.507683260118876, 58.46277515688149], [8.507916185155802, 58.46341132041313], [8.508023568937341, 58.46448338222778], [8.508075930060127, 58.464972280067414], [8.508061959231355, 58.46576938395872], [8.508328518202399, 58.467966311400005], [8.508392014389706, 58.46854369006053], [8.5083608271036, 58.46893970606096], [8.5083422273698, 58.469172060886336], [8.508384856701836, 58.470112921627596], [8.508379270842884, 58.47076812964075], [8.508399486567267, 58.470996061346625], [8.50851016607496, 58.47147648212354], [8.50849561317262, 58.47177984331388], [8.50823744397885, 58.472629124593425], [8.508351150911812, 58.47306069726908], [8.508529956026045, 58.473358930237715], [8.50841984248209, 58.474704043306254], [8.508441426033064, 58.47560996563769], [8.50820036889367, 58.47620970259167], [8.508082301956037, 58.476502760128675], [8.508280976477023, 58.47735867992062], [8.50802073615343, 58.477963477584446], [8.507858551661435, 58.47841670294164], [8.507115853283477, 58.48001612002255], [8.506906250910268, 58.48063420905622], [8.506751844061391, 58.48117619504524], [8.506661072814257, 58.481494419733025], [8.506084917699917, 58.48364240203663], [8.506084486210925, 58.483680933256494], [8.50566084797245, 58.484723308755015], [8.50504920095302, 58.48627506491571], [8.49974661513728, 58.48988555839363], [8.500259999958965, 58.490461235531654], [8.500549385161413, 58.490730062888304], [8.500838415424552, 58.49149051662144], [8.50131057781983, 58.49257059983678], [8.50160467954996, 58.49288740509816], [8.501909181934918, 58.493310489691844], [8.502416057267599, 58.49385862104035], [8.502269319214417, 58.49432695189874], [8.502224693615373, 58.49458888134807], [8.502134505327716, 58.495025947693655], [8.50195446125825, 58.496115293286536], [8.501927390561109, 58.49644116978207], [8.501785792180293, 58.497102438518176], [8.50178387858332, 58.49711089862514], [8.501772587096335, 58.49716527204582], [8.501759322465732, 58.49722657122281], [8.501759277715651, 58.49722773995981], [8.501668444493788, 58.49903161520302], [8.504789153503218, 58.49915357218634], [8.50485437416406, 58.49915355351084], [8.504969495408615, 58.499230564633194], [8.505021068482353, 58.49927723319561], [8.505132795389848, 58.499338218013136], [8.50517920901113, 58.49935796137049], [8.505268449953753, 58.499399157433885], [8.505345836555609, 58.499417051553365], [8.505397208712234, 58.49943047110867], [8.505534498950999, 58.499448256103335], [8.505645920175548, 58.49945706999526], [8.505791723760698, 58.49946420771749], [8.50598577132744, 58.499504422703154], [8.506217425020536, 58.49953114466509], [8.506255137662993, 58.4995337812238], [8.506349440222413, 58.49953190635169], [8.506406040179188, 58.4995291969672], [8.506478046064682, 58.49951114633801], [8.50648653525564, 58.499493201798096], [8.50646055816602, 58.4994374753185], [8.50646569332879, 58.4994079205494], [8.506503408823185, 58.49938362401823], [8.506542735459009, 58.49937012854488], [8.506576875995886, 58.49932520279686], [8.506590321014686, 58.499273100422315], [8.506556069157126, 58.49924622877279], [8.506473466712281, 58.499222125307085], [8.506396447458021, 58.49920596201135], [8.506401560934204, 58.4991969438087], [8.506464804464233, 58.49918160076961], [8.506589914645604, 58.49915462790921], [8.506581258017412, 58.499145630782635], [8.506512622903928, 58.49912322774506], [8.50647490357907, 58.49909185619472], [8.50648345304263, 58.49908472401754], [8.506500462815257, 58.49905144878558], [8.506551800454282, 58.49900379360051], [8.5065774515983, 58.49897681239267], [8.506650968119606, 58.49892740141386], [8.506710888651648, 58.49890306186983], [8.5067657044273, 58.49889233490612], [8.506834238438358, 58.498896717191364], [8.506928822128952, 58.49891188086347], [8.506980076759593, 58.4989073684054], [8.507096794194219, 58.498912666858836], [8.507194743393844, 58.498917101920284], [8.507336857776735, 58.49890792668228], [8.50741406610473, 58.49889707580121], [8.507503071683693, 58.49887178118321], [8.507516842418651, 58.49884761929671], [8.507516608329865, 58.49880896420632], [8.507511421467393, 58.49877753396694], [8.507516510077636, 58.49873986985808], [8.507461302002593, 58.498665454066], [8.507464603653643, 58.49861607920629], [8.50751237330314, 58.498573737182866], [8.507726369824383, 58.498452463327325], [8.507760499100485, 58.49840294282332], [8.507799810860863, 58.49835981080482], [8.50780830096279, 58.49831493312285], [8.507796161809159, 58.49827459242871], [8.507782368678617, 58.49824317545937], [8.5077873803008, 58.498216136570974], [8.50785588005956, 58.498163137327396], [8.507915503633454, 58.49812274843419], [8.50798066005524, 58.49805714864791], [8.50798055021399, 58.49801039292513], [8.507988920231773, 58.49797451687739], [8.508028153773635, 58.49792066163684], [8.508070856267844, 58.49786851389337], [8.50811361446916, 58.4978262774762], [8.508185523272811, 58.49779479957047], [8.508259220476624, 58.497772240037726], [8.50831054083939, 58.497752507374926], [8.508396270940972, 58.4977272260447], [8.50842172251744, 58.497698522937746], [8.508438751425016, 58.49764191847809], [8.508421633894619, 58.49760429756979], [8.508405960346343, 58.49754774368272], [8.508414310734288, 58.49750547113915], [8.508452017774085, 58.49745613222103], [8.508511862032657, 58.49742196965244], [8.508580214082466, 58.49739760718449], [8.508667544661975, 58.4973571839278], [8.508710353675784, 58.49732116526754], [8.50873596734863, 58.497260943299004], [8.508765015795147, 58.49722954034133], [8.508838592981391, 58.497189049051116], [8.50893781693143, 58.4971485090248], [8.50900968155648, 58.49711261469372], [8.509074864943168, 58.49707656118527], [8.509160462787001, 58.49703433817308], [8.509165403520623, 58.49702810351553], [8.50917849412615, 58.4969955297884], [8.509136065474555, 58.496906000207545], [8.509127036945031, 58.49687950938505], [8.509120991392166, 58.49684713487115], [8.50909816414453, 58.496800396536706], [8.509100724333145, 58.49676800866422], [8.509116987489463, 58.49673595636731], [8.509135315331697, 58.49671040440559], [8.509177107594194, 58.49665757962853], [8.509220277509167, 58.496610319514595], [8.509240612543953, 58.49658414885519], [8.509298103953366, 58.49650509812142], [8.509320418235236, 58.49647938827268], [8.509344944546251, 58.496450097585736], [8.509371194042124, 58.49640314918776], [8.50941760056018, 58.49634677543217], [8.509498345073846, 58.49628151626934], [8.509543289076346, 58.49624974936853], [8.509619877176897, 58.496220850424486], [8.509660989059471, 58.49621347996989], [8.509704773532837, 58.49620561467441], [8.511216369647613, 58.49548554155464], [8.511262573505759, 58.49544510061564], [8.511270997206273, 58.495416343296824], [8.511250344434663, 58.49538665029459], [8.511219405485198, 58.495366974096214], [8.51119020828076, 58.49535089932068], [8.511133589526866, 58.49534910579351], [8.511005073009075, 58.49535555220272], [8.510975923368443, 58.49534479433791], [8.510958448745203, 58.495301660992716], [8.511001287104419, 58.495247807947564], [8.511064360628435, 58.49520732278293], [8.511184211739344, 58.495139904608024], [8.511249253788476, 58.49511294078759], [8.511295540730062, 58.4950841240135], [8.511377715713094, 58.49504361760376], [8.511480262094352, 58.494960007576104], [8.511517995059963, 58.49494021456882], [8.51153161154958, 58.494919647641666], [8.511505837010219, 58.49489717106208], [8.511471440723364, 58.49487479724253], [8.511473036657407, 58.49482623665571], [8.511351959211174, 58.49423053556393], [8.510883746138845, 58.491593808180845], [8.511906649994472, 58.49104681913055], [8.512335765957431, 58.49081701818918], [8.512813491376283, 58.49056157940215], [8.513068207245796, 58.49042534113726], [8.515276963136913, 58.48924375191643], [8.516473609615346, 58.48856025299798], [8.516933123678704, 58.488292256939026], [8.517119429018347, 58.48818343743543], [8.518044038716777, 58.4887274698095], [8.520097929461278, 58.49004504505369], [8.521310206645246, 58.49095412242228], [8.522350816909949, 58.49089562517324], [8.524497058191892, 58.49074695049761], [8.526766592894544, 58.49061799646623], [8.527740420024836, 58.490557694622595], [8.529025698299252, 58.49039542640923], [8.529403860087031, 58.49024523089401], [8.530361254614721, 58.48992817307511], [8.531158457711346, 58.489575797702415], [8.529950080028213, 58.48917090051298], [8.529133023157884, 58.48893118720484], [8.528219201375132, 58.48832131138903], [8.523990317849831, 58.48523159248042], [8.523918118709092, 58.48516434000927], [8.524361887901271, 58.48467006240652], [8.524426932856535, 58.48462336632929], [8.524454208107288, 58.484587457018755], [8.524453915738714, 58.48454249430547], [8.524508681099077, 58.484500231471735], [8.524450070884333, 58.484434838867585], [8.524444831415696, 58.484397101770455], [8.52449605128005, 58.484365648550984], [8.524610842907656, 58.48432246405849], [8.524761457882605, 58.48428181529825], [8.524850429767588, 58.48423687190728], [8.525035204071099, 58.48411094039599], [8.525149757373198, 58.484056934283736], [8.525180516769593, 58.484028227311455], [8.52518047688701, 58.48399678880632], [8.525145926941518, 58.483951981942745], [8.525132150571674, 58.483925071829695], [8.52514912894215, 58.48389089257911], [8.525157521282189, 58.48385943094232], [8.525205275366735, 58.483799247822674], [8.525251447119038, 58.483758801210605], [8.525405676057677, 58.48372184786135], [8.525611216660884, 58.483665965928274], [8.525693222086051, 58.483632649164704], [8.52580805269083, 58.48357154060234], [8.525864294381277, 58.48354268330688], [8.526008202549459, 58.48348151645559], [8.526128045258329, 58.483421202017425], [8.526167187159707, 58.48340949346694], [8.526184308909336, 58.48339874109147], [8.526230552827633, 58.48338955413601], [8.526256414261754, 58.48337618193104], [8.526324851572792, 58.48333344008528], [8.526408405872468, 58.48330290364747], [8.526479137696441, 58.48329243502012], [8.526519758636146, 58.4832885478123], [8.526546917639678, 58.483281186287925], [8.526604775495855, 58.48326592193714], [8.526671565662596, 58.483251650501664], [8.5267348869012, 58.48323287967249], [8.526759890701724, 58.48322135552123], [8.5267954958218, 58.483188750208015], [8.526861882515565, 58.483153380517095], [8.527296953863146, 58.482967523872105], [8.528251571580576, 58.482589996385734], [8.530924635207702, 58.481771987839245], [8.532195315724502, 58.48144556281613], [8.533774337791364, 58.481087439789086], [8.53559911908461, 58.480892336601286], [8.537732256128333, 58.48066542314004], [8.539826709388054, 58.480421476696115], [8.539169097124086, 58.47967015309135], [8.538985125885576, 58.47945998437924], [8.53737772681695, 58.477942004446476], [8.535477464243764, 58.47609842437188], [8.534247474238667, 58.47492808410241], [8.53460854511568, 58.4727677095955], [8.534698041006465, 58.4712183534742], [8.534662929537895, 58.47018999118012], [8.534577350304787, 58.46983914155971], [8.534718942098399, 58.46763037067553], [8.534848777321903, 58.46656703002057], [8.53487471102267, 58.46635360359162], [8.534927337979937, 58.46602614194347], [8.534945006487007, 58.465917234649964], [8.535056557197779, 58.465109682701204], [8.535110924264247, 58.46471493306714], [8.535064337274395, 58.46416095608016], [8.535045081370704, 58.46363403361412], [8.534987196335283, 58.463339080932215], [8.535699309739602, 58.462795576375356], [8.536105607858467, 58.46244142452196], [8.536284549604863, 58.46219700834077], [8.537059324667386, 58.46146895233775], [8.537474644402199, 58.46122334326724], [8.537919831537396, 58.460784772570676], [8.538102300241233, 58.46058827256113], [8.538167681151153, 58.459849814525136], [8.539643173046665, 58.45835597808896], [8.540278803419206, 58.45801125293927], [8.542072854699308, 58.456807240245496], [8.542188326352816, 58.456729849628346], [8.542373679246449, 58.45658465302983], [8.54245821057363, 58.45651848851086], [8.54327975441941, 58.45638095259825], [8.545606115260687, 58.45602095630687], [8.54620246854829, 58.455654673980995], [8.546697486417894, 58.45530668865209], [8.546709548779827, 58.45512336693538], [8.546735523366806, 58.45419628635352], [8.54680009859408, 58.45374890871235], [8.54710990604756, 58.453299599390284], [8.547111596379576, 58.45329788331088], [8.54716499560296, 58.45324392464377], [8.54746170843082, 58.45325828442618], [8.54746329002897, 58.453258094106744], [8.547657118771921, 58.45323572979878], [8.549520042101053, 58.45295737306955], [8.549876996318785, 58.452896405521805], [8.550178734490082, 58.4532957177407], [8.550623496017153, 58.45382664281748], [8.551778181484636, 58.45422289906603], [8.55201307058165, 58.45427916352912], [8.553148395564921, 58.45456769192725], [8.55427843675367, 58.45483549631011], [8.557601743626476, 58.45594811985696], [8.558526124980574, 58.456507165708494], [8.559361847701707, 58.45672639176884], [8.559649451394579, 58.4568017826104], [8.561399443921564, 58.457346225128916], [8.56246330647463, 58.45807196894455], [8.564521747441297, 58.458606959522484], [8.56593090208821, 58.45911767946687], [8.567197064724132, 58.45952921785696], [8.567197226841792, 58.459529271057185], [8.5681238155574, 58.45983006836483], [8.568388505879788, 58.46003254730618], [8.568806624618498, 58.46035254816133], [8.571004322753627, 58.459978764853716], [8.57282644035668, 58.459822577542866], [8.574806156049895, 58.459685100326936], [8.576069884004438, 58.45959805766205], [8.576696757401367, 58.4595611262011], [8.577558419783818, 58.459561666743774], [8.578242115842308, 58.45957766434114], [8.57855285005806, 58.4590762748298], [8.579027318584505, 58.45907472502715], [8.579712746663873, 58.45909341414056], [8.58011881246633, 58.45909373652449], [8.58081264721033, 58.45908996407989], [8.581036506307075, 58.459107337984285], [8.583624703453783, 58.459921907557764], [8.5846894999258, 58.46034458713734], [8.585409264311306, 58.46058546266243], [8.585483910080054, 58.4605588570009], [8.585808630311499, 58.46043167896081], [8.587776525571417, 58.459704164594825], [8.590093592742644, 58.45883634021343], [8.591436657078352, 58.458401042994446], [8.592850979230786, 58.457988491778174], [8.594176274158134, 58.45758235995593], [8.594918329753755, 58.45733963194453], [8.596160964101296, 58.45682962869384], [8.596292666960244, 58.45679633018482], [8.59682396139472, 58.45666209860719], [8.597465185361225, 58.45639817996657], [8.5986908762077, 58.455988183207396], [8.598786582773112, 58.45595623084563], [8.599812153530298, 58.45559176857306], [8.601249927343412, 58.45513419021462], [8.601901478265447, 58.45494993964009], [8.602898982482547, 58.45475887349434], [8.603497256023221, 58.4545764505184], [8.604338299583215, 58.4542971066605], [8.605694588199176, 58.453954112923995], [8.606087945795032, 58.453865360328024], [8.606898220639494, 58.4537207351939], [8.607750682673316, 58.45351615873317], [8.607909762225788, 58.45348430905578], [8.607928844291795, 58.45348049031021], [8.60794756952786, 58.453476743774345], [8.608014993351723, 58.45346318481754], [8.608083445468392, 58.4534345456827], [8.608107847353688, 58.453429822224564], [8.609230886889485, 58.45321229577228], [8.609406723015265, 58.45320542116018], [8.60948360869094, 58.453171979265775], [8.609555397483039, 58.45314954094978], [8.609640870562284, 58.45311517756194], [8.60974004811459, 58.45307915794535], [8.609791053555814, 58.45305667050344], [8.609850878502762, 58.45302066358182], [8.609869079863886, 58.45300752340298], [8.609888449176495, 58.45299363103139], [8.609939547789034, 58.452960249860816], [8.609990684395504, 58.45293326546536], [8.61005577557858, 58.452907969904686], [8.610153101611484, 58.45287645088716], [8.610230063562055, 58.45285201929115], [8.610289966815808, 58.4528429466994], [8.610334476128669, 58.45284292152103], [8.611130429347895, 58.45277483337137], [8.611274682138466, 58.453203840668245], [8.611390697993757, 58.45355199475966], [8.611409296350528, 58.45403317173088], [8.611399102474545, 58.454340246805195], [8.611276786984408, 58.45477141324892], [8.611020452484196, 58.45513544040169], [8.610772241357234, 58.45568982872042], [8.610546802221984, 58.45632957024342], [8.610503416631667, 58.45680188292531], [8.610499370340223, 58.457252565302845], [8.610574117129582, 58.457688634586376], [8.610707098631158, 58.45815977106057], [8.611024893785443, 58.45879669022535], [8.61128226397023, 58.459404016070245], [8.611634300554313, 58.46007858292428], [8.61202874196301, 58.46068834771047], [8.61270043782467, 58.46152840838802], [8.613223653432238, 58.46215325327345], [8.613626138254713, 58.46266433817071], [8.613985122173593, 58.46335590615322], [8.61430961186779, 58.46399531018018], [8.61452140128573, 58.46466844022739], [8.614789421379514, 58.46533771490558], [8.615067348489047, 58.46594128344692], [8.615574085252602, 58.46666760968582], [8.61601875627513, 58.467339312937234], [8.61646107357177, 58.468158158402254], [8.616829043643483, 58.46889726973235], [8.617157214991572, 58.46980885383305], [8.617381366780213, 58.47057509421981], [8.6175374941489, 58.47164146642567], [8.61785134823226, 58.47249117590928], [8.618210526623695, 58.473146708865805], [8.618388385752004, 58.473620524211164], [8.61853794151974, 58.4739532297866], [8.619192382982348, 58.47392835760679], [8.619456234726531, 58.473919286008076], [8.619677358858143, 58.47391447526123], [8.619782213768994, 58.47390611048727], [8.620040533254626, 58.47388586321206], [8.620154693576515, 58.47388399730962], [8.620348871591725, 58.47388081229363], [8.620905984735135, 58.47387584084684], [8.620942666915637, 58.47387551044997], [8.62095068312896, 58.473876811312515], [8.62108168506251, 58.47389767188182], [8.621120239579625, 58.47383979133496], [8.621606444181882, 58.47385883788117], [8.62172036722882, 58.47387812472332], [8.622056215308245, 58.47392127819964], [8.621948598618252, 58.47397129853336], [8.624077065901076, 58.4742223489835], [8.624535130901885, 58.474279880105385], [8.62727647436875, 58.47467250574626], [8.627518614038534, 58.47472141886388], [8.627575056062637, 58.47474008544414], [8.629052633217489, 58.47503091387563], [8.6297866339683, 58.475073540993606], [8.632625633571891, 58.475226293570046], [8.632661392147089, 58.475225373335135], [8.632716137592537, 58.47522404815214], [8.634779804912375, 58.47517545597687], [8.636565729911055, 58.47519442050479], [8.637249869040964, 58.47523803388315], [8.637717586094523, 58.47522547486943], [8.638703531565854, 58.475266903600684], [8.638746326597904, 58.475269844537976], [8.641764161627579, 58.47548146106427], [8.642072125155375, 58.47564350183149], [8.642478899395439, 58.47574137672921], [8.642787261960773, 58.475703037844255], [8.64297709932565, 58.47564889482599], [8.643137338323339, 58.47552185659503], [8.643552555726863, 58.47551720226672], [8.644719561851055, 58.475584252354196], [8.646164357207613, 58.4756127754869], [8.64959461782841, 58.47591045773434], [8.651329460442918, 58.476160395874174], [8.651377213067157, 58.4761597059725], [8.652208009611519, 58.4761455863708], [8.653048472050354, 58.4761948972408], [8.65581512584698, 58.47624932586394], [8.656623140431828, 58.476371576087665], [8.657009069096864, 58.47641288819433], [8.657561412151626, 58.47646480011051], [8.658755593446747, 58.47685910410668], [8.659190570335909, 58.476904013997476], [8.65932313236736, 58.47688123007444], [8.660730984179954, 58.47711625332087], [8.661605290987357, 58.47718871100355], [8.662150633701373, 58.47726232111569], [8.662455171573994, 58.47727931518346], [8.663093032832876, 58.47731481853347], [8.663515242967959, 58.477339085906806], [8.664214782156602, 58.47739961747844], [8.665034870590755, 58.47746197790863], [8.665572947745659, 58.47750828357494], [8.666566912018233, 58.47757330797117], [8.667172477519552, 58.477627724768155], [8.667372659814056, 58.4776332311843], [8.667729772262623, 58.47764381119422], [8.66798164996248, 58.477652508546655], [8.66833749392347, 58.47766059225625], [8.6687818197887, 58.47769953735184], [8.668888906879813, 58.47763116991624], [8.669027045227324, 58.477579381381936], [8.669153028810463, 58.47754824574865], [8.669339093120737, 58.47753575737448], [8.669781329266447, 58.477520556972216], [8.669822382220223, 58.477520789157644], [8.670173718287733, 58.47755764513898], [8.670695525753846, 58.4776093375133], [8.671050826223386, 58.47766043735778], [8.671242380793194, 58.47766992354164], [8.671295181965666, 58.47767460978871], [8.671341449466636, 58.477678342014194], [8.671381462179824, 58.47768338563727], [8.671407928480363, 58.477686317404725], [8.671426693552842, 58.477689047931094], [8.671433155989098, 58.47769134935909], [8.671502165971429, 58.47769863945567], [8.671588819373484, 58.47770725351235], [8.671665030492184, 58.4777108472269], [8.671737174396466, 58.47771315872925], [8.671776786208774, 58.47771566058093], [8.671829060156865, 58.477720410559925], [8.671899328462654, 58.47773406722625], [8.671974349248728, 58.47773949315666], [8.672049703179576, 58.477757364370476], [8.672127097300917, 58.477753451004276], [8.672270883448634, 58.477758949238556], [8.672575747667905, 58.477793227279975], [8.672590924676067, 58.47779487934312], [8.67274687395803, 58.477805392369675], [8.673051368026519, 58.47785316050946], [8.673331102117706, 58.4778933076274], [8.674353677369215, 58.47804002381911], [8.674408488419905, 58.47804787039802], [8.674945419353664, 58.47815018883625], [8.674991946955142, 58.47815915627677], [8.675111451788204, 58.478173446602426], [8.67589600444302, 58.4782737854681], [8.675903019287084, 58.47829304596784], [8.675899954050541, 58.47838439900596], [8.67588635603819, 58.478796307936165], [8.675891508680785, 58.47882970634998], [8.675882240086782, 58.478896345164024], [8.675835677725557, 58.47922979857758], [8.675835357015172, 58.47928877443577], [8.67583505538855, 58.479360990603425], [8.675827068247, 58.47949488035957], [8.675807571807283, 58.47955434835433], [8.675745487002677, 58.480088236030035], [8.675745970539163, 58.48076905159897], [8.675745763212655, 58.4808845930911], [8.675773429245785, 58.48125171084172], [8.675822078476351, 58.481525390022135], [8.675676779392054, 58.481981938408765], [8.675920782640217, 58.482275641291174], [8.67598447056094, 58.4827281203993], [8.675536553158633, 58.48328920968676], [8.675533639621442, 58.483323469867486], [8.675510062702287, 58.48361428988342], [8.67547538984919, 58.48396184140133], [8.675362548004255, 58.48422410728699], [8.675360608557483, 58.48440738113233], [8.674924661634632, 58.48474849536768], [8.674787113749852, 58.484929381567966], [8.674574533312695, 58.4851381668433], [8.674396516756598, 58.48537460078975], [8.674094596702858, 58.485558069205695], [8.673901154549322, 58.48580751896485], [8.673697541150243, 58.486022781199466], [8.673632245057446, 58.48605485442965], [8.672991411953241, 58.48636934056323], [8.672530545607621, 58.48679486546199], [8.672484725074177, 58.48683717887339], [8.67216845009601, 58.487139087524305], [8.671906907922285, 58.48733977134882], [8.671724473390416, 58.48747952515753], [8.671205740039163, 58.487866245715516], [8.670737297614911, 58.48824014383305], [8.66978781816889, 58.4889308418662], [8.669409619288738, 58.489231569704806], [8.668739591294738, 58.48972138782167], [8.668291631078942, 58.49007873050236], [8.666554808715368, 58.49180181268158], [8.66632015971171, 58.49205983971574], [8.666189573162672, 58.493946255397084], [8.666110316544453, 58.494336180641696], [8.66602960734938, 58.495602992326], [8.6660268534899, 58.49619016674555], [8.666022485339283, 58.4962619118891], [8.665983832773701, 58.496976280130625], [8.665843349811231, 58.49745737956439], [8.66565637369924, 58.497657965889964], [8.665554369471552, 58.49776729379412], [8.665738467192062, 58.497815773625334], [8.667484652088413, 58.49829306916948], [8.66847260371416, 58.49874972255352], [8.669550481001814, 58.49925729340829], [8.67058842075634, 58.49955563931791], [8.671395762926236, 58.499891466565074], [8.672906557360854, 58.500502213418606], [8.673536022112073, 58.50092288940504], [8.674889216891035, 58.501763670418164], [8.67505970444506, 58.50187531769197], [8.675078325150746, 58.50188749683269], [8.675349420540497, 58.50206518393153], [8.675773306667866, 58.502289605825226], [8.676264525333183, 58.50254806814678], [8.676655361437982, 58.50275355987416], [8.677315884139379, 58.502999766189035], [8.678120540418565, 58.50322157322711], [8.678781910056296, 58.50345079122529], [8.679673540112873, 58.5037342581425], [8.679897438114933, 58.503850429674195], [8.680798265067429, 58.50429285429101], [8.681758365076801, 58.50476548998769], [8.682486018597233, 58.505006248311574], [8.682937434334663, 58.50522443876748], [8.68547602354442, 58.50645148235749], [8.686666034507429, 58.50711186413998], [8.687502217957004, 58.50760544248838], [8.688343087747873, 58.508234520264196], [8.6890661311066, 58.50872304265951], [8.690206408617652, 58.50948351383355], [8.690443377968995, 58.509696586587964], [8.690911182286545, 58.51004983740546], [8.690982444346478, 58.51010135664447], [8.691575952896864, 58.510528803676856], [8.691776464308699, 58.51072269287749], [8.692172461731074, 58.51088425543913], [8.692616872844445, 58.511093325883216], [8.693311614410298, 58.511449113663055], [8.693788365656568, 58.51181125942506], [8.694040791298498, 58.51198266717872], [8.69408248148456, 58.512018766533245], [8.694441989399426, 58.5122215717321], [8.694926327880914, 58.51245853984833], [8.694961584997126, 58.5124940515085], [8.695297389609856, 58.51273774440909], [8.696229487272342, 58.51278882752963], [8.696933188978058, 58.51283035803667], [8.69798957975837, 58.512895659775694], [8.698665027317196, 58.51290579761117], [8.69938504253621, 58.512866251966756], [8.699723645700034, 58.51281908003108], [8.700732254643503, 58.512740517777054], [8.70152284355476, 58.5127458649371], [8.702293562955726, 58.51275833426019], [8.703631561416971, 58.5127794569304], [8.704271318767937, 58.51276790429042], [8.706256091804601, 58.51265989862331], [8.706934026789328, 58.512530700223465], [8.707927351588486, 58.51233875315729], [8.708391600608463, 58.512294318298906], [8.708804062717821, 58.51224211061302], [8.710301876581937, 58.51206325488904], [8.711426671314536, 58.51198239842924], [8.711545110412844, 58.51197840587325], [8.712760399774263, 58.511678186469695], [8.71355789826367, 58.51148764700873], [8.714032074952481, 58.511345604048174], [8.714735648022202, 58.51118925696077], [8.71543882613953, 58.510962189170854], [8.715990224917153, 58.51123371007344], [8.716267973499201, 58.51137389313096], [8.716724861185066, 58.51162068300247], [8.71677254339568, 58.5116465315517], [8.716922243177242, 58.51172728589303], [8.717432973128611, 58.51194645792543], [8.717895887238337, 58.512161657779785], [8.71947997880792, 58.512897624077844], [8.719702403520584, 58.51300094901405], [8.720062771749417, 58.51317868260168], [8.720157924753712, 58.513242164419125], [8.720563200033686, 58.51345839583621], [8.720635638604984, 58.51350842369483], [8.721076943707557, 58.51374164253037], [8.72155467290604, 58.513996370994555], [8.721695190690925, 58.51408045084952], [8.721986139302308, 58.514254770442875], [8.722368044964421, 58.514487229836405], [8.722409022569977, 58.51451211651096], [8.722585195384292, 58.51462487335884], [8.723485716705273, 58.51515494502886], [8.723542822981859, 58.51520412848934], [8.723759480357868, 58.51528311648144], [8.723773052428827, 58.515323589035674], [8.723863816275253, 58.51535208915684], [8.72394872255739, 58.51535085214951], [8.72443512452759, 58.51555646114027], [8.726216122987113, 58.51640160266409], [8.726521968672738, 58.51649108459665], [8.726730546829984, 58.51660083147707], [8.727817774981155, 58.517041501446435], [8.72907884758806, 58.51755444724201], [8.729741185944308, 58.51774299320338], [8.730153288474, 58.517877481253116], [8.730198503110497, 58.51789221599841], [8.730300484429568, 58.517940803975414], [8.730316705882784, 58.51804534767933], [8.730319206658875, 58.518094822864995], [8.730363743397218, 58.51809988794601], [8.730385515846072, 58.51810230611135], [8.730735351466638, 58.51813179248559], [8.731127182924505, 58.51855545497258], [8.731413515857643, 58.51887424972359], [8.731678854191617, 58.519155540719645], [8.731636917322191, 58.519447439289856], [8.7318883946157, 58.51989655143498], [8.73224659922682, 58.52053128171932], [8.73264189516407, 58.520938717166615], [8.732963954737647, 58.52123602269682], [8.73331353759899, 58.521562323898635], [8.733570415376239, 58.521817978790864], [8.733748723507174, 58.521981706079345], [8.734231129378015, 58.52233162237939], [8.734839697178053, 58.52278948289131], [8.735047230631029, 58.5229515774767], [8.73556910971108, 58.52366113590969], [8.735811401524495, 58.52385897355236], [8.736022940319048, 58.52424983223595], [8.736206219771748, 58.52457158224004], [8.736484551467663, 58.524919240106506], [8.736630324383158, 58.525110998793366], [8.737047936528215, 58.52584552364059], [8.737936231282983, 58.52627824604272], [8.738324587884717, 58.52648457899109], [8.739150353005172, 58.52686469884064], [8.739279556956033, 58.52698557714135], [8.740158639769726, 58.52743737424944], [8.740587092999089, 58.52770654127869], [8.741739485379686, 58.52846826218906], [8.74226489854763, 58.52881160127922], [8.7430288042492, 58.52933213032538], [8.743016595831927, 58.529729771942336], [8.742978798772562, 58.53032059837729], [8.743050648056848, 58.53097136297095], [8.74314351227632, 58.53150364759621], [8.743229569764251, 58.531852510257536], [8.74320358708995, 58.531999746012715], [8.743188992830628, 58.532097736381694], [8.742936448245265, 58.53249695259171], [8.743108324252344, 58.532941782095726], [8.743135762403767, 58.533451864505736], [8.74313646629538, 58.53384950725493], [8.743119683884393, 58.534069509982864], [8.743127470406312, 58.53483971095629], [8.743082811139125, 58.5351684019176], [8.742996644607526, 58.535486507438605], [8.742929602560688, 58.53598944776036], [8.743069057274605, 58.53655111824726], [8.743078822020776, 58.53698378662803], [8.74309118897228, 58.53719197630141], [8.743097993834649, 58.53751697005262], [8.743093503898915, 58.537805928407444], [8.74312726443999, 58.53813332103438], [8.743136715944743, 58.53822492245016], [8.74313735724484, 58.53823963334969], [8.74313525082904, 58.53826681807584], [8.743128457085817, 58.5382999876243], [8.743104848248892, 58.53872183801747], [8.743166973873077, 58.5389147193722], [8.743206418104268, 58.53909478395382], [8.74331223878184, 58.53933708258908], [8.743358165433358, 58.53955024536706], [8.743480633866996, 58.54011549708716], [8.743557160514639, 58.54046767529046], [8.743889124984666, 58.54122724917245], [8.74402525300483, 58.541597740937554], [8.744290586715145, 58.541841983228], [8.74410033952229, 58.54255801291044], [8.744526491916112, 58.54564389522898], [8.744737587678028, 58.5473126399544], [8.745677504678046, 58.551394094844525], [8.745845394090283, 58.552357908506025], [8.746015319088722, 58.55385847877152], [8.745986805559392, 58.55443399917281], [8.745842815343964, 58.55596515972983], [8.746849238055077, 58.55896365242066], [8.747393795783445, 58.55965164264559], [8.747866130716487, 58.56062789081886], [8.747986019661127, 58.56076505150123], [8.74867176307827, 58.56211510355806], [8.748982704013878, 58.56278663207411], [8.749461551685815, 58.563569835086845], [8.749781956846826, 58.56448831186296], [8.750508199811488, 58.56590660988276], [8.750934018339708, 58.56653564870611], [8.75110900925263, 58.56702609092179], [8.75144262129801, 58.56771204596494], [8.751541894875368, 58.56832136030645], [8.751764391078538, 58.5688961625105], [8.752010866647193, 58.56981120239354], [8.752049774152622, 58.570079492474825], [8.75223867566119, 58.57072271880418], [8.752291389068112, 58.5708366928578], [8.752278137558923, 58.57104480034842], [8.752358183150859, 58.571476391435766], [8.752543978982953, 58.57201364738849], [8.752544309950322, 58.572339582949866], [8.752581998651701, 58.57267256480491], [8.752691559828506, 58.57294781435586], [8.75267161587361, 58.57318756583021], [8.75272115407137, 58.57348996576632], [8.752744776933083, 58.57376471419056], [8.752781067745968, 58.57412095266885], [8.753068518450513, 58.575756829589835], [8.75309330769141, 58.575897808807376], [8.753735222764067, 58.57678197320682], [8.75331673793636, 58.577698969007145], [8.752767666015549, 58.57829222896566], [8.752872385073278, 58.57860524598615], [8.753006399744354, 58.57906009231619], [8.75302394777695, 58.57911912580868], [8.753447039459122, 58.579475231998444], [8.754741404725301, 58.58079503468895], [8.755428636312285, 58.58125092119151], [8.755921917164853, 58.58172976685078], [8.75599704833582, 58.58215156790663], [8.756050588360765, 58.58253016911016], [8.756054776956681, 58.58276812544578], [8.756135915077529, 58.58296633600127], [8.756211225776871, 58.583091045510265], [8.756407701977793, 58.583655019812], [8.756498598226313, 58.583925031393925], [8.756472667192991, 58.58408839236323], [8.75663618582601, 58.58459078082062], [8.756519896875327, 58.58595398644577], [8.756507777871105, 58.58644520007153], [8.756559817906156, 58.58650429335948], [8.757214873520661, 58.58761547711449], [8.757722387462982, 58.588146519090344], [8.75824670871111, 58.588627044988854], [8.759607737178602, 58.58983430794502], [8.759685944600076, 58.59089251005577], [8.759697104322457, 58.59152390551324], [8.76383269209589, 58.590894023882065], [8.767643495945503, 58.59057043148976], [8.768313701090968, 58.590524514025134], [8.769073809044256, 58.590388497628254], [8.769450704752643, 58.590260851792856], [8.770246518277068, 58.590215631632795], [8.770931077238584, 58.59017427137899], [8.772404356179852, 58.59009066119622], [8.773401746686494, 58.59003216878791], [8.773887365128042, 58.59000273427241], [8.77437699132507, 58.58994791679728], [8.774585700887235, 58.58990339787386], [8.774759797711525, 58.58987403671217], [8.775245366834952, 58.58976939788712], [8.776824414803176, 58.58965152377564], [8.777483770585167, 58.58957144107435], [8.778055490294559, 58.58951852712387], [8.778933288945666, 58.589429236878985], [8.779594334453032, 58.58934832508221], [8.78010655927701, 58.58926819747612], [8.78017414391764, 58.58925770120477], [8.780443721836507, 58.58918803173557], [8.78165924901052, 58.58887098305918], [8.782155167385657, 58.58875547452695], [8.782685415370866, 58.58866315399649], [8.783227317042357, 58.588540237842714], [8.784093221119246, 58.58832569923774], [8.784463905470304, 58.588277048805445], [8.785850907737288, 58.58808148375723], [8.786353644801595, 58.58796142756628], [8.78642788573904, 58.5879493599078], [8.788412052516545, 58.587701869483794], [8.789552212906626, 58.587554720083666], [8.790481205597196, 58.587471887900435], [8.790780222792192, 58.587433343154494], [8.792232964797149, 58.58728277364285], [8.792408480283628, 58.587279213710985], [8.7928773275007, 58.58723898975199], [8.793153893502636, 58.58721222927741], [8.79370674080988, 58.58760374285072], [8.794249900773261, 58.5880032493886], [8.794582451179338, 58.588243778751036], [8.795168665200679, 58.58864860878873], [8.795619405797886, 58.588969516178494], [8.796425032914716, 58.58980633331778], [8.796764580743817, 58.59000279813188], [8.79752462330727, 58.59045277684104], [8.79814770493336, 58.590801921788106], [8.798484812867898, 58.59095881952465], [8.799091657399662, 58.591233418702835], [8.79972103128029, 58.591524954872085], [8.80001681215356, 58.591675705045745], [8.800442449556995, 58.591890734839374], [8.800849030658448, 58.59210042808869], [8.801026096493997, 58.59226506161622], [8.801368812936152, 58.592591614046064], [8.801660943198296, 58.59286987987561], [8.801885499343152, 58.593082827745725], [8.80204546810902, 58.5932340246661], [8.802420646853562, 58.59354980711909], [8.80273145523929, 58.59380456913994], [8.803198462428094, 58.59420268848339], [8.803395182600202, 58.594374302543905], [8.803552987119302, 58.59450666129182], [8.80371973280834, 58.594648907993964], [8.804376054668493, 58.59529941559543], [8.804614671311363, 58.595563557977414], [8.804783699577426, 58.59574256530509], [8.805241801269808, 58.59623390089095], [8.805631272327675, 58.59657737938737], [8.805842334944222, 58.59670330482492], [8.806024230227669, 58.59681764342232], [8.806896133503203, 58.59722685974284], [8.807801911988491, 58.59790714729258], [8.8081638979999, 58.598139332761654], [8.808633928209368, 58.59843158177866], [8.808683971041157, 58.5984626374941], [8.808708045355507, 58.59847766930047], [8.809132792486565, 58.59874125186109], [8.809612954021802, 58.59906109249807], [8.80997323348332, 58.599269955872344], [8.810571365888793, 58.59966402350648], [8.81138719837949, 58.60014785205695], [8.811929782540417, 58.60048366603303], [8.812218854499159, 58.600662246658125], [8.812754487715024, 58.600992587870685], [8.813621165365525, 58.60153739052891], [8.814323286370549, 58.60198571883451], [8.81482498007319, 58.60222642958871], [8.815580419855143, 58.60270605123985], [8.816138480742234, 58.60287122134743], [8.816501690846561, 58.60333856715614], [8.81677405559405, 58.60352794647763], [8.818176831991263, 58.602871528599586], [8.819091830629654, 58.60243308521621], [8.819688988300813, 58.60219146686204], [8.82078570545104, 58.60168145211203], [8.821315822068383, 58.60142659736233], [8.822100387317308, 58.601031552778785], [8.82335338757448, 58.600530045430105], [8.823690803597682, 58.600398717820354], [8.824421715507892, 58.60010184219757], [8.824590985004578, 58.60002859486053], [8.825042692614835, 58.59984117775099], [8.826335348243735, 58.59920665720035], [8.82677963925657, 58.59897619245017], [8.827121478587221, 58.5987972521559], [8.827384733785424, 58.598661711749834], [8.827924638523907, 58.59837533565249], [8.829848190303029, 58.5974405085476], [8.830021167701771, 58.59737346683071], [8.830058524917554, 58.5973553647041], [8.83062635198105, 58.597080589272196], [8.831562902363913, 58.59662671457825], [8.833145897646295, 58.595983870504575], [8.833958043068895, 58.595614762846466], [8.835258757191372, 58.59488680616824], [8.83568486789891, 58.594648234870775], [8.836496248986457, 58.59422351441255], [8.837444498598657, 58.59343373283217], [8.837697601112318, 58.59305229564655], [8.838102936400931, 58.59235949042605], [8.838794018555241, 58.591632702487395], [8.839289493333837, 58.591112085762006], [8.839450596769257, 58.590940002439254], [8.840012958177736, 58.59028455234823], [8.840477961775822, 58.58968322182622], [8.84082898917688, 58.58927524181347], [8.841041361072168, 58.589073474164486], [8.841069205201961, 58.58904761769232], [8.841027338295723, 58.58898283897543], [8.840905595989314, 58.58883605505461], [8.840750587151202, 58.58866569881457], [8.841205645097727, 58.58758959021446], [8.84191106149179, 58.58733408542906], [8.842519668109425, 58.58719720243206], [8.845509427604629, 58.58673243102952], [8.846065228407403, 58.58665332826453], [8.848071036391339, 58.586184622456756], [8.84863588186058, 58.586001214850036], [8.848968112981975, 58.58589596339986], [8.85018955145803, 58.58399638681763], [8.850411140806989, 58.58305915864128], [8.850780194274398, 58.58276611601164], [8.853205112648693, 58.58236473752117], [8.853205983315053, 58.58236468925979], [8.854477120638455, 58.58227873113616], [8.855240555749571, 58.582276371607634], [8.855347764419005, 58.58226584678803], [8.855551623683455, 58.58224600127841], [8.855651633069986, 58.58223621140111], [8.855923563219344, 58.5822273754066], [8.855985407922267, 58.58222574984471], [8.856525286196694, 58.58220914554815], [8.856611275500486, 58.58220651670966], [8.856720228205042, 58.582202738095674], [8.85684286900497, 58.58219466324296], [8.856932639302489, 58.582190144412564], [8.856995030075288, 58.58218737391286], [8.857028207555922, 58.582185993675544], [8.85705513337453, 58.58218584440718], [8.857072373782582, 58.58218586091219], [8.857091559674018, 58.58218461998629], [8.85712097535625, 58.58218305928775], [8.857141171483583, 58.58218195686062], [8.857164537906907, 58.582181456742376], [8.85718703367181, 58.58218100490846], [8.857209281684105, 58.582180000889224], [8.857233893916504, 58.582178299818075], [8.857265071892277, 58.58217358182665], [8.857296902413298, 58.58216907522597], [8.857337858246156, 58.58216464610377], [8.858067671664008, 58.582238730135806], [8.8585453492827, 58.58223165118319], [8.859221282748255, 58.5822346170538], [8.859435477612966, 58.582205985902064], [8.860075174647232, 58.582070784925804], [8.860672617264328, 58.58194247021211], [8.860713982224416, 58.581934727813895], [8.860745627112447, 58.581929310981366], [8.86080067958519, 58.58191727198001], [8.860864644965686, 58.58191142336798], [8.860880715640922, 58.58190435943916], [8.860903925794185, 58.5818949362652], [8.860930374813394, 58.58189161160352], [8.860982403845691, 58.58188402011439], [8.861015010158402, 58.58188000004454], [8.861060311059013, 58.58187046512239], [8.861123996280309, 58.581855417920615], [8.861285605871412, 58.581820841261624], [8.861323536710717, 58.58181203357323], [8.861348435960512, 58.58180575296457], [8.861409137289257, 58.581790022306386], [8.861436598075716, 58.581785845546534], [8.861482085431035, 58.581776229369815], [8.861543109660213, 58.58176258526293], [8.861589649371833, 58.58175581101922], [8.861709718332996, 58.58172212435106], [8.861746513175053, 58.58171389244067], [8.861798477381587, 58.581707648265095], [8.861878353039284, 58.5816877936413], [8.861919842992702, 58.58167933646625], [8.861958677181075, 58.581669311204585], [8.861997815439056, 58.58166344277239], [8.862149722388393, 58.58162912044319], [8.862204336187705, 58.58161859067957], [8.862244037632903, 58.58161049793446], [8.862261205819939, 58.581606998365096], [8.862286465670108, 58.581598663731995], [8.862320560657423, 58.581587150548614], [8.862355747555092, 58.58157334840563], [8.862411613278027, 58.58155765569924], [8.862456834950835, 58.58154856675548], [8.862500404638709, 58.58154201005539], [8.862541843986449, 58.58153580149411], [8.862593920857398, 58.58152695097857], [8.862647194627248, 58.58151815780108], [8.862744558605538, 58.581507695424605], [8.863379745424188, 58.58140684142496], [8.863943356709385, 58.58131588230425], [8.864218978109756, 58.58112989908311], [8.86458258727128, 58.58094164715582], [8.8646594990677, 58.58089643515957], [8.864862392848226, 58.58077990629557], [8.865995780358562, 58.58020529497551], [8.866246090679317, 58.58001899612954], [8.866475814729922, 58.57983405219179], [8.866816623533587, 58.5794809037153], [8.866997430038007, 58.57933197711676], [8.867079666190714, 58.579245596362185], [8.868036208253134, 58.57842855347619], [8.868781431475021, 58.577816243839344], [8.868332501603158, 58.577731625204784], [8.867542631238495, 58.577531624898405], [8.866673516302725, 58.57733917024562], [8.865636769592172, 58.57708717144189], [8.86518363694678, 58.576977486372805], [8.864090156459824, 58.57647241988283], [8.863751095082366, 58.57632290037935], [8.8631215485338, 58.57602708685803], [8.862459134495005, 58.57559948340837], [8.86185701709152, 58.57517809815098], [8.861490326667148, 58.574896495992924], [8.86100715270524, 58.57456653482879], [8.860828853438697, 58.57453538438258], [8.8604431705171, 58.574485555845285], [8.85973852283199, 58.574226014883955], [8.8591052257087, 58.57405687931302], [8.858728110002886, 58.57386517796683], [8.85812902453443, 58.573539731051696], [8.85689673326175, 58.57302523700292], [8.856516327967679, 58.572852371096246], [8.855299851470916, 58.57237661998545], [8.85532052686351, 58.57224532901813], [8.855371347975563, 58.57182498407827], [8.855681986192826, 58.57102403983314], [8.855775942201891, 58.57082791756478], [8.855840977126364, 58.5707001960234], [8.855943982193944, 58.57055259447086], [8.856138392401226, 58.57019001769807], [8.856337698517729, 58.569789764744975], [8.85652967954331, 58.56925858810509], [8.856769891016091, 58.56885012186807], [8.856865990232361, 58.568594669221895], [8.857039684861816, 58.56821155701205], [8.85735011510627, 58.56753982213026], [8.85742025039625, 58.567260431145954], [8.857662737728123, 58.5663857963525], [8.857760691762765, 58.56599319686167], [8.857903064273183, 58.56571069773122], [8.857978895954496, 58.56535764927641], [8.858031997154264, 58.565101574351154], [8.858128241287966, 58.564857924810475], [8.858414984946865, 58.56432165774348], [8.858777284300688, 58.56393795648805], [8.85905721365243, 58.56352472943575], [8.858285939458526, 58.56340731763359], [8.857600687199602, 58.5633074455981], [8.857290759921492, 58.56325385419037], [8.857459265991139, 58.56312758506953], [8.858259456665323, 58.5628489106592], [8.858414704764666, 58.56276765952609], [8.858600701834275, 58.56254866672694], [8.858959050231459, 58.56248553232973], [8.859328641581937, 58.56237899210095], [8.859472409918151, 58.5623493278207], [8.859636281808879, 58.56229253218737], [8.859705533312454, 58.56215141438381], [8.860372850637518, 58.56234838924278], [8.860924920971744, 58.56239305364451], [8.861154118417035, 58.56254028867241], [8.862536994284195, 58.56189511216331], [8.862751639630067, 58.561795452094415], [8.86360422146479, 58.56140048317168], [8.863921212175281, 58.56122333202007], [8.864289964089327, 58.56105856636222], [8.864803733104747, 58.560820605901185], [8.864954513035872, 58.56077056053], [8.865658114066912, 58.560469114513474], [8.866158129674034, 58.56024264672817], [8.867270111378355, 58.55975652800081], [8.867966962194734, 58.55944322087397], [8.868248814888485, 58.559322728675156], [8.868516269603854, 58.55917624261834], [8.868858313931785, 58.55897092466012], [8.868914926962859, 58.558936986198724], [8.869855795260056, 58.55827255024682], [8.870070464057793, 58.557908137377844], [8.870536995122286, 58.55759216361295], [8.870854071313863, 58.55731090533328], [8.87194462737289, 58.55652827584633], [8.872963322492959, 58.55586439468895], [8.872998335022908, 58.555841577345404], [8.873353420785017, 58.555509364872535], [8.874022764686563, 58.55490673793875], [8.875498935798124, 58.553619446254345], [8.87659355246209, 58.552681464941394], [8.878104144671795, 58.55115311622779], [8.878505446707301, 58.550739358156655], [8.878877116728338, 58.5502999591738], [8.879227011996948, 58.549793963277615], [8.879360977481301, 58.54980415136655], [8.879422698988918, 58.549662125692734], [8.879719513827771, 58.54915124940706], [8.879683790127181, 58.54896458294406], [8.879713606606016, 58.54875088434536], [8.87982523416649, 58.54867409829967], [8.879912723323912, 58.54861416756203], [8.880298374041306, 58.54830924520158], [8.880350411558336, 58.54825698415856], [8.88048958167922, 58.54812712561773], [8.880627807079836, 58.54800856780973], [8.88054545335231, 58.547690633834854], [8.88044286263018, 58.54724125294653], [8.880394329424504, 58.54698995031416], [8.880238660324617, 58.54581710857288], [8.880246137927301, 58.54561783013253], [8.88115685604661, 58.5445718852946], [8.881477405126786, 58.54427447423742], [8.882839416992812, 58.544656097127955], [8.883046502904788, 58.544863649155694], [8.883992185825521, 58.54567505746051], [8.88435462327839, 58.54592415839559], [8.88559291946826, 58.547001216746], [8.886594428311302, 58.54763283328357], [8.886595964931539, 58.547633897198004], [8.88660499907962, 58.54763937134753], [8.886674212997681, 58.54768292835187], [8.887077159358586, 58.54782859984804], [8.887472778573466, 58.54802902897306], [8.887780154472177, 58.54822974520959], [8.887853137327786, 58.54830103592501], [8.887898789067208, 58.54829412114502], [8.888504898826001, 58.548132883277084], [8.889154971803626, 58.547951680091444], [8.889298262386406, 58.54814410819579], [8.88874361809693, 58.548391370749925], [8.888393584994025, 58.548551060117234], [8.888336264437322, 58.54858236098004], [8.888296976081119, 58.54859426222438], [8.888286721764922, 58.54859872518563], [8.888242432284144, 58.54861065775651], [8.888332050547367, 58.548701112101256], [8.88834083742727, 58.54878095327793], [8.888319442810769, 58.54894084603384], [8.888344984345771, 58.54906281887495], [8.888484991806175, 58.549280934669056], [8.888533721233017, 58.54934809530317], [8.888558628043544, 58.54937413753226], [8.88860159281025, 58.54936880506607], [8.888800241462976, 58.54933119492274], [8.889310484961516, 58.549195181278115], [8.889796847614045, 58.549065679721785], [8.891508829543687, 58.54873614832252], [8.891938886248175, 58.548551184417455], [8.893434947191954, 58.54798503691729], [8.894408731554027, 58.54764357030573], [8.895301817772445, 58.54727285481605], [8.895410316305139, 58.54724633319348], [8.896020086667049, 58.54742011908673], [8.896143506681232, 58.5474512178741], [8.896342119801668, 58.547494636781295], [8.896585851930187, 58.54758847180553], [8.897167348981448, 58.54776837752591], [8.897304023095716, 58.54779263321889], [8.897555540464467, 58.547804354877336], [8.89761037041369, 58.5477665381202], [8.897987137039845, 58.5478492438291], [8.898882864534823, 58.54798162919442], [8.899330194885593, 58.54803311646943], [8.899584824752312, 58.54806848449613], [8.899908914254476, 58.54812733269674], [8.899998057357905, 58.54813869470483], [8.900013435257042, 58.54813447502771], [8.900152494308575, 58.54811642943646], [8.90039954629662, 58.548087591872005], [8.900767488972393, 58.548329610576396], [8.901283708170077, 58.54861930388716], [8.901888203615133, 58.54893922385656], [8.902515758633346, 58.54944411322866], [8.903171847705181, 58.54987336871718], [8.903603121684833, 58.55023257295072], [8.90390151993991, 58.55044587612178], [8.903980246600428, 58.550502212274175], [8.904171836593274, 58.55103675459619], [8.904645313121122, 58.55120535608787], [8.905163430220606, 58.55160911996558], [8.905202777446867, 58.55168978357538], [8.905951975750378, 58.552046826714765], [8.906942533119128, 58.55238320734472], [8.907569372773112, 58.5526486923439], [8.908032291277697, 58.55282767316937], [8.908816691612948, 58.55307489670017], [8.908889910911018, 58.553095669477266], [8.909500081831958, 58.55328489285496], [8.909608995107291, 58.55331834899747], [8.909782508128627, 58.55337162691293], [8.910245417911801, 58.55347063827399], [8.910299922250402, 58.55348511715235], [8.910368049206976, 58.553501504686444], [8.910431624798553, 58.553518305989755], [8.910524603725586, 58.553544339931186], [8.910591923024171, 58.55356140928293], [8.91064165928413, 58.553573590147074], [8.910714524632938, 58.55358849202239], [8.910767755716755, 58.55360236985054], [8.910823052817978, 58.55361625588487], [8.910846880547751, 58.55362090107866], [8.911141389278004, 58.553671918368075], [8.911185580338042, 58.55368428548045], [8.91148921793206, 58.5537699533998], [8.911510591490421, 58.5537748419202], [8.911780231494177, 58.55383512012918], [8.911891711161028, 58.553872658261795], [8.912064068211839, 58.55390885934194], [8.912258233830114, 58.55395339097815], [8.912391323055237, 58.55398358208958], [8.912551889813189, 58.55402813628206], [8.912673388505475, 58.55407839629042], [8.912862429733925, 58.55412268327965], [8.913012267421951, 58.55413980313811], [8.913153249377187, 58.554169198123006], [8.913523457180327, 58.55427234342756], [8.913544971246194, 58.55427642786312], [8.913603423438145, 58.55429496490103], [8.913673805931419, 58.55431226822484], [8.913769848358562, 58.55435042133623], [8.913910147403149, 58.55438869744992], [8.913965322714434, 58.5544032966209], [8.914269832875245, 58.55443848367081], [8.914559070530704, 58.55450995252871], [8.914983626558765, 58.55458794301426], [8.91530111990623, 58.55471487031989], [8.915833063043479, 58.55489259941455], [8.91649751659269, 58.55516036516472], [8.917162368841641, 58.5554229234913], [8.917683629128407, 58.55561166242208], [8.9180341992917, 58.55571791280107], [8.918174151445081, 58.55576021946772], [8.918866974978608, 58.55602157579238], [8.919289775590817, 58.55615439507651], [8.919711242282961, 58.55626616907783], [8.920122675500002, 58.55636828053614], [8.920577113443153, 58.55648765037752], [8.921109398301533, 58.556581450490405], [8.921250880920175, 58.55663084972749], [8.92190379217365, 58.55678899305449], [8.922361894275939, 58.556920055871196], [8.922648302637601, 58.55704071540164], [8.922954626993427, 58.55714593151886], [8.923412981309923, 58.55734201440501], [8.923929505481944, 58.55718157893307], [8.924052072496478, 58.5571435444082], [8.924620907908938, 58.556953713299585], [8.925159607170379, 58.55680242952382], [8.92577048880098, 58.556630346565605], [8.926255242119753, 58.556485053072116], [8.926801038768042, 58.55631960240533], [8.927181750303726, 58.55624653780541], [8.927696993031297, 58.55612006400538], [8.92822213602546, 58.556020890940815], [8.928686472867462, 58.55592162346501], [8.929295237996572, 58.55574068998138], [8.929516099486706, 58.55625982176235], [8.929714957358437, 58.556835267681166], [8.92989306478837, 58.557317884365176], [8.930047413838475, 58.557641617156875], [8.930054771638586, 58.5576687090724], [8.930076113620647, 58.557746258333], [8.930185269460003, 58.55792936051127], [8.930366179455808, 58.55839788211145], [8.930478912539675, 58.55871225752314], [8.930496796604505, 58.55876109880156], [8.93064208025126, 58.55911825727543], [8.930828012651457, 58.55927204230566], [8.931083159992822, 58.559587945482185], [8.93126072872447, 58.55979887133831], [8.931379959569108, 58.55996966346048], [8.931593604198735, 58.560170322902245], [8.932193983938467, 58.56099908797959], [8.932679529658959, 58.561509685577605], [8.934150232715037, 58.56283476058398], [8.934726378958672, 58.563327040066234], [8.934908377499237, 58.56352259194099], [8.934936032624018, 58.56354893407018], [8.935114371673272, 58.56369109646661], [8.935252305611394, 58.56391517531698], [8.93538971870116, 58.56408763432343], [8.935505695454989, 58.564271413801485], [8.935649890483893, 58.564484263054915], [8.935723049867056, 58.564646654943225], [8.935822100425222, 58.564814775184914], [8.935855353127707, 58.56496879379305], [8.935938555401004, 58.56510608877122], [8.936013686510146, 58.56529090459378], [8.936114766135807, 58.56540959666782], [8.936226739080471, 58.56564928275171], [8.93636622952252, 58.56582075822157], [8.936529433000391, 58.565989664637485], [8.936536326104722, 58.566067158334874], [8.937182637123831, 58.56672671585952], [8.937360784535564, 58.56687111638409], [8.937532620082054, 58.56706483170279], [8.937616371049934, 58.56716226199269], [8.937742936725579, 58.56729107338768], [8.937979083624109, 58.56754528038702], [8.938168438919277, 58.56782086310211], [8.938392128028847, 58.568073398870446], [8.93840131077719, 58.56809796518402], [8.938426652202601, 58.56811681329214], [8.938518291492384, 58.568167793716455], [8.93860402301833, 58.56821408229163], [8.938818406528705, 58.56838216623175], [8.938848787388716, 58.56840773590164], [8.938912124356255, 58.56845098325634], [8.938952453149954, 58.568479815112454], [8.938969306120846, 58.56849195827672], [8.93897529168723, 58.56849620349849], [8.939024559940266, 58.56853113118969], [8.939105064827682, 58.56859265943976], [8.939167919395263, 58.5686337227762], [8.939215245033425, 58.56866792813246], [8.939341019145937, 58.56875365945279], [8.939433304088155, 58.568813854105066], [8.939454326911866, 58.56883375818706], [8.939454436506761, 58.56883511402325], [8.939454594931703, 58.56884016394498], [8.939441391686493, 58.5688507044132], [8.93938806783599, 58.5689484888449], [8.939253333640993, 58.56905952832232], [8.939127228343528, 58.56917844969565], [8.939060868975707, 58.56923113564898], [8.939028085118958, 58.56927010341394], [8.938988982942908, 58.569347490737215], [8.938977897385893, 58.56936569504115], [8.938856255484666, 58.56952048462803], [8.938802849175458, 58.56958792039074], [8.93874293598518, 58.56966405247422], [8.938618797674, 58.56980539731807], [8.93853794054875, 58.56991979685098], [8.938386235420614, 58.570070011535314], [8.9382111459077, 58.57025963863692], [8.938132255278237, 58.57044913721161], [8.938053540298132, 58.57062072544438], [8.938006571430039, 58.570756358428646], [8.937934106885299, 58.57087898877633], [8.937595252720088, 58.5714213965145], [8.937563494031128, 58.57146635541425], [8.93752826673378, 58.57156409563491], [8.937512967508326, 58.57158174019911], [8.937500886139748, 58.57160070766679], [8.937491479812433, 58.571623133383035], [8.937467176925605, 58.57168969549256], [8.937464540814984, 58.57170091616584], [8.937393130765258, 58.5718850058729], [8.937217930923573, 58.57236528710149], [8.937121825958112, 58.5726767896567], [8.936966422327552, 58.57307372730889], [8.936768697335081, 58.57326849444587], [8.936726009125618, 58.57340423985028], [8.936510344535218, 58.573845416789524], [8.93645601566801, 58.57395584902791], [8.936454744832352, 58.57396317242432], [8.935942588294255, 58.57565082973982], [8.935871125852737, 58.575858958239515], [8.935777490573612, 58.575956453774886], [8.935713457174014, 58.57613368889242], [8.93563897314844, 58.57633438072541], [8.93546857334524, 58.576616882400046], [8.935296404760303, 58.577046611517126], [8.935228921965816, 58.577102664562766], [8.935172453057046, 58.57714393173455], [8.935132684588265, 58.57719823568513], [8.935118609924329, 58.57721674845687], [8.935062418734338, 58.57728819335686], [8.935017539273913, 58.57735008903941], [8.93496041741409, 58.57742689245201], [8.934911220732936, 58.57749875858843], [8.93486722624055, 58.57755952557693], [8.934844377980898, 58.577598783085975], [8.934834036504558, 58.57762359559969], [8.934787307144777, 58.57768720449232], [8.934755843900813, 58.577719480813265], [8.934743931925192, 58.57774340855336], [8.934746130031494, 58.57775755946254], [8.934743978866248, 58.57777888797615], [8.93473110335649, 58.577803400389925], [8.934710275248255, 58.57784194316308], [8.934370984005506, 58.57820045602025], [8.934341662727885, 58.578227341045746], [8.934983356053982, 58.57844475149618], [8.935147368713876, 58.57850996622035], [8.935335702891942, 58.57856021461381], [8.9354561393435, 58.578581495153095], [8.935635855332352, 58.578649613837065], [8.935955469068912, 58.578765956357806], [8.93625102198101, 58.57885207477701], [8.936546153434666, 58.57893168938271], [8.937420432133223, 58.57921277333499], [8.937480369046755, 58.579231998417455], [8.937634088603916, 58.57927709300088], [8.937801909306117, 58.57932438557837], [8.93825609048871, 58.57945717622259], [8.938772599243276, 58.57962226896762], [8.938830839751217, 58.579635380186815], [8.93889680927488, 58.579653629445396], [8.938936098263706, 58.579663682705615], [8.938964256487818, 58.57967329924765], [8.93901547327464, 58.57969112041568], [8.939062817301307, 58.57970542668834], [8.93913677726181, 58.57972333359938], [8.939206978019303, 58.57974601495559], [8.939217768521962, 58.5797494069667], [8.939288499031054, 58.57977400425318], [8.940507459345607, 58.58016844253197], [8.94082013535181, 58.580253378857165], [8.94086012450574, 58.58026238409488], [8.940914060113244, 58.58027448026332], [8.940995001399767, 58.580290915442575], [8.941137594325888, 58.5803524973264], [8.941235872274982, 58.580398206110516], [8.941262042840645, 58.58040934885997], [8.941315936720597, 58.58042864632625], [8.941351060510828, 58.580437871462244], [8.941365782773543, 58.58043847784456], [8.941375079217028, 58.580438557432295], [8.941496303706698, 58.58046031946947], [8.941658151472673, 58.580509305068304], [8.941755254286003, 58.58053893015829], [8.941815278484958, 58.580565630776185], [8.941846284104672, 58.58057673196794], [8.941886061552056, 58.580593920774916], [8.941931753461946, 58.58059788285416], [8.941991548855881, 58.58060701415502], [8.942031586484964, 58.580617732116835], [8.942095162235118, 58.58063091402664], [8.942169297446723, 58.580649817841014], [8.942239090983627, 58.58066194311633], [8.942323809593468, 58.58067549460049], [8.942355606623327, 58.5806840218427], [8.942403606483143, 58.580698537901455], [8.942449521970685, 58.58071115449844], [8.942503820961141, 58.580730110417974], [8.94252455015807, 58.58073982498018], [8.942618368610434, 58.58078442127327], [8.942733816805486, 58.580836523528795], [8.942761247876057, 58.58084835586172], [8.942775367053365, 58.58085343570619], [8.942888255339831, 58.58088947912658], [8.94300969848388, 58.58093186984655], [8.943038029897092, 58.58094149361746], [8.943107114712639, 58.580961688748026], [8.943150231999255, 58.58097354244727], [8.943388463334482, 58.58104639751735], [8.943419346018265, 58.58105821283047], [8.943510605129333, 58.58108575930314], [8.944281906296341, 58.58136372441344], [8.944289431637962, 58.58136507068697], [8.944374724244405, 58.58137333534356], [8.944411727439212, 58.5813776960833], [8.944456664221445, 58.58138900503761], [8.944501664386538, 58.581401937744275], [8.944539997863952, 58.581418517132], [8.944575439606968, 58.5814348697486], [8.944604674822811, 58.58144624669241], [8.94465059641956, 58.581464805565844], [8.944714425338463, 58.5814805192675], [8.944721702300535, 58.58148230398617], [8.944776891235064, 58.58150310179921], [8.944836950403543, 58.58152962244743], [8.944899647961828, 58.5815498747513], [8.944952896914936, 58.581574902826574], [8.944997071940323, 58.58158563530883], [8.945244663637713, 58.58162840465942], [8.945272957148381, 58.58164820095019], [8.945323857265887, 58.58167086675221], [8.945378112173753, 58.58168909893317], [8.945417021358702, 58.58170534507932], [8.945450296603571, 58.58171331107836], [8.945482841358674, 58.58172151266602], [8.94552847701052, 58.58173078327088], [8.945580305443752, 58.58174709980326], [8.945651242860286, 58.581766570654246], [8.945709304665288, 58.58178174109306], [8.945769714323088, 58.58179729261164], [8.945819088314659, 58.58181583413648], [8.945845088167074, 58.58182399639046], [8.945911763685372, 58.581840204182136], [8.945987974327274, 58.5818630755835], [8.946010943885714, 58.5818728053829], [8.946168946462096, 58.58191818151209], [8.946240991869065, 58.58194220652383], [8.94630138428702, 58.58195487559221], [8.946368467281753, 58.581974704101604], [8.946406604144734, 58.58199640602933], [8.946453170595127, 58.582002298653585], [8.946503069172575, 58.5820148318234], [8.9465819108635, 58.5820414289075], [8.946643400095263, 58.582064684644244], [8.946682242980954, 58.58207435412159], [8.946721725081542, 58.58208630486472], [8.946748424905408, 58.58209440996104], [8.947812542762016, 58.58242013664239], [8.949605454121782, 58.58349972200857], [8.950008611531116, 58.58375143501327], [8.950261712408942, 58.58391682194115], [8.95029487826931, 58.58392045937849], [8.95240196251268, 58.584121529207984], [8.953260099260325, 58.58456300067532], [8.953325281794447, 58.58498828579313], [8.952703792422732, 58.58566973990352], [8.952915211270614, 58.585794164652626], [8.952925247308869, 58.58580193186521], [8.952949417724517, 58.58581072650944], [8.953004200948925, 58.58583393240965], [8.953055190459882, 58.58585713927656], [8.953070576097447, 58.5858658793561], [8.953112526799673, 58.585883527089244], [8.9531546224066, 58.58590631405627], [8.953190823510214, 58.58592729203083], [8.953225265018578, 58.58594548566263], [8.95325626840127, 58.58596162609699], [8.953291070379553, 58.58598271807713], [8.953309025544476, 58.585995541279374], [8.953316356013088, 58.58600300065468], [8.953920672941624, 58.58633415807652], [8.954530943639936, 58.58618467817785], [8.954764724212831, 58.586163026114924], [8.954947135917818, 58.585990830137355], [8.955014881011161, 58.5858225870099], [8.954873238997417, 58.58557891166449], [8.954767934892445, 58.58545904818877], [8.95461762230831, 58.585139958158656], [8.95462704078296, 58.585136350775855], [8.954673594072805, 58.58512342081163], [8.954689000334257, 58.58510613949033], [8.954720857939034, 58.58509044497187], [8.954788844471159, 58.58507024263689], [8.954874576731553, 58.585040162748896], [8.954969504412084, 58.58501672967598], [8.955057107974689, 58.58500771779768], [8.955102214364093, 58.584994179151586], [8.955151156754495, 58.58497640945592], [8.955215361561283, 58.584953147094176], [8.955280039088981, 58.584936119914985], [8.95538673370591, 58.58491045053624], [8.955440898615397, 58.58489139647324], [8.955490944185877, 58.584873228505224], [8.955553334446725, 58.5848245785379], [8.955704670890672, 58.58492356273759], [8.955885735419606, 58.585052042604886], [8.956470130376553, 58.58544356629694], [8.957079263826058, 58.58576593123035], [8.957850650684671, 58.58595485083004], [8.958379847222979, 58.58572265229888], [8.958488098076838, 58.585697954146525], [8.959069933056709, 58.585438521898446], [8.959136827650095, 58.58541664505599], [8.959351162942605, 58.58548843157949], [8.959514964784342, 58.585503449491924], [8.959561961088603, 58.585511878574906], [8.95960705826901, 58.585518327207225], [8.959652152063693, 58.58552180428554], [8.95968193066829, 58.58552509939937], [8.959720668531919, 58.585531428195246], [8.959732041197581, 58.58553745702481], [8.95974216049106, 58.58554873921327], [8.95975416350319, 58.585562091146265], [8.95976545033584, 58.58557459893065], [8.959782868274978, 58.58559153774614], [8.959793720373177, 58.58560456527807], [8.95983632630964, 58.585648353714525], [8.959852174064128, 58.58566539856076], [8.959877773941443, 58.58569884064517], [8.959898103107493, 58.58571888809501], [8.959914466327481, 58.58573793815606], [8.95993512331459, 58.58575908155753], [8.959948592037323, 58.5857759241673], [8.95997455705355, 58.58580227014808], [8.960007117776199, 58.58583135825641], [8.960018649046027, 58.5858534219622], [8.960029905749987, 58.58588006484801], [8.960040112761947, 58.58589981506548], [8.960058464567636, 58.585917338119344], [8.960073055764578, 58.58593666476639], [8.960084444663396, 58.58595656074959], [8.960088976998819, 58.585963257463305], [8.960095341079825, 58.58599426177056], [8.960297791043866, 58.58625646458343], [8.960136804556907, 58.5863128935787], [8.96004076559633, 58.586316829079855], [8.95997133621366, 58.586312474805716], [8.959754257962771, 58.586308361602526], [8.959686183811428, 58.58630614203755], [8.959632469796578, 58.58631162285349], [8.959494429035555, 58.586352025157474], [8.959338327271952, 58.586412105132695], [8.959251993637748, 58.58643270525428], [8.959124663320958, 58.58644407856361], [8.958993317370789, 58.58646570721925], [8.958930630377887, 58.58647022433033], [8.958809036023805, 58.58650825009874], [8.95867334521943, 58.58659387335279], [8.958554869715146, 58.58666869302316], [8.958475533307796, 58.586732572628286], [8.958396596207521, 58.58677819253002], [8.958291059754663, 58.58681409388207], [8.958211154829808, 58.58682842350614], [8.958141451862003, 58.58684458490414], [8.958085770221565, 58.586857445771045], [8.9579730118916, 58.58688724356068], [8.957828136306372, 58.586923269919076], [8.957739590978216, 58.586956640751524], [8.957685478261581, 58.58696840491481], [8.957559071825786, 58.587002330796565], [8.957507709643362, 58.587027100629236], [8.95734248224431, 58.58708008478457], [8.95722692190899, 58.587108129022695], [8.957157771548433, 58.58713305005189], [8.957166814603662, 58.58714158042635], [8.957226220549042, 58.58715005548224], [8.957302027307138, 58.587155432384826], [8.957374878869684, 58.587159949502244], [8.957407329279572, 58.587159769469665], [8.957469802991769, 58.58717244100978], [8.95757159675428, 58.58718210502546], [8.957689896966697, 58.58720002104764], [8.957834999975322, 58.58721451903853], [8.95793873838806, 58.587224904775326], [8.95802912865593, 58.587228718066235], [8.958107491660847, 58.58722530090794], [8.958258542004291, 58.587232335325425], [8.958445071121833, 58.58722168389273], [8.95851334234584, 58.58720383403154], [8.958586448043674, 58.58719890804351], [8.958671557942315, 58.58719436807705], [8.958750418525366, 58.58719106403746], [8.95879437107727, 58.58718719414635], [8.95891819500506, 58.58718015781031], [8.959735624802587, 58.58706320336946], [8.959777357586638, 58.58704923384328], [8.959814840972362, 58.587044878480896], [8.959846801092976, 58.587037561416025], [8.95990290288926, 58.587025259854485], [8.95994678536391, 58.58701481322611], [8.95996838019705, 58.58701258997085], [8.960041401843718, 58.586989200651345], [8.96007202438563, 58.5869816403805], [8.960145088250236, 58.58696797750202], [8.96023253313579, 58.58695292169347], [8.960313019911245, 58.58693123483586], [8.960413495520521, 58.58690364721365], [8.960488309699064, 58.58689781025865], [8.96049752498892, 58.58689338249199], [8.960682921955371, 58.586847378150644], [8.962315473142535, 58.58660766102091], [8.962512066492199, 58.58661656696276], [8.96290782488039, 58.586626485438515], [8.962927263597036, 58.58662875219615], [8.962965532818638, 58.58663181637387], [8.962997708596072, 58.586636214110605], [8.963040520116724, 58.58664093300218], [8.96308832040414, 58.58664372599419], [8.963139558292683, 58.58664758138904], [8.963179706600855, 58.58664875314567], [8.9632262311686, 58.586650945715284], [8.9632768904927, 58.58665216258542], [8.963306759364864, 58.586651949452325], [8.96332826488113, 58.5866532330507], [8.963431482978404, 58.586657647072535], [8.96348702424304, 58.5866585536731], [8.963523673229426, 58.586659020166955], [8.963561580045404, 58.586658195302796], [8.963712347857724, 58.58666385937869], [8.963813577741435, 58.58666980014458], [8.963969497017422, 58.58665463696957], [8.964063803209184, 58.586644764160674], [8.96410978006134, 58.586644139314735], [8.964201052399181, 58.58663286287161], [8.964296681808467, 58.58662431282324], [8.964415650660827, 58.586616412199085], [8.964456102613887, 58.58661183521267], [8.964501594613948, 58.586609026389105], [8.964605071507592, 58.586596974084294], [8.964663884566278, 58.586590921061216], [8.96483720617288, 58.586578827804814], [8.964970949099872, 58.586561267986816], [8.965128230695582, 58.586542205792014], [8.965261668517156, 58.58651742799802], [8.965293344145786, 58.586507755142215], [8.965470319889029, 58.58647251249579], [8.965576307683593, 58.58645490511166], [8.965990858551883, 58.58635503863338], [8.966897168210489, 58.586236373687846], [8.966942002233827, 58.58623038158435], [8.967293904598161, 58.58618968883794], [8.967784866797977, 58.5861335737259], [8.97132622269152, 58.58553395428106], [8.973720757298862, 58.587203161691924], [8.97485799158566, 58.58799588985048], [8.98199085315325, 58.58781939051442], [8.990183040809413, 58.58050867192777], [8.991635406444138, 58.57921235317861], [8.992282470368927, 58.578635570485574], [8.995133127206486, 58.57050591692774], [8.99982708516572, 58.5667468490993], [9.0019164613089, 58.565073764096184], [9.007195473170638, 58.56405976378115], [9.012918614679593, 58.56295485425171], [9.016455802247995, 58.562271767523484], [9.021507051004829, 58.56129760827364], [9.021098812848555, 58.55866900335228], [9.043679896027015, 58.55167091009148], [9.364087491456386, 58.42566489081965], [9.353973452437593, 58.4197274703816], [9.353973296429974, 58.41972737347532], [9.319849870209282, 58.39967488340297], [9.30010910755399, 58.3880600554507], [9.300108796113054, 58.38805986151587], [9.299466826135074, 58.38768194000086], [9.268723271806728, 58.3695721004336]]]]}, "properties": {"kommunenavn": "Arendal", "kommunenummer": "4203"}}]}