{"type": "FeatureCollection", "features": [{"type": "Feature", "geometry": {"type": "LineString", "coordinates": [[8.808640082296003, 58.598471773609894, 0.0], [8.80865380806878, 58.598440106907724, 0.0], [8.808654273948926, 58.59833827891906, 0.0], [8.808776757342399, 58.59795219599294, 0.0], [8.809418780038342, 58.596974175964824, 0.0], [8.809609757873957, 58.59665119832825, 0.0], [8.809680537573822, 58.596291973767904, 0.0], [8.809699614210393, 58.59595969805481, 0.0], [8.809753040634662, 58.59561854611431, 0.0], [8.809722353244343, 58.59492680373276, 0.0], [8.809758686324995, 58.59458572630516, 0.0], [8.809934446514413, 58.59388540999612, 0.0], [8.810039618705316, 58.593544237327166, 0.0], [8.810284001182996, 58.592880016577304, 0.0], [8.810440730525775, 58.59253890383273, 0.0], [8.810648960749727, 58.592206943597475, 0.0], [8.810893392205422, 58.591524804101184, 0.0], [8.811032749238558, 58.59121058796769, 0.0], [8.811086081002275, 58.59088735215879, 0.0], [8.81112221106217, 58.59055509032348, 0.0], [8.811227272451871, 58.59023192266575, 0.0], [8.811592167199338, 58.58955893535408, 0.0], [8.811973934339537, 58.58893079865163, 0.0], [8.812113411409557, 58.588580746595454, 0.0], [8.812287086483291, 58.58825765163481, 0.0], [8.812598331444386, 58.58794363416294, 0.0], [8.81275518103873, 58.58755777027814, 0.0]]}, "properties": {"farge": "#2c7fb8", "elvenavn": "Molandselva"}}, {"type": "Feature", "geometry": {"type": "LineString", "coordinates": [[8.749918946823827, 58.57829901209457, 0.0], [8.750194046865616, 58.57829956093569, 0.0], [8.75027977430327, 58.57831770429813, 0.0], [8.751927102950068, 58.57883280885086, 0.0], [8.752544990938546, 58.57898669752211, 0.0], [8.753128478950613, 58.57915844733536, 0.0], [8.753763790759654, 58.579285351960785, 0.0], [8.754364683083178, 58.57945722433204, 0.0], [8.755017172075183, 58.57956622826087, 0.0], [8.755618036081966, 58.579719991432405, 0.0], [8.755978082008346, 58.579873355967976, 0.0], [8.756148207924946, 58.580134173295804, 0.0], [8.756680016590085, 58.58033283459153, 0.0], [8.75720253996771, 58.580449041630665, 0.0], [8.757324912403634, 58.58047164126038, 0.0]]}, "properties": {"farge": "#2c7fb8", "elvenavn": null}}, {"type": "Feature", "geometry": {"type": "LineString", "coordinates": [[8.751906430865027, 58.5622982484022, 0.0], [8.75240607424258, 58.5621285608381, 0.0], [8.753026522397057, 58.56189623311196, 0.0], [8.75359478828559, 58.56171764232958, 0.0], [8.754009198374204, 58.56144904900764, 0.0], [8.754200653667004, 58.56112607802489, 0.0], [8.754082626790819, 58.560811511069346, 0.0], [8.753761901497972, 58.56041459147584, 0.0], [8.753753099800086, 58.560282259803586, 0.0], [8.753673299345769, 58.56013392924592, 0.0], [8.753566243153136, 58.559939825942045, 0.0], [8.75347520680409, 58.55973539477124, 0.0], [8.753384829384721, 58.55952729158507, 0.0], [8.753348114169434, 58.55945513407473, 0.0], [8.753429527063362, 58.559396147790466, 0.0], [8.753360772901313, 58.55934464667914, 0.0], [8.75328499377438, 58.559292802687054, 0.0], [8.753165271286816, 58.5592829531695, 0.0], [8.7529049446757, 58.559277958740665, 0.0], [8.752739880380474, 58.55932915788172, 0.0], [8.752573501276864, 58.55938770080783, 0.0], [8.752420709154924, 58.559409871321314, 0.0], [8.752226226860245, 58.559467041218575, 0.0], [8.752076252925049, 58.559433796699054, 0.0], [8.75183146994352, 58.55945517939759, 0.0], [8.751542561548035, 58.55948551804704, 0.0], [8.75123894084832, 58.55946783579351, 0.0], [8.751002594185747, 58.55925693253178, 0.0], [8.750010955465976, 58.55906035168457, 0.0]]}, "properties": {"farge": "#2c7fb8", "elvenavn": null}}, {"type": "Feature", "geometry": {"type": "LineString", "coordinates": [[8.773794213328877, 58.558512490748, 0.0], [8.773931395700261, 58.5585666230785, 0.0], [8.77454907186227, 58.55871148736698, 0.0], [8.775184725346389, 58.5587844574809, 0.0], [8.775509200483832, 58.55909039702507, 0.0], [8.776128004462938, 58.55906447186606, 0.0], [8.776781698510865, 58.558984855637135, 0.0], [8.77731546462434, 58.55881511374831, 0.0]]}, "properties": {"farge": "#2c7fb8", "elvenavn": null}}, {"type": "Feature", "geometry": {"type": "LineString", "coordinates": [[8.768720180822688, 58.55652766668281, 0.0], [8.768719319237785, 58.55665334367633, 0.0], [8.769027522470425, 58.55683360144594, 0.0], [8.76931916830944, 58.55689697045918, 0.0]]}, "properties": {"farge": "#2c7fb8", "elvenavn": null}}, {"type": "Feature", "geometry": {"type": "LineString", "coordinates": [[8.940715287406636, 58.56405082057167, 0.0], [8.940612619522048, 58.56372747921734, 0.0]]}, "properties": {"farge": "#d7191c", "elvenavn": "Vatnebuvassdraget"}}, {"type": "Feature", "geometry": {"type": "LineString", "coordinates": [[8.831195454233594, 58.558708517854825, 0.0], [8.831008130182814, 58.5583580138096, 0.0], [8.831215207458584, 58.55817861442558, 0.0], [8.831817473922364, 58.55804473296221, 0.0], [8.832659771037799, 58.55799193324157, 0.0], [8.833055477251289, 58.55790266537298, 0.0], [8.83363991275721, 58.55788543379242, 0.0]]}, "properties": {"farge": "#2c7fb8", "elvenavn": null}}, {"type": "Feature", "geometry": {"type": "LineString", "coordinates": [[8.773606263709176, 58.54499537630969, 0.0], [8.77396493639704, 58.5453552204224, 0.0], [8.77403298942, 58.54544516529587, 0.0], [8.774647642819541, 58.54604800421671, 0.0], [8.77500649846655, 58.5463449945491, 0.0], [8.775758796196493, 58.54691219612089, 0.0], [8.775911337609838, 58.54724471712986, 0.0], [8.776408310970016, 58.54747916708658, 0.0], [8.776511046188618, 58.547497222170456, 0.0]]}, "properties": {"farge": "#2c7fb8", "elvenavn": null}}, {"type": "Feature", "geometry": {"type": "LineString", "coordinates": [[8.864603960795822, 58.52355037254468, 0.0], [8.865018495782252, 58.52288624001059, 0.0], [8.865381738463398, 58.52222198832062, 0.0], [8.865830479471526, 58.52156678831097, 0.0], [8.86641665873534, 58.520929703052815, 0.0], [8.866673672071904, 58.52067998328623, 0.0]]}, "properties": {"farge": "#2c7fb8", "elvenavn": null}}, {"type": "Feature", "geometry": {"type": "LineString", "coordinates": [[8.846365714470075, 58.520673842773256, 0.0], [8.846092485995621, 58.52034120046761, 0.0], [8.845390956220394, 58.51979245238106, 0.0], [8.845220862878147, 58.51945090194926, 0.0], [8.844999095602551, 58.51911839135585, 0.0], [8.84448505125014, 58.51891130456913, 0.0], [8.844160070891487, 58.518632358421904, 0.0], [8.844006572290722, 58.518425599665676, 0.0]]}, "properties": {"farge": "#2c7fb8", "elvenavn": null}}, {"type": "Feature", "geometry": {"type": "LineString", "coordinates": [[8.828028440471774, 58.51406718658349, 0.0], [8.828424747443806, 58.513780313227294, 0.0], [8.828833837779852, 58.51356733968411, 0.0]]}, "properties": {"farge": "#fdae61", "elvenavn": null}}, {"type": "Feature", "geometry": {"type": "LineString", "coordinates": [[8.828833837779852, 58.51356733968411, 0.0], [8.828872115505838, 58.5135474119965, 0.0], [8.829250995171826, 58.51326951127626, 0.0], [8.829784211184094, 58.51303669656553, 0.0]]}, "properties": {"farge": "#2c7fb8", "elvenavn": null}}, {"type": "Feature", "geometry": {"type": "LineString", "coordinates": [[8.842162217313456, 58.51627682989913, 0.0], [8.841819812217173, 58.51606979776172, 0.0], [8.841357474358993, 58.51580881399826, 0.0], [8.84096409263471, 58.51552080150732, 0.0], [8.840587741488514, 58.515224062305116, 0.0], [8.840159907710186, 58.514945104000674, 0.0], [8.8397663432286, 58.51465725853219, 0.0], [8.839338503538247, 58.51438721182594, 0.0], [8.838876081522015, 58.514162144126864, 0.0], [8.838396650505013, 58.51389195013304, 0.0], [8.837934637299785, 58.51364897818311, 0.0], [8.837729335246788, 58.513460156023804, 0.0], [8.837593605454957, 58.51310971186727, 0.0], [8.837423275669794, 58.51276813642021, 0.0], [8.836739884288725, 58.512129615574864, 0.0]]}, "properties": {"farge": "#2c7fb8", "elvenavn": null}}, {"type": "Feature", "geometry": {"type": "LineString", "coordinates": [[8.799911962464023, 58.51424204049933, 0.0], [8.79981068839207, 58.51392752466097, 0.0], [8.79974416336772, 58.513577141592734, 0.0], [8.799797433802457, 58.513253908582186, 0.0], [8.79981641093356, 58.51290370798693, 0.0], [8.799715572129891, 58.51257120313978, 0.0], [8.799580108363672, 58.512247645946765, 0.0], [8.79941026568749, 58.5119151274486, 0.0], [8.799002097183687, 58.51125883637344, 0.0], [8.79857669323817, 58.51061152371395, 0.0], [8.798286949592548, 58.51028759795198, 0.0], [8.797945259396762, 58.50999078009634, 0.0], [8.797227572626932, 58.509459775950276, 0.0], [8.796595920223222, 58.508857024559454, 0.0], [8.7962887754309, 58.50857808683474, 0.0], [8.795640244056065, 58.507948395217966, 0.0], [8.795384459244922, 58.50765159424607, 0.0], [8.795180456570739, 58.50731894185922, 0.0], [8.794924850560546, 58.50702214838698, 0.0], [8.79463482753191, 58.50672539529664, 0.0], [8.794396277977057, 58.50642852758539, 0.0], [8.793988215070673, 58.50578122631903, 0.0], [8.793700409137662, 58.505134087096444, 0.0]]}, "properties": {"farge": "#fdae61", "elvenavn": null}}, {"type": "Feature", "geometry": {"type": "LineString", "coordinates": [[8.831113152078562, 58.55879144433952, 0.0], [8.831195454233594, 58.558708517854825, 0.0]]}, "properties": {"farge": "#2c7fb8", "elvenavn": null}}, {"type": "Feature", "geometry": {"type": "LineString", "coordinates": [[8.813128382953256, 58.54981906397465, 0.0], [8.81319200970621, 58.54973339780196, 0.0], [8.813978071210615, 58.54903926242366, 0.0]]}, "properties": {"farge": "#2c7fb8", "elvenavn": "Molandselva"}}, {"type": "Feature", "geometry": {"type": "LineString", "coordinates": [[8.771288833075072, 58.53155516910967, 0.0], [8.771247152897773, 58.53177735212771, 0.0], [8.771405130250919, 58.53193487434361, 0.0]]}, "properties": {"farge": "#fdae61", "elvenavn": null}}, {"type": "Feature", "geometry": {"type": "LineString", "coordinates": [[8.836685349293715, 58.54602512275883, 0.0], [8.83706772533722, 58.545680609607885, 0.0], [8.837173599293362, 58.54551275837372, 0.0]]}, "properties": {"farge": "#2c7fb8", "elvenavn": null}}, {"type": "Feature", "geometry": {"type": "LineString", "coordinates": [[8.806234089997375, 58.531909133658374, 0.0], [8.805953580843283, 58.531908380323806, 0.0], [8.805876362440957, 58.53208419982007, 0.0], [8.80580667665601, 58.532439783293725, 0.0]]}, "properties": {"farge": "#2c7fb8", "elvenavn": null}}, {"type": "Feature", "geometry": {"type": "LineString", "coordinates": [[8.80046831417036, 58.53113683720848, 0.0], [8.800807904842408, 58.5311907813355, 0.0], [8.800850214037316, 58.53127677423407, 0.0]]}, "properties": {"farge": "#2c7fb8", "elvenavn": null}}, {"type": "Feature", "geometry": {"type": "LineString", "coordinates": [[8.793700409137662, 58.505134087096444, 0.0], [8.793753501722964, 58.50502013149126, 0.0], [8.793741976492385, 58.50493098919003, 0.0], [8.793596058212549, 58.50448999173111, 0.0]]}, "properties": {"farge": "#2c7fb8", "elvenavn": null}}, {"type": "Feature", "geometry": {"type": "LineString", "coordinates": [[8.837224631489562, 58.50382243775853, 0.0], [8.83737814687432, 58.50368704429685, 0.0], [8.837699243315415, 58.503629262405006, 0.0], [8.837825243725508, 58.50356914903398, 0.0], [8.838236483054999, 58.50317922398652, 0.0], [8.838397394870166, 58.502923971444304, 0.0], [8.838441358611187, 58.50229904230714, 0.0], [8.838524372805404, 58.50212568487391, 0.0], [8.838740913641965, 58.50189344858008, 0.0], [8.838753698038044, 58.5017955361942, 0.0]]}, "properties": {"farge": "#2c7fb8", "elvenavn": null}}, {"type": "Feature", "geometry": {"type": "LineString", "coordinates": [[8.84097647922411, 58.588637570091095, 0.0], [8.83979846003441, 58.58768191890829, 0.0]]}, "properties": {"farge": "#2c7fb8", "elvenavn": null}}, {"type": "Feature", "geometry": {"type": "LineString", "coordinates": [[8.832934119329744, 58.51237025551604, 0.0], [8.833011097124222, 58.51210429373209, 0.0], [8.833053230232078, 58.511477310773664, 0.0], [8.83309640405158, 58.511391722900946, 0.0], [8.833324079809998, 58.5111836151658, 0.0]]}, "properties": {"farge": "#2c7fb8", "elvenavn": null}}, {"type": "Feature", "geometry": {"type": "LineString", "coordinates": [[8.831634124216599, 58.510236982076414, 0.0], [8.83210074386099, 58.51044338590688, 0.0], [8.832369479809431, 58.510669215190475, 0.0], [8.833324079809998, 58.5111836151658, 0.0]]}, "properties": {"farge": "#2c7fb8", "elvenavn": null}}, {"type": "Feature", "geometry": {"type": "LineString", "coordinates": [[8.83979846003441, 58.58768191890829, 0.0], [8.841966101975816, 58.58736916430673, 0.0], [8.84570300791336, 58.58661956926047, 0.0], [8.848866429481326, 58.586020617037974, 0.0], [8.849587452654875, 58.58606756161453, 0.0], [8.85306314509128, 58.58621333442275, 0.0], [8.854967241193355, 58.58703751996434, 0.0]]}, "properties": {"farge": "#2c7fb8", "elvenavn": "Strengselva"}}, {"type": "Feature", "geometry": {"type": "LineString", "coordinates": [[8.832491445061013, 58.51404616791318, 0.0], [8.832656608485358, 58.51360594840618, 0.0], [8.832754710897605, 58.51354066992506, 0.0], [8.832727190699009, 58.51294041003678, 0.0], [8.832920461676009, 58.512692677148316, 0.0], [8.832934119329744, 58.51237025551604, 0.0]]}, "properties": {"farge": "#2c7fb8", "elvenavn": null}}, {"type": "Feature", "geometry": {"type": "LineString", "coordinates": [[8.779674539148111, 58.533455912888066, 0.0], [8.779784052343269, 58.53369058174584, 0.0], [8.780118060842169, 58.53368134198857, 0.0], [8.780275808240656, 58.533715341948096, 0.0], [8.780580376040989, 58.53379277654061, 0.0], [8.781267416688495, 58.53405880946607, 0.0]]}, "properties": {"farge": "#fdae61", "elvenavn": null}}, {"type": "Feature", "geometry": {"type": "LineString", "coordinates": [[8.834219224574564, 58.537121375340845, 0.0], [8.83403552095048, 58.53715701248262, 0.0], [8.83397212416813, 58.537213258257246, 0.0], [8.834168902665247, 58.537470478703014, 0.0], [8.834054272234983, 58.53772874810648, 0.0], [8.833562434624543, 58.53830087740895, 0.0], [8.833110988660062, 58.53897787347607, 0.0], [8.833245664126549, 58.53923865092749, 0.0], [8.83332458162417, 58.53931658792587, 0.0], [8.834068650636516, 58.539822875229454, 0.0], [8.834240558549178, 58.53997288199078, 0.0], [8.834255713365813, 58.54005261064198, 0.0], [8.834063199196143, 58.540310719862525, 0.0], [8.834199374266678, 58.540934518454954, 0.0], [8.834481189221329, 58.54163732605817, 0.0], [8.832286980928986, 58.543453960518264, 0.0]]}, "properties": {"farge": "#2c7fb8", "elvenavn": null}}, {"type": "Feature", "geometry": {"type": "LineString", "coordinates": [[8.804719395885634, 58.5333239651815, 0.0], [8.805034079908603, 58.533808733457555, 0.0], [8.805118485467684, 58.53388436413916, 0.0], [8.806438215212165, 58.534456329038136, 0.0], [8.807292209320217, 58.535017173866535, 0.0], [8.80804804033114, 58.5353813913819, 0.0], [8.808326578560077, 58.53560833183274, 0.0], [8.8081466901024, 58.536407755296295, 0.0], [8.808278894786051, 58.53675955157489, 0.0], [8.808258426831689, 58.53765599542406, 0.0], [8.808317637915009, 58.53792256749866, 0.0], [8.808152011882179, 58.538270719683105, 0.0]]}, "properties": {"farge": "#2c7fb8", "elvenavn": null}}, {"type": "Feature", "geometry": {"type": "LineString", "coordinates": [[8.81842932560808, 58.56138553935939, 0.0], [8.818567329421812, 58.561332191236446, 0.0], [8.818609423251702, 58.56125856158981, 0.0], [8.81853009694897, 58.56117909234358, 0.0], [8.818435838649124, 58.561104307859075, 0.0], [8.818187732187436, 58.560981008393505, 0.0], [8.817738333189729, 58.56085044038199, 0.0], [8.817499459427019, 58.5606153427235, 0.0], [8.816036181078015, 58.55962290365393, 0.0], [8.814495244170502, 58.55812493123703, 0.0], [8.814392417400983, 58.55777035612473, 0.0], [8.814404743348568, 58.557591354637445, 0.0], [8.814816385575005, 58.557313742414735, 0.0], [8.815213843643264, 58.55691687558998, 0.0], [8.815569856297591, 58.55641264443985, 0.0], [8.815931645227417, 58.55600775159858, 0.0], [8.816117873354715, 58.55566310035914, 0.0], [8.81634277303457, 58.55542127087064, 0.0], [8.81660652373472, 58.554995084246585, 0.0], [8.816615391132189, 58.554637844596094, 0.0], [8.816484680812954, 58.55410488525259, 0.0], [8.816596541325259, 58.55366271063957, 0.0], [8.816561121839646, 58.553484438470385, 0.0], [8.81640156268368, 58.553229183117146, 0.0], [8.816387762022993, 58.553143466933996, 0.0], [8.816440814789052, 58.552966416984454, 0.0], [8.816451991444762, 58.55260791648597, 0.0], [8.81630770300041, 58.55189467779267, 0.0], [8.816262693099878, 58.55126758814155, 0.0], [8.816292908683367, 58.55099918946427, 0.0], [8.816234199032499, 58.5508281307324, 0.0], [8.816309256081704, 58.55046850120139, 0.0], [8.816214092648133, 58.55040253333969, 0.0], [8.815682090466666, 58.55017367203041, 0.0], [8.815590254756918, 58.5500041172549, 0.0], [8.815476523805739, 58.54993723356423, 0.0], [8.814897872203124, 58.5497479818467, 0.0], [8.814514940719752, 58.54956807478067, 0.0], [8.81440762380374, 58.549499465721844, 0.0], [8.813978071210615, 58.54903926242366, 0.0]]}, "properties": {"farge": "#2c7fb8", "elvenavn": null}}, {"type": "Feature", "geometry": {"type": "LineString", "coordinates": [[8.940612619522048, 58.56372747921734, 0.0], [8.940671542668658, 58.56355260261004, 0.0], [8.940808446433014, 58.563387432085776, 0.0], [8.940671589427694, 58.56323163151347, 0.0], [8.940469459343266, 58.56308702791288, 0.0], [8.939665689485778, 58.56262132120423, 0.0], [8.938925117463832, 58.56239797347188, 0.0], [8.938038255905521, 58.561975588392585, 0.0], [8.937330076436384, 58.5617220474636, 0.0], [8.937295537435983, 58.56163713620385, 0.0], [8.937077206380561, 58.561397371347695, 0.0], [8.936871727703497, 58.56134666483407, 0.0]]}, "properties": {"farge": "#d7191c", "elvenavn": "Vatnebuvassdraget"}}, {"type": "Feature", "geometry": {"type": "LineString", "coordinates": [[8.831114555811693, 58.54750179653341, 0.0], [8.831339144535393, 58.547374675993474, 0.0], [8.831988694417742, 58.54654499512408, 0.0], [8.832069293953655, 58.5462796722143, 0.0], [8.832068137227829, 58.546011298869665, 0.0], [8.832162374451551, 58.54574833699177, 0.0], [8.83212972375002, 58.54566115233523, 0.0], [8.83217089462601, 58.54548313518591, 0.0], [8.832143176915274, 58.54530622227212, 0.0], [8.831742825969304, 58.5450148543129, 0.0], [8.83160077353655, 58.54485247238238, 0.0], [8.831288774330284, 58.5442476896836, 0.0], [8.831373676940382, 58.54362292476571, 0.0], [8.831450847253969, 58.54356060603215, 0.0], [8.832286980928986, 58.543453960518264, 0.0]]}, "properties": {"farge": "#2c7fb8", "elvenavn": "Molandselva"}}, {"type": "Feature", "geometry": {"type": "LineString", "coordinates": [[8.784928089917619, 58.57392619967773, 0.0], [8.785064504058962, 58.573795183442414, 0.0], [8.785130984636567, 58.5736213382629, 0.0], [8.785424182674973, 58.57340554143264, 0.0]]}, "properties": {"farge": "#2c7fb8", "elvenavn": null}}, {"type": "Feature", "geometry": {"type": "LineString", "coordinates": [[8.96130946142896, 58.55549959917283, 0.0], [8.961237810906635, 58.555233217027784, 0.0], [8.961061262625082, 58.554886738914355, 0.0], [8.960707127630194, 58.55438194037597, 0.0], [8.960472183283368, 58.55395128439383, 0.0], [8.96040120909212, 58.55386949088195, 0.0], [8.960270584449471, 58.55381526679837, 0.0], [8.95931443630503, 58.5536203542249, 0.0], [8.958565753979462, 58.55340363477358, 0.0], [8.958054095879667, 58.55341911326111, 0.0], [8.957712396683524, 58.55340284104773, 0.0], [8.956953558591731, 58.55319583142118, 0.0], [8.955973206775791, 58.553035781452486, 0.0], [8.95530244896042, 58.5529602736173, 0.0], [8.954287057059442, 58.55289624154877, 0.0], [8.953862074879707, 58.55298238257095, 0.0]]}, "properties": {"farge": "#fdae61", "elvenavn": null}}, {"type": "Feature", "geometry": {"type": "LineString", "coordinates": [[8.870815896680673, 58.50576477153797, 0.0], [8.869772023687345, 58.50497337252363, 0.0]]}, "properties": {"farge": "#d7191c", "elvenavn": null}}, {"type": "Feature", "geometry": {"type": "LineString", "coordinates": [[8.747539083466922, 58.53863294019547, 0.0], [8.747450761404952, 58.53860962192793, 0.0], [8.747401917755967, 58.538596698274056, 0.0], [8.747006764747633, 58.53858540278639, 0.0], [8.746732090904318, 58.53857747262022, 0.0], [8.74640792172058, 58.53854388774529, 0.0], [8.746114215443251, 58.53851332197304, 0.0], [8.745684809787695, 58.53851250603512, 0.0], [8.745116779305922, 58.538682056811275, 0.0], [8.744582801554845, 58.5388874922425, 0.0], [8.744100165438578, 58.53911110605302, 0.0], [8.743669013798474, 58.53936173153424, 0.0], [8.743376098775848, 58.5394779035944, 0.0], [8.74334208226394, 58.53947452913137, 0.0], [8.74275819878592, 58.53941382585768, 0.0], [8.742250702645618, 58.53937864994386, 0.0], [8.742088541737616, 58.539367566957345, 0.0], [8.7419872090534, 58.539360179308794, 0.0], [8.741453664569155, 58.53932138464356, 0.0], [8.740801346627213, 58.53923021717379, 0.0]]}, "properties": {"farge": "#2c7fb8", "elvenavn": null}}, {"type": "Feature", "geometry": {"type": "LineString", "coordinates": [[8.73937781013602, 58.52042041634408, 0.0], [8.739361108867463, 58.520393481830425, 0.0], [8.739346008194797, 58.52035374725282, 0.0], [8.739060061415781, 58.52017575369009, 0.0], [8.738899698760846, 58.52007811533595, 0.0], [8.738506932231912, 58.51978997290107, 0.0], [8.738148543847382, 58.51951080688229, 0.0], [8.737807491655227, 58.51921366615289, 0.0], [8.737516564981922, 58.519069377005565, 0.0], [8.737379808045949, 58.51900630410846, 0.0]]}, "properties": {"farge": "#fdae61", "elvenavn": null}}, {"type": "Feature", "geometry": {"type": "LineString", "coordinates": [[8.725984724923121, 58.51191409732598, 0.0], [8.725574532869638, 58.51168872646872, 0.0], [8.72509565103424, 58.51147214184075, 0.0], [8.724634156504152, 58.51122866998762, 0.0], [8.724396293364821, 58.51091376584441, 0.0], [8.72430868709701, 58.510860023814594, 0.0], [8.723969331912743, 58.510652442840886, 0.0], [8.72378370329687, 58.51024779016465, 0.0]]}, "properties": {"farge": "#fdae61", "elvenavn": "Lilleelva"}}, {"type": "Feature", "geometry": {"type": "LineString", "coordinates": [[8.772067704707005, 58.512067009662466, 0.0], [8.771982985491535, 58.51188727458509, 0.0], [8.771693434226135, 58.51156356076591, 0.0], [8.77136916220612, 58.51127543842883, 0.0], [8.771214760625924, 58.51114111943494, 0.0], [8.771027882157632, 58.51097847172067, 0.0], [8.770926994292905, 58.51067295011221, 0.0], [8.770893764574655, 58.51050661870599, 0.0], [8.770860503360254, 58.510340465860686, 0.0], [8.770570767185685, 58.51002565536419, 0.0], [8.770177767527793, 58.50975543484361, 0.0], [8.769819958200312, 58.50936868328901, 0.0]]}, "properties": {"farge": "#d7191c", "elvenavn": "Barbuvassdraget"}}, {"type": "Feature", "geometry": {"type": "LineString", "coordinates": [[8.757508404775294, 58.50776534245264, 0.0], [8.757197882093871, 58.508007207653115, 0.0], [8.757111619244691, 58.50805189767813, 0.0], [8.756715037913098, 58.50832954615987, 0.0], [8.756570092646971, 58.508432159687274, 0.0], [8.756335693750026, 58.508598308977746, 0.0], [8.75595685436713, 58.50888447657937, 0.0], [8.755576679866616, 58.509162652999116, 0.0], [8.755438843307592, 58.50922535686717, 0.0], [8.755180647173932, 58.509341531192746, 0.0]]}, "properties": {"farge": "#d7191c", "elvenavn": null}}, {"type": "Feature", "geometry": {"type": "LineString", "coordinates": [[8.51183271188647, 58.49097136311099, 0.0], [8.511798396103016, 58.49098015999894, 0.0], [8.511643633672456, 58.49099743449181, 0.0], [8.511370278425492, 58.491171096709344, 0.0], [8.511193806964345, 58.49128329064994, 0.0], [8.51082921860133, 58.49158725522486, 0.0], [8.51071220224927, 58.491906942429715, 0.0], [8.510704689274679, 58.49192799930663, 0.0], [8.510751080025226, 58.492278502785624, 0.0], [8.51076269742498, 58.492307737170876, 0.0], [8.51088367356033, 58.49261131415829, 0.0], [8.510979356485146, 58.49283596033336, 0.0], [8.511033224725674, 58.49296219100915, 0.0], [8.511148392244078, 58.49331294331098, 0.0], [8.511177781918283, 58.493663303923036, 0.0], [8.511168319275551, 58.493736686702306, 0.0], [8.511139435184507, 58.49395951216685, 0.0], [8.511139180965525, 58.49397760475194, 0.0]]}, "properties": {"farge": "#2c7fb8", "elvenavn": null}}, {"type": "Feature", "geometry": {"type": "LineString", "coordinates": [[8.784365714603151, 58.499433556443904, 0.0], [8.784365763414637, 58.49942455329892, 0.0], [8.78435871964147, 58.49936243304734, 0.0], [8.784349623198647, 58.49928085115021, 0.0], [8.784283100801943, 58.49893045471723, 0.0], [8.784147906803648, 58.49858896742786, 0.0], [8.784201386381223, 58.498247736492615, 0.0], [8.784409039948725, 58.497924716808434, 0.0], [8.784754380580088, 58.49761100137215, 0.0], [8.78477172473434, 58.49758401740938, 0.0], [8.784870313437002, 58.49746462360122, 0.0], [8.784927263517423, 58.49739570793152, 0.0]]}, "properties": {"farge": "#2c7fb8", "elvenavn": null}}, {"type": "Feature", "geometry": {"type": "LineString", "coordinates": [[8.526844303191934, 58.48315077746701, 0.0], [8.526672785193918, 58.4832478379052, 0.0], [8.526068850725533, 58.48343531642192, 0.0], [8.525636317010743, 58.48370326686022, 0.0], [8.525461887028516, 58.483939885991425, 0.0], [8.525391927459971, 58.48403461417075, 0.0], [8.524792252731155, 58.484492170573, 0.0], [8.52456002127223, 58.48466920216783, 0.0]]}, "properties": {"farge": "#2c7fb8", "elvenavn": null}}, {"type": "Feature", "geometry": {"type": "LineString", "coordinates": [[8.928809011176911, 58.49725061536646, 0.0], [8.928838519419669, 58.49719752701807, 0.0], [8.928850582250561, 58.497190445945506, 0.0]]}, "properties": {"farge": "#2c7fb8", "elvenavn": null}}, {"type": "Feature", "geometry": {"type": "LineString", "coordinates": [[8.78644685406069, 58.49010540469078, 0.0], [8.786641325120502, 58.4901318765946, 0.0], [8.786750299361335, 58.49014680861479, 0.0], [8.787277429157735, 58.49021871397605, 0.0], [8.788087473986067, 58.49038190114809, 0.0], [8.788545682821336, 58.490556446815056, 0.0], [8.788781115029634, 58.49064587252631, 0.0], [8.78947446831784, 58.49095035047742, 0.0], [8.789859414060546, 58.49117347374513, 0.0], [8.789896657565672, 58.491252549762024, 0.0], [8.790050003866513, 58.491578161568796, 0.0], [8.790393391924253, 58.49228637016561, 0.0], [8.790460615271302, 58.492615633065284, 0.0], [8.790612785308959, 58.49336345309933, 0.0]]}, "properties": {"farge": "#2c7fb8", "elvenavn": "Songevassdraget"}}, {"type": "Feature", "geometry": {"type": "LineString", "coordinates": [[8.914528056662487, 58.49689175422732, 0.0], [8.914974246602467, 58.49667670792339, 0.0], [8.915524153540412, 58.49651512928456, 0.0], [8.916193168951434, 58.49649770407182, 0.0], [8.916828274273662, 58.49638132377701, 0.0], [8.917497258683134, 58.49639081375559, 0.0], [8.918046167764114, 58.49644501466148, 0.0], [8.91845789862544, 58.49643632155501, 0.0], [8.91902446833745, 58.496239052722366, 0.0], [8.91959104725989, 58.49604169195784, 0.0], [8.919969194392102, 58.495745685608604, 0.0], [8.920130329151188, 58.49551878031788, 0.0], [8.920141274994306, 58.49550327277641, 0.0], [8.920279165491202, 58.49521601287615, 0.0], [8.920897033309906, 58.49508177547997, 0.0], [8.921565907888002, 58.495046127298565, 0.0], [8.921614000057684, 58.49505741769475, 0.0]]}, "properties": {"farge": "#2c7fb8", "elvenavn": null}}, {"type": "Feature", "geometry": {"type": "LineString", "coordinates": [[8.65210344983254, 58.47466880973327, 0.0], [8.652189443798552, 58.474660112009424, 0.0], [8.652292128245666, 58.47465134264918, 0.0], [8.652343684943807, 58.474651471870715, 0.0], [8.652738463137311, 58.47460767497398, 0.0], [8.652841301566902, 58.474599002894195, 0.0]]}, "properties": {"farge": "#fdae61", "elvenavn": null}}, {"type": "Feature", "geometry": {"type": "LineString", "coordinates": [[8.799506248323148, 58.480040309403805, 0.0], [8.799455056947622, 58.47999532075416, 0.0], [8.79928432285841, 58.47985141738012, 0.0], [8.799250248100057, 58.47982436920457, 0.0], [8.798823060059282, 58.47956338157144, 0.0], [8.798361591983912, 58.47929307455107, 0.0], [8.79809388730187, 58.4791764337292, 0.0], [8.797968408940898, 58.479121806371474, 0.0], [8.798004381985214, 58.47877162052536, 0.0], [8.797868969966661, 58.478465980606266, 0.0], [8.797802328432109, 58.47815161017816, 0.0], [8.79792421510354, 58.477810456024095, 0.0], [8.79794191659466, 58.47775314001047, 0.0], [8.798029065477396, 58.4774693757429, 0.0], [8.798082283030425, 58.477205397934924, 0.0], [8.798099597825024, 58.47711915580421, 0.0], [8.79796438997657, 58.476804610385116, 0.0], [8.79774290584801, 58.47654144161972, 0.0], [8.797691896551793, 58.47648088152132, 0.0], [8.797556614014749, 58.476148321046374, 0.0], [8.797352814844542, 58.47580658185775, 0.0], [8.79714981149533, 58.47562463685749, 0.0], [8.797011664856512, 58.47550077208946, 0.0], [8.796944938949155, 58.47516847596389, 0.0], [8.796963885358991, 58.474827099707035, 0.0], [8.797103278477245, 58.47448607566798, 0.0], [8.797251435867821, 58.47435890513814, 0.0], [8.797352390994076, 58.474272201454625, 0.0], [8.79735874556865, 58.474266743675614, 0.0], [8.79736509998331, 58.47426128678913, 0.0], [8.797447848326351, 58.47419021990124, 0.0], [8.797792322463192, 58.47391236955118, 0.0], [8.797803633133071, 58.47385618435619, 0.0], [8.797862847678399, 58.473562149574846, 0.0], [8.79808720093369, 58.47331998453472, 0.0], [8.798123787841757, 58.473296814928446, 0.0], [8.798278536615443, 58.473213009142924, 0.0]]}, "properties": {"farge": "#2c7fb8", "elvenavn": "Songevassdraget"}}, {"type": "Feature", "geometry": {"type": "LineString", "coordinates": [[8.709694020028678, 58.47270153370494, 0.0], [8.709762860212392, 58.472665655571966, 0.0], [8.709952317171366, 58.472558261831026, 0.0], [8.710003991319248, 58.472540451466806, 0.0], [8.710520008537909, 58.472326106622674, 0.0], [8.710933958377419, 58.47203955144352, 0.0], [8.711141602687126, 58.47192368487826, 0.0], [8.711398897751197, 58.471780180999964, 0.0], [8.711630873714977, 58.47170117518044, 0.0], [8.711949250448356, 58.47159282771319, 0.0], [8.712516337456078, 58.47139647895908, 0.0], [8.712981427089169, 58.471137110765305, 0.0], [8.713360803644216, 58.470850468918165, 0.0], [8.713516710749785, 58.470693237564475, 0.0], [8.713671961216702, 58.470536784308074, 0.0], [8.71370896319683, 58.47048763019691, 0.0], [8.713819846090667, 58.47033989158377, 0.0], [8.71391459774781, 58.4702140546734, 0.0], [8.71414006178689, 58.469891200492945, 0.0], [8.714292343887877, 58.46971865993584, 0.0], [8.714417006421879, 58.46957745270126, 0.0], [8.7145118000072, 58.469479176087276, 0.0], [8.714696320230678, 58.46928786717146, 0.0], [8.71471089300147, 58.46927273328198, 0.0], [8.714728708849593, 58.46925676823778, 0.0], [8.714744314395935, 58.46924258574894, 0.0], [8.715038904757574, 58.46897707671161, 0.0], [8.715419010691484, 58.46862760361876, 0.0]]}, "properties": {"farge": "#2c7fb8", "elvenavn": null}}, {"type": "Feature", "geometry": {"type": "LineString", "coordinates": [[8.541935217826207, 58.45685378441823, 0.0], [8.541969899690669, 58.45682689428025, 0.0], [8.542021944606807, 58.456782236605434, 0.0], [8.542246913556689, 58.45661229104596, 0.0]]}, "properties": {"farge": "#fdae61", "elvenavn": null}}, {"type": "Feature", "geometry": {"type": "LineString", "coordinates": [[8.608373348757837, 58.45390335955908, 0.0], [8.608545623115788, 58.453814164851195, 0.0], [8.609079419070545, 58.45359111215953, 0.0], [8.609578919139842, 58.45335913612848, 0.0], [8.609546700672954, 58.453179367894684, 0.0], [8.609684941421893, 58.45309585479811, 0.0], [8.609753688477777, 58.45305425966269, 0.0], [8.60982832364578, 58.45303034236531, 0.0], [8.610338261539075, 58.452867428361166, 0.0], [8.610492567491598, 58.45285893487134, 0.0]]}, "properties": {"farge": "#2c7fb8", "elvenavn": null}}, {"type": "Feature", "geometry": {"type": "LineString", "coordinates": [[8.858621499821062, 58.46569485004826, 0.0], [8.858587360089613, 58.46566799568467, 0.0], [8.85852801233875, 58.46559958784918, 0.0], [8.858143612233478, 58.46515554174625, 0.0], [8.857392785194616, 58.464355386860376, 0.0], [8.85689731832372, 58.463914732475644, 0.0], [8.856771552953656, 58.46378892120766, 0.0], [8.856556052814422, 58.46357297894246, 0.0]]}, "properties": {"farge": "#d7191c", "elvenavn": null}}, {"type": "Feature", "geometry": {"type": "LineString", "coordinates": [[8.674236179321346, 58.44895008799276, 0.0], [8.674268879740177, 58.4491118407482, 0.0], [8.674746322777043, 58.44936451610379, 0.0], [8.675129680795521, 58.44958253962884, 0.0], [8.675206523256575, 58.44962615263785, 0.0], [8.675416137462001, 58.44982062158129, 0.0], [8.67554627855407, 58.44994126588952, 0.0], [8.67581905341181, 58.45014660670126, 0.0], [8.675869577605805, 58.45018468324956, 0.0], [8.676415917909933, 58.45039266860374, 0.0], [8.67689506819434, 58.450456736301916, 0.0], [8.676969092240917, 58.45045211468209, 0.0], [8.677580806994817, 58.45041358468893, 0.0], [8.678232212528131, 58.450370261357236, 0.0], [8.678883108148566, 58.45038986381392, 0.0], [8.679249963386741, 58.450415402354636, 0.0], [8.67955097045583, 58.45043642079766, 0.0], [8.680133526033533, 58.45045389622297, 0.0], [8.680201868486591, 58.450456016575586, 0.0], [8.68086962232814, 58.45049364492866, 0.0], [8.681554663997193, 58.45054023054771, 0.0], [8.681775958206892, 58.450702482523354, 0.0], [8.681909751639472, 58.45105305127868, 0.0], [8.682009426919437, 58.45139463723644, 0.0], [8.682023513134551, 58.45174495901657, 0.0], [8.68198592066393, 58.45209506645911, 0.0], [8.681966728194885, 58.452188323258326, 0.0], [8.681914317811295, 58.452445112925886, 0.0], [8.682116934994141, 58.452778010403335, 0.0], [8.682355849068145, 58.452886373925196, 0.0], [8.683040865769746, 58.45294195511976, 0.0], [8.683142587059072, 58.45308036857809, 0.0], [8.683193126656628, 58.45314897398254, 0.0], [8.68363791976437, 58.453221853232094, 0.0], [8.684201046486699, 58.453492685716995, 0.0], [8.684288538514414, 58.45353069487642, 0.0], [8.684569917293539, 58.453653311810164, 0.0], [8.684788413409278, 58.453745350248525, 0.0], [8.685152286078003, 58.45373037495777, 0.0], [8.685192797407414, 58.4537286849577, 0.0], [8.685559365223689, 58.45360990920439, 0.0], [8.685605180801414, 58.45359497183678, 0.0], [8.68630979032446, 58.45336312224656, 0.0], [8.68636143086619, 58.45334541038439, 0.0]]}, "properties": {"farge": "#2c7fb8", "elvenavn": null}}, {"type": "Feature", "geometry": {"type": "LineString", "coordinates": [[8.5270583347892, 58.44040838330721, 0.0], [8.526904759784992, 58.44037204411069, 0.0], [8.526559822665902, 58.44029934103923, 0.0], [8.526426700522585, 58.44027133425404, 0.0], [8.526375028083663, 58.440271146601646, 0.0], [8.525724898539394, 58.44021485486045, 0.0], [8.525448960476178, 58.44007448733105, 0.0], [8.525333684049567, 58.44001585773102, 0.0], [8.525132618550758, 58.43968283079837, 0.0], [8.524894199245344, 58.439583096955936, 0.0], [8.524792075351435, 58.43953792451576, 0.0]]}, "properties": {"farge": "#2c7fb8", "elvenavn": null}}, {"type": "Feature", "geometry": {"type": "LineString", "coordinates": [[8.54699547839603, 58.440480434374976, 0.0], [8.547166815421216, 58.440480986162626, 0.0], [8.547235316196954, 58.44048120509323, 0.0]]}, "properties": {"farge": "#fdae61", "elvenavn": null}}, {"type": "Feature", "geometry": {"type": "LineString", "coordinates": [[8.603885674595523, 58.443066749044625, 0.0], [8.603886642168932, 58.4429860052911, 0.0], [8.604146626118684, 58.44272629604185, 0.0], [8.604730957887927, 58.44254848984624, 0.0], [8.605366169646304, 58.44241574153949, 0.0], [8.605439586617033, 58.442421038939884, 0.0], [8.60601657173553, 58.44246271822695, 0.0], [8.606085342538009, 58.442453911974, 0.0], [8.606136773744806, 58.44244504817679, 0.0]]}, "properties": {"farge": "#2c7fb8", "elvenavn": null}}, {"type": "Feature", "geometry": {"type": "LineString", "coordinates": [[8.671418274336535, 58.44429947147968, 0.0], [8.671486266778386, 58.4443625528466, 0.0], [8.671791505368505, 58.44468668602387, 0.0], [8.671994078443412, 58.44501050524095, 0.0], [8.672230751114606, 58.44534339863281, 0.0], [8.67246773525905, 58.44565838416841, 0.0], [8.6727388041947, 58.445982532915174, 0.0], [8.672920600419255, 58.44615482426129, 0.0], [8.672979849443728, 58.446211167057996, 0.0], [8.673061424412294, 58.446288519839136, 0.0], [8.673363005032192, 58.44652825744556, 0.0], [8.673404790657713, 58.44656139918108, 0.0], [8.673435578213208, 58.446585980471994, 0.0], [8.673827002714352, 58.446874388183986, 0.0], [8.673857966585734, 58.44723356499146, 0.0], [8.673768921217556, 58.44758373585071, 0.0], [8.673663134009045, 58.44792479164135, 0.0], [8.673917285879602, 58.448221890589764, 0.0], [8.674205591779106, 58.448545898188044, 0.0], [8.674236433499876, 58.44889624246105, 0.0], [8.674236179321346, 58.44895008799276, 0.0]]}, "properties": {"farge": "#2c7fb8", "elvenavn": null}}, {"type": "Feature", "geometry": {"type": "LineString", "coordinates": [[8.843019324563482, 58.45256354444717, 0.0], [8.84312505881962, 58.45206939960746, 0.0]]}, "properties": {"farge": "#d7191c", "elvenavn": null}}, {"type": "Feature", "geometry": {"type": "LineString", "coordinates": [[8.64486897848268, 58.4422797370882, 0.0], [8.644783383969408, 58.44227052417411, 0.0], [8.64449244785245, 58.44224271664459, 0.0], [8.643842947299534, 58.44212420005033, 0.0], [8.643604227834158, 58.44201576805563, 0.0], [8.643109621586074, 58.44178084543808, 0.0], [8.642888883700426, 58.44158261030962, 0.0], [8.64225629983502, 58.44147321323944, 0.0], [8.641676137109666, 58.44124699485781, 0.0]]}, "properties": {"farge": "#2c7fb8", "elvenavn": null}}, {"type": "Feature", "geometry": {"type": "LineString", "coordinates": [[8.642142938280593, 58.4442032432086, 0.0], [8.642143106753126, 58.44418523833701, 0.0], [8.642131114468905, 58.444151857222735, 0.0], [8.64174326617946, 58.44307598123139, 0.0], [8.64169778441605, 58.442949605531005, 0.0], [8.641559928447984, 58.44256689545457, 0.0], [8.641752090542353, 58.442199174616356, 0.0], [8.641752752046145, 58.442163271089484, 0.0], [8.641508614037514, 58.441990888309796, 0.0], [8.641446308791592, 58.44194698621502, 0.0], [8.641586825651604, 58.44161497254637, 0.0], [8.641675968513741, 58.441264999727814, 0.0], [8.641676137109666, 58.44124699485781, 0.0]]}, "properties": {"farge": "#2c7fb8", "elvenavn": null}}, {"type": "Feature", "geometry": {"type": "LineString", "coordinates": [[8.529378483863175, 58.43597996279261, 0.0], [8.529705613013054, 58.435855482787744, 0.0], [8.530256568085314, 58.43563299245827, 0.0], [8.530636938975805, 58.43536492589376, 0.0], [8.530640864091028, 58.4350685970278, 0.0], [8.530439676589376, 58.43474449051252, 0.0], [8.530478044810172, 58.43443927800418, 0.0], [8.530790346515674, 58.43413506496854, 0.0], [8.53100006835355, 58.433812412852916, 0.0], [8.531237580450076, 58.433622318038104, 0.0], [8.531346350820034, 58.433535321714, 0.0], [8.531997682416685, 58.43348373925519, 0.0], [8.53213682083646, 58.43333162517846, 0.0], [8.532209874086835, 58.43298160096041, 0.0], [8.532315235515494, 58.43268554707203, 0.0], [8.53233441689171, 58.43263175309791, 0.0], [8.532458861332692, 58.43229081764926, 0.0], [8.53251501088555, 58.431931830378964, 0.0], [8.532569805685263, 58.431671586868276, 0.0], [8.532933063247524, 58.431394451662904, 0.0], [8.533398866465422, 58.43113584079726, 0.0], [8.533915770519817, 58.43091305423827, 0.0], [8.534398245346003, 58.43065429370149, 0.0], [8.534445225060693, 58.4305418273775, 0.0], [8.534502397070565, 58.43040384556127, 0.0], [8.534526111324533, 58.430346858119364, 0.0], [8.534539961518098, 58.4303136012864, 0.0], [8.53486946355568, 58.43000043348974, 0.0], [8.534976693752087, 58.42965952569868, 0.0], [8.534963171135924, 58.42963596189293, 0.0], [8.534842703966802, 58.42942557151163, 0.0], [8.534571687739401, 58.42925592695706, 0.0], [8.534553994084138, 58.42924476234699, 0.0], [8.534577161732562, 58.42916928188614, 0.0], [8.534661319539572, 58.428894942216765, 0.0], [8.534578072503995, 58.428723997636894, 0.0]]}, "properties": {"farge": "#2c7fb8", "elvenavn": null}}, {"type": "Feature", "geometry": {"type": "LineString", "coordinates": [[8.546665624596073, 58.428839090569454, 0.0], [8.546704676393167, 58.42846203347814, 0.0], [8.546606481531411, 58.42811136609191, 0.0], [8.54659386411939, 58.427751963808745, 0.0], [8.546564130733206, 58.42740160443571, 0.0], [8.54681388652565, 58.42717778542169, 0.0], [8.546893265731086, 58.427106496121276, 0.0], [8.54696204884402, 58.42707979819959, 0.0]]}, "properties": {"farge": "#2c7fb8", "elvenavn": null}}, {"type": "Feature", "geometry": {"type": "LineString", "coordinates": [[8.600458038322678, 58.42983061692781, 0.0], [8.600388233347003, 58.429727411065386, 0.0], [8.600186517189288, 58.42939440069838, 0.0], [8.600005950470845, 58.428858622496676, 0.0], [8.600246140142968, 58.42865809798821, 0.0], [8.600898083691124, 58.42856134519532, 0.0], [8.601060711151794, 58.428470779798914, 0.0], [8.601143276942569, 58.428424749158275, 0.0], [8.601279340565457, 58.428348974625145, 0.0], [8.601363210713036, 58.42830237874449, 0.0], [8.601485796727118, 58.428060200684925, 0.0], [8.601795445128793, 58.42793548047044, 0.0], [8.601847214432206, 58.42790862209239, 0.0]]}, "properties": {"farge": "#2c7fb8", "elvenavn": null}}, {"type": "Feature", "geometry": {"type": "LineString", "coordinates": [[8.552670249323945, 58.42794413391894, 0.0], [8.552484449583403, 58.427788831582745, 0.0], [8.552314304712649, 58.427646479489454, 0.0], [8.552386928365078, 58.42731444351397, 0.0], [8.552716244608021, 58.427001226113966, 0.0], [8.552843626135019, 58.426847958913044, 0.0], [8.552977097077111, 58.42668770319233, 0.0], [8.553425458293574, 58.426437782777164, 0.0], [8.553856848873505, 58.42616989014055, 0.0], [8.553946934036334, 58.425810902897084, 0.0], [8.553983621509483, 58.42548650978255, 0.0], [8.553985492933416, 58.42546976056542, 0.0], [8.554021015547322, 58.42538003972629, 0.0], [8.554038798134663, 58.425326173047665, 0.0]]}, "properties": {"farge": "#2c7fb8", "elvenavn": null}}, {"type": "Feature", "geometry": {"type": "LineString", "coordinates": [[8.547376629005992, 58.42680278917876, 0.0], [8.547756556547123, 58.426552671097085, 0.0], [8.547791186184309, 58.42652586793019, 0.0], [8.548256787399797, 58.426258010532294, 0.0], [8.548444954716768, 58.42629463221111, 0.0], [8.548702444461846, 58.426554987128455, 0.0], [8.54876599149408, 58.42661008089755, 0.0], [8.548804893930798, 58.42660114785293, 0.0], [8.549109264431756, 58.42653050796224, 0.0], [8.549540965811776, 58.42625363720768, 0.0], [8.549904204094153, 58.425976458685255, 0.0], [8.55000025615715, 58.42577035921945, 0.0], [8.550062585849757, 58.42563569571876, 0.0], [8.550101011921035, 58.42529454666848, 0.0], [8.550344255791925, 58.4250349039167, 0.0], [8.550690342559786, 58.424739743236344, 0.0], [8.551138693689373, 58.42448983065602, 0.0], [8.55119759366611, 58.42445425460713, 0.0], [8.55155290521301, 58.42423972343282, 0.0], [8.551865145294181, 58.42391744967327, 0.0], [8.55197206576644, 58.423585615239446, 0.0], [8.552007421125827, 58.42349588641837, 0.0]]}, "properties": {"farge": "#2c7fb8", "elvenavn": null}}, {"type": "Feature", "geometry": {"type": "LineString", "coordinates": [[8.650801726031025, 58.431311664908755, 0.0], [8.651059989075968, 58.43115968649254, 0.0], [8.651387069968049, 58.43098987375651, 0.0], [8.651578732566902, 58.430658144781695, 0.0], [8.651726882009589, 58.43054626370395, 0.0], [8.651958308603, 58.43037169408528, 0.0], [8.652389102054125, 58.430094453436, 0.0], [8.65275156671352, 58.429799044240596, 0.0], [8.653028629203865, 58.4294944354959, 0.0], [8.653339843274223, 58.429189902650585, 0.0], [8.653355162224466, 58.429175443041686, 0.0], [8.653633661768602, 58.42891224471731, 0.0], [8.653839708999286, 58.42884097669586, 0.0], [8.654371942838877, 58.42869873633665, 0.0], [8.65469917090817, 58.42852883356865, 0.0], [8.654733285795238, 58.428511074823916, 0.0], [8.654768008002765, 58.42848424966318, 0.0], [8.65487068221575, 58.4283854167294, 0.0], [8.654936274748785, 58.42832076709922, 0.0], [8.65507919775849, 58.42817971211687, 0.0], [8.655168268657476, 58.42812766737349, 0.0], [8.655260427614461, 58.428085142805955, 0.0], [8.655578114302067, 58.42793854117341, 0.0], [8.65597321239856, 58.427795875178575, 0.0], [8.656606226151723, 58.42771915729908, 0.0], [8.656624504705322, 58.42771682305159, 0.0]]}, "properties": {"farge": "#d7191c", "elvenavn": null}}, {"type": "Feature", "geometry": {"type": "LineString", "coordinates": [[8.54705041820474, 58.42020018849393, 0.0], [8.547769990858384, 58.42015783851095, 0.0], [8.547921054298794, 58.4201326874208, 0.0], [8.548404697351636, 58.42005219689134, 0.0], [8.549022379818494, 58.41994668268537, 0.0], [8.549640534775596, 58.41981425745284, 0.0], [8.550000158607986, 58.41975091314852, 0.0], [8.550240914740453, 58.41970849375196, 0.0], [8.55032350756352, 58.41970654199269, 0.0], [8.55065468016844, 58.41969904512966, 0.0], [8.550925854515688, 58.41969292974321, 0.0], [8.550994207878508, 58.419702147840106, 0.0]]}, "properties": {"farge": "#2c7fb8", "elvenavn": null}}, {"type": "Feature", "geometry": {"type": "LineString", "coordinates": [[8.635689254780987, 58.427173971508694, 0.0], [8.635746615109694, 58.4271312569414, 0.0], [8.635965362292149, 58.42696824161911, 0.0], [8.636077447392985, 58.42690114456865, 0.0], [8.636413327450782, 58.42670001433712, 0.0], [8.636809901318298, 58.42644057284168, 0.0], [8.637291803922432, 58.426190606536714, 0.0], [8.63763720464962, 58.425895107849755, 0.0], [8.637981299896595, 58.42562764412666, 0.0], [8.63801706017866, 58.425599884221384, 0.0], [8.63848191454672, 58.425340598281544, 0.0], [8.63901512136564, 58.42512668733256, 0.0], [8.639411486844786, 58.42484921523009, 0.0], [8.63967135946031, 58.424553684125705, 0.0], [8.639721001714825, 58.42447293579576, 0.0], [8.639880523735807, 58.424212935068375, 0.0], [8.639986465507974, 58.42388091396931, 0.0], [8.639938571934032, 58.42353942810335, 0.0], [8.63988154500637, 58.423362218654944, 0.0], [8.639872098714115, 58.423332836752586, 0.0]]}, "properties": {"farge": "#d7191c", "elvenavn": null}}, {"type": "Feature", "geometry": {"type": "LineString", "coordinates": [[8.700398024833786, 58.42677562633105, 0.0], [8.700521652578324, 58.42669130373554, 0.0], [8.700673621885663, 58.42658775514304, 0.0], [8.700573023361988, 58.426354035732196, 0.0], [8.700455348761938, 58.42618871309164, 0.0], [8.700235977721741, 58.42613635176541, 0.0], [8.700216048462199, 58.42604481874506, 0.0], [8.700284680663685, 58.425864722391175, 0.0], [8.700475152116306, 58.42571446659014, 0.0], [8.700703138883688, 58.425658994108254, 0.0], [8.701026316931811, 58.425635262748635, 0.0], [8.701515379968114, 58.425604379635374, 0.0], [8.701692160456654, 58.42559319619535, 0.0], [8.701757274391344, 58.425589113064895, 0.0]]}, "properties": {"farge": "#2c7fb8", "elvenavn": null}}, {"type": "Feature", "geometry": {"type": "LineString", "coordinates": [[8.743111631637987, 58.426465207676365, 0.0], [8.74256367258713, 58.42597131474071, 0.0], [8.742892644334468, 58.42514394963337, 0.0], [8.74307910428268, 58.42502718499576, 0.0], [8.743251636282167, 58.42484786766618, 0.0], [8.743407967625703, 58.42450691239535, 0.0], [8.743718163425577, 58.424264995030406, 0.0], [8.743976153568548, 58.424112828882045, 0.0], [8.744034352958955, 58.424077135418976, 0.0]]}, "properties": {"farge": "#2c7fb8", "elvenavn": null}}, {"type": "Feature", "geometry": {"type": "LineString", "coordinates": [[8.654690026945762, 58.420706033922635, 0.0], [8.654299120868222, 58.42040857295516, 0.0], [8.653839448796823, 58.42014687067315, 0.0], [8.653671183121364, 58.41985903353902, 0.0], [8.65367446491994, 58.4195176690845, 0.0], [8.653472355232852, 58.41917582116697, 0.0], [8.653593134931793, 58.41907734971908, 0.0], [8.653509017346662, 58.41894239317781, 0.0], [8.653202490447292, 58.418770981086126, 0.0], [8.652966178299526, 58.418437969325645, 0.0], [8.652918146082229, 58.41809657527468, 0.0], [8.652533567587163, 58.41802377500576, 0.0], [8.652388503358427, 58.41799629736476, 0.0], [8.651997483408449, 58.4177168352376, 0.0], [8.651655195430266, 58.417715935795584, 0.0], [8.651570341522367, 58.417625973758206, 0.0]]}, "properties": {"farge": "#d7191c", "elvenavn": "Kleppebekken"}}, {"type": "Feature", "geometry": {"type": "LineString", "coordinates": [[8.567293278087053, 58.411162813680335, 0.0], [8.567620726102474, 58.41099322792181, 0.0], [8.567932390448874, 58.41068008163234, 0.0], [8.567902582173755, 58.410320542612475, 0.0], [8.567924098264317, 58.4099703456015, 0.0], [8.567978450447455, 58.40971457775673, 0.0], [8.567996629768238, 58.40962929490629, 0.0], [8.568035212892122, 58.40927023027049, 0.0], [8.568036375357527, 58.40918039686866, 0.0]]}, "properties": {"farge": "#2c7fb8", "elvenavn": null}}, {"type": "Feature", "geometry": {"type": "LineString", "coordinates": [[8.645299623890484, 58.414788437446006, 0.0], [8.645215593857433, 58.41462663883939, 0.0], [8.64506507629517, 58.414284820743084, 0.0], [8.645051518460406, 58.41393450970356, 0.0], [8.645009923760881, 58.41379148568907, 0.0], [8.644952269594732, 58.41359299207948, 0.0], [8.644983484676674, 58.41356653561862, 0.0], [8.645280155330896, 58.41331543043882, 0.0], [8.64564274872871, 58.41301104499439, 0.0], [8.645694276765115, 58.412984248592956, 0.0], [8.645832144089038, 58.41289474106885, 0.0], [8.645900944028558, 58.41285025080026, 0.0]]}, "properties": {"farge": "#d7191c", "elvenavn": null}}, {"type": "Feature", "geometry": {"type": "LineString", "coordinates": [[8.641519863914704, 58.4111224899127, 0.0], [8.64170618904771, 58.411311633774744, 0.0], [8.641916734817729, 58.41143614537081, 0.0], [8.642148502244583, 58.41157333215225, 0.0], [8.642577358808175, 58.41163711369301, 0.0], [8.642763874350498, 58.41166486670898, 0.0], [8.64301850741399, 58.41187209114628, 0.0], [8.643257494305361, 58.41192668435309, 0.0], [8.643460734475218, 58.41212486361354, 0.0], [8.64358697689484, 58.41217843493611, 0.0], [8.643716411814049, 58.412233335955825, 0.0], [8.644227688180674, 58.412459281656965, 0.0], [8.644894925135409, 58.412488089885436, 0.0], [8.64518531360347, 58.41253370992625, 0.0], [8.645337931449177, 58.412666409442004, 0.0], [8.645372051963461, 58.41269602850884, 0.0], [8.64569650519404, 58.41276874173731, 0.0], [8.64578091477313, 58.4128857061595, 0.0], [8.645900944028558, 58.41285025080026, 0.0]]}, "properties": {"farge": "#d7191c", "elvenavn": null}}, {"type": "Feature", "geometry": {"type": "LineString", "coordinates": [[8.700501141966091, 58.40455568092311, 0.0], [8.700743470513473, 58.404223966010754, 0.0], [8.701002723337933, 58.403901191552784, 0.0], [8.701347659683018, 58.40358759851321, 0.0], [8.70157603623635, 58.40344099071988, 0.0], [8.70164021314904, 58.4033997573649, 0.0], [8.702223294893853, 58.40323940026963, 0.0], [8.70262357488336, 58.40319727820226, 0.0], [8.702741093094563, 58.40318488400269, 0.0], [8.702891294072344, 58.4031691487991, 0.0], [8.703316707241635, 58.40344852260698, 0.0], [8.703709538923533, 58.4035122118864, 0.0], [8.703795705334114, 58.4034497270701, 0.0]]}, "properties": {"farge": "#2c7fb8", "elvenavn": null}}, {"type": "Feature", "geometry": {"type": "LineString", "coordinates": [[8.697977960095905, 58.40545692785263, 0.0], [8.698049393607155, 58.40511578854203, 0.0], [8.698172111128022, 58.404774749623385, 0.0], [8.69820937569405, 58.404415532063624, 0.0], [8.698246623256214, 58.40405640374276, 0.0], [8.69818123261573, 58.40370607734594, 0.0], [8.698222372698861, 58.40344107560812, 0.0], [8.698235423268853, 58.40335580109159, 0.0], [8.698306970783708, 58.40299674521783, 0.0], [8.69854949407821, 58.40266495374449, 0.0], [8.69882588900589, 58.402342309315294, 0.0], [8.698673405949148, 58.40218023532227, 0.0], [8.698898493668962, 58.401884417866945, 0.0], [8.699189307449856, 58.40186716329438, 0.0], [8.699804196819064, 58.4020032496031, 0.0], [8.700000021639113, 58.401787401685745, 0.0], [8.70033673963329, 58.40173512493082, 0.0], [8.70085186340912, 58.401529721991096, 0.0], [8.701349267411057, 58.40137820003533, 0.0], [8.70155442413451, 58.401396610170565, 0.0], [8.70164442434887, 58.40140276274154, 0.0], [8.701691202148263, 58.401405971759225, 0.0]]}, "properties": {"farge": "#2c7fb8", "elvenavn": null}}, {"type": "Feature", "geometry": {"type": "LineString", "coordinates": [[8.743987696300692, 58.42250513581892, 0.0], [8.743932808106461, 58.4224670293508, 0.0], [8.74392345752606, 58.422380041525884, 0.0]]}, "properties": {"farge": "#2c7fb8", "elvenavn": null}}, {"type": "Feature", "geometry": {"type": "LineString", "coordinates": [[8.639872098714115, 58.423332836752586, 0.0], [8.639855277439107, 58.422754426310306, 0.0], [8.640338646949346, 58.42185828144663, 0.0], [8.640197480790293, 58.421682757551004, 0.0], [8.640421183080427, 58.42155597997206, 0.0]]}, "properties": {"farge": "#d7191c", "elvenavn": null}}, {"type": "Feature", "geometry": {"type": "LineString", "coordinates": [[8.645170105645672, 58.422557114690626, 0.0], [8.645843178981442, 58.422430466778465, 0.0], [8.646420266223842, 58.422381422792796, 0.0], [8.647210548847372, 58.42210968932773, 0.0], [8.647969205571018, 58.42171163224191, 0.0]]}, "properties": {"farge": "#d7191c", "elvenavn": null}}, {"type": "Feature", "geometry": {"type": "LineString", "coordinates": [[8.65841905189886, 58.42631142731928, 0.0], [8.658300799401578, 58.42614947135594, 0.0], [8.658355573722478, 58.425799407557875, 0.0], [8.658290322228924, 58.42545797270458, 0.0], [8.658396425290151, 58.42510793659769, 0.0], [8.658382737654799, 58.42475762466474, 0.0], [8.658437301255674, 58.424434389823325, 0.0], [8.658114414305638, 58.42418202135291, 0.0], [8.657945543173492, 58.42393910386107, 0.0], [8.65775852966074, 58.4237948066494, 0.0], [8.65732559117248, 58.42356533940497, 0.0], [8.657281701895203, 58.42354217387294, 0.0], [8.65664947554738, 58.42340574781692, 0.0], [8.656309700595056, 58.423144339086015, 0.0], [8.656398173469306, 58.422848277908834, 0.0], [8.656540984919484, 58.42257644215485, 0.0], [8.656572627952137, 58.42251622972895, 0.0], [8.65637037823979, 58.42218347740584, 0.0], [8.656251368478284, 58.42209335315655, 0.0], [8.655910523510393, 58.42193969766971, 0.0], [8.655678755476652, 58.42169347077387, 0.0], [8.655605601102287, 58.4216156217641, 0.0], [8.655214452297049, 58.4213450815786, 0.0], [8.654874996996721, 58.42104783802155, 0.0], [8.654751179985228, 58.420818952914814, 0.0], [8.654690026945762, 58.420706033922635, 0.0]]}, "properties": {"farge": "#d7191c", "elvenavn": "Kleppebekken"}}, {"type": "Feature", "geometry": {"type": "LineString", "coordinates": [[8.547786645482597, 58.44824325959672, 0.0], [8.54765352526796, 58.44782247952086, 0.0], [8.547690869615801, 58.44742807617428, 0.0], [8.547752446037885, 58.44675841617406, 0.0], [8.54759798993791, 58.44645109139112, 0.0], [8.547642155776753, 58.4461630173379, 0.0], [8.547385532743993, 58.446122199429695, 0.0]]}, "properties": {"farge": "#fdae61", "elvenavn": null}}, {"type": "Feature", "geometry": {"type": "LineString", "coordinates": [[8.582729374462577, 58.448918521621565, 0.0], [8.58224606272155, 58.44910181166662, 0.0], [8.582044847194634, 58.44933291471279, 0.0], [8.581716144620954, 58.44936902539074, 0.0], [8.581367278935787, 58.44926377929975, 0.0], [8.581161330453842, 58.4491547505827, 0.0], [8.58110591084981, 58.44911468663672, 0.0]]}, "properties": {"farge": "#fdae61", "elvenavn": null}}, {"type": "Feature", "geometry": {"type": "LineString", "coordinates": [[8.554226965533168, 58.41961576402373, 0.0], [8.554312751843085, 58.41902429813686, 0.0], [8.555020038482532, 58.41789224767706, 0.0], [8.555418798334111, 58.41644133944202, 0.0]]}, "properties": {"farge": "#2c7fb8", "elvenavn": null}}, {"type": "Feature", "geometry": {"type": "LineString", "coordinates": [[8.552411816347286, 58.42220518958286, 0.0], [8.552911326772897, 58.41998916790418, 0.0]]}, "properties": {"farge": "#2c7fb8", "elvenavn": null}}, {"type": "Feature", "geometry": {"type": "LineString", "coordinates": [[8.682401762214942, 58.41737362974396, 0.0], [8.682947846151176, 58.41715478312038, 0.0]]}, "properties": {"farge": "#2c7fb8", "elvenavn": null}}, {"type": "Feature", "geometry": {"type": "LineString", "coordinates": [[8.606950790715626, 58.44239340849457, 0.0], [8.606858470574586, 58.44203808839748, 0.0], [8.606807283204791, 58.441680473427034, 0.0], [8.60673426851026, 58.441323879596716, 0.0], [8.606474378928754, 58.44025679839334, 0.0], [8.60633800263681, 58.43963337695876, 0.0], [8.606301901429614, 58.43891647715308, 0.0], [8.6063083778808, 58.43819929888227, 0.0], [8.606264616416343, 58.43804596364856, 0.0]]}, "properties": {"farge": "#2c7fb8", "elvenavn": "Arendalsvassdraget"}}, {"type": "Feature", "geometry": {"type": "LineString", "coordinates": [[8.602101060266815, 58.43778384408844, 0.0], [8.602610841074151, 58.43786922286962, 0.0], [8.602923630594258, 58.437940539413624, 0.0], [8.603074633279721, 58.437981624158816, 0.0], [8.603627034155481, 58.438186530138616, 0.0], [8.60378171726415, 58.438225279099505, 0.0], [8.603951927655366, 58.438226141520786, 0.0], [8.604115160665545, 58.438202035596255, 0.0], [8.604581513564867, 58.43809564776993, 0.0], [8.604743291567974, 58.438069112891014, 0.0], [8.605250575418122, 58.43802904330482, 0.0], [8.605415740738534, 58.43800696361932, 0.0], [8.605586374680666, 58.438004059489295, 0.0], [8.605923678857073, 58.438033034943025, 0.0], [8.606264616416343, 58.43804596364856, 0.0]]}, "properties": {"farge": "#2c7fb8", "elvenavn": null}}, {"type": "Feature", "geometry": {"type": "LineString", "coordinates": [[8.606264616416343, 58.43804596364856, 0.0], [8.606327573524506, 58.43786994040681, 0.0], [8.606333993617318, 58.43778038275759, 0.0], [8.606340971674953, 58.4371529015925, 0.0], [8.606370325267731, 58.436704926317795, 0.0], [8.60639497040353, 58.43589823926934, 0.0], [8.606480776008109, 58.43527241286089, 0.0], [8.606472723825588, 58.43500364963682, 0.0], [8.60638940813119, 58.4346477751242, 0.0], [8.606329163197017, 58.43429055629615, 0.0], [8.606227622702162, 58.433935958606256, 0.0], [8.60610656438929, 58.43358305758358, 0.0], [8.606021055321344, 58.43322733129218, 0.0], [8.605884418274698, 58.43287591774741, 0.0], [8.605750017575279, 58.432598432157505, 0.0]]}, "properties": {"farge": "#2c7fb8", "elvenavn": "Arendalsvassdraget"}}, {"type": "Feature", "geometry": {"type": "LineString", "coordinates": [[8.682947846151176, 58.41715478312038, 0.0], [8.683497638732884, 58.417546975895974, 0.0], [8.684024061103774, 58.41789991943582, 0.0], [8.684455858488528, 58.418177925046464, 0.0], [8.685668015346998, 58.41893143560146, 0.0], [8.6859224317162, 58.41905118423, 0.0], [8.68634496264244, 58.41920239961281, 0.0], [8.686475740199091, 58.419260020779596, 0.0], [8.686554417353873, 58.419337485548276, 0.0], [8.686726179731087, 58.41959079044896, 0.0], [8.686807553635244, 58.41976443029777, 0.0], [8.68688891920909, 58.41984305986233, 0.0], [8.687175188219015, 58.42006610466825, 0.0], [8.687487518700095, 58.4202792596276, 0.0], [8.68767173073402, 58.42049331315694, 0.0], [8.688065264878224, 58.420755639595804, 0.0], [8.6891019126616, 58.421072951160355, 0.0], [8.689256666099375, 58.421110935409175, 0.0], [8.689417843127776, 58.42114060537712, 0.0], [8.690083723639505, 58.42122162609814, 0.0], [8.690245113360785, 58.421251111859476, 0.0], [8.691022837854911, 58.421436242567275, 0.0], [8.691182503447346, 58.42146820776408, 0.0], [8.691676487997137, 58.42153972967253, 0.0], [8.692511521355092, 58.42163437348166, 0.0], [8.693171977716883, 58.42172652045377, 0.0], [8.693506171798445, 58.42176400835283, 0.0], [8.694326006357585, 58.42189001975027, 0.0], [8.695584619528319, 58.42216878766867, 0.0], [8.696079121489264, 58.42223976809032, 0.0], [8.697057701034279, 58.4224001763036, 0.0], [8.698186051674016, 58.42260846356824, 0.0], [8.698655647976489, 58.422716432862025, 0.0], [8.698803336766664, 58.422760875778046, 0.0], [8.69918721306785, 58.422939056594764, 0.0], [8.699578688196018, 58.42309449587977, 0.0], [8.701601516982848, 58.42492836973182, 0.0], [8.702282977009832, 58.42540166667711, 0.0]]}, "properties": {"farge": "#2c7fb8", "elvenavn": "Arendalsvassdraget"}}, {"type": "Feature", "geometry": {"type": "LineString", "coordinates": [[8.677099137771696, 58.41426389661632, 0.0], [8.677673142241513, 58.414414723360856, 0.0], [8.678118744173037, 58.4145476388665, 0.0], [8.678259925136947, 58.4145981265361, 0.0], [8.678385102260432, 58.414658525543715, 0.0], [8.678611604976826, 58.414792840387314, 0.0], [8.679017919651624, 58.41495657835795, 0.0], [8.679584054265959, 58.41515737316413, 0.0], [8.679706413559353, 58.41521868947211, 0.0], [8.680135004386676, 58.4156059563781, 0.0], [8.68023335038654, 58.41567927125253, 0.0], [8.680345526686981, 58.415746853695296, 0.0], [8.680471679472141, 58.4158072798021, 0.0], [8.681275155903778, 58.41613965683157, 0.0], [8.681762710639424, 58.416390701948856, 0.0], [8.682331831822813, 58.41672494242063, 0.0], [8.682947846151176, 58.41715478312038, 0.0]]}, "properties": {"farge": "#2c7fb8", "elvenavn": "Arendalsvassdraget"}}, {"type": "Feature", "geometry": {"type": "LineString", "coordinates": [[8.615797684795632, 58.46722497948617, 0.0], [8.615574712738766, 58.4668859803682, 0.0], [8.615391908849642, 58.46654041889743, 0.0], [8.61529473491668, 58.46627646459336, 0.0], [8.615248850862645, 58.466190117881496, 0.0], [8.61511493796985, 58.46602566710161, 0.0], [8.615012704142256, 58.4658546391145, 0.0], [8.614789057439541, 58.46532965427998, 0.0], [8.614657596575363, 58.46497773960475, 0.0], [8.61457439734545, 58.46480381471123, 0.0], [8.614365806303383, 58.46418592611041, 0.0], [8.61432760793691, 58.464098591318674, 0.0], [8.61417558823926, 58.463841765887274, 0.0], [8.614015165489796, 58.46349318250088, 0.0], [8.613872421206102, 58.463234811667355, 0.0], [8.613588785207796, 58.46281200896035, 0.0], [8.613401657639923, 58.46256153521704, 0.0], [8.613056180182967, 58.46215154284787, 0.0], [8.612553520386642, 58.46148456671873, 0.0], [8.612376515446009, 58.46123208603347, 0.0], [8.612168518572046, 58.4608904139633, 0.0], [8.611472428402356, 58.4598784323013, 0.0], [8.611259693582358, 58.45953764715659, 0.0], [8.611116366573059, 58.459279388901116, 0.0], [8.61100907701495, 58.45892541434404, 0.0], [8.610782222561975, 58.458493199163854, 0.0], [8.610675337150125, 58.45823016438033, 0.0], [8.61062035396632, 58.45805318328506, 0.0], [8.610537961697684, 58.45769720188324, 0.0], [8.610431942924833, 58.456623004779274, 0.0], [8.610497929000958, 58.45626617941525, 0.0], [8.610534694603794, 58.45595171727466, 0.0], [8.610652731458593, 58.45550777339194, 0.0], [8.61074279067419, 58.45533498292529, 0.0], [8.611042088930612, 58.454915154819666, 0.0], [8.61114371488844, 58.454744014530384, 0.0], [8.611300708082778, 58.45430342485755, 0.0], [8.611317198062064, 58.454214215935096, 0.0], [8.61132726964783, 58.45394532660197, 0.0], [8.61133152277242, 58.4532282215479, 0.0], [8.611261617014112, 58.452961880966825, 0.0], [8.611177655111296, 58.452759401283785, 0.0]]}, "properties": {"farge": "#2c7fb8", "elvenavn": "Arendalsvassdraget"}}, {"type": "Feature", "geometry": {"type": "LineString", "coordinates": [[8.654323838554784, 58.40827481737163, 0.0], [8.654539760543875, 58.408203345003976, 0.0], [8.654848688094678, 58.40812677240516, 0.0], [8.655350798860985, 58.4080758921857, 0.0], [8.655520790109048, 58.40807590474036, 0.0], [8.656197411324706, 58.40812287431166, 0.0], [8.65704705202166, 58.40815600062175, 0.0], [8.657527720827504, 58.40824279320614, 0.0], [8.657833223956738, 58.40832322830843, 0.0], [8.658084400470774, 58.40856309099699, 0.0], [8.65860834426525, 58.4088889675612, 0.0], [8.658627437448981, 58.40897786898958, 0.0], [8.658856228101218, 58.409028831573366, 0.0], [8.659015850297033, 58.409051856326236, 0.0], [8.659185463689308, 58.40904584224904, 0.0], [8.659339466114671, 58.40908251053222, 0.0], [8.659482481383076, 58.409131630087145, 0.0], [8.659794108921837, 58.40920081713003, 0.0], [8.659948063994547, 58.40916503238784, 0.0], [8.660113196474866, 58.40918139353815, 0.0], [8.660276836375772, 58.409157773551414, 0.0], [8.660617199247069, 58.4091652657059, 0.0], [8.660786729969496, 58.4091536001258, 0.0], [8.66093325471748, 58.40911082905557, 0.0], [8.661096022867607, 58.40908827884922, 0.0], [8.661430725941765, 58.40910991162019, 0.0], [8.661898338421883, 58.409218587171495, 0.0], [8.662058815865914, 58.40923130296699, 0.0], [8.662565240590245, 58.40919350827766, 0.0], [8.662735968079904, 58.40919316390963, 0.0], [8.663587667989772, 58.40921322541817, 0.0], [8.663752184367992, 58.40923638349402, 0.0], [8.664823817677368, 58.40951307770052, 0.0], [8.664960242772873, 58.40956666595779, 0.0], [8.665077733912447, 58.40963163696921, 0.0], [8.66528460838737, 58.40977408691929, 0.0], [8.66540869292002, 58.40983522653377, 0.0], [8.665845175612615, 58.409974526499525, 0.0], [8.665946797319108, 58.410046553716384, 0.0], [8.666180728515764, 58.410177148434826, 0.0], [8.666592074393005, 58.410336149949, 0.0], [8.667241852346361, 58.41044750819926, 0.0], [8.66741036861362, 58.41045718259283, 0.0], [8.667576935814209, 58.41047698235025, 0.0], [8.668054534845588, 58.410574176257455, 0.0], [8.66820389492139, 58.410617596515806, 0.0], [8.6683519219022, 58.41065063992365, 0.0], [8.66884750653753, 58.41058188279132, 0.0], [8.669017445275907, 58.410577182907424, 0.0], [8.66950914962193, 58.41065273041002, 0.0], [8.669957855463947, 58.41078249035884, 0.0], [8.670247417773439, 58.41087696414886, 0.0], [8.670796815776686, 58.41108908344867, 0.0], [8.671272041148157, 58.41118928308341, 0.0], [8.671422044411225, 58.41123159554677, 0.0], [8.67170030544059, 58.411335309845796, 0.0], [8.672131325300057, 58.41148004324706, 0.0], [8.672848862614545, 58.41186398524544, 0.0], [8.673077975514945, 58.41199701570404, 0.0], [8.674042198304402, 58.41236732324345, 0.0], [8.674398010848098, 58.41256030686096, 0.0], [8.674507362023093, 58.41262919882033, 0.0], [8.67460133401152, 58.41270261263403, 0.0], [8.675291412176884, 58.41306006619945, 0.0], [8.675888566879737, 58.41340765236649, 0.0], [8.676427711836796, 58.41369399433726, 0.0], [8.676779945645293, 58.41391069604283, 0.0], [8.676941677845752, 58.414077706934094, 0.0], [8.677044511563444, 58.41423748802141, 0.0], [8.677099137771696, 58.41426389661632, 0.0]]}, "properties": {"farge": "#2c7fb8", "elvenavn": "Arendalsvassdraget"}}, {"type": "Feature", "geometry": {"type": "LineString", "coordinates": [[8.605961773703791, 58.419959237184095, 0.0], [8.606442671896989, 58.41859105822524, 0.0], [8.60650112403426, 58.416699865853005, 0.0], [8.60570001235108, 58.4153014636577, 0.0], [8.604595686858074, 58.41413045140881, 0.0], [8.604365861384862, 58.41372523538925, 0.0], [8.603552799417288, 58.413632797302554, 0.0]]}, "properties": {"farge": "#2c7fb8", "elvenavn": "Arendalsvassdraget"}}, {"type": "Feature", "geometry": {"type": "LineString", "coordinates": [[8.604849509594311, 58.4209641339571, 0.0], [8.605264491172356, 58.42076052645304, 0.0], [8.605489654327817, 58.420625759940535, 0.0], [8.605585913597713, 58.42055243583438, 0.0], [8.605661883008132, 58.42047213548064, 0.0], [8.60572051776651, 58.42038833679322, 0.0], [8.605841640612637, 58.42012703711245, 0.0], [8.605961773703791, 58.419959237184095, 0.0]]}, "properties": {"farge": "#2c7fb8", "elvenavn": "Arendalsvassdraget"}}, {"type": "Feature", "geometry": {"type": "LineString", "coordinates": [[8.5345507866401, 58.42869359543495, 0.0], [8.534595663809924, 58.428688137964286, 0.0]]}, "properties": {"farge": "#2c7fb8", "elvenavn": "elv fra Røynevatnet"}}, {"type": "Feature", "geometry": {"type": "LineString", "coordinates": [[8.796231692734343, 58.494337563120325, 0.0], [8.796763601393524, 58.49411081289872, 0.0], [8.79689224678065, 58.49404443373907, 0.0], [8.79703251628212, 58.494010880317404, 0.0], [8.797247619952222, 58.49405671078696, 0.0]]}, "properties": {"farge": "#2c7fb8", "elvenavn": "Songevassdraget"}}, {"type": "Feature", "geometry": {"type": "LineString", "coordinates": [[8.795230698262301, 58.49280516129768, 0.0], [8.795275347772185, 58.492897042947035, 0.0], [8.795540346027325, 58.49312668708497, 0.0], [8.795666580183218, 58.49329276726915, 0.0], [8.795686797797249, 58.493471445256, 0.0], [8.795640006154477, 58.493739206892904, 0.0]]}, "properties": {"farge": "#2c7fb8", "elvenavn": null}}, {"type": "Feature", "geometry": {"type": "LineString", "coordinates": [[8.633535502151368, 58.44352312749011, 0.0], [8.633686254428852, 58.44336220353936, 0.0], [8.633962726477415, 58.44303424294576, 0.0], [8.634002442340808, 58.442856285994395, 0.0], [8.633982619165147, 58.44256109873031, 0.0]]}, "properties": {"farge": "#2c7fb8", "elvenavn": null}}, {"type": "Feature", "geometry": {"type": "LineString", "coordinates": [[8.5418239285168, 58.41979468438077, 0.0], [8.542096492448788, 58.419686884921134, 0.0], [8.542387930734595, 58.419593238373565, 0.0], [8.542640556400222, 58.419474262487945, 0.0], [8.542971748000195, 58.41926906382091, 0.0], [8.543660910842696, 58.419004964322, 0.0], [8.54392025191372, 58.41888805436393, 0.0], [8.544106507996446, 58.41883352855541, 0.0]]}, "properties": {"farge": "#2c7fb8", "elvenavn": "elv fra Røynevatnet"}}, {"type": "Feature", "geometry": {"type": "LineString", "coordinates": [[8.560643803895701, 58.41738236044624, 0.0], [8.558935989237407, 58.41746733213928, 0.0], [8.557256798210496, 58.41763340636221, 0.0]]}, "properties": {"farge": "#2c7fb8", "elvenavn": null}}, {"type": "Feature", "geometry": {"type": "LineString", "coordinates": [[8.790612785308959, 58.49336345309933, 0.0], [8.7907403822082, 58.49345115661005, 0.0], [8.790910232112113, 58.493430050166765, 0.0], [8.790985681119404, 58.49350955105403, 0.0], [8.79107874599045, 58.49358414656038, 0.0], [8.791399341172802, 58.49378690433223, 0.0]]}, "properties": {"farge": "#2c7fb8", "elvenavn": "Songevassdraget"}}, {"type": "Feature", "geometry": {"type": "LineString", "coordinates": [[8.5389648124383, 58.42978170453024, 0.0], [8.538795427071209, 58.42975647371858, 0.0], [8.53870351685812, 58.42969259359909, 0.0], [8.538679029899328, 58.42960374235679, 0.0], [8.53887717971541, 58.42945721930759, 0.0], [8.538958396210175, 58.429378788866885, 0.0], [8.539014637698854, 58.42929415115339, 0.0], [8.539048930072779, 58.42920874940866, 0.0], [8.538724245252686, 58.42900040980043, 0.0], [8.538605270086531, 58.42893613436585, 0.0], [8.538330278449514, 58.428829815880114, 0.0], [8.538181042081847, 58.42878623967421, 0.0], [8.537867082768406, 58.428716288009305, 0.0], [8.537719985836867, 58.428670683853476, 0.0], [8.53755914547144, 58.42864183668577, 0.0], [8.537389643203829, 58.42863110711145, 0.0], [8.537049724362548, 58.42864792687877, 0.0], [8.536899236426134, 58.42863018402048, 0.0], [8.536723196099084, 58.4284767855552, 0.0], [8.536590536206592, 58.42827216425776, 0.0]]}, "properties": {"farge": "#2c7fb8", "elvenavn": null}}, {"type": "Feature", "geometry": {"type": "LineString", "coordinates": [[8.780011200878604, 58.48570303572201, 0.0], [8.779966591143593, 58.48581837046598, 0.0], [8.779927012461476, 58.485996067577126, 0.0], [8.779831694477986, 58.4862601282656, 0.0], [8.779711745672966, 58.48652155855897, 0.0], [8.779551607425903, 58.486777070775084, 0.0], [8.779517478149756, 58.486863679795334, 0.0], [8.77965371209397, 58.487028452569206, 0.0], [8.779706263189041, 58.48711378502219, 0.0], [8.779751024395265, 58.48720031708495, 0.0], [8.77977731327585, 58.4872884997915, 0.0], [8.779780518516947, 58.48755687887643, 0.0], [8.779744685392085, 58.48773514821403, 0.0], [8.77971571618051, 58.48800325590544, 0.0], [8.779904767346252, 58.48834778324863, 0.0], [8.779981786054513, 58.48851907972011, 0.0], [8.78000451856287, 58.488604748760345, 0.0]]}, "properties": {"farge": "#2c7fb8", "elvenavn": "Songevassdraget"}}, {"type": "Feature", "geometry": {"type": "LineString", "coordinates": [[8.65213574506264, 58.441886468846484, 0.0], [8.65228357014819, 58.44172302236516, 0.0], [8.65218877202048, 58.441676032964445, 0.0], [8.651891757414273, 58.44158760355936, 0.0], [8.65161451765579, 58.44148352218772, 0.0], [8.65144930167615, 58.441507224206696, 0.0], [8.651231671964725, 58.44149810978869, 0.0]]}, "properties": {"farge": "#2c7fb8", "elvenavn": null}}, {"type": "Feature", "geometry": {"type": "LineString", "coordinates": [[8.665868297842323, 58.4334264754192, 0.0], [8.665771193044348, 58.43349799186721, 0.0], [8.665479396148696, 58.43359185493298, 0.0], [8.665206383059623, 58.43369935369106, 0.0], [8.664624136246177, 58.43388720128165, 0.0], [8.664362662729038, 58.434002530085074, 0.0], [8.664244009222818, 58.434069438658625, 0.0], [8.664108809960492, 58.43403860958649, 0.0], [8.663976491639922, 58.43398185413348, 0.0], [8.663745021755945, 58.43385020491221, 0.0], [8.66365701060044, 58.433775528951706, 0.0], [8.663565408364711, 58.43351052144515, 0.0], [8.663444732082416, 58.43346277398389, 0.0], [8.663196137371525, 58.433473399051536, 0.0]]}, "properties": {"farge": "#d7191c", "elvenavn": "Kleppebekken"}}, {"type": "Feature", "geometry": {"type": "LineString", "coordinates": [[8.758058906588559, 58.48512417662473, 0.0], [8.757061854524684, 58.48569180983606, 0.0], [8.755668672286944, 58.4862258360478, 0.0], [8.754300054271368, 58.486962449526835, 0.0]]}, "properties": {"farge": "#d7191c", "elvenavn": null}}, {"type": "Feature", "geometry": {"type": "LineString", "coordinates": [[8.691424675195858, 58.46411736285958, 0.0], [8.690928732932774, 58.46398021066086, 0.0]]}, "properties": {"farge": "#2c7fb8", "elvenavn": null}}, {"type": "Feature", "geometry": {"type": "LineString", "coordinates": [[8.747886856985007, 58.53866591939487, 0.0], [8.747715420561025, 58.53868060260579, 0.0], [8.747539083466922, 58.53863294019547, 0.0]]}, "properties": {"farge": "#2c7fb8", "elvenavn": null}}, {"type": "Feature", "geometry": {"type": "LineString", "coordinates": [[8.57656386691144, 58.44919540532134, 0.0], [8.576997300974655, 58.44936531372375, 0.0], [8.577389832227249, 58.44953853370707, 0.0], [8.577641450882657, 58.44965994705748, 0.0], [8.577985867673478, 58.44985927120004, 0.0], [8.578424244833926, 58.45013459743763, 0.0]]}, "properties": {"farge": "#fdae61", "elvenavn": null}}, {"type": "Feature", "geometry": {"type": "LineString", "coordinates": [[8.699577092039661, 58.49500581311892, 0.0], [8.699482518690669, 58.49491254219571, 0.0]]}, "properties": {"farge": "#fdae61", "elvenavn": null}}, {"type": "Feature", "geometry": {"type": "LineString", "coordinates": [[8.585092925798682, 58.45917410764736, 0.0], [8.58486555091616, 58.45915341280395, 0.0], [8.584609917979774, 58.45927248102491, 0.0], [8.584464265877937, 58.45931922399163, 0.0], [8.584153738050869, 58.459394395384244, 0.0], [8.583833206387368, 58.45945708414952, 0.0]]}, "properties": {"farge": "#fdae61", "elvenavn": null}}, {"type": "Feature", "geometry": {"type": "LineString", "coordinates": [[8.692493008426538, 58.46347329399114, 0.0], [8.692548512232294, 58.46339349186483, 0.0], [8.69278688401184, 58.463186632800365, 0.0]]}, "properties": {"farge": "#2c7fb8", "elvenavn": "Lilleelva"}}, {"type": "Feature", "geometry": {"type": "LineString", "coordinates": [[8.5462009256944, 58.44099846761069, 0.0], [8.546096980990216, 58.440957423180315, 0.0], [8.546138184170621, 58.44086721492084, 0.0], [8.546218701103475, 58.44078849372789, 0.0], [8.546256004014062, 58.44070137061966, 0.0], [8.546265263800226, 58.44050791738642, 0.0]]}, "properties": {"farge": "#fdae61", "elvenavn": null}}, {"type": "Feature", "geometry": {"type": "LineString", "coordinates": [[8.776938347183238, 58.51538076327582, 0.0], [8.776820886672397, 58.51521212283214, 0.0], [8.776819561505917, 58.51485444944582, 0.0], [8.776763040901692, 58.51449785656338, 0.0], [8.776816967076533, 58.514354863801735, 0.0]]}, "properties": {"farge": "#d7191c", "elvenavn": "Barbuvassdraget"}}, {"type": "Feature", "geometry": {"type": "LineString", "coordinates": [[8.56399228979549, 58.43977064075485, 0.0], [8.564176640474988, 58.43996990331563, 0.0], [8.564340628531774, 58.44012724997023, 0.0], [8.564433945623136, 58.44020220865821, 0.0], [8.564758694037948, 58.440410186978276, 0.0], [8.565239800810863, 58.440665034075636, 0.0], [8.565459914338081, 58.44080198295673, 0.0], [8.565671660167977, 58.44104620848782, 0.0], [8.566163521492273, 58.441518153668866, 0.0], [8.566263557102653, 58.44159090203165, 0.0], [8.566546744787022, 58.44169049935222, 0.0], [8.566663632943584, 58.441754636986474, 0.0], [8.566848502975601, 58.44190546843678, 0.0], [8.566924200846781, 58.441985809117526, 0.0], [8.567034342054452, 58.44215545767096, 0.0], [8.567198993610715, 58.442312312738224, 0.0], [8.567429229914481, 58.44244475595832, 0.0], [8.567679287283658, 58.44256685699703, 0.0], [8.56779033504977, 58.442635228095426, 0.0], [8.567830738556726, 58.442721908588396, 0.0], [8.567959783476546, 58.442887167001224, 0.0], [8.56800857373934, 58.442973082683075, 0.0], [8.568295777587936, 58.44329818366967, 0.0], [8.568475255228682, 58.44345082767897, 0.0], [8.569066016126248, 58.443996102308674, 0.0], [8.569157870953747, 58.44407153450924, 0.0], [8.56948204782016, 58.44427909262101, 0.0], [8.56957856046185, 58.44435273058341, 0.0], [8.569760708671199, 58.44450452692874, 0.0], [8.570086751074319, 58.444818383002826, 0.0], [8.570201894026521, 58.44488417369208, 0.0], [8.570482155763619, 58.44498691491019, 0.0], [8.570776779380777, 58.44507760537, 0.0], [8.570905471393814, 58.445133759708646, 0.0], [8.571017921481255, 58.4452012938183, 0.0], [8.571152606721132, 58.44521701722472, 0.0], [8.571600140219758, 58.4450857474734, 0.0], [8.571756703957329, 58.44504993798996, 0.0], [8.571924624980495, 58.44503458156568, 0.0], [8.572262870974427, 58.445057099065885, 0.0], [8.572420042357425, 58.44509134757859, 0.0], [8.572566298728374, 58.44513667212417, 0.0], [8.572845519783012, 58.44524019765651, 0.0], [8.573418572559182, 58.44543590694211, 0.0], [8.57364673711196, 58.445567208280984, 0.0], [8.573833106841429, 58.445716828985034, 0.0], [8.573938754724539, 58.44578585006394, 0.0], [8.574287039424746, 58.4459788180342, 0.0], [8.574336091281381, 58.446060621256635, 0.0], [8.574314124298517, 58.44632216073123, 0.0]]}, "properties": {"farge": "#fdae61", "elvenavn": null}}, {"type": "Feature", "geometry": {"type": "LineString", "coordinates": [[8.729933253994204, 58.500614897240844, 0.0], [8.730038280213401, 58.50054570791881, 0.0], [8.730724846167131, 58.50052054492174, 0.0], [8.73076123066102, 58.50047611854446, 0.0], [8.730665304746275, 58.500401857696076, 0.0], [8.730449367574629, 58.50026273761836, 0.0], [8.730269572287702, 58.50011040799498, 0.0], [8.729981366582729, 58.499888517918194, 0.0], [8.729862644788314, 58.49982429055156, 0.0], [8.72959261086582, 58.499713933175094, 0.0], [8.729312616373472, 58.499615384295474, 0.0], [8.729112725546893, 58.499469851064106, 0.0], [8.728919452791354, 58.499321878140776, 0.0], [8.7288420383911, 58.49924200513712, 0.0], [8.7287923777489, 58.49915631020985, 0.0], [8.728741064523799, 58.49897919669393, 0.0], [8.728543814721068, 58.49883585699497, 0.0], [8.728176171412336, 58.498650630316185, 0.0], [8.728010847868553, 58.498627208516936, 0.0], [8.727858985779672, 58.49858595492418, 0.0], [8.72757610439734, 58.49848552023446, 0.0], [8.72734990031759, 58.49835140844802, 0.0], [8.727164691340391, 58.4982011424861, 0.0], [8.727113027491251, 58.49811604821756, 0.0], [8.727016056238439, 58.497852676895945, 0.0], [8.726816818939676, 58.497604897028516, 0.0], [8.726559396826076, 58.497590007529006, 0.0]]}, "properties": {"farge": "#fdae61", "elvenavn": null}}, {"type": "Feature", "geometry": {"type": "LineString", "coordinates": [[8.683644751346128, 58.46582290917855, 0.0], [8.683379729612971, 58.46571027913419, 0.0], [8.683323822794526, 58.465352350685905, 0.0], [8.6832812977781, 58.465265787223956, 0.0], [8.683281655155472, 58.465176173220996, 0.0], [8.683293979138078, 58.46508719764919, 0.0], [8.683388108370467, 58.4649148195547, 0.0], [8.683786618434507, 58.46432301991651, 0.0], [8.68375872898572, 58.4642396532415, 0.0], [8.683613817385947, 58.46407689752062, 0.0], [8.683578827490873, 58.46399145416366, 0.0], [8.683569456462232, 58.463542820069, 0.0], [8.683619308745893, 58.46345911676977, 0.0], [8.683694087954708, 58.463378380355586, 0.0], [8.683752383117904, 58.46329412712439, 0.0], [8.683794921562084, 58.46320728197325, 0.0], [8.683847337777157, 58.46303012178035, 0.0], [8.683862291915501, 58.46294613154644, 0.0], [8.683779465643731, 58.46286760893652, 0.0], [8.683735740516328, 58.46278035940778, 0.0], [8.683980964680606, 58.46274307258191, 0.0]]}, "properties": {"farge": "#2c7fb8", "elvenavn": "Lilleelva"}}, {"type": "Feature", "geometry": {"type": "LineString", "coordinates": [[8.58571667386809, 58.46150241687175, 0.0], [8.585646828408345, 58.46148674038924, 0.0], [8.585105124451886, 58.46125026070262, 0.0], [8.585019293652282, 58.461189859843, 0.0], [8.584863077648048, 58.460934160592316, 0.0], [8.584846616219956, 58.46075494931132, 0.0], [8.584818744023561, 58.46066654467784, 0.0], [8.584665319364447, 58.46031722137247, 0.0], [8.584548341989384, 58.46014869114353, 0.0], [8.584477355482523, 58.45997350485933, 0.0], [8.584417064518552, 58.45988965893239, 0.0], [8.58424633282393, 58.45973446940279, 0.0], [8.584051772782317, 58.459587005243904, 0.0], [8.583833206387368, 58.45945708414952, 0.0]]}, "properties": {"farge": "#fdae61", "elvenavn": null}}, {"type": "Feature", "geometry": {"type": "LineString", "coordinates": [[8.518422396474437, 58.457276826202495, 0.0], [8.519372684722406, 58.45627083100964, 0.0], [8.519393811549149, 58.45618475689178, 0.0], [8.519210712618767, 58.4553836411576, 0.0], [8.519180876791932, 58.45529546036647, 0.0], [8.51902532086873, 58.45503906378113, 0.0], [8.51898949278244, 58.454771334262176, 0.0], [8.51876483822951, 58.45388258845315, 0.0], [8.518669026066256, 58.453618377728525, 0.0], [8.518354608407739, 58.4529202978444, 0.0], [8.518324167615997, 58.45283220312381, 0.0], [8.518267924780133, 58.45256481258453, 0.0], [8.518137067746023, 58.45221298711045, 0.0], [8.518266182759614, 58.45204689516512, 0.0], [8.518317193259236, 58.451961449729296, 0.0], [8.518660716803003, 58.4512670439143, 0.0], [8.519261525912663, 58.45014487156649, 0.0]]}, "properties": {"farge": "#2c7fb8", "elvenavn": "elv fra Røynevatnet"}}, {"type": "Feature", "geometry": {"type": "LineString", "coordinates": [[8.755053304773636, 58.53694453350985, 0.0], [8.754791608727093, 58.53697736722999, 0.0], [8.754627534334228, 58.53695814369958, 0.0]]}, "properties": {"farge": "#2c7fb8", "elvenavn": null}}, {"type": "Feature", "geometry": {"type": "LineString", "coordinates": [[8.735748554343628, 58.51296844919647, 0.0], [8.73572963512494, 58.51310790924015, 0.0], [8.7357636144545, 58.513195731281144, 0.0], [8.735775007562337, 58.51326762239345, 0.0], [8.735620143737348, 58.51330846254887, 0.0]]}, "properties": {"farge": "#fdae61", "elvenavn": null}}, {"type": "Feature", "geometry": {"type": "LineString", "coordinates": [[8.51728397387508, 58.48073495502349, 0.0], [8.517625999266835, 58.4807380980352, 0.0], [8.517796302299733, 58.480729101453505, 0.0], [8.517964980919555, 58.48074393574322, 0.0], [8.518105931173308, 58.480717613394155, 0.0], [8.518488228475007, 58.48053823487912, 0.0], [8.518837605949347, 58.48034125829468, 0.0], [8.518931473373895, 58.48026669089493, 0.0], [8.518996300064655, 58.48015770504767, 0.0]]}, "properties": {"farge": "#2c7fb8", "elvenavn": null}}, {"type": "Feature", "geometry": {"type": "LineString", "coordinates": [[8.682578884149311, 58.47568193392065, 0.0], [8.682565047039784, 58.47559294927676, 0.0], [8.682502818847015, 58.4755103139844, 0.0], [8.682318366229934, 58.47541273999123, 0.0]]}, "properties": {"farge": "#2c7fb8", "elvenavn": "Lilleelva"}}, {"type": "Feature", "geometry": {"type": "LineString", "coordinates": [[8.646366716874901, 58.4654381684511, 0.0], [8.646211592220562, 58.465507461606215, 0.0], [8.646461317051033, 58.46584599379713, 0.0], [8.646502139377692, 58.46593182389382, 0.0], [8.646515581536605, 58.46602121095232, 0.0], [8.64648498116434, 58.46608761437579, 0.0], [8.6463098471045, 58.4660950434049, 0.0], [8.645804839522675, 58.46614305476006, 0.0], [8.64563476545796, 58.46615272317843, 0.0], [8.645122484191111, 58.46616882898206, 0.0], [8.64478051150327, 58.466168819598295, 0.0], [8.644627670452572, 58.46619986543443, 0.0], [8.644189129581365, 58.46634039081057, 0.0], [8.643554243417618, 58.46647404785117, 0.0]]}, "properties": {"farge": "#d7191c", "elvenavn": null}}, {"type": "Feature", "geometry": {"type": "LineString", "coordinates": [[8.529597169205292, 58.44129066299585, 0.0], [8.52942876367829, 58.441281972719146, 0.0], [8.528426760228104, 58.44117017682613, 0.0], [8.528266548918207, 58.44113915351904, 0.0], [8.528120499982299, 58.44109528964255, 0.0], [8.527727501876301, 58.44092303829359, 0.0], [8.527616597219158, 58.44075352980428, 0.0], [8.527529451132262, 58.44067647469891, 0.0], [8.527295596556776, 58.44054593982776, 0.0], [8.527191480167344, 58.44047714436306, 0.0], [8.5270583347892, 58.44040838330721, 0.0]]}, "properties": {"farge": "#2c7fb8", "elvenavn": null}}, {"type": "Feature", "geometry": {"type": "LineString", "coordinates": [[8.724915203966281, 58.46651982751688, 0.0], [8.725063251024263, 58.46647719466982, 0.0], [8.725142096143673, 58.466408203614705, 0.0], [8.72520458739731, 58.46632488878456, 0.0], [8.725363588680798, 58.466166988422664, 0.0]]}, "properties": {"farge": "#2c7fb8", "elvenavn": "Biebekken"}}, {"type": "Feature", "geometry": {"type": "LineString", "coordinates": [[8.550823937833801, 58.44785875315575, 0.0], [8.550115082574466, 58.44789216416822, 0.0], [8.54987189472159, 58.44791983960097, 0.0], [8.549340018073417, 58.44808715216409, 0.0], [8.549149089894932, 58.448182381184864, 0.0], [8.5487032461259, 58.448454266581216, 0.0], [8.54862397199534, 58.44853268953236, 0.0], [8.5484206861139, 58.44867651961645, 0.0]]}, "properties": {"farge": "#fdae61", "elvenavn": null}}, {"type": "Feature", "geometry": {"type": "LineString", "coordinates": [[8.762491948828474, 58.527084556206795, 0.0], [8.762956627441167, 58.526941687735196, 0.0], [8.763404550562802, 58.52671794025653, 0.0], [8.763439177844983, 58.526682074664315, 0.0], [8.763577460905354, 58.526547606890524, 0.0]]}, "properties": {"farge": "#d7191c", "elvenavn": null}}, {"type": "Feature", "geometry": {"type": "LineString", "coordinates": [[8.766800260627116, 58.52473928276191, 0.0], [8.767075817479107, 58.52461402224155, 0.0], [8.767711830331477, 58.524507403649736, 0.0], [8.767849981130516, 58.524390936883364, 0.0], [8.768229022731568, 58.52419398753033, 0.0], [8.768711442888236, 58.5239433562013, 0.0], [8.769090958946352, 58.523656641431906, 0.0], [8.769178954032135, 58.52333348241901, 0.0], [8.769129711369102, 58.5229921114353, 0.0], [8.76911286836222, 58.522956169006754, 0.0], [8.768993843398158, 58.522758280864814, 0.0]]}, "properties": {"farge": "#d7191c", "elvenavn": null}}, {"type": "Feature", "geometry": {"type": "LineString", "coordinates": [[8.756483614783287, 58.52687565975433, 0.0], [8.75710942183058, 58.527516499555304, 0.0], [8.75786919883392, 58.52793550160492, 0.0], [8.757915833394575, 58.52796367307468, 0.0]]}, "properties": {"farge": "#d7191c", "elvenavn": null}}, {"type": "Feature", "geometry": {"type": "LineString", "coordinates": [[8.757915833394575, 58.52796367307468, 0.0], [8.75863667123224, 58.52839912546076, 0.0]]}, "properties": {"farge": "#d7191c", "elvenavn": null}}, {"type": "Feature", "geometry": {"type": "LineString", "coordinates": [[8.8277616417579, 58.5860429673803, 0.0], [8.828434795105501, 58.58554986397585, 0.0], [8.829141861359995, 58.58515555760104, 0.0], [8.829366868675313, 58.58488642866164, 0.0]]}, "properties": {"farge": "#2c7fb8", "elvenavn": null}}, {"type": "Feature", "geometry": {"type": "LineString", "coordinates": [[8.77705527628554, 58.57814242410454, 0.0], [8.777484184600702, 58.578295829333086, 0.0], [8.777739981438982, 58.57861958287689, 0.0], [8.777806314121356, 58.57897897720001, 0.0], [8.778355607852902, 58.57918649966983, 0.0], [8.77890480879946, 58.57934907722811, 0.0], [8.780176474379509, 58.5794769536695, 0.0], [8.781309420616811, 58.57979323093132, 0.0], [8.781858543612413, 58.57997380240742, 0.0], [8.782459524943617, 58.58012753123311, 0.0], [8.783077630144232, 58.58027227238599, 0.0], [8.783472250203923, 58.580434528604826, 0.0], [8.783866028749559, 58.580722640105066, 0.0], [8.784209280897862, 58.58084898966705, 0.0], [8.784775469801481, 58.58103848100517, 0.0], [8.785376432808684, 58.58120119979853, 0.0], [8.785977772108872, 58.58132791175639, 0.0], [8.786596317686952, 58.581427718619146, 0.0], [8.787902334188415, 58.58156465628686, 0.0], [8.788555280669653, 58.58164658022892, 0.0], [8.78872724111284, 58.58170066999877, 0.0]]}, "properties": {"farge": "#2c7fb8", "elvenavn": null}}, {"type": "Feature", "geometry": {"type": "LineString", "coordinates": [[8.758868463988348, 58.57719358087854, 0.0], [8.75924542741831, 58.577373787735866, 0.0], [8.759760064843324, 58.57756322468903, 0.0], [8.760308810357941, 58.57777989779628, 0.0], [8.760857731663139, 58.57796955973777, 0.0], [8.761372258509505, 58.578177085765326, 0.0], [8.761077793286358, 58.57848190106174, 0.0], [8.76135126368861, 58.57873387703197, 0.0], [8.762549465197203, 58.579562418604496, 0.0], [8.762925779442385, 58.579859475686526, 0.0], [8.763353740067954, 58.580138694035014, 0.0], [8.764227463905806, 58.580634232427656, 0.0], [8.764724810963717, 58.580841717041324, 0.0], [8.765257167622934, 58.580986423414714, 0.0], [8.765411279887232, 58.58104949205509, 0.0], [8.765787618250705, 58.581346630710506, 0.0], [8.766250428254908, 58.58157187962788, 0.0], [8.766747949461841, 58.58175243709665, 0.0], [8.767297178246087, 58.58193316774855, 0.0], [8.767742804984552, 58.58214946927202, 0.0], [8.768222916567607, 58.58236582626043, 0.0], [8.76925298186672, 58.58263721910634, 0.0], [8.770195679449508, 58.583123910574145, 0.0], [8.771225255648607, 58.58349396440181, 0.0], [8.771636643109298, 58.58373713346054, 0.0], [8.771978833859787, 58.58398927345019, 0.0], [8.77242418472289, 58.58423256044067, 0.0], [8.772664089725064, 58.58440362740342, 0.0]]}, "properties": {"farge": "#2c7fb8", "elvenavn": null}}, {"type": "Feature", "geometry": {"type": "LineString", "coordinates": [[8.754717856149199, 58.57564978970544, 0.0], [8.75524947433071, 58.575866461521166, 0.0], [8.755833155631619, 58.57600218653854, 0.0], [8.756503420532756, 58.57603937514824, 0.0], [8.756589146058303, 58.57605751425122, 0.0], [8.758063171298724, 58.576760774836444, 0.0], [8.758319850656704, 58.57695889598928, 0.0], [8.75874854459392, 58.57713036902344, 0.0], [8.758868463988348, 58.57719358087854, 0.0]]}, "properties": {"farge": "#2c7fb8", "elvenavn": null}}, {"type": "Feature", "geometry": {"type": "LineString", "coordinates": [[8.797963479504414, 58.5784913122788, 0.0], [8.798153362350165, 58.578365787765414, 0.0], [8.798533433739427, 58.57807900128658, 0.0], [8.79891294024434, 58.57783712356794, 0.0], [8.799344604796397, 58.577577238249404, 0.0], [8.799724130608533, 58.577326444035315, 0.0], [8.8001210268215, 58.57704866318787, 0.0], [8.800829360368006, 58.57648391802133, 0.0], [8.801157769847782, 58.576179044541306, 0.0], [8.801554720700539, 58.575919273438686, 0.0], [8.801968872446318, 58.575668438755116, 0.0], [8.802505337004236, 58.57505853447841, 0.0], [8.802885044428859, 58.57479864576168, 0.0], [8.803436555072352, 58.57458390258014, 0.0], [8.803764286959211, 58.57437786996268, 0.0], [8.803954371609686, 58.574234427213526, 0.0], [8.804917265607312, 58.574208975755695, 0.0]]}, "properties": {"farge": "#2c7fb8", "elvenavn": null}}, {"type": "Feature", "geometry": {"type": "LineString", "coordinates": [[8.795547366402342, 58.56225830057814, 0.0], [8.796010801870526, 58.5623757677463, 0.0], [8.796542584370117, 58.562574263030925, 0.0], [8.796953450550811, 58.56284425354267, 0.0], [8.797398845480664, 58.5630964638059, 0.0], [8.798016938199462, 58.56323213387932, 0.0], [8.798514330445672, 58.563421569660115, 0.0], [8.798701440788026, 58.56371817677956, 0.0], [8.79909678755104, 58.563772718562795, 0.0], [8.799749602833481, 58.56381865664184, 0.0], [8.800419851798182, 58.56385570976562, 0.0], [8.800627041322565, 58.56369428038635, 0.0]]}, "properties": {"farge": "#2c7fb8", "elvenavn": null}}, {"type": "Feature", "geometry": {"type": "LineString", "coordinates": [[8.791878659367462, 58.55995187302591, 0.0], [8.792105623887105, 58.56007034250404, 0.0], [8.792207781611964, 58.56021416109968, 0.0], [8.792276191393725, 58.56027727496671, 0.0]]}, "properties": {"farge": "#2c7fb8", "elvenavn": null}}, {"type": "Feature", "geometry": {"type": "LineString", "coordinates": [[8.74999242856556, 58.55832474910777, 0.0], [8.749495890312966, 58.55808121098747, 0.0], [8.749462805434955, 58.557883628961285, 0.0], [8.749189076983601, 58.55771247959793, 0.0], [8.748691034916941, 58.557657626316654, 0.0], [8.748365130098255, 58.55756723048014, 0.0], [8.748504066277292, 58.55738777622075, 0.0], [8.748866763822077, 58.55711919585385, 0.0], [8.749229792264973, 58.55683234899822, 0.0], [8.749558388053012, 58.55653661515277, 0.0], [8.749955494896787, 58.556276917227684, 0.0], [8.750403987292406, 58.55603530736512, 0.0], [8.750302409023966, 58.55582852744802, 0.0], [8.750527794368292, 58.555559632448485, 0.0], [8.750821946389886, 58.555263655168766, 0.0], [8.751219172201793, 58.554977122602324, 0.0], [8.751684764274723, 58.5547534548859, 0.0], [8.7519790383656, 58.55445766153151, 0.0], [8.752289109695374, 58.55434149366793, 0.0], [8.75287463434922, 58.55416303181108, 0.0], [8.75342598845366, 58.55396650920879, 0.0], [8.753821577809905, 58.55392232516786, 0.0], [8.754474135358299, 58.553968489589536, 0.0], [8.75464500670269, 58.554112544550165, 0.0], [8.754952646366558, 58.55434657610114, 0.0], [8.755398933483574, 58.5544372454984, 0.0], [8.755604517632174, 58.55450950564792, 0.0], [8.755827286591728, 58.554617726283524, 0.0], [8.756479721260217, 58.55469071111769, 0.0], [8.75711528325979, 58.554727927250326, 0.0], [8.757802523841624, 58.554738211841894, 0.0], [8.758146764178933, 58.5546670143289, 0.0], [8.758626754891415, 58.55482956045606, 0.0], [8.759641125652905, 58.55477761731959, 0.0], [8.75981239954837, 58.554858734204835, 0.0], [8.759947535508964, 58.55520024558009, 0.0], [8.76041120700158, 58.55523707955981, 0.0], [8.76106459286623, 58.5551754512524, 0.0], [8.761544135151302, 58.55541883520961, 0.0], [8.761837129546834, 58.55530262303014, 0.0], [8.761991617787691, 58.55533879067676, 0.0], [8.762316583982933, 58.55556392093954, 0.0], [8.762814977166423, 58.55555587864355, 0.0], [8.763261446562957, 58.5555925842152, 0.0], [8.76353433921317, 58.555916487718896, 0.0], [8.763947145177285, 58.555845373363944, 0.0], [8.764152502332118, 58.55598956336361, 0.0], [8.764442603971675, 58.55629530099625, 0.0], [8.764784017809527, 58.55660128605805, 0.0], [8.76505815880757, 58.556736667437505, 0.0], [8.765402788780555, 58.556602429420714, 0.0], [8.765574755230578, 58.55659378500547, 0.0], [8.765815255719167, 58.556621169941344, 0.0]]}, "properties": {"farge": "#2c7fb8", "elvenavn": null}}, {"type": "Feature", "geometry": {"type": "LineString", "coordinates": [[8.949264313487909, 58.55977036731836, 0.0], [8.949109798565633, 58.55966257654904, 0.0], [8.948508552501766, 58.55949171232263, 0.0], [8.947890058802505, 58.55936577143241, 0.0], [8.947219886917637, 58.55926664814612, 0.0], [8.94529508721208, 58.55915996983738, 0.0]]}, "properties": {"farge": "#d7191c", "elvenavn": null}}, {"type": "Feature", "geometry": {"type": "LineString", "coordinates": [[8.800627041322565, 58.56369428038635, 0.0], [8.800747725137077, 58.56360466729976, 0.0], [8.800784124694259, 58.56326341412515, 0.0], [8.80102665228878, 58.562940607689185, 0.0], [8.801183117187952, 58.56260841043845, 0.0], [8.801099287770358, 58.56225800343718, 0.0], [8.80092926467033, 58.5619164802366, 0.0], [8.80072470959527, 58.561592826153905, 0.0], [8.800692450101858, 58.56123347921097, 0.0], [8.800832019990114, 58.560892539592395, 0.0], [8.801005705509477, 58.56056036625971, 0.0], [8.801455947985984, 58.559950440208645, 0.0], [8.801732516910581, 58.559645401391386, 0.0], [8.802112471680758, 58.559367611248526, 0.0], [8.802560792431015, 58.55909880350987, 0.0], [8.802785229797818, 58.558919565712536, 0.0], [8.802975724044417, 58.558668352281856, 0.0], [8.803046363216625, 58.55832722602462, 0.0], [8.803151227446682, 58.55800396634709, 0.0], [8.803239061770423, 58.557671777369485, 0.0], [8.803552126512074, 58.55701675228362, 0.0], [8.803519250533057, 58.556747250709584, 0.0], [8.802972861684447, 58.55609969774771, 0.0], [8.803695602063726, 58.55593017449403, 0.0], [8.803713654472844, 58.555786512054276, 0.0], [8.803765678171738, 58.55571464601854, 0.0], [8.804435933019693, 58.555679820067, 0.0], [8.805072119278247, 58.555635957382876, 0.0], [8.805724809091291, 58.55568177317131, 0.0], [8.806325536481365, 58.55582638149529, 0.0], [8.806563450836958, 58.55632076073311, 0.0], [8.806873089635879, 58.55626730179544, 0.0], [8.806942988655035, 58.55604293833558, 0.0], [8.807202493447198, 58.55571995431199, 0.0], [8.807358566919945, 58.55548670218972, 0.0], [8.807223007932256, 58.555136229362574, 0.0], [8.807276401640975, 58.55479489827896, 0.0], [8.807020212689434, 58.55448928891127, 0.0], [8.80680024034285, 58.55387807852599, 0.0], [8.806371401269523, 58.553742779795876, 0.0], [8.80642469617603, 58.55341954487886, 0.0], [8.806529783173321, 58.553069458684206, 0.0], [8.80666914784863, 58.55271941014408, 0.0], [8.806894348778371, 58.55239638849704, 0.0], [8.807136323848901, 58.552136225071145, 0.0]]}, "properties": {"farge": "#2c7fb8", "elvenavn": "Molandselva"}}, {"type": "Feature", "geometry": {"type": "LineString", "coordinates": [[8.926450727285458, 58.562920786251134, 0.0], [8.926210885338078, 58.56258831084383, 0.0], [8.925798815593318, 58.562336627893764, 0.0], [8.925438178614764, 58.562147983527964, 0.0], [8.92531865365739, 58.56179753276832, 0.0], [8.925095891307448, 58.56147396908393, 0.0], [8.924719293618752, 58.56079121174102, 0.0], [8.924806632476974, 58.56018053300744, 0.0], [8.924360087954115, 58.559982675741665, 0.0], [8.924206090615472, 58.55964130278181, 0.0], [8.924602013046735, 58.559354030493544, 0.0], [8.924946273632234, 58.55915678132302, 0.0], [8.9254444075782, 58.55928279796819, 0.0], [8.925942522328986, 58.559444649284984, 0.0], [8.926372672594773, 58.55916655960933, 0.0], [8.92682001904347, 58.55890648287578, 0.0], [8.927233128122992, 58.55862821263301, 0.0], [8.927594383118256, 58.55850262786213, 0.0], [8.928178445466818, 58.5586735895208, 0.0], [8.928642084672056, 58.55866487241737, 0.0], [8.928814550675359, 58.55846748049659, 0.0], [8.92869471179918, 58.55823380584941, 0.0], [8.928351635417274, 58.557928314044226, 0.0], [8.928300515288587, 58.55769483641666, 0.0], [8.92852426992857, 58.557578125731105, 0.0], [8.929434585148355, 58.55779417842476, 0.0], [8.929640817953358, 58.557785318160484, 0.0], [8.9300365138043, 58.5576597392477, 0.0], [8.930620675437838, 58.55772291191175, 0.0], [8.931204423092298, 58.55787583597997, 0.0], [8.931823139902672, 58.55801096524284, 0.0], [8.933025993503305, 58.558074455979, 0.0], [8.933438453711425, 58.55807464192326, 0.0], [8.933645249513427, 58.55779639107993, 0.0], [8.933593915706638, 58.55758082519368, 0.0], [8.933594550029646, 58.55743714548907, 0.0], [8.933268324351033, 58.55713165601787, 0.0], [8.932874374591131, 58.55647574728796, 0.0], [8.932771999351527, 58.556116483253966, 0.0], [8.932703895517513, 58.55579305995422, 0.0], [8.93260134100277, 58.55544279155775, 0.0], [8.932616546559718, 58.55521813352953, 0.0]]}, "properties": {"farge": "#d7191c", "elvenavn": null}}, {"type": "Feature", "geometry": {"type": "LineString", "coordinates": [[8.826293743883367, 58.55249581683447, 0.0], [8.825985795239447, 58.55221711044957, 0.0], [8.825883697828388, 58.552028389363414, 0.0], [8.825988134295304, 58.55175012336086, 0.0], [8.825921658454812, 58.551309894200465, 0.0], [8.826131294841613, 58.55060067085342, 0.0], [8.82665064680634, 58.54983794689525, 0.0], [8.82666831302967, 58.549721281161546, 0.0], [8.826910263105468, 58.5494251533745, 0.0], [8.826997706823906, 58.54912886753136, 0.0], [8.826879061820913, 58.54880553181943, 0.0], [8.82643715628023, 58.547825883557984, 0.0], [8.82647192095607, 58.54774507286449, 0.0]]}, "properties": {"farge": "#2c7fb8", "elvenavn": null}}, {"type": "Feature", "geometry": {"type": "LineString", "coordinates": [[8.932367449671982, 58.55202075795507, 0.0], [8.931611275999543, 58.551966544722426, 0.0]]}, "properties": {"farge": "#d7191c", "elvenavn": "Vatnebuvassdraget"}}, {"type": "Feature", "geometry": {"type": "LineString", "coordinates": [[8.903568155334673, 58.55840600512679, 0.0], [8.903568178198517, 58.558388087056905, 0.0], [8.902761808645488, 58.557929439742956, 0.0], [8.901765981704292, 58.55756036251706, 0.0], [8.901233847871211, 58.557335470648134, 0.0], [8.900993881318625, 58.55712872823405, 0.0], [8.900771229889475, 58.5568770667542, 0.0], [8.900256190203914, 58.55664316969859, 0.0], [8.899792861874971, 58.55640029863036, 0.0], [8.899398501689781, 58.55612163228334, 0.0], [8.898661197671373, 58.55554621538557, 0.0], [8.898180477348497, 58.555393275577124, 0.0], [8.897510057053987, 58.555374644829584, 0.0], [8.896960901335428, 58.55516765157594, 0.0], [8.896189331827745, 58.55461021513121, 0.0], [8.895760426552311, 58.55433132965516, 0.0], [8.895297294056627, 58.55409754448314, 0.0], [8.894885619068457, 58.55380984237616, 0.0], [8.894439833367569, 58.55353104725158, 0.0], [8.893838370489624, 58.553494614162396, 0.0], [8.89316831641733, 58.55347606697716, 0.0], [8.892532595890586, 58.553430609507984, 0.0], [8.891879704303246, 58.55343907800504, 0.0], [8.891501974175673, 58.5533399211185, 0.0], [8.891176329677936, 58.553034339737216, 0.0], [8.890713150688857, 58.55278234479665, 0.0], [8.890611196385787, 58.552432058495576, 0.0], [8.890354538880146, 58.552099511311496, 0.0], [8.890183657383265, 58.551767095639505, 0.0], [8.889789479309828, 58.551479219669645, 0.0], [8.889652569864204, 58.55129060904188, 0.0], [8.88953316675712, 58.55098505232754, 0.0], [8.889242010713494, 58.550679490393335, 0.0], [8.888968099113354, 58.55035611117608, 0.0], [8.88855669861313, 58.550077223529414, 0.0], [8.88855729600545, 58.549879598517876, 0.0], [8.888643883399052, 58.549655192983785, 0.0], [8.8884560209659, 58.549304764391366, 0.0], [8.888336842582815, 58.54897238272228, 0.0], [8.888234765584386, 58.54862199759658, 0.0], [8.887823398058535, 58.548334193708335, 0.0], [8.887051112693344, 58.548082099419645, 0.0]]}, "properties": {"farge": "#2c7fb8", "elvenavn": "Langangselva"}}, {"type": "Feature", "geometry": {"type": "LineString", "coordinates": [[8.798616668860692, 58.54258501727073, 0.0], [8.798977962516709, 58.542504816446915, 0.0], [8.799202899292348, 58.54219980631246, 0.0], [8.799530297778396, 58.54203871405786, 0.0], [8.799907558343538, 58.542191984179524, 0.0], [8.800182423244975, 58.5421474865446, 0.0], [8.800560426578015, 58.542139143658346, 0.0], [8.80109199189588, 58.542292590984665, 0.0], [8.801451069745184, 58.542580596693696, 0.0], [8.801947875832935, 58.542805840447116, 0.0], [8.802204005921563, 58.54312956183948, 0.0], [8.802408352324639, 58.54344420078333, 0.0], [8.802733226207947, 58.543723161303404, 0.0], [8.803143958673887, 58.543984215258604, 0.0], [8.803658260929344, 58.5441915674612, 0.0], [8.804001274661971, 58.54427292411013, 0.0], [8.804208354902359, 58.54410257242925, 0.0], [8.804467169412828, 58.54391437296561, 0.0], [8.805103665947891, 58.54379848875566, 0.0], [8.805671090497293, 58.54363783350862, 0.0], [8.8062728444789, 58.54358483046602, 0.0], [8.80638987297007, 58.543663250188594, 0.0]]}, "properties": {"farge": "#fdae61", "elvenavn": null}}, {"type": "Feature", "geometry": {"type": "LineString", "coordinates": [[8.80638987297007, 58.543663250188594, 0.0], [8.80646100791997, 58.54371091684499, 0.0], [8.80651064722968, 58.54405219074493, 0.0], [8.806835444055924, 58.544358061934446, 0.0], [8.8069538306551, 58.54469050522864, 0.0], [8.807107570652619, 58.54485247686113, 0.0], [8.807640545098577, 58.54478136966588, 0.0], [8.808226286214166, 58.54449488406943, 0.0], [8.808966295924627, 58.54425350159562, 0.0]]}, "properties": {"farge": "#2c7fb8", "elvenavn": null}}, {"type": "Feature", "geometry": {"type": "LineString", "coordinates": [[8.761374441201312, 58.53312161022609, 0.0], [8.761591139688191, 58.533306890071245, 0.0], [8.761993362463185, 58.53350898530285, 0.0], [8.762312375973934, 58.533700268086164, 0.0], [8.762862992093948, 58.53399815068377, 0.0], [8.762925108095663, 58.534160557076326, 0.0]]}, "properties": {"farge": "#fdae61", "elvenavn": null}}, {"type": "Feature", "geometry": {"type": "LineString", "coordinates": [[8.893033474960365, 58.54696456157282, 0.0], [8.892656124285717, 58.54679356683422, 0.0], [8.892141118561282, 58.546640494735705, 0.0], [8.891609204151498, 58.546424481084486, 0.0], [8.891042821509014, 58.546226360068125, 0.0], [8.890614196398365, 58.54594764650214, 0.0], [8.890237113431642, 58.545659865713496, 0.0], [8.890117757309332, 58.54540833962298, 0.0], [8.890376420070707, 58.54508517205908, 0.0], [8.891425766434056, 58.5446549485848, 0.0], [8.891924803791637, 58.54442186174039, 0.0], [8.892234514424898, 58.54412580019631, 0.0], [8.892682308100893, 58.543847763210955, 0.0], [8.893180694041272, 58.54376727029918, 0.0], [8.893782279576474, 58.54374086473777, 0.0], [8.89419511598772, 58.543462685936476, 0.0], [8.894539599034925, 58.5431665676418, 0.0], [8.89483260961358, 58.54285250521308, 0.0], [8.89505692183727, 58.54252940232426, 0.0], [8.895091645474974, 58.542376808760785, 0.0], [8.896715829191727, 58.53918972669571, 0.0], [8.896494659572227, 58.53848906210003, 0.0], [8.896325212052627, 58.537713319289345, 0.0]]}, "properties": {"farge": "#fdae61", "elvenavn": null}}, {"type": "Feature", "geometry": {"type": "LineString", "coordinates": [[8.896325212052627, 58.537713319289345, 0.0], [8.896308241396934, 58.53763562451863, 0.0], [8.895827944841702, 58.53740173654932, 0.0], [8.895627771475146, 58.53728467261637, 0.0], [8.895382309970802, 58.53714095527597, 0.0], [8.894970840209222, 58.53685316731791, 0.0], [8.894628255839066, 58.53655650803652, 0.0], [8.894216777745678, 58.536277721532365, 0.0], [8.893856816441518, 58.53598104113301, 0.0], [8.893085920344689, 58.535396680108654, 0.0], [8.892674638654917, 58.53511789723556, 0.0], [8.892349164603571, 58.53480331762287, 0.0], [8.892178067918712, 58.534614517240044, 0.0]]}, "properties": {"farge": "#2c7fb8", "elvenavn": null}}, {"type": "Feature", "geometry": {"type": "LineString", "coordinates": [[8.790255982829411, 58.527330442867026, 0.0], [8.790273195604522, 58.52733046787248, 0.0], [8.790496831787703, 58.52725000730584, 0.0], [8.790890703815625, 58.527421136712405, 0.0], [8.791625523084498, 58.52801522764338, 0.0], [8.792018856581544, 58.52829430252559, 0.0], [8.792429722214099, 58.528546399813955, 0.0], [8.79287449280591, 58.52879860966467, 0.0], [8.79333674824401, 58.52903284462834, 0.0], [8.794312732785086, 58.52950146432925, 0.0], [8.79515100009109, 58.53005065946611, 0.0], [8.795937867302058, 58.530590781857654, 0.0], [8.79636576953481, 58.53085197593494, 0.0], [8.797445068801814, 58.53126668292466, 0.0], [8.79778690290748, 58.53156377322229, 0.0], [8.797923484705725, 58.53169863132113, 0.0], [8.798610132855611, 58.53174461256518, 0.0], [8.799279814040547, 58.53177265748922, 0.0], [8.799589363912512, 58.531692292058345, 0.0], [8.799903215519706, 58.531567162062515, 0.0]]}, "properties": {"farge": "#fdae61", "elvenavn": null}}, {"type": "Feature", "geometry": {"type": "LineString", "coordinates": [[8.799903215519706, 58.531567162062515, 0.0], [8.800105738119488, 58.531486417123396, 0.0], [8.800466651060304, 58.531424208954306, 0.0]]}, "properties": {"farge": "#2c7fb8", "elvenavn": null}}, {"type": "Feature", "geometry": {"type": "LineString", "coordinates": [[8.88200477610803, 58.52615418398727, 0.0], [8.88198781517435, 58.52611825347416, 0.0], [8.881473351714039, 58.52589311565669, 0.0], [8.881010723809531, 58.52563245453639, 0.0], [8.880496298397132, 58.525398309424595, 0.0], [8.880103262603578, 58.52524578882682, 0.0], [8.879255764304922, 58.525140502714315, 0.0]]}, "properties": {"farge": "#2c7fb8", "elvenavn": null}}, {"type": "Feature", "geometry": {"type": "LineString", "coordinates": [[8.819855994998415, 58.521178264546364, 0.0], [8.820132064363875, 58.5209181123885, 0.0], [8.820184113254193, 58.52085533883726, 0.0], [8.820545997264087, 58.520559528417465, 0.0], [8.820942246182398, 58.52028158654767, 0.0], [8.821355642778176, 58.52001275670324, 0.0], [8.821700485043786, 58.51971684086268, 0.0], [8.821994114176718, 58.51940287182898, 0.0], [8.822184415666511, 58.519061849298595, 0.0], [8.822392013983874, 58.51873886190946, 0.0], [8.822582478279028, 58.51839784688054, 0.0], [8.822807502867809, 58.51806579487117, 0.0], [8.823100921024446, 58.51775190388826, 0.0], [8.823393475306585, 58.51761753469679, 0.0], [8.8237534124871, 58.517716861866745, 0.0], [8.824215468632065, 58.517977899036175, 0.0], [8.824832633431118, 58.51817636178917, 0.0]]}, "properties": {"farge": "#fdae61", "elvenavn": null}}, {"type": "Feature", "geometry": {"type": "LineString", "coordinates": [[8.883880623688963, 58.514471152085925, 0.0], [8.884516365670269, 58.51425616714368, 0.0], [8.885169083099873, 58.51414005323313, 0.0], [8.885838695530408, 58.51409570094523, 0.0], [8.886507961431821, 58.51413219107364, 0.0], [8.886936568499797, 58.514294318903154, 0.0], [8.887105995075876, 58.51498596395582, 0.0], [8.887225044320772, 58.51532734892123, 0.0], [8.887498662550609, 58.51564199176929, 0.0], [8.88737730894096, 58.51599214957537, 0.0], [8.887513571906322, 58.51633354620959, 0.0], [8.88778719306783, 58.516657102941274, 0.0], [8.887992125973332, 58.516998538212775, 0.0], [8.88787075610053, 58.517348785760866, 0.0], [8.887646532059929, 58.51768088193838, 0.0], [8.887714130404488, 58.518031153624975, 0.0], [8.88790077954799, 58.518722899173454, 0.0], [8.888123015356333, 58.51901950663745, 0.0], [8.888585753232709, 58.519280328323944, 0.0], [8.888807753655707, 58.51961285186429, 0.0], [8.88887534378941, 58.51997212680564, 0.0], [8.888994805840907, 58.52011605559996, 0.0], [8.889197672655255, 58.52029296336544, 0.0]]}, "properties": {"farge": "#2c7fb8", "elvenavn": null}}, {"type": "Feature", "geometry": {"type": "LineString", "coordinates": [[8.798743037332118, 58.50553738877767, 0.0], [8.798690546249754, 58.50573476252534, 0.0], [8.798705885811675, 58.506031063821915, 0.0], [8.798978829813501, 58.50633697463132, 0.0], [8.799492397900464, 58.506544325422965, 0.0], [8.80014364541128, 58.506698103467144, 0.0]]}, "properties": {"farge": "#fdae61", "elvenavn": null}}, {"type": "Feature", "geometry": {"type": "LineString", "coordinates": [[8.795651393723574, 58.500107637736015, 0.0], [8.796129478734832, 58.50052157925347, 0.0], [8.796590603453064, 58.50089047923017, 0.0], [8.796572139516549, 58.5011239946428, 0.0], [8.796570507788362, 58.501402363148706, 0.0], [8.796619940381161, 58.501752820796504, 0.0], [8.796858920529335, 58.50195974144718, 0.0], [8.797748516597848, 58.50243722329483, 0.0], [8.797914314640353, 58.502564857516, 0.0]]}, "properties": {"farge": "#fdae61", "elvenavn": null}}, {"type": "Feature", "geometry": {"type": "LineString", "coordinates": [[8.838753698038044, 58.5017955361942, 0.0], [8.838831633734362, 58.50140851956649, 0.0], [8.838972015793315, 58.50069919808999, 0.0], [8.839008023759485, 58.50033982873912, 0.0], [8.839078143129171, 58.49999876226219, 0.0], [8.83931956257998, 58.49976554489095, 0.0], [8.839768006357504, 58.499468278605455, 0.0], [8.840284597172296, 58.4988058056963, 0.0], [8.840457774103585, 58.498455745339704, 0.0], [8.84052807642662, 58.49811450733241, 0.0], [8.840531140759042, 58.49741396974401, 0.0], [8.840464023023985, 58.497072595984044, 0.0], [8.840276875629286, 58.49673102330677, 0.0], [8.840209326442848, 58.496515429503845, 0.0], [8.840587994231889, 58.496219483159436, 0.0], [8.841103775719034, 58.49600461214635, 0.0], [8.841171855893244, 58.49595881362421, 0.0]]}, "properties": {"farge": "#2c7fb8", "elvenavn": null}}, {"type": "Feature", "geometry": {"type": "LineString", "coordinates": [[8.748175366390928, 58.5600995835588, 0.0], [8.748572472833118, 58.55982187669963, 0.0], [8.749038367785584, 58.55956229770583, 0.0], [8.749085273766761, 58.55951977548316, 0.0], [8.749282889646299, 58.55943805218976, 0.0], [8.749428136291735, 58.55937956661346, 0.0], [8.74965140896669, 58.559300603270145, 0.0], [8.749773918270673, 58.55926529569462, 0.0], [8.749911540239303, 58.55922343935638, 0.0], [8.749950810595637, 58.55915977843718, 0.0], [8.749994247222741, 58.55909800052709, 0.0], [8.750010955465976, 58.55906035168457, 0.0]]}, "properties": {"farge": "#2c7fb8", "elvenavn": null}}, {"type": "Feature", "geometry": {"type": "LineString", "coordinates": [[8.804917265607312, 58.574208975755695, 0.0], [8.805166870767067, 58.57414058291324, 0.0]]}, "properties": {"farge": "#2c7fb8", "elvenavn": null}}, {"type": "Feature", "geometry": {"type": "LineString", "coordinates": [[8.789746701818832, 58.55874081411114, 0.0], [8.791710172708894, 58.55989665429702, 0.0], [8.791878659367462, 58.55995187302591, 0.0]]}, "properties": {"farge": "#2c7fb8", "elvenavn": null}}, {"type": "Feature", "geometry": {"type": "LineString", "coordinates": [[8.785924799801977, 58.55312251715496, 0.0], [8.786216516218245, 58.55302847240686, 0.0], [8.786466318142812, 58.55290619067996, 0.0], [8.78678852784911, 58.55269722884979, 0.0], [8.78682291217967, 58.55261620491778, 0.0]]}, "properties": {"farge": "#2c7fb8", "elvenavn": null}}, {"type": "Feature", "geometry": {"type": "LineString", "coordinates": [[8.937081491056748, 58.55826513652763, 0.0], [8.937761353704447, 58.55829282233195, 0.0], [8.938937306268862, 58.5583155611287, 0.0], [8.939391791094863, 58.55821688683972, 0.0]]}, "properties": {"farge": "#d7191c", "elvenavn": "Vatnebuvassdraget"}}, {"type": "Feature", "geometry": {"type": "LineString", "coordinates": [[8.868858766415125, 58.5351694388086, 0.0], [8.869646996846459, 58.534995038893406, 0.0], [8.869786576273215, 58.53494284925246, 0.0], [8.87074874819959, 58.53443966552039, 0.0], [8.871114441629325, 58.53413803341338, 0.0], [8.87136164486962, 58.53380405305635, 0.0], [8.871604544966326, 58.53356708257932, 0.0], [8.872175381439364, 58.533234472776336, 0.0], [8.872408658040861, 58.532995065432594, 0.0], [8.872569918618408, 58.532741973389456, 0.0], [8.872778040039067, 58.53260296431544, 0.0]]}, "properties": {"farge": "#2c7fb8", "elvenavn": "Molandselva"}}, {"type": "Feature", "geometry": {"type": "LineString", "coordinates": [[8.800466651060304, 58.531424208954306, 0.0], [8.800546459204512, 58.53133735569082, 0.0], [8.800682575515319, 58.5312916333716, 0.0], [8.800850214037316, 58.53127677423407, 0.0]]}, "properties": {"farge": "#2c7fb8", "elvenavn": null}}, {"type": "Feature", "geometry": {"type": "LineString", "coordinates": [[8.797914314640353, 58.502564857516, 0.0], [8.798090784636635, 58.50261881078422, 0.0], [8.7981533707999, 58.502705136291624, 0.0], [8.79858689572593, 58.50297908859997, 0.0], [8.798765342237859, 58.50313145591086, 0.0], [8.799086058272357, 58.50363877610903, 0.0], [8.799112306831717, 58.50372530756747, 0.0], [8.799079010502519, 58.50381338593434, 0.0]]}, "properties": {"farge": "#fdae61", "elvenavn": null}}, {"type": "Feature", "geometry": {"type": "LineString", "coordinates": [[8.821401855812798, 58.5750861662426, 0.0], [8.8217038192509, 58.57500649567881, 0.0], [8.822158735488662, 58.575033353511834, 0.0]]}, "properties": {"farge": "#2c7fb8", "elvenavn": "Strengselva"}}, {"type": "Feature", "geometry": {"type": "LineString", "coordinates": [[8.820045599317822, 58.59144810568946, 0.0], [8.82001862260751, 58.591630958027245, 0.0], [8.820056786051584, 58.59180865947377, 0.0], [8.820128550215777, 58.59188942402273, 0.0], [8.820348368349325, 58.59202587360275, 0.0], [8.820645303398537, 58.59211341558507, 0.0], [8.820793473436296, 58.5921071414646, 0.0], [8.821165381678659, 58.591921026513006, 0.0], [8.821443213543098, 58.59181470763295, 0.0], [8.821595171034343, 58.591847433340774, 0.0], [8.821875580624496, 58.59195062426241, 0.0], [8.822117082031404, 58.592076966162566, 0.0], [8.822199828601962, 58.59215547827398, 0.0], [8.822258769429657, 58.592330352703335, 0.0], [8.822409670077988, 58.59249091700256, 0.0], [8.82264703506097, 58.59261855760471, 0.0], [8.822792000186983, 58.59265536159263, 0.0]]}, "properties": {"farge": "#2c7fb8", "elvenavn": null}}, {"type": "Feature", "geometry": {"type": "LineString", "coordinates": [[8.773114060355569, 58.59458016385266, 0.0], [8.77340893270897, 58.59459503297641, 0.0], [8.773747965217773, 58.59456605275145, 0.0], [8.773820466377856, 58.594308955221976, 0.0], [8.773920935436825, 58.5941386751597, 0.0], [8.774214929518507, 58.593929131107984, 0.0], [8.774384168654326, 58.5936880592629, 0.0], [8.774567982234494, 58.59298164505966, 0.0], [8.774671758410745, 58.592810689665804, 0.0], [8.774971162775046, 58.59249251234633, 0.0], [8.775009123888646, 58.59213704793459, 0.0], [8.774972683051685, 58.59178497643026, 0.0], [8.775041608704825, 58.59151963136506, 0.0], [8.775225335229026, 58.59137111312505, 0.0], [8.775368320383144, 58.59132215826942, 0.0], [8.775407933281173, 58.59096954611865, 0.0], [8.775072515441414, 58.59065701976226, 0.0], [8.774950429878139, 58.59059919463996, 0.0], [8.774318751326527, 58.59045857059366, 0.0], [8.77350270474234, 58.59031990481442, 0.0], [8.77343205553924, 58.59025130988046, 0.0], [8.773455233047592, 58.589982074317426, 0.0], [8.773826336047993, 58.58968261169089, 0.0], [8.773974195796345, 58.58952082995172, 0.0], [8.774124530478927, 58.58926672660884, 0.0], [8.773994781160233, 58.5890079960618, 0.0], [8.774488565461004, 58.588339455225146, 0.0], [8.77476767299027, 58.58811549125153, 0.0], [8.774971880424411, 58.58787884269807, 0.0], [8.775006159628212, 58.58743101086353, 0.0], [8.775244879341217, 58.58672483903761, 0.0]]}, "properties": {"farge": "#2c7fb8", "elvenavn": null}}, {"type": "Feature", "geometry": {"type": "LineString", "coordinates": [[8.761561051382847, 58.57558465515483, 0.0], [8.760780769195158, 58.57538579801416, 0.0], [8.760634570359272, 58.57539151497393, 0.0]]}, "properties": {"farge": "#2c7fb8", "elvenavn": null}}, {"type": "Feature", "geometry": {"type": "LineString", "coordinates": [[8.776511046188618, 58.547497222170456, 0.0], [8.776602566942191, 58.547626079635336, 0.0], [8.7772781304819, 58.547683587342085, 0.0], [8.777777826259191, 58.54793008456076, 0.0], [8.77805808115092, 58.54802561413609, 0.0], [8.778288605305558, 58.54815837242054, 0.0], [8.77914086234214, 58.54883030865203, 0.0], [8.779264709262732, 58.548996352150425, 0.0], [8.779589601309814, 58.549203818314275, 0.0], [8.779733474916174, 58.54945939897426, 0.0], [8.779922864235846, 58.54960989204309, 0.0], [8.780636698673172, 58.549995754307616, 0.0], [8.781021446371593, 58.550395413675375, 0.0], [8.78121886417518, 58.550541876495565, 0.0], [8.781754540830127, 58.55076384419746, 0.0], [8.78311378138977, 58.551138993960336, 0.0], [8.783454768580164, 58.55144908703868, 0.0], [8.783545117884143, 58.551804414913846, 0.0], [8.783613952013367, 58.55188032034688, 0.0], [8.784629471128524, 58.55236083865703, 0.0], [8.785077361392306, 58.5524904564891, 0.0], [8.785198746264443, 58.552553097189126, 0.0], [8.785322270133687, 58.55271867388643, 0.0], [8.785332826728833, 58.55280829342064, 0.0], [8.785415473512634, 58.55288534838639, 0.0], [8.78565069083205, 58.55301551331866, 0.0], [8.785924799801977, 58.55312251715496, 0.0]]}, "properties": {"farge": "#2c7fb8", "elvenavn": null}}, {"type": "Feature", "geometry": {"type": "LineString", "coordinates": [[8.812135184488948, 58.54210928471512, 0.0], [8.813246212187806, 58.54206777805978, 0.0], [8.81513238184662, 58.54207724342378, 0.0], [8.815302925413079, 58.54208653312052, 0.0], [8.816766409411157, 58.54234100474196, 0.0], [8.817199049079342, 58.54261719493882, 0.0], [8.817449523950973, 58.54273969261961, 0.0], [8.818656270738193, 58.54324262537857, 0.0], [8.81875503621681, 58.543310928005994, 0.0], [8.8188077391809, 58.54339615538461, 0.0], [8.818922699178515, 58.543460807676645, 0.0], [8.820574172895377, 58.544100867050375, 0.0], [8.821121480463264, 58.54465853485764, 0.0], [8.821676951305966, 58.544869232223874, 0.0], [8.822190698925171, 58.54533429004359, 0.0], [8.822640002530049, 58.54560505289147, 0.0], [8.82341942140288, 58.54595626617767, 0.0], [8.823865346580007, 58.546229067415226, 0.0], [8.824361727158108, 58.546297141108425, 0.0], [8.825204253027717, 58.546603099033824, 0.0], [8.825668247761564, 58.5470742267462, 0.0], [8.82628905851093, 58.547228436224856, 0.0]]}, "properties": {"farge": "#2c7fb8", "elvenavn": "Molandselva"}}, {"type": "Feature", "geometry": {"type": "LineString", "coordinates": [[8.77634831097602, 58.53797679239008, 0.0], [8.776505636355411, 58.53807986328074, 0.0], [8.77675127190476, 58.538314677938054, 0.0], [8.77688313177538, 58.538371559251615, 0.0], [8.777014658903676, 58.53852576109697, 0.0]]}, "properties": {"farge": "#fdae61", "elvenavn": null}}, {"type": "Feature", "geometry": {"type": "LineString", "coordinates": [[8.77203808419047, 58.54310650507581, 0.0], [8.772254057853656, 58.543538474846855, 0.0], [8.772514025975608, 58.54376986763868, 0.0], [8.77255553612913, 58.54385688277399, 0.0], [8.772948269293284, 58.54414495162772, 0.0], [8.773330097959965, 58.5443227334519, 0.0], [8.773399131034477, 58.544396636127644, 0.0], [8.773388111307613, 58.54457706596515, 0.0], [8.773463145603921, 58.54484090531993, 0.0], [8.773508499618952, 58.544921752703964, 0.0], [8.773606263709176, 58.54499537630969, 0.0]]}, "properties": {"farge": "#2c7fb8", "elvenavn": null}}, {"type": "Feature", "geometry": {"type": "LineString", "coordinates": [[8.767365011509412, 58.53282353213213, 0.0], [8.767599675134923, 58.53284213567194, 0.0], [8.767938162938252, 58.53282393335645, 0.0], [8.76920443928275, 58.53255576005689, 0.0], [8.770032304706312, 58.532447769298116, 0.0], [8.770639812828499, 58.532133935537765, 0.0], [8.771405130250919, 58.53193487434361, 0.0]]}, "properties": {"farge": "#fdae61", "elvenavn": null}}, {"type": "Feature", "geometry": {"type": "LineString", "coordinates": [[8.863932603552602, 58.53749657765056, 0.0], [8.864026933401895, 58.53758591346215, 0.0], [8.864170201525347, 58.53765234686085, 0.0], [8.864333882227392, 58.53766734217192, 0.0], [8.86451733385279, 58.537647547450256, 0.0], [8.865288946649118, 58.53735843462067, 0.0], [8.866098384884838, 58.53721500533598, 0.0], [8.866436193756932, 58.53719402600607, 0.0], [8.867292668775, 58.53721158102683, 0.0]]}, "properties": {"farge": "#2c7fb8", "elvenavn": "Molandselva"}}, {"type": "Feature", "geometry": {"type": "LineString", "coordinates": [[8.801164030217786, 58.583955162324074, 0.0], [8.801424923402015, 58.58362421265034, 0.0], [8.801530696292785, 58.58355581307456, 0.0], [8.801802784928963, 58.583450507298586, 0.0], [8.802012566061679, 58.583167728357644, 0.0]]}, "properties": {"farge": "#2c7fb8", "elvenavn": null}}, {"type": "Feature", "geometry": {"type": "LineString", "coordinates": [[8.842640639260196, 58.55356439243523, 0.0], [8.842315941808119, 58.55213630395998, 0.0], [8.841787260587564, 58.551369468199525, 0.0], [8.841226834360425, 58.550892225638805, 0.0], [8.840990830919443, 58.55076318111883, 0.0], [8.840476671667718, 58.55040631769866, 0.0], [8.840136747070334, 58.550223677884404, 0.0]]}, "properties": {"farge": "#2c7fb8", "elvenavn": null}}, {"type": "Feature", "geometry": {"type": "LineString", "coordinates": [[8.874361815021368, 58.53152671536607, 0.0], [8.874427735575807, 58.5312987173905, 0.0], [8.874599817931335, 58.53104415057431, 0.0], [8.876444686422106, 58.52999160222369, 0.0], [8.878393825885231, 58.52759076757522, 0.0]]}, "properties": {"farge": "#2c7fb8", "elvenavn": "Molandselva"}}, {"type": "Feature", "geometry": {"type": "LineString", "coordinates": [[8.798776084237046, 58.52693007531169, 0.0], [8.79891931561307, 58.52709258110229, 0.0], [8.798929291623507, 58.527269246495365, 0.0], [8.798978689512591, 58.52737134875806, 0.0]]}, "properties": {"farge": "#2c7fb8", "elvenavn": null}}, {"type": "Feature", "geometry": {"type": "LineString", "coordinates": [[8.734903395333573, 58.51504040325812, 0.0], [8.734901311842128, 58.515309847224245, 0.0], [8.73488381240819, 58.51535474002319, 0.0], [8.734795419793342, 58.51569578670404, 0.0], [8.734809908140491, 58.51603710004472, 0.0], [8.734721620424162, 58.516360230127745, 0.0], [8.734530476078577, 58.51667426884975, 0.0], [8.734340520556088, 58.51683544517373, 0.0]]}, "properties": {"farge": "#fdae61", "elvenavn": null}}, {"type": "Feature", "geometry": {"type": "LineString", "coordinates": [[8.776422302083242, 58.518262836840954, 0.0], [8.776457320416647, 58.51814620732406, 0.0], [8.776491839033811, 58.51812825469194, 0.0], [8.776849037396062, 58.517967323512764, 0.0], [8.77700825902454, 58.51789564085496, 0.0], [8.777473270050463, 58.51765395010216, 0.0], [8.777887060119108, 58.51736725988407, 0.0], [8.777700331662045, 58.51704361150868, 0.0], [8.777341736437721, 58.516746633162604, 0.0], [8.776999670270037, 58.5165484385284, 0.0], [8.776990409758222, 58.51651628833241, 0.0], [8.776922740588297, 58.51628110228423, 0.0], [8.776898956515922, 58.516197994305585, 0.0], [8.776916997926351, 58.51614781045925, 0.0], [8.776939510916563, 58.516085056249636, 0.0], [8.777021202068342, 58.51585686700694, 0.0], [8.776955212770861, 58.51544372236765, 0.0], [8.776938347183238, 58.51538076327582, 0.0]]}, "properties": {"farge": "#d7191c", "elvenavn": "Barbuvassdraget"}}, {"type": "Feature", "geometry": {"type": "LineString", "coordinates": [[8.504653270278663, 58.498946333399424, 0.0], [8.504670054482839, 58.49896439114134, 0.0], [8.504737374187242, 58.499063474505476, 0.0], [8.504867240198452, 58.499156548197156, 0.0], [8.5051280517355, 58.49934338051465, 0.0], [8.505178301582045, 58.499357283602315, 0.0], [8.505469084847888, 58.49943817551213, 0.0], [8.505535440580879, 58.4994552388018, 0.0], [8.505932190489721, 58.499547458748566, 0.0], [8.506325640211426, 58.49956096216394, 0.0], [8.506441497010679, 58.49946974444694, 0.0], [8.506444560593584, 58.49944765094568, 0.0], [8.50648259206321, 58.499174756636826, 0.0], [8.506494146869064, 58.49911985591916, 0.0], [8.506495988269199, 58.499110851640985, 0.0], [8.506504555078088, 58.499070211523374, 0.0], [8.506749140356979, 58.49889257326259, 0.0], [8.506773257806943, 58.498874792088394, 0.0]]}, "properties": {"farge": "#2c7fb8", "elvenavn": null}}, {"type": "Feature", "geometry": {"type": "LineString", "coordinates": [[8.50117433737462, 58.498027616015754, 0.0], [8.501183930896826, 58.49798982068725, 0.0], [8.501202655852298, 58.4978731310112, 0.0], [8.501203003729783, 58.497846215405694, 0.0], [8.501327990680295, 58.497505500167385, 0.0], [8.501607008880146, 58.49718315539632, 0.0], [8.501770753772528, 58.49715103549792, 0.0], [8.50183079289912, 58.49713904493337, 0.0], [8.501899611812412, 58.49712146549121, 0.0]]}, "properties": {"farge": "#2c7fb8", "elvenavn": null}}, {"type": "Feature", "geometry": {"type": "LineString", "coordinates": [[8.511452877511852, 58.49485890094394, 0.0], [8.511399698554381, 58.49498438086313, 0.0], [8.511369080016125, 58.49506515687967, 0.0], [8.511328493350657, 58.495172810264975, 0.0], [8.51125944149457, 58.49530595157625, 0.0], [8.511230536285552, 58.49536168305879, 0.0], [8.511155149838189, 58.49550765399785, 0.0], [8.511134597903782, 58.49553129172598, 0.0]]}, "properties": {"farge": "#2c7fb8", "elvenavn": null}}, {"type": "Feature", "geometry": {"type": "LineString", "coordinates": [[8.731274308821357, 58.5047401692158, 0.0], [8.73177021754616, 58.50497476825439, 0.0], [8.732002597183778, 58.50509738253724, 0.0], [8.732231683902572, 58.50521821387366, 0.0], [8.732724013443551, 58.50542768694925, 0.0], [8.732761916349805, 58.50544377400518, 0.0], [8.733378703927874, 58.505579911953625, 0.0], [8.733996532118693, 58.505563087249854, 0.0], [8.734529879111422, 58.50538460681726, 0.0], [8.734909689199352, 58.505088999964066, 0.0], [8.735026741590183, 58.50499350850091, 0.0], [8.735272291615473, 58.50479335966536, 0.0], [8.735331927281958, 58.50455708450804, 0.0], [8.735360706559161, 58.50444330894122, 0.0], [8.735517645356468, 58.50411129492021, 0.0], [8.736085315980125, 58.50391485760448, 0.0], [8.736665467789367, 58.50378234075741, 0.0], [8.73728674308573, 58.50389040155962, 0.0], [8.737427395189123, 58.503914041211175, 0.0], [8.737937952244192, 58.50399947485428, 0.0], [8.738313328746289, 58.50428767351769, 0.0], [8.738740419929536, 58.504558049842366, 0.0], [8.738979813535476, 58.504675230426145, 0.0]]}, "properties": {"farge": "#d7191c", "elvenavn": "Barbuvassdraget"}}, {"type": "Feature", "geometry": {"type": "LineString", "coordinates": [[8.726559396826076, 58.497590007529006, 0.0], [8.726515216759152, 58.497578293383384, 0.0], [8.726491074949829, 58.497571885329165, 0.0], [8.726302545459198, 58.4975266105098, 0.0], [8.726096797473435, 58.49747373598233, 0.0], [8.725703390894191, 58.497372656114315, 0.0], [8.725190431142753, 58.497138002670795, 0.0], [8.72491913915097, 58.49697275673983, 0.0], [8.724746491395734, 58.49686764865769, 0.0], [8.72430251026897, 58.49660620678966, 0.0], [8.724283075415183, 58.49658985256156, 0.0], [8.724216936360891, 58.49657012505601, 0.0]]}, "properties": {"farge": "#fdae61", "elvenavn": null}}, {"type": "Feature", "geometry": {"type": "LineString", "coordinates": [[8.791399341172802, 58.49378690433223, 0.0], [8.791416676953338, 58.493795851065705, 0.0], [8.791519201542789, 58.49385891478791, 0.0], [8.791929024340254, 58.49413799162383, 0.0], [8.792323907587614, 58.49412078259834, 0.0], [8.792873930439605, 58.49392397088984, 0.0], [8.793458061583449, 58.49378122442933, 0.0], [8.7939214771277, 58.493746084535445, 0.0], [8.794573202603557, 58.493783030693166, 0.0], [8.794916169124843, 58.49380156712629, 0.0], [8.794950391308918, 58.493801607012074, 0.0]]}, "properties": {"farge": "#2c7fb8", "elvenavn": "Songevassdraget"}}, {"type": "Feature", "geometry": {"type": "LineString", "coordinates": [[8.707515125340079, 58.489410850567175, 0.0], [8.706999847898336, 58.48948158040652, 0.0], [8.706498647684928, 58.48956777134229, 0.0], [8.70638150648301, 58.48958794175992, 0.0], [8.705814915400115, 58.489649385994035, 0.0], [8.705763558296962, 58.48964037284107, 0.0], [8.70548350281466, 58.48963964192125, 0.0], [8.705437767281467, 58.489639551336516, 0.0]]}, "properties": {"farge": "#fdae61", "elvenavn": null}}, {"type": "Feature", "geometry": {"type": "LineString", "coordinates": [[8.70280629375688, 58.4886595858193, 0.0], [8.702513947188589, 58.48852819367467, 0.0], [8.701966849927498, 58.48832039588907, 0.0], [8.701488638867845, 58.48807672294569, 0.0], [8.701437425038339, 58.48804970266569, 0.0], [8.70121567373638, 58.487905484561935, 0.0]]}, "properties": {"farge": "#fdae61", "elvenavn": null}}, {"type": "Feature", "geometry": {"type": "LineString", "coordinates": [[8.797247619952222, 58.49405671078696, 0.0], [8.797590638131927, 58.494051648227995, 0.0], [8.797796728210615, 58.4940485877719, 0.0], [8.798255426475725, 58.49400509845764, 0.0], [8.798448913342924, 58.493986746821015, 0.0], [8.799100961601406, 58.49395191217031, 0.0], [8.799770323717757, 58.493890177218155, 0.0], [8.800000037981079, 58.49385565932915, 0.0], [8.800422867752449, 58.493792232157155, 0.0], [8.80056775838238, 58.49374423467658, 0.0], [8.80059552875203, 58.49373504488168, 0.0], [8.800669712489997, 58.4937104549558, 0.0], [8.80081857549157, 58.49366138906383, 0.0], [8.800989978257329, 58.49360450050314, 0.0], [8.801283369359622, 58.49329065886477, 0.0], [8.80167947316671, 58.493003859380565, 0.0], [8.801771719194479, 58.492916026225316, 0.0], [8.801886718939159, 58.492806512461314, 0.0], [8.801921085437236, 58.49277071609462, 0.0]]}, "properties": {"farge": "#2c7fb8", "elvenavn": "Songevassdraget"}}, {"type": "Feature", "geometry": {"type": "LineString", "coordinates": [[8.80874747094373, 58.49294269434692, 0.0], [8.808575431356347, 58.493041256675774, 0.0], [8.808540996628876, 58.493050215458446, 0.0], [8.808094696652073, 58.49310352686526, 0.0], [8.807426126291476, 58.49303053307193, 0.0], [8.806790825703875, 58.493128447656346, 0.0], [8.806138884088176, 58.493145315396355, 0.0], [8.805503992618169, 58.49318930151129, 0.0], [8.804834663958879, 58.49324224221163, 0.0], [8.80418221628314, 58.49333102835806, 0.0], [8.803684432985719, 58.49340209186002, 0.0], [8.803341695581063, 58.49332973803289, 0.0], [8.802983366136859, 58.49301483331651, 0.0], [8.802605587850868, 58.492923758792365, 0.0], [8.802383542199756, 58.49287022005234, 0.0], [8.802252934591447, 58.49284623839145, 0.0], [8.80193803825462, 58.49278864814475, 0.0], [8.801921085437236, 58.49277071609462, 0.0]]}, "properties": {"farge": "#2c7fb8", "elvenavn": null}}, {"type": "Feature", "geometry": {"type": "LineString", "coordinates": [[8.7848820010597, 58.49119033071477, 0.0], [8.78491578296177, 58.49085723809917, 0.0], [8.784866411446384, 58.490515870513846, 0.0], [8.784866541172406, 58.490488950340335, 0.0], [8.784850375637896, 58.49031823045963, 0.0], [8.7848507412608, 58.49027349084052, 0.0]]}, "properties": {"farge": "#2c7fb8", "elvenavn": null}}, {"type": "Feature", "geometry": {"type": "LineString", "coordinates": [[8.78000451856287, 58.488604748760345, 0.0], [8.780065094551928, 58.48871017915636, 0.0], [8.780295503297031, 58.488892674627515, 0.0], [8.780531966891017, 58.48893443733505, 0.0], [8.780758453767373, 58.48897427335572, 0.0], [8.781376378097674, 58.48897533462363, 0.0], [8.78207091493861, 58.48905738662655, 0.0], [8.7828426989341, 58.48915967150431, 0.0], [8.784031800905375, 58.489517557140154, 0.0]]}, "properties": {"farge": "#2c7fb8", "elvenavn": "Songevassdraget"}}, {"type": "Feature", "geometry": {"type": "LineString", "coordinates": [[8.662436128242437, 58.4860220390409, 0.0], [8.66246995717283, 58.486067037556275, 0.0], [8.662554833538328, 58.48617500059714, 0.0], [8.662571614925843, 58.48620204150943, 0.0], [8.662894868409884, 58.48648123794142, 0.0], [8.663106007542329, 58.486531064206744, 0.0], [8.663510986127115, 58.48662652561822, 0.0], [8.664040452005146, 58.48685253589874, 0.0], [8.664587291315266, 58.48706049132185, 0.0], [8.665118239072443, 58.48713373055655, 0.0], [8.665187840907096, 58.48705314983914, 0.0], [8.665601929101157, 58.486775648112896, 0.0], [8.665999190658438, 58.48648938573001, 0.0], [8.666447350721594, 58.48622122558142, 0.0], [8.66682775177105, 58.48591683318833, 0.0], [8.667378315125381, 58.48554728802246, 0.0], [8.667140906323851, 58.48529541367407, 0.0], [8.667863069666957, 58.48504595876111, 0.0], [8.668554540099297, 58.484681678776525, 0.0], [8.66886620574302, 58.48436820241902, 0.0], [8.669040918197162, 58.484027407187725, 0.0], [8.669112672639201, 58.48368628547356, 0.0], [8.669098972565951, 58.48332697099739, 0.0], [8.669079024130065, 58.483177466923635, 0.0], [8.66905089290471, 58.48296757472028, 0.0], [8.669097778099264, 58.48281651769277, 0.0], [8.669157023678524, 58.482626534707705, 0.0], [8.66939567619005, 58.482466783393306, 0.0], [8.669418941326406, 58.482451273869714, 0.0], [8.669571164939546, 58.48234920548928, 0.0], [8.669899927163435, 58.48204468013629, 0.0], [8.670331244771267, 58.48176738898661, 0.0], [8.670779357415315, 58.48151704690445, 0.0], [8.671244823088978, 58.481266752162135, 0.0], [8.671590578715534, 58.48096225413533, 0.0], [8.6716079836619, 58.48093537622464, 0.0], [8.67209591415095, 58.4806596222809, 0.0], [8.672223458536344, 58.48058749144546, 0.0], [8.671885631919945, 58.48008405886075, 0.0], [8.671750859154866, 58.47983232139375, 0.0], [8.671618002437997, 58.47973955157743, 0.0], [8.671516938635136, 58.479668800448174, 0.0], [8.671451587299368, 58.47931827739727, 0.0], [8.671400854894687, 58.47920399570878, 0.0], [8.671357406694879, 58.47910556571725, 0.0], [8.671300374537038, 58.478976651824375, 0.0], [8.671132163338383, 58.47863490471263, 0.0], [8.670929425078516, 58.47831108136602, 0.0], [8.670837398358186, 58.47825887996079, 0.0], [8.670468895737526, 58.47804942354258, 0.0], [8.670025482781973, 58.47779680747309, 0.0], [8.669774590260964, 58.477517880384234, 0.0], [8.669893262646832, 58.47723960605982, 0.0], [8.669923634846233, 58.477213280633556, 0.0], [8.67024518481082, 58.47693316643289, 0.0], [8.670273748763735, 58.4769082824681, 0.0], [8.670601614483857, 58.47668459030818, 0.0], [8.67103205422572, 58.47650605587684, 0.0], [8.671635109745964, 58.47619322652348, 0.0], [8.671670068906193, 58.47612146543173, 0.0], [8.671756528855656, 58.476042527683724, 0.0], [8.671963915472702, 58.47585276487537, 0.0], [8.67201561282659, 58.475834970311276, 0.0], [8.672031692794018, 58.4758268502037, 0.0]]}, "properties": {"farge": "#fdae61", "elvenavn": null}}, {"type": "Feature", "geometry": {"type": "LineString", "coordinates": [[8.682209479658788, 58.474818789602644, 0.0], [8.682244282807096, 58.474764941188695, 0.0], [8.682261692380619, 58.47473797234332, 0.0], [8.682538772004104, 58.47442438050233, 0.0], [8.682696052993062, 58.47409243741774, 0.0], [8.682887759980943, 58.47375165863112, 0.0], [8.682905094147, 58.47373369231483, 0.0], [8.68294045771921, 58.47360800110919, 0.0], [8.682940835102261, 58.47358109089005, 0.0]]}, "properties": {"farge": "#2c7fb8", "elvenavn": "Lilleelva"}}, {"type": "Feature", "geometry": {"type": "LineString", "coordinates": [[8.508434516984869, 58.46899857669172, 0.0], [8.508521699161582, 58.468900048505716, 0.0], [8.508539067005687, 58.46887309717186, 0.0], [8.508646798538546, 58.468523306918705, 0.0], [8.508685991074145, 58.46817318671276, 0.0], [8.508674100078444, 58.46781389518572, 0.0], [8.508473172353778, 58.46747184088104, 0.0], [8.508528983053157, 58.467139679843626, 0.0], [8.508705139707812, 58.46679913169278, 0.0], [8.508829939484851, 58.46645831582314, 0.0], [8.508852133445616, 58.466108052588176, 0.0], [8.508856619591935, 58.465757790343865, 0.0], [8.508861786642543, 58.46540756270681, 0.0], [8.508918357976667, 58.465248658749985, 0.0], [8.50898669781863, 58.46505774485708, 0.0], [8.509025710413503, 58.46470761568681, 0.0], [8.50903082335936, 58.464348377655, 0.0], [8.509052706966841, 58.46400719654309, 0.0], [8.509173386837471, 58.46366905392106, 0.0], [8.509177610307953, 58.46365737834864, 0.0], [8.509196724362038, 58.46350485818401, 0.0]]}, "properties": {"farge": "#2c7fb8", "elvenavn": null}}, {"type": "Feature", "geometry": {"type": "LineString", "coordinates": [[8.540143856026269, 58.46938553169563, 0.0], [8.54000792957998, 58.469286242170234, 0.0], [8.5399737715002, 58.469268211473526, 0.0], [8.539565961933976, 58.46898826508638, 0.0], [8.539123838647443, 58.46871730077128, 0.0], [8.538664446016128, 58.46845518936866, 0.0], [8.538565585308499, 58.468374976963915, 0.0], [8.538308311084453, 58.468166412330646, 0.0], [8.537952090120472, 58.467868802434054, 0.0], [8.53752707900467, 58.46760680405169, 0.0], [8.537101903869301, 58.467344795755324, 0.0], [8.536745887998837, 58.46704710220756, 0.0], [8.536712038108677, 58.46702088929346, 0.0], [8.536372585789803, 58.46675835103288, 0.0], [8.53608545199146, 58.46643396527976, 0.0], [8.535849788946148, 58.46610083371053, 0.0], [8.535824893847698, 58.46606894852874, 0.0], [8.535596854673354, 58.46577655569892, 0.0], [8.535309793842499, 58.46546117891949, 0.0], [8.535037041788076, 58.46521462217353, 0.0], [8.534970916563736, 58.465154618546045, 0.0], [8.534563305762777, 58.464865655963514, 0.0], [8.534416522672103, 58.46476481913677, 0.0], [8.534155743135168, 58.46458579188863, 0.0], [8.53276965693195, 58.463662635380764, 0.0]]}, "properties": {"farge": "#2c7fb8", "elvenavn": null}}, {"type": "Feature", "geometry": {"type": "LineString", "coordinates": [[8.524174988825692, 58.466210786596285, 0.0], [8.524261890299673, 58.46613025022858, 0.0], [8.524279014907407, 58.466121300029364, 0.0], [8.524574906534799, 58.46579896474732, 0.0], [8.524955858790785, 58.46551309750257, 0.0], [8.525130040633368, 58.465307095254424, 0.0], [8.52515188382345, 58.46495690669785, 0.0], [8.5248960853819, 58.46485728816946, 0.0], [8.524263702818715, 58.46472011395763, 0.0], [8.524110854249487, 58.464652284903856, 0.0], [8.52395701737033, 58.464584225393466, 0.0], [8.523925774234367, 58.464359613539706, 0.0], [8.524323877770115, 58.464073897425884, 0.0], [8.524465671733202, 58.46372393448701, 0.0], [8.524539039064308, 58.463374015784304, 0.0], [8.524715053443996, 58.46303326373638, 0.0], [8.524740403455146, 58.4629173600758, 0.0], [8.5247878628789, 58.46270124183683, 0.0], [8.524660331900057, 58.462486997393725, 0.0]]}, "properties": {"farge": "#2c7fb8", "elvenavn": null}}, {"type": "Feature", "geometry": {"type": "LineString", "coordinates": [[8.717223991218296, 58.468308477580074, 0.0], [8.717596648321782, 58.468269160771506, 0.0], [8.71772786440986, 58.46815267942726, 0.0], [8.718029659728975, 58.46788418645151, 0.0], [8.718424536870264, 58.46780714375844, 0.0], [8.718766163872505, 58.467740451064685, 0.0], [8.719043277532274, 58.46770093678633, 0.0], [8.719522630247145, 58.467792402902745, 0.0], [8.71976647023318, 58.46790417388259, 0.0], [8.72003496439318, 58.46802706259639, 0.0], [8.720599097191727, 58.46822589981915, 0.0], [8.721128757105868, 58.46844258353382, 0.0], [8.721658642360573, 58.468650359974866, 0.0], [8.72229208003661, 58.468741550173796, 0.0], [8.722807279620255, 58.468634741119274, 0.0]]}, "properties": {"farge": "#2c7fb8", "elvenavn": "Biebekken"}}, {"type": "Feature", "geometry": {"type": "LineString", "coordinates": [[8.53356559852778, 58.457371439098345, 0.0], [8.533835464275585, 58.45769577000796, 0.0], [8.5342259257493, 58.45797567273508, 0.0], [8.53468515239472, 58.458237797034485, 0.0], [8.535092723911848, 58.45852657942188, 0.0], [8.53548310903639, 58.45881539124938, 0.0], [8.535824783223605, 58.458897536737524, 0.0], [8.536064351382736, 58.4589163258461, 0.0]]}, "properties": {"farge": "#fdae61", "elvenavn": null}}, {"type": "Feature", "geometry": {"type": "LineString", "coordinates": [[8.712127277337737, 58.462369185944546, 0.0], [8.712332411383136, 58.46244151287211, 0.0], [8.71275863864068, 58.462711955251784, 0.0], [8.712803006284888, 58.46275592661701, 0.0], [8.71285322874731, 58.46280558969976, 0.0], [8.713651116824238, 58.46359550375005, 0.0], [8.71413398178481, 58.4641293627308, 0.0], [8.714203405425591, 58.46420617740147, 0.0], [8.715141104653538, 58.46484188018034, 0.0], [8.715557746772417, 58.46510542428542, 0.0], [8.715994702313498, 58.465255588128734, 0.0], [8.716291259721514, 58.46588494831816, 0.0], [8.71633543333246, 58.467168751107366, 0.0]]}, "properties": {"farge": "#2c7fb8", "elvenavn": "Biebekken"}}, {"type": "Feature", "geometry": {"type": "LineString", "coordinates": [[8.726973143865047, 58.466380502376396, 0.0], [8.727146395788726, 58.46616520937371, 0.0], [8.727525712620407, 58.46586060584631, 0.0], [8.727922217778197, 58.46557422657339, 0.0], [8.728318531335212, 58.46529657263616, 0.0], [8.728612540434886, 58.46497391020404, 0.0], [8.728957405988819, 58.46467823935055, 0.0], [8.729302668671618, 58.464373581292094, 0.0], [8.72934248230579, 58.46433834059965, 0.0], [8.729562028219632, 58.46414467971966, 0.0], [8.729647925248434, 58.46406892218597, 0.0], [8.729886559965097, 58.463874216283635, 0.0], [8.730010124271086, 58.46377328910007, 0.0], [8.730093035809467, 58.46368729817875, 0.0], [8.730303825949791, 58.46346853037599, 0.0], [8.730614239069746, 58.46320872015937, 0.0], [8.730924708047667, 58.46316883685955, 0.0], [8.731094646868723, 58.46314691457967, 0.0], [8.731369196693212, 58.46312048797599, 0.0], [8.731628688834105, 58.46278874176466, 0.0], [8.73189773244275, 58.46283256036116, 0.0], [8.7322449792063, 58.462888860181955, 0.0], [8.732296118816146, 58.4628979430476, 0.0], [8.73248462804667, 58.46294330351485, 0.0], [8.732535938174454, 58.462952394644, 0.0]]}, "properties": {"farge": "#2c7fb8", "elvenavn": "Biebekken"}}, {"type": "Feature", "geometry": {"type": "LineString", "coordinates": [[8.694918755805126, 58.46045246375246, 0.0], [8.694936092943143, 58.46043440628636, 0.0], [8.694988363040274, 58.460335755951604, 0.0], [8.69498837363367, 58.460308917960155, 0.0], [8.6950085073341, 58.45998550776393, 0.0], [8.695001898160129, 58.45996203563838, 0.0], [8.694998532465338, 58.45995016146655, 0.0], [8.694908741120772, 58.45963501591413, 0.0], [8.694908922081616, 58.459608186329135, 0.0], [8.69480709841388, 58.459491033869725, 0.0], [8.69477310869627, 58.459464048961095, 0.0]]}, "properties": {"farge": "#2c7fb8", "elvenavn": "Lilleelva"}}, {"type": "Feature", "geometry": {"type": "LineString", "coordinates": [[8.646585374940612, 58.45559510230402, 0.0], [8.646721893094705, 58.455658273312665, 0.0], [8.646755908656072, 58.455676357053, 0.0], [8.646993948373614, 58.455892555118496, 0.0], [8.64726469700854, 58.45621665704031, 0.0], [8.647860426318237, 58.45639732143924, 0.0], [8.64842639954861, 58.456579115301686, 0.0], [8.648869394392621, 58.45683179873957, 0.0], [8.64932940723434, 58.457102529007976, 0.0], [8.649669059906842, 58.457408794707916, 0.0], [8.649888586847718, 58.45774169201669, 0.0], [8.650000043629719, 58.45787125267841, 0.0], [8.65015961234028, 58.458056883788224, 0.0], [8.650379163778767, 58.45838969113984, 0.0], [8.650598532715163, 58.458722578982396, 0.0], [8.650818059796562, 58.45905556424669, 0.0], [8.651071792845885, 58.459388537687346, 0.0], [8.651377115149566, 58.45971281596178, 0.0], [8.651596687564373, 58.46004562159439, 0.0], [8.651697915928775, 58.4601985394654, 0.0], [8.651833272197765, 58.46037846146727, 0.0], [8.652002929620863, 58.46054738841043, 0.0], [8.652018953017846, 58.46056331559759, 0.0], [8.652104728069297, 58.46064872662939, 0.0], [8.652428616099721, 58.46083819549564, 0.0], [8.652493338544136, 58.46091553511225, 0.0], [8.652699621068544, 58.461162295907016, 0.0], [8.652815305270657, 58.461288550932714, 0.0], [8.652987891804145, 58.461477436211844, 0.0], [8.653190212391527, 58.46181928843818, 0.0], [8.653272385225442, 58.46216976232301, 0.0], [8.65347471214837, 58.46251161420976, 0.0], [8.653848957506053, 58.46280004024727, 0.0], [8.65403427649498, 58.4631238436641, 0.0], [8.653980121564857, 58.46316762752599, 0.0], [8.653878733390929, 58.463249234422705, 0.0], [8.653333422470624, 58.46329167757977, 0.0], [8.65320965020921, 58.46330129054273, 0.0], [8.65308984431211, 58.463310830229425, 0.0], [8.65281748039698, 58.46333233511665, 0.0], [8.65266089131514, 58.463344730441236, 0.0], [8.652100696703474, 58.46335067295842, 0.0], [8.65199236956968, 58.46335186545951, 0.0], [8.651929796729457, 58.46336046498005, 0.0], [8.651836006436096, 58.46337345769741, 0.0], [8.651357516034535, 58.46343983766192, 0.0], [8.650704859137475, 58.4635549324704, 0.0], [8.650069730008823, 58.46365198141441, 0.0], [8.649434581404646, 58.46374911640041, 0.0], [8.649145452298642, 58.463768249169824, 0.0], [8.648782917113474, 58.46379219842354, 0.0], [8.64816628657614, 58.46371867234152, 0.0], [8.64787453393463, 58.46361275041572, 0.0]]}, "properties": {"farge": "#d7191c", "elvenavn": null}}, {"type": "Feature", "geometry": {"type": "LineString", "coordinates": [[8.574314124298517, 58.44632216073123, 0.0], [8.57448126761527, 58.446663925827, 0.0], [8.574528166055995, 58.44702341984631, 0.0], [8.574528303307368, 58.447041441099586, 0.0], [8.5745100799011, 58.44712221931275, 0.0], [8.57450962112735, 58.44714912768156, 0.0]]}, "properties": {"farge": "#fdae61", "elvenavn": null}}, {"type": "Feature", "geometry": {"type": "LineString", "coordinates": [[8.539581716524983, 58.44811526019473, 0.0], [8.539449098614922, 58.44777347392527, 0.0], [8.539419322740798, 58.447432116186086, 0.0], [8.539385160383743, 58.44717619745235, 0.0], [8.539372333150649, 58.447081600731906, 0.0], [8.539291497093771, 58.44673108434919, 0.0], [8.539277870265565, 58.446703372581695, 0.0], [8.53912454524252, 58.446389181863495, 0.0], [8.538975047732603, 58.4460383440058, 0.0], [8.538882805766372, 58.445889827941286, 0.0], [8.538773726569024, 58.44571424818133, 0.0], [8.538606783956915, 58.44537234518548, 0.0], [8.538316300206015, 58.44514065733662, 0.0], [8.538233762222843, 58.44507477976769, 0.0], [8.538156974144615, 58.44498793546148, 0.0], [8.537946604239359, 58.444750392193455, 0.0], [8.537949822651944, 58.44452572860838, 0.0], [8.538057188055229, 58.44417581693407, 0.0], [8.538215445298144, 58.443862078312755, 0.0]]}, "properties": {"farge": "#fdae61", "elvenavn": null}}, {"type": "Feature", "geometry": {"type": "LineString", "coordinates": [[8.638663058096494, 58.44609753281722, 0.0], [8.638595378067798, 58.446025441099, 0.0], [8.638459662130225, 58.44588132987008, 0.0], [8.638442900514903, 58.44585437569123, 0.0], [8.638137710041708, 58.445539162386375, 0.0], [8.637935535276128, 58.44520629288012, 0.0], [8.6376304395201, 58.444900089432785, 0.0], [8.637256527480382, 58.44461153236706, 0.0], [8.637005126831898, 58.444426169627576, 0.0], [8.63686560499601, 58.44432302718593, 0.0], [8.63644074524707, 58.44397158427358, 0.0], [8.63612247406318, 58.44394194552861, 0.0], [8.635749974785782, 58.4439072619878, 0.0]]}, "properties": {"farge": "#2c7fb8", "elvenavn": null}}, {"type": "Feature", "geometry": {"type": "LineString", "coordinates": [[8.648102538277893, 58.4461058284293, 0.0], [8.648136876610467, 58.44608790178608, 0.0], [8.648360606231835, 58.44597176504938, 0.0], [8.64837974066866, 58.44596190870691, 0.0], [8.648412522826677, 58.445944985399535, 0.0], [8.648894655031956, 58.445694800542874, 0.0], [8.649254357475836, 58.44557056287158, 0.0], [8.649461988190632, 58.445498746848564, 0.0], [8.64990866121127, 58.44537423840796, 0.0], [8.650000058529765, 58.44529538168386, 0.0], [8.65001229226522, 58.44528473170722, 0.0], [8.650169959343375, 58.4449259131552, 0.0], [8.650447237943247, 58.4446123997033, 0.0], [8.650465657271535, 58.444550449605444, 0.0], [8.650503060748589, 58.444423425191026, 0.0], [8.650516381263806, 58.44437847275912, 0.0]]}, "properties": {"farge": "#d7191c", "elvenavn": null}}, {"type": "Feature", "geometry": {"type": "LineString", "coordinates": [[8.650516381263806, 58.44437847275912, 0.0], [8.650606660309748, 58.444073807083306, 0.0], [8.65088567324862, 58.44358060831924, 0.0], [8.651127652738237, 58.44335675567578, 0.0], [8.651131147094526, 58.44301540074141, 0.0], [8.651202948038799, 58.44267437915287, 0.0], [8.651172249285924, 58.442315022613755, 0.0], [8.65163731161096, 58.44206479159681, 0.0], [8.652115006754485, 58.44189381416291, 0.0], [8.65213574506264, 58.441886468846484, 0.0]]}, "properties": {"farge": "#2c7fb8", "elvenavn": null}}, {"type": "Feature", "geometry": {"type": "LineString", "coordinates": [[8.62008752190069, 58.44019688419663, 0.0], [8.620121614858933, 58.440205882929675, 0.0], [8.620446521536111, 58.44026967011805, 0.0], [8.62072144755559, 58.440189733142304, 0.0], [8.620706772540569, 58.43994716750824, 0.0], [8.620658853784741, 58.43988758060402, 0.0], [8.620453482531273, 58.43963197603607, 0.0], [8.620455602325864, 58.439425555976534, 0.0], [8.62040554928957, 58.43929074559579, 0.0], [8.619904867269337, 58.43916872893532, 0.0], [8.619807641177829, 58.43914513726121, 0.0], [8.619816894929702, 58.439078138611904, 0.0], [8.61984489919221, 58.43887580378764, 0.0], [8.619711427103727, 58.438525165303375, 0.0], [8.619510256495905, 58.43831930608591, 0.0], [8.619491266929813, 58.438299983389996, 0.0], [8.619339518680817, 58.43808398366269, 0.0], [8.618914375775264, 58.43788098272802, 0.0], [8.618962347033044, 58.4376812669452, 0.0], [8.618967285215504, 58.43766070796581, 0.0], [8.61840130486975, 58.437730869509224, 0.0], [8.618075990279339, 58.437711999903264, 0.0], [8.6174609306194, 58.43760236015402, 0.0], [8.6172393225048, 58.43749391989237, 0.0], [8.617242518948665, 58.43719757493367, 0.0], [8.61780936343926, 58.43703757384494, 0.0], [8.618016075646818, 58.43693027589358, 0.0], [8.617895816030362, 58.436890760179665, 0.0]]}, "properties": {"farge": "#2c7fb8", "elvenavn": null}}, {"type": "Feature", "geometry": {"type": "LineString", "coordinates": [[8.642642187308418, 58.43550148730017, 0.0], [8.643035320819015, 58.43557446784676, 0.0], [8.643426626932351, 58.43585396794082, 0.0], [8.643681259369757, 58.4360611856124, 0.0], [8.643712031464874, 58.436402626926146, 0.0], [8.6436220976149, 58.436739140865036, 0.0], [8.643533882891935, 58.43709366353463, 0.0], [8.643256491352375, 58.4374163430578, 0.0], [8.642998080095197, 58.43757721734369, 0.0], [8.642686208982063, 58.43791763382889, 0.0], [8.642601749515482, 58.437945853093154, 0.0], [8.642348167773195, 58.438030680584646, 0.0], [8.642153452557634, 58.438095831713554, 0.0], [8.642117499157933, 58.43810088677144, 0.0], [8.64127871086134, 58.438219081702655, 0.0], [8.640868538611949, 58.438146148739605, 0.0], [8.640719804838167, 58.4381679238079, 0.0], [8.640628243211202, 58.4381812874747, 0.0], [8.640268353085983, 58.43820722753346, 0.0]]}, "properties": {"farge": "#2c7fb8", "elvenavn": null}}, {"type": "Feature", "geometry": {"type": "LineString", "coordinates": [[8.59719808094666, 58.43318422513825, 0.0], [8.59741777941839, 58.43343644883568, 0.0], [8.597722595707122, 58.43374274856431, 0.0], [8.59799289619825, 58.43406695205977, 0.0], [8.59828063638478, 58.43436428768879, 0.0], [8.598568952554558, 58.434607609539846, 0.0], [8.598806733631143, 58.43478805052043, 0.0], [8.598805205099039, 58.43490479434412, 0.0], [8.598873001193734, 58.434976646013745, 0.0], [8.598829410596318, 58.43501886516956, 0.0], [8.59873428128121, 58.435111101342784, 0.0], [8.598718215924622, 58.435380144923776, 0.0], [8.598713379719474, 58.43546132553029, 0.0], [8.59879633128017, 58.43555933664268, 0.0]]}, "properties": {"farge": "#2c7fb8", "elvenavn": null}}, {"type": "Feature", "geometry": {"type": "LineString", "coordinates": [[8.54020166461518, 58.430801064376325, 0.0], [8.53999755857611, 58.430674540852955, 0.0], [8.539963887108904, 58.430647526164826, 0.0], [8.539874042733343, 58.430596321454914, 0.0], [8.539504982601308, 58.43038533723011, 0.0], [8.539286573672785, 58.43006118569953, 0.0], [8.539032646308737, 58.42983584944345, 0.0], [8.5389648124383, 58.42978170453024, 0.0]]}, "properties": {"farge": "#2c7fb8", "elvenavn": null}}, {"type": "Feature", "geometry": {"type": "LineString", "coordinates": [[8.627848579257563, 58.4319116932661, 0.0], [8.627694033811922, 58.43195612970703, 0.0], [8.62721195120361, 58.432206235494974, 0.0], [8.626730197346431, 58.43242041915598, 0.0], [8.626196959595248, 58.432634373036, 0.0], [8.625697868668059, 58.43286642181809, 0.0], [8.62521584779466, 58.433107517213315, 0.0], [8.62498617835112, 58.43319584589658, 0.0], [8.624682833029636, 58.43331255980763, 0.0], [8.624166718454218, 58.43352664038937, 0.0], [8.623650548626385, 58.43373152940936, 0.0], [8.62323796362893, 58.43390123912859, 0.0], [8.623134745904224, 58.43394571184173, 0.0], [8.622618450895216, 58.4341777012257, 0.0], [8.622463800028981, 58.434231133360164, 0.0]]}, "properties": {"farge": "#d7191c", "elvenavn": null}}, {"type": "Feature", "geometry": {"type": "LineString", "coordinates": [[8.54696204884402, 58.42707979819959, 0.0], [8.547221300376464, 58.42689212778602, 0.0], [8.547255777022528, 58.42686522693396, 0.0]]}, "properties": {"farge": "#2c7fb8", "elvenavn": null}}, {"type": "Feature", "geometry": {"type": "LineString", "coordinates": [[8.763119132889509, 58.43910378817092, 0.0], [8.763108806127226, 58.43908167030495, 0.0], [8.76310233062375, 58.43906784559914, 0.0], [8.762881876436909, 58.43872612211594, 0.0], [8.762610153536526, 58.43840233731214, 0.0], [8.762046291778718, 58.43819468639156, 0.0], [8.761585514760483, 58.43794235645076, 0.0], [8.761090539667064, 58.43769889081013, 0.0], [8.760595331563396, 58.43746450740131, 0.0], [8.760386989577077, 58.4373583287352, 0.0], [8.760332165621103, 58.437330524514095, 0.0], [8.760117538432986, 58.43722106642397, 0.0], [8.759834585425793, 58.43703415282652, 0.0], [8.759708214509002, 58.436950889783674, 0.0], [8.759350563239106, 58.43665378784612, 0.0], [8.758992886186894, 58.43635686357605, 0.0], [8.75863543292204, 58.43605967888423, 0.0], [8.758277783621823, 58.43576266354049, 0.0], [8.757920156132016, 58.435465558019004, 0.0], [8.757493872032832, 58.435195354724605, 0.0], [8.757033221304376, 58.43493400659247, 0.0], [8.756555185355893, 58.43468162293131, 0.0], [8.756146274198368, 58.43441136324324, 0.0], [8.755702849581166, 58.434141125676135, 0.0], [8.755311002639795, 58.433861880997455, 0.0], [8.754833163789772, 58.433609499694235, 0.0], [8.754730650179328, 58.433555405446214, 0.0], [8.75459440923639, 58.433483361383615, 0.0]]}, "properties": {"farge": "#2c7fb8", "elvenavn": null}}, {"type": "Feature", "geometry": {"type": "LineString", "coordinates": [[8.646153543373892, 58.4269249028431, 0.0], [8.646274371188573, 58.42682643923806, 0.0], [8.646568625661144, 58.42652188850202, 0.0], [8.646612493873729, 58.426452108797584, 0.0], [8.646777313825751, 58.42619011270656, 0.0], [8.646641490237535, 58.42608193988003, 0.0], [8.646146517767043, 58.42598210347532, 0.0], [8.64600918084987, 58.42595446358147, 0.0], [8.645633248357752, 58.42581731754133, 0.0], [8.645463316266119, 58.42575536083444, 0.0], [8.645412720769544, 58.42569240838212, 0.0], [8.645348456598853, 58.42563003651477, 0.0], [8.645337948590647, 58.42561978638676, 0.0], [8.645310802930453, 58.42559330688595, 0.0], [8.6453486589556, 58.425234026488255, 0.0], [8.645351198087488, 58.42519056093401, 0.0], [8.645369407636858, 58.42488389196102, 0.0], [8.645184580185616, 58.424533162324956, 0.0], [8.64544598466455, 58.424228870807745, 0.0], [8.645461658375469, 58.42421055693786, 0.0], [8.645242531961541, 58.423877664482745, 0.0], [8.645227636491247, 58.42380054712076, 0.0], [8.64519090978537, 58.42360967056899, 0.0], [8.645161151562027, 58.4234552573132, 0.0], [8.644856080630086, 58.42314006211552, 0.0], [8.644671032981845, 58.4228162500896, 0.0], [8.644860889814934, 58.42267303905963, 0.0], [8.644929356050188, 58.42265519159175, 0.0], [8.645170105645672, 58.422557114690626, 0.0]]}, "properties": {"farge": "#d7191c", "elvenavn": null}}, {"type": "Feature", "geometry": {"type": "LineString", "coordinates": [[8.663196137371525, 58.433473399051536, 0.0], [8.663144968242259, 58.43345527865734, 0.0], [8.662582021662518, 58.433220282989346, 0.0], [8.662327061770302, 58.43302200610187, 0.0], [8.662279006886816, 58.432671611270415, 0.0], [8.662212631511183, 58.43243703089148, 0.0], [8.662204429479559, 58.43240825343749, 0.0], [8.662179628016286, 58.43232110079128, 0.0], [8.662151009711954, 58.43221988873738, 0.0], [8.662080250897276, 58.43197059026404, 0.0], [8.662066623457452, 58.431611186327466, 0.0], [8.66191484083126, 58.43136840366094, 0.0], [8.661575315607823, 58.431062172694936, 0.0], [8.66157606249758, 58.43099141891595, 0.0], [8.661577850313467, 58.430801651275964, 0.0], [8.661597141796808, 58.430568170479475, 0.0], [8.661480610357456, 58.43021761822151, 0.0], [8.661535248623027, 58.429903392791715, 0.0], [8.662033051091997, 58.42975202638973, 0.0], [8.662343646689157, 58.42961514354406, 0.0], [8.662600507730929, 58.42950198199998, 0.0], [8.66248663727064, 58.42887299307508, 0.0], [8.662044648810117, 58.428548527666784, 0.0], [8.660576489335538, 58.42810457674235, 0.0], [8.660439971269874, 58.42803709497803, 0.0], [8.660320633945604, 58.427978121608305, 0.0], [8.660134203886047, 58.42777999905332, 0.0], [8.659895225190228, 58.42770751916967, 0.0], [8.65970732705424, 58.42766216300449, 0.0], [8.659704127497932, 58.42763327344206, 0.0], [8.659691556891573, 58.42751835694696, 0.0], [8.659622144960036, 58.42742061226034, 0.0], [8.6594551131609, 58.42718544440132, 0.0], [8.65920151145482, 58.42685248977925, 0.0], [8.658896141885444, 58.426555241101106, 0.0], [8.658857623911398, 58.4265355853548, 0.0], [8.65841905189886, 58.42631142731928, 0.0]]}, "properties": {"farge": "#d7191c", "elvenavn": "Kleppebekken"}}, {"type": "Feature", "geometry": {"type": "LineString", "coordinates": [[8.563862346828202, 58.41181580846076, 0.0], [8.563828246232495, 58.411797695649305, 0.0], [8.563590028766114, 58.41165606826488, 0.0], [8.563539384964711, 58.41162613224592, 0.0]]}, "properties": {"farge": "#2c7fb8", "elvenavn": null}}, {"type": "Feature", "geometry": {"type": "LineString", "coordinates": [[8.697311028693898, 58.41539789141231, 0.0], [8.697279889110392, 58.41536384171761, 0.0], [8.697022704062876, 58.41508284983348, 0.0], [8.696700171372154, 58.41477674569972, 0.0], [8.696394700420006, 58.41446166631647, 0.0], [8.69624552163476, 58.41427138429286, 0.0], [8.69614077396439, 58.41413769348895, 0.0], [8.69590376829817, 58.4138227512479, 0.0], [8.695701388950196, 58.413489884953044, 0.0], [8.695498897085136, 58.413148096531394, 0.0], [8.695296547049015, 58.41280649479849, 0.0], [8.695145205276578, 58.41246471007988, 0.0], [8.69501132988709, 58.41212315735138, 0.0], [8.695184687087508, 58.411854148588105, 0.0], [8.695717216779801, 58.41163980378857, 0.0], [8.695838287110805, 58.41150537640911, 0.0], [8.695704307741302, 58.41115481318648, 0.0], [8.695687865935438, 58.411082852249905, 0.0], [8.695858410619381, 58.410988334054316, 0.0], [8.695893472438504, 58.41096890105351, 0.0], [8.69594588698239, 58.41093978776775, 0.0]]}, "properties": {"farge": "#fdae61", "elvenavn": null}}, {"type": "Feature", "geometry": {"type": "LineString", "coordinates": [[8.701691202148263, 58.401405971759225, 0.0], [8.701912504989673, 58.40147984536335, 0.0], [8.702151960811637, 58.40155965773998, 0.0], [8.702663563104773, 58.401749443456524, 0.0], [8.7031750858596, 58.40197515748848, 0.0], [8.703361619511572, 58.402173308757824, 0.0], [8.703341252545478, 58.40236755687249, 0.0], [8.703324495094982, 58.402523436826, 0.0], [8.70333772867226, 58.40262009504332, 0.0], [8.70336850919349, 58.40284298424653, 0.0], [8.703372768695655, 58.40287381522563, 0.0], [8.70340721282571, 58.40293729652232, 0.0], [8.703443202437851, 58.40300364594923, 0.0], [8.7035581342535, 58.40321555615993, 0.0], [8.703756476519729, 58.40341104692002, 0.0], [8.703795705334114, 58.4034497270701, 0.0]]}, "properties": {"farge": "#2c7fb8", "elvenavn": null}}, {"type": "Feature", "geometry": {"type": "LineString", "coordinates": [[8.697948596580645, 58.40091213389118, 0.0], [8.698021588710827, 58.40091744925366, 0.0], [8.69829879419083, 58.40093780122625, 0.0], [8.698581085862278, 58.40095849376781, 0.0], [8.699231759855762, 58.4009062300978, 0.0], [8.699899496680047, 58.400844898657795, 0.0], [8.70017742327646, 58.400889958984166, 0.0], [8.700292446798663, 58.40090869547233, 0.0], [8.700752302196369, 58.40116122985302, 0.0], [8.700917527317278, 58.40120333773026, 0.0], [8.701061922300712, 58.40124009439781, 0.0], [8.701179062397609, 58.40127001205578, 0.0], [8.701571763012103, 58.40136972690503, 0.0], [8.701613598875795, 58.40138232864661, 0.0], [8.701691202148263, 58.401405971759225, 0.0]]}, "properties": {"farge": "#2c7fb8", "elvenavn": null}}, {"type": "Feature", "geometry": {"type": "LineString", "coordinates": [[8.75459440923639, 58.433483361383615, 0.0], [8.753760367331353, 58.43318246635568, 0.0], [8.75324917128326, 58.43315746311532, 0.0], [8.752832484838112, 58.4332600048941, 0.0], [8.752338627880581, 58.43313750696282, 0.0], [8.751731370311829, 58.43286194908877, 0.0], [8.751400782072116, 58.432612218172196, 0.0], [8.751372870548948, 58.43224207833265, 0.0], [8.751194708199435, 58.431926049216386, 0.0], [8.750652516175194, 58.43128489549463, 0.0], [8.750401549140232, 58.430719452817065, 0.0], [8.750385711899428, 58.43001800745728, 0.0], [8.750605321764438, 58.42957393379038, 0.0], [8.750988170520955, 58.42900263014123, 0.0], [8.751095326676984, 58.428663685259984, 0.0], [8.75116407683626, 58.428408907445956, 0.0], [8.751704589226485, 58.42800512004355, 0.0], [8.751807952890388, 58.42786760386135, 0.0]]}, "properties": {"farge": "#2c7fb8", "elvenavn": null}}, {"type": "Feature", "geometry": {"type": "LineString", "coordinates": [[8.784927263517423, 58.49739570793152, 0.0], [8.784751305116115, 58.49708958389612, 0.0], [8.784729155297008, 58.49656146578956, 0.0], [8.784729533995105, 58.496075163919464, 0.0]]}, "properties": {"farge": "#2c7fb8", "elvenavn": null}}, {"type": "Feature", "geometry": {"type": "LineString", "coordinates": [[8.71812708995667, 58.44295569716548, 0.0], [8.718710020518301, 58.44268453884836, 0.0], [8.719012670342547, 58.44230002499869, 0.0], [8.719522515360271, 58.441803077598024, 0.0], [8.719775673550638, 58.441545757753836, 0.0], [8.720186961963726, 58.441338254277724, 0.0], [8.720890712918266, 58.44106454761549, 0.0], [8.721421622884723, 58.44089795553719, 0.0], [8.721947681611583, 58.440762628614614, 0.0]]}, "properties": {"farge": "#2c7fb8", "elvenavn": null}}, {"type": "Feature", "geometry": {"type": "LineString", "coordinates": [[8.748416031132816, 58.50970573050572, 0.0], [8.7483643233387, 58.50928639347932, 0.0], [8.748406865697925, 58.50904806145593, 0.0], [8.748581975326397, 58.50887130382718, 0.0], [8.748792637074816, 58.508656216190715, 0.0], [8.74918065178926, 58.508377917599205, 0.0]]}, "properties": {"farge": "#d7191c", "elvenavn": null}}, {"type": "Feature", "geometry": {"type": "LineString", "coordinates": [[8.581013021955389, 58.44917346074654, 0.0], [8.58110591084981, 58.44911468663672, 0.0]]}, "properties": {"farge": "#fdae61", "elvenavn": null}}, {"type": "Feature", "geometry": {"type": "LineString", "coordinates": [[8.578682708509657, 58.43916035656802, 0.0], [8.578566128517673, 58.43935524075326, 0.0], [8.578296096927398, 58.439624990028705, 0.0], [8.578241855917497, 58.43992155249551, 0.0], [8.578340913117385, 58.44025375885929, 0.0], [8.57854337837946, 58.44060313559901, 0.0], [8.578381285513837, 58.440990048491095, 0.0], [8.578199670134852, 58.44119241398944, 0.0], [8.578452033347183, 58.44156026246556, 0.0], [8.578258119428256, 58.441829849682534, 0.0], [8.577891687389664, 58.441919166699186, 0.0], [8.577312556263207, 58.4417982580362, 0.0], [8.577047488947526, 58.44154150351562, 0.0], [8.576642846321413, 58.441465282793786, 0.0], [8.576263194523648, 58.44150205345031, 0.0], [8.575878478969274, 58.441566502170716, 0.0], [8.575730823127987, 58.44187432746936, 0.0], [8.575619312120883, 58.44227575404465, 0.0], [8.575492717249293, 58.44233822885926, 0.0]]}, "properties": {"farge": "#fdae61", "elvenavn": null}}, {"type": "Feature", "geometry": {"type": "LineString", "coordinates": [[8.602077976671067, 58.437833952389894, 0.0], [8.602101060266815, 58.43778384408844, 0.0]]}, "properties": {"farge": "#2c7fb8", "elvenavn": null}}, {"type": "Feature", "geometry": {"type": "LineString", "coordinates": [[8.65580665546746, 58.40977835792378, 0.0], [8.65574929827015, 58.409724719524284, 0.0]]}, "properties": {"farge": "#d7191c", "elvenavn": "Kleppebekken"}}, {"type": "Feature", "geometry": {"type": "LineString", "coordinates": [[8.65574929827015, 58.409724719524284, 0.0], [8.655605648099206, 58.40959038219385, 0.0], [8.65539818841131, 58.409345655053144, 0.0], [8.655138946044955, 58.40911363118112, 0.0], [8.654973699749481, 58.40885964253523, 0.0], [8.654852087409962, 58.40879665155732, 0.0], [8.65458746794331, 58.40868339007613, 0.0], [8.654471242328405, 58.40861859048601, 0.0], [8.65438665442622, 58.40854067312848, 0.0], [8.654349396591776, 58.40845339038166, 0.0], [8.654323838554784, 58.40827481737163, 0.0]]}, "properties": {"farge": "#2c7fb8", "elvenavn": "Kleppebekken"}}, {"type": "Feature", "geometry": {"type": "LineString", "coordinates": [[8.731364736210871, 58.51762867788656, 0.0], [8.731514255299894, 58.517561000972954, 0.0], [8.731686743987233, 58.517395686922605, 0.0], [8.731957460232985, 58.51728570002754, 0.0], [8.73206139528892, 58.517115005864845, 0.0], [8.732434257386226, 58.51690899625343, 0.0], [8.732787743686927, 58.51674648860707, 0.0], [8.733030858546346, 58.51640918217701, 0.0]]}, "properties": {"farge": "#fdae61", "elvenavn": "Lilleelva"}}, {"type": "Feature", "geometry": {"type": "LineString", "coordinates": [[8.606644020880758, 58.40618809875058, 0.0], [8.607379822309165, 58.406682772356234, 0.0]]}, "properties": {"farge": "#2c7fb8", "elvenavn": null}}, {"type": "Feature", "geometry": {"type": "LineString", "coordinates": [[8.78481260300234, 58.49495687809247, 0.0], [8.784626519219128, 58.49484176266395, 0.0], [8.784325250608845, 58.494834993219335, 0.0]]}, "properties": {"farge": "#2c7fb8", "elvenavn": null}}, {"type": "Feature", "geometry": {"type": "LineString", "coordinates": [[8.634111962067804, 58.44223153236349, 0.0], [8.634116902297114, 58.442395898568485, 0.0], [8.633982619165147, 58.44256109873031, 0.0]]}, "properties": {"farge": "#2c7fb8", "elvenavn": null}}, {"type": "Feature", "geometry": {"type": "LineString", "coordinates": [[8.511139180965525, 58.49397760475194, 0.0], [8.511033860307316, 58.494051412816816, 0.0], [8.511044135386227, 58.494115959478016, 0.0], [8.51111675323277, 58.494196158678065, 0.0], [8.5112100681227, 58.49436824141514, 0.0], [8.511215154960388, 58.4944572526052, 0.0], [8.511263679897924, 58.49453273082331, 0.0], [8.511380404153236, 58.49459821112905, 0.0], [8.511476614546421, 58.494671951251014, 0.0], [8.511551422555906, 58.494752291950356, 0.0], [8.511452877511852, 58.49485890094394, 0.0]]}, "properties": {"farge": "#2c7fb8", "elvenavn": null}}, {"type": "Feature", "geometry": {"type": "LineString", "coordinates": [[8.7848507412608, 58.49027349084052, 0.0], [8.784622596589056, 58.490032522091944, 0.0], [8.784662613550445, 58.48994960230938, 0.0], [8.784835566059092, 58.48977884941246, 0.0]]}, "properties": {"farge": "#2c7fb8", "elvenavn": null}}, {"type": "Feature", "geometry": {"type": "LineString", "coordinates": [[8.56736718630235, 58.421887023325155, 0.0], [8.567183451970182, 58.42184897574064, 0.0], [8.566817187037529, 58.42166075808656, 0.0], [8.566233421824995, 58.42133360980726, 0.0], [8.566107056081762, 58.421273259603375, 0.0], [8.565970733463999, 58.42122173890245, 0.0], [8.565808723387725, 58.42119297441558, 0.0], [8.565679362609291, 58.4211416448555, 0.0], [8.56530447409942, 58.42084390822509, 0.0], [8.565247414342764, 58.42075941102561, 0.0], [8.56508949629115, 58.42060056837661, 0.0], [8.564822912157995, 58.42048902805779, 0.0], [8.564674792374896, 58.42044441862925, 0.0], [8.564370662930976, 58.42036273862936, 0.0], [8.564210042667213, 58.42033244052295, 0.0], [8.563876044627943, 58.42029564521996, 0.0], [8.563537325226166, 58.420273502646786, 0.0], [8.56285931835972, 58.420317544617355, 0.0], [8.56219778041192, 58.420407519289604, 0.0], [8.56202899223067, 58.42039431566775, 0.0], [8.561880258711987, 58.42035984021349, 0.0], [8.561140312215468, 58.41998755403599, 0.0], [8.561026529618541, 58.41992071193122, 0.0], [8.560722213441297, 58.41970431678058, 0.0], [8.560369100425614, 58.419511056855896, 0.0], [8.56020990210869, 58.41935246966556, 0.0], [8.560033192663415, 58.41919898681321, 0.0], [8.559933543377591, 58.41912616872452, 0.0], [8.559710193521568, 58.41899052205037, 0.0], [8.55946474900369, 58.41886573170432, 0.0], [8.559094293233052, 58.418565118453095, 0.0], [8.558770188774213, 58.418356889715334, 0.0], [8.558422468718133, 58.418159303857486, 0.0], [8.558174229249692, 58.41803608554195, 0.0], [8.557256798210496, 58.41763340636221, 0.0]]}, "properties": {"farge": "#2c7fb8", "elvenavn": null}}, {"type": "Feature", "geometry": {"type": "LineString", "coordinates": [[8.550994207878508, 58.419702147840106, 0.0], [8.551201458226554, 58.41965348426594, 0.0], [8.551349455426504, 58.41969291648814, 0.0], [8.55163142249431, 58.41979411256407, 0.0], [8.551778028551627, 58.41983806232095, 0.0], [8.552120389207506, 58.41983686627128, 0.0], [8.552285652652046, 58.419844140490724, 0.0], [8.552911326772897, 58.41998916790418, 0.0]]}, "properties": {"farge": "#2c7fb8", "elvenavn": null}}, {"type": "Feature", "geometry": {"type": "LineString", "coordinates": [[8.56619453866312, 58.41144655325868, 0.0], [8.566018361436422, 58.411547064917684, 0.0], [8.565894666189056, 58.411606697344965, 0.0], [8.565383629891507, 58.41182943914129, 0.0], [8.56508337030817, 58.411915315359714, 0.0], [8.564925336009747, 58.41194389526285, 0.0], [8.564586312881348, 58.41192567652302, 0.0], [8.564421531090476, 58.411906578026496, 0.0], [8.564123628197251, 58.41181913278996, 0.0], [8.56398002053343, 58.41182674865074, 0.0], [8.563862346828202, 58.41181580846076, 0.0]]}, "properties": {"farge": "#2c7fb8", "elvenavn": null}}, {"type": "Feature", "geometry": {"type": "LineString", "coordinates": [[8.631737216679712, 58.444928276952496, 0.0], [8.63170165598936, 58.444842012742846, 0.0], [8.631723543081876, 58.44466303828223, 0.0], [8.631765418543292, 58.44448534600616, 0.0], [8.63181771501132, 58.444400393066076, 0.0], [8.631917167883254, 58.44432820135483, 0.0], [8.632041219512134, 58.44426652650439, 0.0], [8.632457739550505, 58.444109837192286, 0.0], [8.632581480890629, 58.44405068719145, 0.0], [8.633233205312187, 58.44363534327163, 0.0], [8.63336390091214, 58.443577821838794, 0.0], [8.633535502151368, 58.44352312749011, 0.0]]}, "properties": {"farge": "#2c7fb8", "elvenavn": null}}, {"type": "Feature", "geometry": {"type": "LineString", "coordinates": [[8.638958032303949, 58.44651180253586, 0.0], [8.638848727965456, 58.446443379683735, 0.0], [8.6387593085321, 58.446367709613504, 0.0], [8.63870434108776, 58.446284571297326, 0.0], [8.638663058096494, 58.44609753281722, 0.0]]}, "properties": {"farge": "#2c7fb8", "elvenavn": null}}, {"type": "Feature", "geometry": {"type": "LineString", "coordinates": [[8.647403335816424, 58.446844530588216, 0.0], [8.64746467496792, 58.446668849259176, 0.0], [8.647508594460481, 58.44658226923166, 0.0], [8.647575512608539, 58.446501572317885, 0.0], [8.64769606920646, 58.44643826435197, 0.0], [8.647871778484118, 58.44628479001284, 0.0], [8.647980760173095, 58.44621886976701, 0.0], [8.648102538277893, 58.4461058284293, 0.0]]}, "properties": {"farge": "#d7191c", "elvenavn": null}}, {"type": "Feature", "geometry": {"type": "LineString", "coordinates": [[8.547479611121915, 58.431794645741235, 0.0], [8.547532512195916, 58.43161870282207, 0.0], [8.547550380887927, 58.43126053000912, 0.0], [8.547600962644886, 58.431084033027034, 0.0], [8.54756968345984, 58.43100044085277, 0.0], [8.547410057812094, 58.43088059171023, 0.0]]}, "properties": {"farge": "#2c7fb8", "elvenavn": null}}, {"type": "Feature", "geometry": {"type": "LineString", "coordinates": [[8.744012901489423, 58.42255037227492, 0.0], [8.743987696300692, 58.42250513581892, 0.0]]}, "properties": {"farge": "#2c7fb8", "elvenavn": null}}, {"type": "Feature", "geometry": {"type": "LineString", "coordinates": [[8.730881477504967, 58.51764744188018, 0.0], [8.731102647832607, 58.51761082662387, 0.0]]}, "properties": {"farge": "#fdae61", "elvenavn": "Lilleelva"}}, {"type": "Feature", "geometry": {"type": "LineString", "coordinates": [[8.74918065178926, 58.508377917599205, 0.0], [8.749751872924673, 58.5080246591813, 0.0]]}, "properties": {"farge": "#d7191c", "elvenavn": null}}, {"type": "Feature", "geometry": {"type": "LineString", "coordinates": [[8.5484206861139, 58.44867651961645, 0.0], [8.547786645482597, 58.44824325959672, 0.0]]}, "properties": {"farge": "#fdae61", "elvenavn": null}}, {"type": "Feature", "geometry": {"type": "LineString", "coordinates": [[8.549058499393396, 58.41711758176694, 0.0], [8.549574675612135, 58.41690648267949, 0.0], [8.549863461757118, 58.41680926716412, 0.0]]}, "properties": {"farge": "#2c7fb8", "elvenavn": "elv fra Røynevatnet"}}, {"type": "Feature", "geometry": {"type": "LineString", "coordinates": [[8.555418798334111, 58.41644133944202, 0.0], [8.554727382680873, 58.4159293008453, 0.0], [8.554194053610017, 58.4155793721605, 0.0], [8.55363688994082, 58.415127859431266, 0.0], [8.553382693801757, 58.41494227461, 0.0], [8.553571280146489, 58.4145975762951, 0.0], [8.553652318189233, 58.41442338981429, 0.0], [8.553881079377698, 58.41380739018968, 0.0], [8.553961334351026, 58.413451306113416, 0.0], [8.554024342766137, 58.413369098837215, 0.0]]}, "properties": {"farge": "#2c7fb8", "elvenavn": null}}, {"type": "Feature", "geometry": {"type": "LineString", "coordinates": [[8.74776072780499, 58.53884892339289, 0.0], [8.74774780419668, 58.53872204025748, 0.0], [8.747886856985007, 58.53866591939487, 0.0]]}, "properties": {"farge": "#2c7fb8", "elvenavn": null}}, {"type": "Feature", "geometry": {"type": "LineString", "coordinates": [[8.55337060379974, 58.4466436654307, 0.0], [8.552629743742624, 58.44731716401456, 0.0]]}, "properties": {"farge": "#fdae61", "elvenavn": null}}, {"type": "Feature", "geometry": {"type": "LineString", "coordinates": [[8.558782937237059, 58.43730854031017, 0.0], [8.558882062769765, 58.437480324276684, 0.0], [8.559038425868488, 58.43762136302251, 0.0]]}, "properties": {"farge": "#fdae61", "elvenavn": null}}, {"type": "Feature", "geometry": {"type": "LineString", "coordinates": [[8.739504542190035, 58.52187566490512, 0.0], [8.739530330166364, 58.521619620175265, 0.0], [8.739617736679902, 58.52144651575486, 0.0], [8.739664886855248, 58.52117931542333, 0.0]]}, "properties": {"farge": "#fdae61", "elvenavn": null}}, {"type": "Feature", "geometry": {"type": "LineString", "coordinates": [[8.734340520556088, 58.51683544517373, 0.0], [8.734490322030434, 58.516931797317405, 0.0], [8.734422129513677, 58.51699389456644, 0.0], [8.734296318321942, 58.517054643361256, 0.0]]}, "properties": {"farge": "#fdae61", "elvenavn": null}}, {"type": "Feature", "geometry": {"type": "LineString", "coordinates": [[8.755180647173932, 58.509341531192746, 0.0], [8.755242509844386, 58.50988368661545, 0.0], [8.754954769248524, 58.51010659506815, 0.0]]}, "properties": {"farge": "#d7191c", "elvenavn": null}}, {"type": "Feature", "geometry": {"type": "LineString", "coordinates": [[8.751591614146053, 58.508954040398564, 0.0], [8.751707898612105, 58.509019894129516, 0.0], [8.7519670238857, 58.50913709266627, 0.0], [8.752531810009428, 58.50933918463198, 0.0], [8.753036560557524, 58.509581544639595, 0.0], [8.753433763581365, 58.509752238127106, 0.0], [8.753569774787445, 58.50980675885771, 0.0], [8.753947140303756, 58.50993417619417, 0.0]]}, "properties": {"farge": "#d7191c", "elvenavn": "Barbuvassdraget"}}, {"type": "Feature", "geometry": {"type": "LineString", "coordinates": [[8.694573499382832, 58.46074794067293, 0.0], [8.694688433518401, 58.46069558042243, 0.0], [8.694782130700748, 58.46062136766807, 0.0], [8.694918755805126, 58.46045246375246, 0.0]]}, "properties": {"farge": "#2c7fb8", "elvenavn": "Lilleelva"}}, {"type": "Feature", "geometry": {"type": "LineString", "coordinates": [[8.774926405143052, 58.51861960995853, 0.0], [8.775460311635685, 58.51870956685411, 0.0], [8.775951819331807, 58.518767386867616, 0.0]]}, "properties": {"farge": "#d7191c", "elvenavn": "Barbuvassdraget"}}, {"type": "Feature", "geometry": {"type": "LineString", "coordinates": [[8.51395946256494, 58.467393893753, 0.0], [8.513908021299661, 58.46751332965989, 0.0], [8.513896613355485, 58.46760251643543, 0.0], [8.51392273383694, 58.46769096935634, 0.0], [8.514002551154315, 58.46786519928163, 0.0], [8.5140992754117, 58.46803693214339, 0.0], [8.514170749951512, 58.468118366468744, 0.0], [8.51426993604767, 58.468190873122865, 0.0], [8.514344465402111, 58.46827110406039, 0.0], [8.514486724237381, 58.46852956450711, 0.0], [8.514777253201522, 58.46874939272394, 0.0], [8.515025141807106, 58.46898199938025, 0.0], [8.515277734718659, 58.46910278349719, 0.0], [8.515479063652595, 58.469247453836, 0.0], [8.515535698105635, 58.46933162803626, 0.0], [8.515564757236513, 58.46941978103142, 0.0], [8.515792587333499, 58.46954560162971, 0.0], [8.515967807817646, 58.469698631841666, 0.0], [8.516090069002983, 58.46975821729095, 0.0], [8.516257962032444, 58.46977985878229, 0.0], [8.5162572350642, 58.46984558948769, 0.0]]}, "properties": {"farge": "#2c7fb8", "elvenavn": null}}, {"type": "Feature", "geometry": {"type": "LineString", "coordinates": [[8.52127186793865, 58.45910448619941, 0.0], [8.52076097583283, 58.459105091224416, 0.0], [8.520648835977907, 58.45906139967786, 0.0], [8.520541485365674, 58.45889129396584, 0.0], [8.52037722037362, 58.45873423721298, 0.0], [8.51998254511491, 58.458441545408995, 0.0], [8.519757271179126, 58.45830668957, 0.0], [8.519517588115004, 58.458178705549834, 0.0], [8.519310242992512, 58.45803625255167, 0.0], [8.5186339974956, 58.45751844569804, 0.0], [8.518460731919339, 58.457363707234975, 0.0], [8.518422396474437, 58.457276826202495, 0.0]]}, "properties": {"farge": "#2c7fb8", "elvenavn": null}}, {"type": "Feature", "geometry": {"type": "LineString", "coordinates": [[8.582967644219375, 58.45926750466349, 0.0], [8.582848203143401, 58.45909957562442, 0.0], [8.582587920162947, 58.45886793872923, 0.0], [8.582461464878948, 58.45870198248794, 0.0], [8.581907961349241, 58.45824931533333, 0.0], [8.581372537923883, 58.45789981619061, 0.0], [8.581225702051286, 58.4578699813125, 0.0], [8.580710549174388, 58.45787212074369, 0.0], [8.580553797238112, 58.45784188312937, 0.0], [8.580254999752356, 58.45775466023561, 0.0], [8.580116114254213, 58.4577023373697, 0.0], [8.579734593674445, 58.457522864945254, 0.0], [8.57952688849917, 58.45741360791402, 0.0]]}, "properties": {"farge": "#fdae61", "elvenavn": null}}, {"type": "Feature", "geometry": {"type": "LineString", "coordinates": [[8.692942461374326, 58.46306120056916, 0.0], [8.693144891736877, 58.46291696762673, 0.0], [8.69352168028581, 58.46273501170551, 0.0], [8.693658373911367, 58.462571117729034, 0.0], [8.693696442196536, 58.46248439526252, 0.0], [8.693624377237057, 58.46240170149798, 0.0], [8.693622224311497, 58.46231908561047, 0.0], [8.693788018748986, 58.4621609806368, 0.0], [8.693858494082155, 58.46207933046355, 0.0], [8.69395032206716, 58.46190664552982, 0.0], [8.693986231717442, 58.46172883383342, 0.0], [8.694138998119053, 58.461465366608145, 0.0]]}, "properties": {"farge": "#2c7fb8", "elvenavn": "Lilleelva"}}, {"type": "Feature", "geometry": {"type": "LineString", "coordinates": [[8.545231821342638, 58.440438223783794, 0.0], [8.545434037832976, 58.440457314198696, 0.0], [8.545773614627695, 58.44046202579454, 0.0], [8.545943926968912, 58.440454808093726, 0.0], [8.546107948146512, 58.44047285141784, 0.0], [8.546265263800226, 58.44050791738642, 0.0]]}, "properties": {"farge": "#fdae61", "elvenavn": null}}, {"type": "Feature", "geometry": {"type": "LineString", "coordinates": [[8.565141539149419, 58.43856741616377, 0.0], [8.565283335810202, 58.43861972226359, 0.0], [8.565108636191988, 58.43877609889928, 0.0], [8.564995805309424, 58.438843531920135, 0.0], [8.564899034045247, 58.4389163570727, 0.0], [8.564756266750893, 58.439079276728194, 0.0], [8.56421646336552, 58.43963940216655, 0.0], [8.564120625883499, 58.43971139390386, 0.0], [8.56399228979549, 58.43977064075485, 0.0]]}, "properties": {"farge": "#fdae61", "elvenavn": null}}, {"type": "Feature", "geometry": {"type": "LineString", "coordinates": [[8.737379808045949, 58.51900630410846, 0.0], [8.737005431466631, 58.518686180721716, 0.0], [8.736859966417251, 58.5186377926805, 0.0], [8.736597828937157, 58.518522332079826, 0.0], [8.73648848238748, 58.51845351005255, 0.0]]}, "properties": {"farge": "#fdae61", "elvenavn": null}}, {"type": "Feature", "geometry": {"type": "LineString", "coordinates": [[8.705437767281467, 58.489639551336516, 0.0], [8.705286243919529, 58.48959776227411, 0.0], [8.70512574867537, 58.48956859912312, 0.0], [8.704959234802917, 58.48954839318596, 0.0], [8.70478919367575, 58.48953833616274, 0.0], [8.704646963944507, 58.48950090724294, 0.0], [8.704021772152952, 58.48919505440333, 0.0], [8.703675580314279, 58.488996537217616, 0.0], [8.703208372218565, 58.488744219846815, 0.0], [8.703082484719921, 58.48868708071678, 0.0], [8.70280629375688, 58.4886595858193, 0.0]]}, "properties": {"farge": "#fdae61", "elvenavn": null}}, {"type": "Feature", "geometry": {"type": "LineString", "coordinates": [[8.741363664487185, 58.502524614681036, 0.0], [8.741324053964608, 58.50259490555697, 0.0], [8.741584804114467, 58.50271104366597, 0.0], [8.741701237581001, 58.50277648723667, 0.0], [8.742355195613612, 58.50319130333667, 0.0], [8.742589036441721, 58.50343059028095, 0.0], [8.74287179718447, 58.50375714432535, 0.0], [8.742930357363887, 58.50384138307987, 0.0], [8.743007330835901, 58.50401591931966, 0.0], [8.743008175825024, 58.50428477611818, 0.0], [8.742948519113018, 58.504656903597976, 0.0]]}, "properties": {"farge": "#d7191c", "elvenavn": null}}, {"type": "Feature", "geometry": {"type": "LineString", "coordinates": [[8.510023487461021, 58.45891661409658, 0.0], [8.511034872408725, 58.458859920264075, 0.0], [8.511376691049557, 58.45885246709805, 0.0], [8.511889897119673, 58.4588537504413, 0.0], [8.512014691229838, 58.45880374722892, 0.0], [8.51254149405546, 58.45845062136644, 0.0], [8.513453947456105, 58.45780069275799, 0.0], [8.51363718623529, 58.45764930232927, 0.0], [8.513717780456567, 58.45756851674007, 0.0], [8.513829329553408, 58.45750765529022, 0.0], [8.513994345374226, 58.45748008537189, 0.0], [8.514163966869276, 58.457470422166395, 0.0], [8.515016515031418, 58.45743426070973, 0.0], [8.51570008032229, 58.457419624831694, 0.0], [8.516553317969871, 58.45738963410119, 0.0], [8.517234619731473, 58.45735655899659, 0.0], [8.518422396474437, 58.457276826202495, 0.0]]}, "properties": {"farge": "#2c7fb8", "elvenavn": "elv fra Røynevatnet"}}, {"type": "Feature", "geometry": {"type": "LineString", "coordinates": [[8.551484891252, 58.46863536891806, 0.0], [8.551176630677025, 58.468568989669514, 0.0], [8.550892120910353, 58.46847040832287, 0.0], [8.550773792466565, 58.46840705275426, 0.0], [8.550668874762954, 58.46833623318722, 0.0], [8.550358922572329, 58.4680192046116, 0.0], [8.550261907065714, 58.46794647408954, 0.0], [8.550029759633983, 58.467817560754966, 0.0], [8.549941870580634, 58.46774072667531, 0.0], [8.549789171955377, 58.467580362813074, 0.0], [8.549415674486399, 58.467280940997796, 0.0], [8.549250752921337, 58.467123871098295, 0.0], [8.54914224124396, 58.46705487813449, 0.0], [8.549021081089755, 58.46699259370219, 0.0], [8.548701103726787, 58.466782327551535, 0.0], [8.548013249766933, 58.46626889319833, 0.0], [8.54769849365375, 58.46595064952735, 0.0], [8.547581937086667, 58.4657822844088, 0.0], [8.547542954758676, 58.46569456504644, 0.0], [8.547422192042838, 58.46564081182642, 0.0], [8.547119172555702, 58.46555757775482, 0.0], [8.546833509810165, 58.46545943239816, 0.0], [8.546358137825562, 58.46520179337744, 0.0], [8.546088472677814, 58.46509138730872, 0.0], [8.545652370951954, 58.46494968928199, 0.0], [8.545197521943447, 58.464825222972095, 0.0], [8.545038273601776, 58.464790709946726, 0.0], [8.544978800749853, 58.464717684760096, 0.0], [8.544925590210358, 58.464540588076154, 0.0], [8.544880903754454, 58.46445408095681, 0.0], [8.544713904535346, 58.46419994956834, 0.0], [8.544509445986657, 58.463953364712054, 0.0], [8.54433672158087, 58.46379875283047, 0.0], [8.544131390857292, 58.46365555811823, 0.0], [8.54401315258096, 58.46359712790214, 0.0], [8.543844554802504, 58.46358043205614, 0.0], [8.543689697189537, 58.46354391689714, 0.0], [8.543552624529982, 58.463490254034326, 0.0], [8.54332707423861, 58.463251793864536, 0.0], [8.543267354458248, 58.463167974210265, 0.0], [8.543181371578223, 58.46299807340458, 0.0], [8.542848199206045, 58.46279389607033, 0.0], [8.54260848874846, 58.462666037900455, 0.0], [8.542171637766794, 58.46252986250226, 0.0], [8.541638327458353, 58.46230626992983, 0.0], [8.54151383023417, 58.462245226485074, 0.0], [8.541118132571249, 58.46207651221063, 0.0], [8.540923254718196, 58.461930187601304, 0.0], [8.540577752656873, 58.46173158359428, 0.0], [8.540311515749872, 58.461619193471925, 0.0], [8.540058768449192, 58.46149899989805, 0.0], [8.539970635069453, 58.46142289483056, 0.0], [8.53974422280928, 58.46118179751073, 0.0], [8.539653173689237, 58.461009262154406, 0.0], [8.539569029459967, 58.460933785447864, 0.0], [8.539286757652686, 58.46083332387759, 0.0], [8.538884913034266, 58.46066641128926, 0.0], [8.538756637739828, 58.46060730848861, 0.0], [8.538395839746347, 58.46041632083282, 0.0], [8.538103860887032, 58.460195438055976, 0.0], [8.537833501128578, 58.459966931673286, 0.0], [8.537556134409023, 58.45967351981446, 0.0]]}, "properties": {"farge": "#fdae61", "elvenavn": null}}, {"type": "Feature", "geometry": {"type": "LineString", "coordinates": [[8.706049769027475, 58.461529133680955, 0.0], [8.706210036733335, 58.461443908796994, 0.0], [8.706280958547907, 58.46127074995688, 0.0], [8.70659045075441, 58.46066480046857, 0.0], [8.70665692413471, 58.46048892321232, 0.0], [8.706854893729707, 58.46005280493827, 0.0], [8.706990261605792, 58.459701372186885, 0.0], [8.707084867271535, 58.45952818187532, 0.0], [8.707175080873878, 58.4594833329986, 0.0], [8.707330346327977, 58.45950933118627, 0.0], [8.707820860089349, 58.45961396522383, 0.0], [8.708472041671243, 58.459724258592864, 0.0], [8.708616386341259, 58.45976886885585, 0.0], [8.709134069155093, 58.460002969764055, 0.0], [8.709889713224761, 58.46020558610452, 0.0], [8.710039331541122, 58.46036682470633, 0.0], [8.710088039686978, 58.46045221917473, 0.0], [8.710144416923741, 58.460629050866274, 0.0], [8.710202618398275, 58.460896277309935, 0.0], [8.710263112659216, 58.4610725631805, 0.0], [8.71032153207731, 58.46115669290218, 0.0], [8.710482730531144, 58.4613147309122, 0.0], [8.710590228588199, 58.46137853604652, 0.0], [8.710759089667206, 58.46139257963778, 0.0], [8.710920153250376, 58.4614225221931, 0.0], [8.71106554961228, 58.461469123752416, 0.0], [8.711198235767085, 58.46152545653126, 0.0], [8.711429466792342, 58.4616577541554, 0.0], [8.71162323602011, 58.46180448965899, 0.0], [8.711814642292483, 58.462054108359595, 0.0], [8.712068611146204, 58.46228655271638, 0.0], [8.712127277337737, 58.462369185944546, 0.0]]}, "properties": {"farge": "#2c7fb8", "elvenavn": "Biebekken"}}, {"type": "Feature", "geometry": {"type": "LineString", "coordinates": [[8.75853315740745, 58.542662064628466, 0.0], [8.758501549650349, 58.542574131838634, 0.0], [8.758299054078211, 58.54253353882627, 0.0]]}, "properties": {"farge": "#2c7fb8", "elvenavn": null}}, {"type": "Feature", "geometry": {"type": "LineString", "coordinates": [[8.725977738184366, 58.503269810350524, 0.0], [8.726244294427474, 58.50313515787395, 0.0], [8.726529496933171, 58.503036340413196, 0.0], [8.726625561467097, 58.50296430648132, 0.0], [8.726768739588799, 58.502803463318706, 0.0], [8.726988091808943, 58.50266606850641, 0.0], [8.727108433237316, 58.50260258856878, 0.0], [8.727210678268037, 58.502531106943714, 0.0], [8.727278488041986, 58.50245028897631, 0.0], [8.727363044296657, 58.502378914829215, 0.0]]}, "properties": {"farge": "#fdae61", "elvenavn": null}}, {"type": "Feature", "geometry": {"type": "LineString", "coordinates": [[8.649935845493701, 58.476316107144186, 0.0], [8.650277689941449, 58.47630668226902, 0.0], [8.650388436991001, 58.47624402957249, 0.0], [8.650584845583701, 58.47609716862202, 0.0], [8.650669556598382, 58.476019301540866, 0.0], [8.650929021628643, 58.47568757538479, 0.0], [8.650963230158505, 58.47560005410745, 0.0], [8.65100387962552, 58.47542199637505, 0.0], [8.651058670702806, 58.474974684691595, 0.0], [8.651134002756718, 58.47490003333107, 0.0], [8.651379148402174, 58.474774864213686, 0.0], [8.651513163221258, 58.47471953260476, 0.0], [8.651816152573863, 58.474639345650154, 0.0], [8.651985936463909, 58.47461316412595, 0.0], [8.65210344983254, 58.47466880973327, 0.0]]}, "properties": {"farge": "#fdae61", "elvenavn": null}}, {"type": "Feature", "geometry": {"type": "LineString", "coordinates": [[8.69840450034193, 58.47074076287908, 0.0], [8.698095934047041, 58.47052604277639, 0.0], [8.697975091590923, 58.47046400262017, 0.0], [8.697829454202031, 58.47041700018387, 0.0], [8.697671883653284, 58.47038253916573, 0.0], [8.697505886329036, 58.47036095637535, 0.0], [8.697374745717703, 58.470311931393276, 0.0], [8.69692500508204, 58.47004188539273, 0.0], [8.696794818797548, 58.46998409785968, 0.0], [8.69663190353744, 58.46995863560827, 0.0], [8.696499831465669, 58.4698776565174, 0.0]]}, "properties": {"farge": "#2c7fb8", "elvenavn": null}}, {"type": "Feature", "geometry": {"type": "LineString", "coordinates": [[8.553508355637728, 58.434302764758435, 0.0], [8.553387263856843, 58.43413519427416, 0.0], [8.553350131705862, 58.43404778123688, 0.0], [8.553354773908831, 58.43383266181768, 0.0]]}, "properties": {"farge": "#fdae61", "elvenavn": null}}, {"type": "Feature", "geometry": {"type": "LineString", "coordinates": [[8.734296318321942, 58.517054643361256, 0.0], [8.733887502475925, 58.516891751427536, 0.0], [8.733760969050756, 58.51683181290524, 0.0], [8.733488514408561, 58.51663379034968, 0.0]]}, "properties": {"farge": "#fdae61", "elvenavn": null}}, {"type": "Feature", "geometry": {"type": "LineString", "coordinates": [[8.601314022729136, 58.40943175840889, 0.0], [8.601414889183095, 58.40912625756503, 0.0], [8.601971041725236, 58.4088209372393, 0.0], [8.603058375618726, 58.408548646757744, 0.0], [8.603925668017931, 58.40814357478753, 0.0], [8.604846931910117, 58.4081128480107, 0.0], [8.605669757280154, 58.40788495194273, 0.0], [8.606255291385187, 58.40748733926472, 0.0], [8.607379822309165, 58.406682772356234, 0.0]]}, "properties": {"farge": "#2c7fb8", "elvenavn": "Arendalsvassdraget"}}, {"type": "Feature", "geometry": {"type": "LineString", "coordinates": [[8.733030858546346, 58.51640918217701, 0.0], [8.732844379287751, 58.51632299524136, 0.0], [8.732644624064688, 58.51627206408257, 0.0]]}, "properties": {"farge": "#fdae61", "elvenavn": "Lilleelva"}}, {"type": "Feature", "geometry": {"type": "LineString", "coordinates": [[8.75264326259782, 58.52403200621393, 0.0], [8.752896646539774, 58.52419234573798, 0.0], [8.753152661004696, 58.524408378746394, 0.0], [8.753461588417073, 58.52443598266914, 0.0], [8.753718743747275, 58.52449032655089, 0.0], [8.753769610262403, 58.52456224479149, 0.0]]}, "properties": {"farge": "#d7191c", "elvenavn": null}}, {"type": "Feature", "geometry": {"type": "LineString", "coordinates": [[8.753506266731058, 58.52783991282234, 0.0], [8.753571732540676, 58.527913984796726, 0.0], [8.753625603326938, 58.52797488249993, 0.0], [8.753627089340728, 58.527979097710976, 0.0], [8.753642359211051, 58.52801991896139, 0.0], [8.753932136007265, 58.528325764376326, 0.0], [8.754325066571445, 58.52862286632518, 0.0], [8.754342108442092, 58.52864990509829, 0.0]]}, "properties": {"farge": "#d7191c", "elvenavn": null}}, {"type": "Feature", "geometry": {"type": "LineString", "coordinates": [[8.745673956661614, 58.532890176154375, 0.0], [8.745864139796279, 58.53272890287712, 0.0], [8.745915776041208, 58.53270206807842, 0.0], [8.746209007533825, 58.532523047016205, 0.0], [8.746176720056496, 58.53246860453273, 0.0], [8.746107308192922, 58.53235209831172, 0.0], [8.745507347546994, 58.53218930260936, 0.0], [8.745496296249485, 58.532182728427564, 0.0], [8.745250772515202, 58.532036087828075, 0.0], [8.74532113275982, 58.531820685968924, 0.0], [8.74558104678767, 58.53148891975306, 0.0], [8.745676125406973, 58.531287424449154, 0.0], [8.74573802773513, 58.53115689421365, 0.0], [8.746049353726445, 58.530861142376786, 0.0], [8.746402953001816, 58.53069110633199, 0.0], [8.746514646706261, 58.530637487900314, 0.0], [8.746611868346818, 58.53061378177771, 0.0], [8.747099233367756, 58.530494951311, 0.0], [8.747536721031116, 58.530444196952566, 0.0], [8.747632204432554, 58.530433103335575, 0.0]]}, "properties": {"farge": "#d7191c", "elvenavn": null}}, {"type": "Feature", "geometry": {"type": "LineString", "coordinates": [[8.754342108442092, 58.52864990509829, 0.0], [8.754769611670147, 58.52889321786238, 0.0], [8.755145455942849, 58.529172281773675, 0.0], [8.755538503682423, 58.52945146365887, 0.0], [8.755880833296857, 58.529604789925195, 0.0], [8.756241545934529, 58.52958754296089, 0.0], [8.75670685582174, 58.52934593324791, 0.0], [8.757069543030141, 58.52905023286877, 0.0], [8.757380811526799, 58.528745448378224, 0.0], [8.757537651615538, 58.52841349534886, 0.0], [8.75759044788194, 58.528215964160296, 0.0], [8.757590600620642, 58.5281890444644, 0.0]]}, "properties": {"farge": "#d7191c", "elvenavn": null}}, {"type": "Feature", "geometry": {"type": "LineString", "coordinates": [[8.757590600620642, 58.5281890444644, 0.0], [8.757915833394575, 58.52796367307468, 0.0]]}, "properties": {"farge": "#d7191c", "elvenavn": null}}, {"type": "Feature", "geometry": {"type": "LineString", "coordinates": [[8.761249901004886, 58.527935367232736, 0.0], [8.762095041710564, 58.52751963420731, 0.0], [8.762491948828474, 58.527084556206795, 0.0]]}, "properties": {"farge": "#d7191c", "elvenavn": null}}, {"type": "Feature", "geometry": {"type": "LineString", "coordinates": [[8.759551599076461, 58.529511540587606, 0.0], [8.759552824211347, 58.52951029001677, 0.0], [8.759745895496948, 58.52942351320598, 0.0]]}, "properties": {"farge": "#d7191c", "elvenavn": null}}, {"type": "Feature", "geometry": {"type": "LineString", "coordinates": [[8.818177415666986, 58.59026453329679, 0.0], [8.818692042837958, 58.59039536179404, 0.0], [8.819120843824148, 58.59061155963807, 0.0], [8.819412240224908, 58.59082742922522, 0.0], [8.819548104379516, 58.591159975740204, 0.0], [8.819599475538304, 58.59120495939704, 0.0], [8.820045599317822, 58.59144810568946, 0.0]]}, "properties": {"farge": "#2c7fb8", "elvenavn": null}}, {"type": "Feature", "geometry": {"type": "LineString", "coordinates": [[8.80072646494723, 58.588545643579636, 0.0], [8.800365897189069, 58.58844615093613, 0.0], [8.800331472214465, 58.5884282747907, 0.0], [8.800127125664446, 58.58810463419368, 0.0], [8.799784006546998, 58.58792439530681, 0.0], [8.799147969099181, 58.58780669974481, 0.0], [8.798736602763073, 58.58758154839672, 0.0], [8.798359914236423, 58.58728450043597, 0.0], [8.79793095811606, 58.587095326606324, 0.0], [8.797638976430697, 58.587040932188295, 0.0], [8.797572211245559, 58.586690539283346, 0.0], [8.797281440801177, 58.58638468074581, 0.0], [8.796645640538442, 58.58629399942933, 0.0], [8.79661156404608, 58.586248942605195, 0.0], [8.796543678726124, 58.5860961640088, 0.0], [8.796424287160058, 58.58593431644118, 0.0], [8.795891592529808, 58.58581665610705, 0.0], [8.795445866637252, 58.585573528420596, 0.0], [8.79501661375582, 58.58545610278237, 0.0], [8.79457044089541, 58.5852757181006, 0.0], [8.794276148529514, 58.5855896167784, 0.0], [8.793741423472014, 58.58584926861634, 0.0]]}, "properties": {"farge": "#2c7fb8", "elvenavn": null}}, {"type": "Feature", "geometry": {"type": "LineString", "coordinates": [[8.824718979987942, 58.5925592596965, 0.0], [8.824926118649875, 58.59242480133701, 0.0], [8.825202956803365, 58.59211080768572, 0.0], [8.825411085438258, 58.591769817631175, 0.0], [8.825516083813467, 58.59142871871024, 0.0], [8.825655242685217, 58.591087555500366, 0.0], [8.825829042546045, 58.59074653118647, 0.0], [8.825968390225293, 58.59039646175804, 0.0], [8.826124704515134, 58.590073325211925, 0.0], [8.826523737184306, 58.58941824902044, 0.0], [8.82668004141583, 58.58909511160681, 0.0], [8.826681728543607, 58.58875389560981, 0.0], [8.826614668989317, 58.58840351265254, 0.0], [8.82649605250629, 58.58805307592422, 0.0], [8.826411737074844, 58.587702761526295, 0.0], [8.826361940023974, 58.58735230987771, 0.0], [8.826260360838221, 58.587010888747535, 0.0], [8.826244784463444, 58.58667856609923, 0.0], [8.826383225386193, 58.5865081070617, 0.0], [8.826934771935756, 58.586293352925914, 0.0], [8.827520210453036, 58.586141465398306, 0.0], [8.8277616417579, 58.5860429673803, 0.0]]}, "properties": {"farge": "#2c7fb8", "elvenavn": null}}, {"type": "Feature", "geometry": {"type": "LineString", "coordinates": [[8.806420095872312, 58.582312120855455, 0.0], [8.806764184618803, 58.58226797582661, 0.0], [8.807210887542126, 58.58234045860854, 0.0], [8.807657630380877, 58.582439957764294, 0.0], [8.80832834021665, 58.58242294845407, 0.0], [8.808792648348291, 58.58245061964181, 0.0], [8.809393500204024, 58.58259520524542, 0.0], [8.810682294223682, 58.582803656386815, 0.0], [8.81095749515122, 58.58283100586308, 0.0]]}, "properties": {"farge": "#2c7fb8", "elvenavn": null}}, {"type": "Feature", "geometry": {"type": "LineString", "coordinates": [[8.760634570359272, 58.57539151497393, 0.0], [8.760548805845506, 58.575409308638505, 0.0], [8.76028965219267, 58.575543562831065, 0.0], [8.760115515639914, 58.57587558300231, 0.0], [8.759735161788528, 58.57616225030077, 0.0], [8.75906040805109, 58.576771651983776, 0.0], [8.758868463988348, 58.57719358087854, 0.0]]}, "properties": {"farge": "#2c7fb8", "elvenavn": null}}, {"type": "Feature", "geometry": {"type": "LineString", "coordinates": [[8.80792420494666, 58.57770720837321, 0.0], [8.807736256101844, 58.577491355891674, 0.0], [8.807445915811115, 58.57712268436656, 0.0], [8.807052087522843, 58.57684374328583, 0.0], [8.806623562846216, 58.5765825741991, 0.0], [8.80643628551049, 58.57625895857549, 0.0], [8.806179893118015, 58.57593524130496, 0.0], [8.805803295793329, 58.57566523399259, 0.0], [8.805959142551316, 58.575467900908926, 0.0], [8.805617016878903, 58.57516200799205, 0.0], [8.80561716397074, 58.575126174642065, 0.0]]}, "properties": {"farge": "#2c7fb8", "elvenavn": "Molandselva"}}, {"type": "Feature", "geometry": {"type": "LineString", "coordinates": [[8.84001596692837, 58.57296410676094, 0.0], [8.839966439189253, 58.57254199640912, 0.0], [8.839949232059492, 58.57248803850947, 0.0], [8.839522390923417, 58.57184083782649, 0.0], [8.839214226241952, 58.57155306603093, 0.0], [8.83875120205915, 58.571292061085174, 0.0], [8.83842602080098, 58.5709952735678, 0.0], [8.838392992835686, 58.57064491624263, 0.0], [8.83839358706297, 58.570528149453104, 0.0]]}, "properties": {"farge": "#2c7fb8", "elvenavn": null}}, {"type": "Feature", "geometry": {"type": "LineString", "coordinates": [[8.792276191393725, 58.56027727496671, 0.0], [8.792344728880742, 58.56032220393454, 0.0], [8.792790850600342, 58.56044866113558, 0.0], [8.793150841553881, 58.56061083552435, 0.0]]}, "properties": {"farge": "#2c7fb8", "elvenavn": null}}, {"type": "Feature", "geometry": {"type": "LineString", "coordinates": [[8.77731546462434, 58.55881511374831, 0.0], [8.777918276670572, 58.55861855738388, 0.0], [8.77850364849007, 58.55845798351537, 0.0], [8.77902063317459, 58.55823428645425, 0.0], [8.779452054031728, 58.557965544025386, 0.0], [8.779848877304714, 58.55768782456947, 0.0], [8.77955811157054, 58.557516727398514, 0.0], [8.779026472096126, 58.557291236395706, 0.0], [8.779011561643184, 58.556949920926826, 0.0], [8.779717337162904, 58.55675358863218, 0.0], [8.779392347820917, 58.55651049415552, 0.0], [8.779444594720216, 58.556402805147655, 0.0], [8.780115116273276, 58.55635902306396, 0.0], [8.780785261927019, 58.556387083610076, 0.0], [8.781420565709617, 58.55645118113545, 0.0], [8.782090780943822, 58.5564701425193, 0.0], [8.78274402410367, 58.556435323376355, 0.0], [8.783363386398804, 58.556319696705614, 0.0], [8.78387821078623, 58.55643727681762, 0.0], [8.784102001449845, 58.55636583429697, 0.0], [8.784377755343217, 58.55624054016147, 0.0], [8.785031358395704, 58.55613386289676, 0.0], [8.785616524668356, 58.556000175229194, 0.0], [8.786167749584333, 58.55580341965067, 0.0], [8.786202929535733, 58.55565977848494, 0.0], [8.786306795382998, 58.55552523529625, 0.0], [8.7864441186367, 58.555552434295244, 0.0], [8.786718913518326, 58.55557982249547, 0.0], [8.787029164246997, 58.55540963919528, 0.0]]}, "properties": {"farge": "#2c7fb8", "elvenavn": null}}, {"type": "Feature", "geometry": {"type": "LineString", "coordinates": [[8.863823345840482, 58.55668169709231, 0.0], [8.864165622111184, 58.557005260935085, 0.0], [8.864697473542108, 58.55723930594751, 0.0], [8.865194846444975, 58.557482321993874, 0.0], [8.86524623084781, 58.55752728761382, 0.0], [8.86541802731909, 58.55757244054587, 0.0], [8.865846880177902, 58.55773463804038, 0.0], [8.866517066022887, 58.55779808717394, 0.0], [8.867049197559806, 58.55793344143858, 0.0], [8.867425465436765, 58.55843674031664, 0.0], [8.86800900277512, 58.55862588055797, 0.0], [8.868540945704236, 58.55884199273701, 0.0], [8.869073122356475, 58.55904010395745, 0.0], [8.869656635323695, 58.55923832984703, 0.0], [8.870274991289715, 58.55936465150616, 0.0], [8.870910406680055, 58.55948215158894, 0.0], [8.871425127818318, 58.55971606635061, 0.0], [8.871853951847072, 58.55997702385132, 0.0], [8.872436209396142, 58.560471616357, 0.0]]}, "properties": {"farge": "#2c7fb8", "elvenavn": null}}, {"type": "Feature", "geometry": {"type": "LineString", "coordinates": [[8.83363991275721, 58.55788543379242, 0.0], [8.834140671604477, 58.557383204504276, 0.0], [8.834056311826476, 58.55704180843983, 0.0], [8.834057749938607, 58.55670049278984, 0.0], [8.834145533048975, 58.55635027884023, 0.0], [8.834562502963193, 58.5553898836557, 0.0], [8.834753072676914, 58.55504885279562, 0.0], [8.834633899139215, 58.5548061875968, 0.0], [8.834119424178292, 58.55459896212005, 0.0], [8.833794236690903, 58.55431107181666, 0.0], [8.833692793195043, 58.553978667832794, 0.0], [8.833831738360708, 58.5536734231913, 0.0], [8.833850253921762, 58.55336814119971, 0.0]]}, "properties": {"farge": "#2c7fb8", "elvenavn": null}}, {"type": "Feature", "geometry": {"type": "LineString", "coordinates": [[8.807136323848901, 58.552136225071145, 0.0], [8.807291989998687, 58.55194798056661, 0.0], [8.80737988195538, 58.55158886724666, 0.0], [8.807793351661527, 58.551382747455236, 0.0], [8.808344308457857, 58.551195074661855, 0.0], [8.808860869505759, 58.550998261442345, 0.0], [8.809394763443347, 58.5507745482486, 0.0], [8.809877107020853, 58.550523755271094, 0.0], [8.809655030546036, 58.55029895767059, 0.0], [8.809638762908325, 58.55011932497767, 0.0], [8.809896969908399, 58.550038788366145, 0.0], [8.810532295345375, 58.55012957983256, 0.0], [8.811012792824647, 58.5502200855094, 0.0], [8.811666012101046, 58.55015819579206, 0.0], [8.812353357961621, 58.55017701930189, 0.0], [8.813128382953256, 58.54981906397465, 0.0]]}, "properties": {"farge": "#2c7fb8", "elvenavn": "Molandselva"}}, {"type": "Feature", "geometry": {"type": "LineString", "coordinates": [[8.925474556003552, 58.54504750108115, 0.0], [8.925473835270738, 58.54540674279002, 0.0], [8.92560984833139, 58.546107349319975, 0.0], [8.92552319516166, 58.54645756132325, 0.0], [8.925367490826854, 58.54694253511063, 0.0]]}, "properties": {"farge": "#d7191c", "elvenavn": null}}, {"type": "Feature", "geometry": {"type": "LineString", "coordinates": [[8.775714895456078, 58.53765230825381, 0.0], [8.776142383689299, 58.537913552015695, 0.0], [8.77634831097602, 58.53797679239008, 0.0]]}, "properties": {"farge": "#fdae61", "elvenavn": null}}, {"type": "Feature", "geometry": {"type": "LineString", "coordinates": [[8.794433885260407, 58.53814176415268, 0.0], [8.79508609230811, 58.53825056841831, 0.0], [8.795721736937587, 58.53826049785315, 0.0], [8.796373685975665, 58.53835136292993, 0.0], [8.796922425571033, 58.53853186834999, 0.0], [8.79736739786352, 58.538775062103845, 0.0], [8.797898746569777, 58.538991552145056, 0.0], [8.798565225446675, 58.539056903929755, 0.0], [8.799186226043453, 58.53912815320905, 0.0], [8.79959783818428, 58.53921861114893, 0.0], [8.79975345251219, 58.53903928925429, 0.0], [8.79994444504973, 58.538698233314655, 0.0], [8.799980794760046, 58.53835706877437, 0.0], [8.800085845271719, 58.53801599106614, 0.0], [8.800293111517746, 58.53776478681579, 0.0], [8.80080972861226, 58.53755900821919, 0.0], [8.80098260776704, 58.53737061575049, 0.0], [8.801103935805648, 58.53715532107583, 0.0], [8.801293063579317, 58.537137647251605, 0.0], [8.801720928802114, 58.537398727914265, 0.0], [8.802062672305366, 58.537704624766654, 0.0], [8.80237098183998, 58.53786679617873, 0.0], [8.802511060378052, 58.53787144394747, 0.0]]}, "properties": {"farge": "#fdae61", "elvenavn": null}}, {"type": "Feature", "geometry": {"type": "LineString", "coordinates": [[8.802511060378052, 58.53787144394747, 0.0], [8.802937706883997, 58.537885599016754, 0.0], [8.803590588252742, 58.5378506669252, 0.0], [8.804208914982318, 58.53784260541285, 0.0], [8.805239517474032, 58.53785315091117, 0.0]]}, "properties": {"farge": "#2c7fb8", "elvenavn": null}}, {"type": "Feature", "geometry": {"type": "LineString", "coordinates": [[8.77627040773651, 58.531339484839684, 0.0], [8.77658005423333, 58.5312501728362, 0.0], [8.777198810761703, 58.53117040191399, 0.0], [8.77781657141163, 58.53127924647785, 0.0], [8.778141240781059, 58.531540257839865, 0.0], [8.778258909587475, 58.5318817980027, 0.0], [8.778256976254568, 58.53222292516507, 0.0], [8.778426585564375, 58.53253772279339, 0.0], [8.778854442864224, 58.532789881049986, 0.0], [8.77936833335347, 58.5330153315863, 0.0], [8.779882160940817, 58.5332227656723, 0.0], [8.77964051604436, 58.533410941105785, 0.0], [8.779674539148111, 58.533455912888066, 0.0]]}, "properties": {"farge": "#fdae61", "elvenavn": null}}, {"type": "Feature", "geometry": {"type": "LineString", "coordinates": [[8.774272981148114, 58.52948584963997, 0.0], [8.774427179448661, 58.5295579226558, 0.0], [8.774511290116726, 58.52982750080353, 0.0], [8.774612755689876, 58.530070186101575, 0.0], [8.774920016347844, 58.53036692234612, 0.0], [8.77510683305794, 58.53070867906424, 0.0], [8.775482830275923, 58.530960758240056, 0.0], [8.77599686240033, 58.531150298409074, 0.0], [8.77627040773651, 58.531339484839684, 0.0]]}, "properties": {"farge": "#fdae61", "elvenavn": null}}, {"type": "Feature", "geometry": {"type": "LineString", "coordinates": [[8.76701170126514, 58.52912255414429, 0.0], [8.767576667900807, 58.52936603431599, 0.0], [8.768038541080626, 58.52963636985581, 0.0], [8.76838024427754, 58.52991534922898, 0.0], [8.768721659431078, 58.53021241484559, 0.0], [8.769183621633788, 58.53047365426939, 0.0], [8.769697190425426, 58.530708136654106, 0.0], [8.770228049402359, 58.53093355249474, 0.0], [8.77065605982134, 58.531140900036114, 0.0], [8.770997835162701, 58.531410959261834, 0.0], [8.771288833075072, 58.53155516910967, 0.0]]}, "properties": {"farge": "#fdae61", "elvenavn": null}}, {"type": "Feature", "geometry": {"type": "LineString", "coordinates": [[8.832199106338761, 58.51775506966364, 0.0], [8.832457701673398, 58.51753088295085, 0.0], [8.832510810967458, 58.51717170693981, 0.0], [8.832323610520179, 58.51683912592787, 0.0], [8.83193005482587, 58.516560260544864, 0.0], [8.831794204508656, 58.51625473869134, 0.0], [8.831744392597836, 58.51590437761858, 0.0], [8.831763203396806, 58.51556308898679, 0.0], [8.831764864511635, 58.515203863571855, 0.0], [8.831835295420623, 58.51486263284286, 0.0], [8.83204243388104, 58.5145933717998, 0.0], [8.832438678304669, 58.51431548891804, 0.0], [8.832491445061013, 58.51404616791318, 0.0]]}, "properties": {"farge": "#2c7fb8", "elvenavn": null}}, {"type": "Feature", "geometry": {"type": "LineString", "coordinates": [[8.80510415626621, 58.51270524924899, 0.0], [8.805122371811382, 58.51251665878497, 0.0], [8.804900523287154, 58.51230077120346, 0.0], [8.803993666532413, 58.511796397949894, 0.0], [8.803514351970001, 58.511562180925424, 0.0], [8.803017766113172, 58.51134585624275, 0.0], [8.802744493544001, 58.51112990408782, 0.0], [8.80260905063439, 58.510797346437954, 0.0], [8.802284611839442, 58.5104825561696, 0.0], [8.802028923430765, 58.51018577545014, 0.0], [8.80220438514932, 58.50950347576016, 0.0], [8.802051821797534, 58.50915297728259, 0.0], [8.801796188856857, 58.50884719305592, 0.0], [8.801779293735386, 58.50877541181676, 0.0], [8.801798241076693, 58.508469967855284, 0.0]]}, "properties": {"farge": "#fdae61", "elvenavn": null}}, {"type": "Feature", "geometry": {"type": "LineString", "coordinates": [[8.87315782236328, 58.508263983648924, 0.0], [8.873072478274988, 58.50813805916098, 0.0], [8.872919313486019, 58.507814562339476, 0.0], [8.872714524311483, 58.50749111344493, 0.0], [8.8724581327266, 58.50717644792688, 0.0], [8.872116016581368, 58.5068797363768, 0.0], [8.87179096533549, 58.50657402612978, 0.0], [8.87150053414586, 58.50625043329718, 0.0], [8.871141231764476, 58.50595370552947, 0.0], [8.870815896680673, 58.50576477153797, 0.0]]}, "properties": {"farge": "#d7191c", "elvenavn": null}}, {"type": "Feature", "geometry": {"type": "LineString", "coordinates": [[8.83630395908485, 58.50762082035291, 0.0], [8.836126773299615, 58.5074406425797, 0.0], [8.836248445575192, 58.507090444339866, 0.0], [8.836060987242824, 58.50682980677753, 0.0], [8.835667559715304, 58.50654186149112, 0.0], [8.835773706760598, 58.505859436968585, 0.0], [8.835706660460675, 58.50550905805127, 0.0], [8.83582839672456, 58.50517705372444, 0.0], [8.835812802304924, 58.504826633379665, 0.0], [8.836037025028304, 58.50460249726959, 0.0], [8.836621300244163, 58.504423629601, 0.0], [8.837051467240927, 58.504145660939976, 0.0], [8.837224631489562, 58.50382243775853, 0.0]]}, "properties": {"farge": "#2c7fb8", "elvenavn": null}}, {"type": "Feature", "geometry": {"type": "LineString", "coordinates": [[8.793741423472014, 58.58584926861634, 0.0], [8.79334119407639, 58.58597643283091, 0.0], [8.792826448303561, 58.58598654250361, 0.0]]}, "properties": {"farge": "#2c7fb8", "elvenavn": null}}, {"type": "Feature", "geometry": {"type": "LineString", "coordinates": [[8.83239168486177, 58.585584065331396, 0.0], [8.832565066955993, 58.58537015395263, 0.0], [8.83268672909275, 58.58510890884426, 0.0], [8.83287300201588, 58.58485882016612, 0.0], [8.833190661371079, 58.58464753763395, 0.0], [8.833698693869687, 58.58440636889012, 0.0]]}, "properties": {"farge": "#2c7fb8", "elvenavn": null}}, {"type": "Feature", "geometry": {"type": "LineString", "coordinates": [[8.832370954016106, 58.51215606638245, 0.0], [8.832934119329744, 58.51237025551604, 0.0]]}, "properties": {"farge": "#2c7fb8", "elvenavn": null}}, {"type": "Feature", "geometry": {"type": "LineString", "coordinates": [[8.773469129150898, 58.55828747800236, 0.0], [8.773552808505823, 58.558387995988525, 0.0], [8.773794213328877, 58.558512490748, 0.0]]}, "properties": {"farge": "#2c7fb8", "elvenavn": null}}, {"type": "Feature", "geometry": {"type": "LineString", "coordinates": [[8.771808071942006, 58.55734149449814, 0.0], [8.771974795840206, 58.55735040484226, 0.0], [8.772107155812497, 58.55739939484373, 0.0], [8.772286648741607, 58.55754615650299, 0.0], [8.772596528767368, 58.557693162028606, 0.0]]}, "properties": {"farge": "#2c7fb8", "elvenavn": null}}, {"type": "Feature", "geometry": {"type": "LineString", "coordinates": [[8.811432057411867, 58.54334147502148, 0.0], [8.811682174752447, 58.542689125682706, 0.0], [8.81184351649132, 58.54243389327774, 0.0], [8.812135184488948, 58.54210928471512, 0.0]]}, "properties": {"farge": "#2c7fb8", "elvenavn": "Molandselva"}}, {"type": "Feature", "geometry": {"type": "LineString", "coordinates": [[8.800850214037316, 58.53127677423407, 0.0], [8.801492564502599, 58.531624499589135, 0.0], [8.80230796279813, 58.53195127073175, 0.0], [8.80380402831015, 58.53293150882147, 0.0], [8.804411844092263, 58.53324789056574, 0.0], [8.804719395885634, 58.5333239651815, 0.0]]}, "properties": {"farge": "#2c7fb8", "elvenavn": null}}, {"type": "Feature", "geometry": {"type": "LineString", "coordinates": [[8.842962468558305, 58.51747968114149, 0.0], [8.842514087243291, 58.51709883681938, 0.0], [8.842196642609679, 58.516494969913204, 0.0], [8.842162217313456, 58.51627682989913, 0.0]]}, "properties": {"farge": "#2c7fb8", "elvenavn": null}}, {"type": "Feature", "geometry": {"type": "LineString", "coordinates": [[8.801798241076693, 58.508469967855284, 0.0], [8.80174415599331, 58.50829519339439, 0.0], [8.801436271653417, 58.5077832027502, 0.0], [8.80144476059585, 58.50751490338724, 0.0], [8.80152110371916, 58.50734016820173, 0.0], [8.801636442679966, 58.5072198865531, 0.0]]}, "properties": {"farge": "#fdae61", "elvenavn": null}}, {"type": "Feature", "geometry": {"type": "LineString", "coordinates": [[8.801636442679966, 58.5072198865531, 0.0], [8.801800662483831, 58.50721168828071, 0.0], [8.802103542942977, 58.50729592038659, 0.0], [8.80245679460561, 58.507490344811515, 0.0], [8.803275529220183, 58.50822969898786, 0.0]]}, "properties": {"farge": "#fdae61", "elvenavn": null}}, {"type": "Feature", "geometry": {"type": "LineString", "coordinates": [[8.793596058212549, 58.50448999173111, 0.0], [8.794702642806028, 58.50415676606146, 0.0], [8.795256575377765, 58.503945782797075, 0.0], [8.795416879104595, 58.50395338509595, 0.0], [8.795541359631851, 58.50400677978595, 0.0], [8.795911878975106, 58.50430809574462, 0.0], [8.79622494037375, 58.50438033018817, 0.0], [8.7962266914978, 58.50445554290555, 0.0]]}, "properties": {"farge": "#fdae61", "elvenavn": null}}, {"type": "Feature", "geometry": {"type": "LineString", "coordinates": [[8.829366868675313, 58.58488642866164, 0.0], [8.829463800352396, 58.584782462207336, 0.0], [8.829892909966532, 58.58463821727759, 0.0], [8.83035714522607, 58.58500117325172, 0.0], [8.831270296130786, 58.58540717386631, 0.0], [8.831553691908251, 58.58550812240993, 0.0], [8.831714713330568, 58.58553883817914, 0.0], [8.83187853533707, 58.58556450794502, 0.0], [8.83239168486177, 58.585584065331396, 0.0]]}, "properties": {"farge": "#2c7fb8", "elvenavn": null}}, {"type": "Feature", "geometry": {"type": "LineString", "coordinates": [[8.775244879341217, 58.58672483903761, 0.0], [8.776457625151831, 58.58714865157785, 0.0], [8.777350792984159, 58.58756766525714, 0.0], [8.777633741647287, 58.587667397489824, 0.0], [8.777941306772519, 58.58787630652745, 0.0], [8.778745556548614, 58.588211786189575, 0.0], [8.779236841651937, 58.58846189575314, 0.0], [8.779741917160099, 58.58892223903989, 0.0], [8.779754319070996, 58.58910123282375, 0.0], [8.779947103276333, 58.589348214243024, 0.0], [8.7799628618121, 58.58952724221123, 0.0], [8.77991653078093, 58.589704525404166, 0.0], [8.780256851067504, 58.58987042851561, 0.0], [8.780551387475057, 58.590090589341266, 0.0], [8.780675892188706, 58.590148700162686, 0.0], [8.78122157646917, 58.59019246834003, 0.0], [8.781921354591988, 58.59019766020159, 0.0], [8.78269938208258, 58.590256101686954, 0.0], [8.783985604481101, 58.590554681463225, 0.0], [8.7854206288961, 58.591043835822106, 0.0], [8.788314676881875, 58.59122578624792, 0.0]]}, "properties": {"farge": "#2c7fb8", "elvenavn": null}}, {"type": "Feature", "geometry": {"type": "LineString", "coordinates": [[8.823323862775649, 58.59289866773981, 0.0], [8.823698081590514, 58.59317162206533, 0.0], [8.82393886405399, 58.59329945719151, 0.0], [8.824053673916804, 58.59331650970362, 0.0], [8.82427412915748, 58.59307474501136, 0.0], [8.824410577778313, 58.59272342908602, 0.0], [8.824718979987942, 58.5925592596965, 0.0]]}, "properties": {"farge": "#2c7fb8", "elvenavn": null}}, {"type": "Feature", "geometry": {"type": "LineString", "coordinates": [[8.844928003043012, 58.51404294007166, 0.0], [8.845416934121081, 58.51413845115298, 0.0], [8.845756543031237, 58.51416287886678, 0.0], [8.847112259616988, 58.514706327564866, 0.0], [8.846888936866646, 58.51483655427281, 0.0]]}, "properties": {"farge": "#2c7fb8", "elvenavn": null}}, {"type": "Feature", "geometry": {"type": "LineString", "coordinates": [[8.879239171572632, 58.51278318246843, 0.0], [8.880229506748353, 58.51383837252917, 0.0], [8.880566547849801, 58.51425475993572, 0.0], [8.880795219725991, 58.51466596218192, 0.0], [8.881910891501258, 58.51483587468875, 0.0], [8.882252310877712, 58.5148264672191, 0.0], [8.882924759054646, 58.514761197814884, 0.0], [8.883751298255262, 58.514647588456725, 0.0], [8.883843884425003, 58.51457828086206, 0.0], [8.883880623688963, 58.514471152085925, 0.0]]}, "properties": {"farge": "#2c7fb8", "elvenavn": null}}, {"type": "Feature", "geometry": {"type": "LineString", "coordinates": [[8.82628905851093, 58.547228436224856, 0.0], [8.827103321954864, 58.547132122075276, 0.0], [8.828985524554401, 58.54717541441071, 0.0], [8.830113504980766, 58.54737822158718, 0.0], [8.831114555811693, 58.54750179653341, 0.0]]}, "properties": {"farge": "#2c7fb8", "elvenavn": "Molandselva"}}, {"type": "Feature", "geometry": {"type": "LineString", "coordinates": [[8.81275518103873, 58.58755777027814, 0.0], [8.812824741742261, 58.58740823759963, 0.0], [8.812851163011386, 58.58714113581677, 0.0], [8.812748850452639, 58.58687801522374, 0.0], [8.81274371385482, 58.58669954918513, 0.0], [8.812902753637609, 58.586351133494716, 0.0], [8.813113854927812, 58.586010584584265, 0.0], [8.81320233764393, 58.5855659820729, 0.0], [8.813353431571905, 58.58530887884404, 0.0], [8.813518058201597, 58.58515162899658, 0.0], [8.81342400478849, 58.58489138706229, 0.0], [8.813429049303414, 58.584802820387644, 0.0], [8.813566626992836, 58.58436104336095, 0.0], [8.813739037021767, 58.58346949125924, 0.0], [8.81360332986722, 58.58257631550317, 0.0], [8.81356531850972, 58.58249083255988, 0.0], [8.813449585515103, 58.58243632214478, 0.0]]}, "properties": {"farge": "#2c7fb8", "elvenavn": "Molandselva"}}, {"type": "Feature", "geometry": {"type": "LineString", "coordinates": [[8.833850253921762, 58.55336814119971, 0.0], [8.834201165579064, 58.5533320951551, 0.0], [8.834210873795017, 58.55325997057494, 0.0], [8.833905283393303, 58.553043804636744, 0.0], [8.833443597295192, 58.55278015735663, 0.0], [8.833370809344869, 58.55260493237847, 0.0], [8.833147315854943, 58.55226595318637, 0.0], [8.833007737412663, 58.551915269346416, 0.0], [8.832815500456588, 58.5516659377407, 0.0], [8.83273021412164, 58.551588187822176, 0.0], [8.83230999492978, 58.55143316727546, 0.0], [8.832210798825193, 58.5513720095643, 0.0], [8.83224326363329, 58.55101135424112, 0.0], [8.832219528084, 58.5507427591678, 0.0], [8.831985906970889, 58.55003676674223, 0.0], [8.831785251616465, 58.54960129238362, 0.0], [8.831770705912593, 58.5490638110235, 0.0], [8.831661977923396, 58.548895412808804, 0.0], [8.83150348235268, 58.548454884324286, 0.0], [8.831424628416778, 58.54791881491394, 0.0], [8.831114555811693, 58.54750179653341, 0.0]]}, "properties": {"farge": "#2c7fb8", "elvenavn": null}}, {"type": "Feature", "geometry": {"type": "LineString", "coordinates": [[8.781267416688495, 58.53405880946607, 0.0], [8.781484619390232, 58.53401406142372, 0.0], [8.781793406698371, 58.53390309578766, 0.0], [8.782234776519594, 58.53394974059482, 0.0], [8.782725075851312, 58.53426330458972, 0.0], [8.782972429814349, 58.534317315886476, 0.0], [8.783266986432011, 58.534331628284825, 0.0], [8.783560764798656, 58.5341695396399, 0.0], [8.78403042081437, 58.53401179586331, 0.0], [8.784502224563658, 58.53393593309404, 0.0], [8.784953036912126, 58.53405567372635, 0.0], [8.785452542307189, 58.53402871304298, 0.0], [8.785859342877892, 58.533886481919716, 0.0], [8.786197966781868, 58.53392392334813, 0.0], [8.786459253755757, 58.53412557257546, 0.0], [8.786579291380624, 58.53435395419894, 0.0], [8.78645327597885, 58.53456618752113, 0.0], [8.786436325451723, 58.534842504410854, 0.0], [8.786738904918886, 58.53503775955802, 0.0], [8.787338702852391, 58.53527030362244, 0.0], [8.78791870663595, 58.53526720932474, 0.0], [8.788260132557072, 58.53533417388586, 0.0], [8.788666224835698, 58.5355344493316, 0.0], [8.78868849500546, 58.53571887325115, 0.0], [8.788537661436612, 58.53585153870888, 0.0], [8.788487572417624, 58.536088455115845, 0.0], [8.788763836274715, 58.53635372015714, 0.0], [8.789124379378086, 58.53653988813967, 0.0], [8.78955327912338, 58.53692351488737, 0.0], [8.789928456016606, 58.53710656323594, 0.0], [8.790079221559438, 58.53714962219341, 0.0], [8.790276425900943, 58.537476327121006, 0.0], [8.791083616980782, 58.53780478077951, 0.0], [8.791191818743458, 58.537871884293345, 0.0], [8.791329760580055, 58.53803499631114, 0.0], [8.791608125529644, 58.53826111649644, 0.0], [8.792110936680029, 58.53827212493507, 0.0], [8.792589231350966, 58.53817332356911, 0.0], [8.79292672440559, 58.538146412535255, 0.0], [8.7941136746588, 58.53818623054476, 0.0], [8.794433885260407, 58.53814176415268, 0.0]]}, "properties": {"farge": "#fdae61", "elvenavn": null}}, {"type": "Feature", "geometry": {"type": "LineString", "coordinates": [[8.940966996460798, 58.567923006448574, 0.0], [8.94082506043536, 58.567760713651005, 0.0], [8.940633843706864, 58.56761192455535, 0.0], [8.940583811386412, 58.56752634806115, 0.0], [8.940562545148792, 58.56725864368561, 0.0], [8.940643118683004, 58.56690353179998, 0.0], [8.940410123840786, 58.56592617941691, 0.0], [8.940299669708601, 58.56586479138063, 0.0]]}, "properties": {"farge": "#d7191c", "elvenavn": "Vatnebuvassdraget"}}, {"type": "Feature", "geometry": {"type": "LineString", "coordinates": [[8.925157328297534, 58.54485883886357, 0.0], [8.925332930475957, 58.54489777024285, 0.0], [8.925474556003552, 58.54504750108115, 0.0]]}, "properties": {"farge": "#d7191c", "elvenavn": null}}, {"type": "Feature", "geometry": {"type": "LineString", "coordinates": [[8.77510842762879, 58.537457166039275, 0.0], [8.775714895456078, 58.53765230825381, 0.0]]}, "properties": {"farge": "#fdae61", "elvenavn": null}}, {"type": "Feature", "geometry": {"type": "LineString", "coordinates": [[8.773909523173282, 58.52922299061264, 0.0], [8.7742056917126, 58.52940782585792, 0.0], [8.774272981148114, 58.52948584963997, 0.0]]}, "properties": {"farge": "#fdae61", "elvenavn": null}}, {"type": "Feature", "geometry": {"type": "LineString", "coordinates": [[8.924059500137703, 58.547956573851785, 0.0], [8.923986071978858, 58.54805514740084, 0.0], [8.923424857640324, 58.548393878699095, 0.0]]}, "properties": {"farge": "#d7191c", "elvenavn": null}}, {"type": "Feature", "geometry": {"type": "LineString", "coordinates": [[8.758299054078211, 58.54253353882627, 0.0], [8.75824762133964, 58.54252445584491, 0.0], [8.757681391291536, 58.542415603023386, 0.0], [8.757595876619773, 58.542406388122664, 0.0], [8.756959952771519, 58.54240526291664, 0.0], [8.756289963162581, 58.5424309305114, 0.0], [8.756014902934147, 58.542442364825405, 0.0], [8.755671259028727, 58.54245684585832, 0.0], [8.754640920883318, 58.542418810279834, 0.0], [8.754151350487772, 58.54244309576777, 0.0], [8.754106683023513, 58.54244532833382, 0.0], [8.753592635742827, 58.54247066839861, 0.0], [8.752750772892162, 58.54246910532696, 0.0], [8.751807991833918, 58.542188743075506, 0.0], [8.751407807267736, 58.541606610102626, 0.0], [8.751400003836208, 58.541595332033644, 0.0], [8.75138324971346, 58.5415888402296, 0.0], [8.75088619076394, 58.54139669827043, 0.0], [8.750285941769935, 58.541224910560786, 0.0], [8.749999987110439, 58.54112286685675, 0.0], [8.749754863021808, 58.54103524490755, 0.0], [8.749154562259786, 58.54089947221034, 0.0], [8.748502491201448, 58.540817273430655, 0.0], [8.747902172337321, 58.54069031939418, 0.0], [8.747635907382342, 58.54061597939344, 0.0], [8.747319265341753, 58.54052764962557, 0.0], [8.747131123139056, 58.540410385830306, 0.0], [8.747356838879012, 58.54007847426218, 0.0], [8.74747966701785, 58.53972856642297, 0.0], [8.747550494660251, 58.53941421213773, 0.0], [8.747690450211708, 58.539082162168235, 0.0], [8.74776072780499, 58.53884892339289, 0.0]]}, "properties": {"farge": "#2c7fb8", "elvenavn": null}}, {"type": "Feature", "geometry": {"type": "LineString", "coordinates": [[8.73781784598735, 58.52471028773294, 0.0], [8.737786409744269, 58.524324017102714, 0.0], [8.737804416849087, 58.52422529349655, 0.0], [8.737978428460414, 58.52390221535451, 0.0], [8.738255236244461, 58.52361559979611, 0.0], [8.738583901259574, 58.52330180279015, 0.0], [8.738963711567735, 58.52300617879745, 0.0], [8.738919339409831, 58.52288080642483, 0.0], [8.738846034163847, 58.522673685327774, 0.0], [8.73903025828626, 58.5223713694215, 0.0], [8.739037347217515, 58.52235964852655, 0.0], [8.739348751209562, 58.52204599589858, 0.0], [8.739504542190035, 58.52187566490512, 0.0]]}, "properties": {"farge": "#fdae61", "elvenavn": null}}, {"type": "Feature", "geometry": {"type": "LineString", "coordinates": [[8.745411832296902, 58.51930089026058, 0.0], [8.74520675232052, 58.519183692320475, 0.0], [8.745138251429948, 58.519156657162426, 0.0], [8.74465920417394, 58.51893113886668, 0.0], [8.74418032562418, 58.51867869937701, 0.0], [8.743957926294017, 58.51857947430508, 0.0]]}, "properties": {"farge": "#fdae61", "elvenavn": null}}, {"type": "Feature", "geometry": {"type": "LineString", "coordinates": [[8.743252567553915, 58.51880262911539, 0.0], [8.742823472894216, 58.51876578792684, 0.0], [8.742737722724268, 58.518747633867825, 0.0], [8.742172423602808, 58.51858488953674, 0.0], [8.742106914661012, 58.518574839977234, 0.0], [8.74152087159616, 58.51848483564204, 0.0], [8.740851982475814, 58.51841148783479, 0.0], [8.740165278294038, 58.51840120621145, 0.0], [8.739582805506002, 58.51823832982033, 0.0], [8.738983317134077, 58.5180753381353, 0.0], [8.738589823454049, 58.517877038418774, 0.0], [8.738405200432288, 58.51779865477483, 0.0], [8.738059369053538, 58.51765149851072, 0.0], [8.738024441171698, 58.51764852763826, 0.0], [8.737733478856818, 58.517623835089125, 0.0], [8.737353655623618, 58.517901531537014, 0.0], [8.737319365735228, 58.5179103894363, 0.0]]}, "properties": {"farge": "#fdae61", "elvenavn": null}}, {"type": "Feature", "geometry": {"type": "LineString", "coordinates": [[8.780383742816209, 58.52165573778547, 0.0], [8.780324829292871, 58.52162495604494, 0.0], [8.779870329124957, 58.52140329301857, 0.0], [8.779373623803085, 58.52117795474237, 0.0], [8.77919690200678, 58.52109812652285, 0.0], [8.778894441023926, 58.52096157155058, 0.0], [8.778415400520114, 58.52071826664655, 0.0], [8.778025861707992, 58.52047021767231, 0.0], [8.778004964167316, 58.5204570436525, 0.0], [8.777680529966332, 58.520169113616745, 0.0], [8.777548984249764, 58.52005113544005, 0.0], [8.777365745725058, 58.51988696533336, 0.0], [8.777339164649835, 58.51986315828173, 0.0], [8.777054004757757, 58.519640986496476, 0.0], [8.776946178692933, 58.51955712196732, 0.0], [8.776947119109536, 58.519413348594306, 0.0]]}, "properties": {"farge": "#d7191c", "elvenavn": null}}, {"type": "Feature", "geometry": {"type": "LineString", "coordinates": [[8.786775541281166, 58.51298102870259, 0.0], [8.786789148411247, 58.51289172476411, 0.0], [8.786668134568476, 58.512654224394325, 0.0], [8.786619611969362, 58.512559110447654, 0.0], [8.786295222942508, 58.512262198995, 0.0], [8.785798957451066, 58.51203681440321, 0.0], [8.785216493411584, 58.51184722357647, 0.0], [8.785027846689415, 58.51182896101261, 0.0], [8.784718322530896, 58.51190028247256, 0.0], [8.784066559845293, 58.51184519299719, 0.0], [8.783603364007458, 58.511817546865544, 0.0], [8.783259597655936, 58.51188882150762, 0.0]]}, "properties": {"farge": "#d7191c", "elvenavn": null}}, {"type": "Feature", "geometry": {"type": "LineString", "coordinates": [[8.695123275968175, 58.50809932865133, 0.0], [8.694824481700312, 58.50822383219339, 0.0], [8.694158797000329, 58.50850118128253, 0.0], [8.693624717324992, 58.508742418199695, 0.0], [8.693293260720994, 58.5089010624442, 0.0], [8.69317650437675, 58.508956906675465, 0.0], [8.69281543785053, 58.50904582209341, 0.0], [8.692559246924908, 58.50889259810586, 0.0], [8.692561942618287, 58.50858714914781, 0.0], [8.69261657600453, 58.50823697928053, 0.0], [8.692653819145299, 58.50788685226595, 0.0], [8.692601166448474, 58.50780941322093, 0.0], [8.692433526613051, 58.50756301890216, 0.0], [8.692041544400608, 58.50726565974594, 0.0], [8.691924130755913, 58.50694203695921, 0.0], [8.691755657415552, 58.50659139802814, 0.0], [8.69160964182563, 58.50627086687343, 0.0], [8.691604072591137, 58.50625879392143, 0.0], [8.691400684612542, 58.50597974269217, 0.0]]}, "properties": {"farge": "#fdae61", "elvenavn": null}}, {"type": "Feature", "geometry": {"type": "LineString", "coordinates": [[8.749411650789709, 58.50486668208276, 0.0], [8.749235667458661, 58.50493201730217, 0.0], [8.748866421548344, 58.50506886689939, 0.0], [8.748688975966342, 58.505134670293074, 0.0], [8.748551430704703, 58.50517936924221, 0.0], [8.747949805828362, 58.505339798260316, 0.0], [8.747908795687389, 58.50535265276195, 0.0], [8.747382120860255, 58.50551827473026, 0.0], [8.747089433443096, 58.50564355312091, 0.0], [8.74705492894991, 58.505661408508324, 0.0]]}, "properties": {"farge": "#d7191c", "elvenavn": null}}, {"type": "Feature", "geometry": {"type": "LineString", "coordinates": [[8.784325250608845, 58.494834993219335, 0.0], [8.78416933370347, 58.494795169040316, 0.0], [8.784035267989715, 58.494739915191005, 0.0], [8.783939048931584, 58.494662133174046, 0.0], [8.783871785683464, 58.494503315118614, 0.0], [8.783811403759099, 58.494212871874424, 0.0], [8.783781021092103, 58.4940740469878, 0.0], [8.783700326337206, 58.49402803361877, 0.0]]}, "properties": {"farge": "#2c7fb8", "elvenavn": null}}, {"type": "Feature", "geometry": {"type": "LineString", "coordinates": [[8.783700326337206, 58.49402803361877, 0.0], [8.784093126719846, 58.49352331152322, 0.0], [8.784301173090359, 58.49318239099738, 0.0], [8.78441328899809, 58.49302448153234, 0.0], [8.784639737938596, 58.49228199887738, 0.0], [8.784825057617656, 58.491674400486254, 0.0]]}, "properties": {"farge": "#2c7fb8", "elvenavn": null}}, {"type": "Feature", "geometry": {"type": "LineString", "coordinates": [[8.76854315108609, 58.48991282547695, 0.0], [8.768591196254494, 58.48988346749366, 0.0], [8.768661171883657, 58.48984103958581, 0.0], [8.768830407167178, 58.489824612951566, 0.0], [8.769222240583236, 58.48978859622599, 0.0], [8.769846862643707, 58.48981498496012, 0.0], [8.769879121415343, 58.48981637691096, 0.0], [8.769907946972035, 58.489808055577654, 0.0], [8.770343231476984, 58.48968238559905, 0.0], [8.770859207188504, 58.48945879237896, 0.0], [8.770893699366054, 58.48944084076384, 0.0], [8.77096909557338, 58.48940660076665, 0.0], [8.771031227051035, 58.48937828852104, 0.0], [8.771099988494331, 58.4893513799582, 0.0]]}, "properties": {"farge": "#d7191c", "elvenavn": null}}, {"type": "Feature", "geometry": {"type": "LineString", "coordinates": [[8.736420994162435, 58.48430916930374, 0.0], [8.736453051580927, 58.48431839516551, 0.0], [8.736609236535578, 58.484363422752494, 0.0], [8.737092985635885, 58.48452320440565, 0.0], [8.737156793242702, 58.4845443424727, 0.0], [8.7377557576618, 58.48470706464303, 0.0], [8.738337674922873, 58.48486993940843, 0.0], [8.738936668825282, 58.48505084899834, 0.0], [8.7390466528379, 58.48508883732004, 0.0], [8.739484050029803, 58.48524057518248, 0.0], [8.740082901862332, 58.485421381996446, 0.0], [8.740556259813559, 58.485600993951536, 0.0], [8.740630191619164, 58.48562902007377, 0.0], [8.741246625249369, 58.48577402813882, 0.0], [8.741828474121341, 58.485954804226274, 0.0], [8.742393196345862, 58.486126543761976, 0.0], [8.742923200545983, 58.48635214727699, 0.0], [8.743488030207587, 58.48653298275774, 0.0], [8.744035069645005, 58.48675860448682, 0.0], [8.744617067288385, 58.48692136253704, 0.0], [8.745181872438698, 58.4871111045328, 0.0], [8.74535598492429, 58.48715987973512, 0.0], [8.745763524573418, 58.4872739301612, 0.0], [8.746130357828351, 58.48739733509366, 0.0], [8.746328171316868, 58.48746365896641, 0.0], [8.74639718808181, 58.487490360340075, 0.0], [8.746725521136323, 58.48761269051712, 0.0], [8.746858550771424, 58.487662335720366, 0.0], [8.747336827894376, 58.487923663691184, 0.0], [8.747743221896126, 58.48819174057476, 0.0], [8.748156896741188, 58.48838335257382, 0.0], [8.748413666816338, 58.48845570822538, 0.0]]}, "properties": {"farge": "#d7191c", "elvenavn": null}}, {"type": "Feature", "geometry": {"type": "LineString", "coordinates": [[8.910169393451833, 58.49064681066887, 0.0], [8.909945494910453, 58.49090709367316, 0.0], [8.909601680172141, 58.49121218028957, 0.0], [8.909034802057771, 58.49140939172125, 0.0], [8.908725879459615, 58.491597728575506, 0.0], [8.908793966611015, 58.491714609442745, 0.0], [8.908835305160538, 58.49172216146893, 0.0], [8.90942851369758, 58.491831729131604, 0.0], [8.90953575182741, 58.49185988859207, 0.0], [8.909574562890866, 58.491870111392835, 0.0], [8.91004560051562, 58.49199393713281, 0.0], [8.91058128604593, 58.49213767818324, 0.0]]}, "properties": {"farge": "#2c7fb8", "elvenavn": null}}, {"type": "Feature", "geometry": {"type": "LineString", "coordinates": [[8.6668014005298, 58.47239955885134, 0.0], [8.666818444333638, 58.4724175157959, 0.0], [8.667039551029266, 58.47258878845721, 0.0], [8.667379594233603, 58.472904023428, 0.0], [8.667636771506485, 58.473147872952524, 0.0], [8.667702520529303, 58.473210303318034, 0.0], [8.668128535163723, 58.47348080104847, 0.0], [8.668582907211604, 58.47373901237777, 0.0], [8.668614222525973, 58.473755064262946, 0.0], [8.669066790588271, 58.47398616499963, 0.0], [8.669492886759837, 58.47424774524086, 0.0], [8.66958363344753, 58.47431744710688, 0.0], [8.669867539861757, 58.47453622662483, 0.0], [8.670259061131096, 58.47480653869413, 0.0], [8.670651022068032, 58.47508587756256, 0.0], [8.67107697223527, 58.475365547383376, 0.0], [8.67113220047231, 58.47540439822435, 0.0], [8.671485527366572, 58.47565399100293, 0.0], [8.67157987193976, 58.475683790890194, 0.0], [8.672031692794018, 58.4758268502037, 0.0]]}, "properties": {"farge": "#fdae61", "elvenavn": null}}, {"type": "Feature", "geometry": {"type": "LineString", "coordinates": [[8.713404178853713, 58.47605982263872, 0.0], [8.71337010872265, 58.47604175566865, 0.0], [8.713182198909022, 58.475951547564534, 0.0], [8.713148179641511, 58.47592456701807, 0.0], [8.712824825693383, 58.475618394258014, 0.0], [8.712683412443676, 58.47550093277456, 0.0], [8.71246736229653, 58.47532125962033, 0.0], [8.712023550985906, 58.47505986234147, 0.0], [8.711683265709055, 58.47474465754788, 0.0], [8.711291159863233, 58.474465357663945, 0.0], [8.710744221805996, 58.47425760029817, 0.0], [8.71024894688154, 58.474013927064355, 0.0], [8.70968464993605, 58.47383304918082, 0.0], [8.709644226975122, 58.473823584433774, 0.0], [8.709291060270258, 58.473742347170436, 0.0]]}, "properties": {"farge": "#2c7fb8", "elvenavn": null}}, {"type": "Feature", "geometry": {"type": "LineString", "coordinates": [[8.758790547886147, 58.470961943104406, 0.0], [8.759192459523502, 58.47085657124461, 0.0], [8.760073563517569, 58.470625646798226, 0.0]]}, "properties": {"farge": "#d7191c", "elvenavn": "Barbuvassdraget"}}, {"type": "Feature", "geometry": {"type": "LineString", "coordinates": [[8.760073563517569, 58.470625646798226, 0.0], [8.760593786824748, 58.47048929962285, 0.0], [8.761092308919942, 58.47027462679399, 0.0], [8.761143955039142, 58.47025679523359, 0.0], [8.76172322330765, 58.46990701422515, 0.0], [8.762107960779284, 58.46967480592963, 0.0]]}, "properties": {"farge": "#2c7fb8", "elvenavn": "Barbuvassdraget"}}, {"type": "Feature", "geometry": {"type": "LineString", "coordinates": [[8.642234115864973, 58.46222041402714, 0.0], [8.642431721348785, 58.462333553568456, 0.0], [8.642643129570107, 58.46245494516558, 0.0], [8.643120528145598, 58.46270764830103, 0.0], [8.6433554502897, 58.46273059526331, 0.0], [8.643788208674009, 58.46277248120955, 0.0], [8.644421247223361, 58.462890977936944, 0.0], [8.644900239772552, 58.463036304224964, 0.0], [8.645019173208727, 58.463072392323454, 0.0], [8.645564379725979, 58.463197592314756, 0.0], [8.645652002865198, 58.46321771193774, 0.0], [8.645857634493371, 58.463218302007796, 0.0], [8.646097625963051, 58.46321897936378, 0.0]]}, "properties": {"farge": "#d7191c", "elvenavn": null}}, {"type": "Feature", "geometry": {"type": "LineString", "coordinates": [[8.691650556098304, 58.463758719086215, 0.0], [8.691753397646844, 58.4637679394691, 0.0], [8.692147557015092, 58.46378676876615, 0.0], [8.69236300242755, 58.46361899132375, 0.0], [8.692392362947151, 58.4635962139936, 0.0], [8.692423545573277, 58.46357190548707, 0.0], [8.692475684498474, 58.463491261801785, 0.0], [8.692493008426538, 58.46347329399114, 0.0]]}, "properties": {"farge": "#2c7fb8", "elvenavn": "Lilleelva"}}, {"type": "Feature", "geometry": {"type": "LineString", "coordinates": [[8.694138998119053, 58.461465366608145, 0.0], [8.694156331428637, 58.461420560558025, 0.0], [8.69422646494073, 58.46123209943965, 0.0], [8.69446946525276, 58.460900325055064, 0.0], [8.694486600419918, 58.460882437792336, 0.0], [8.694573499382832, 58.46074794067293, 0.0]]}, "properties": {"farge": "#2c7fb8", "elvenavn": "Lilleelva"}}, {"type": "Feature", "geometry": {"type": "LineString", "coordinates": [[8.529839587903785, 58.454061638070606, 0.0], [8.529634671522892, 58.45400703012313, 0.0], [8.529617610627714, 58.4539979689519, 0.0], [8.529141262254148, 58.45375369170036, 0.0], [8.528819816800011, 58.45343826483505, 0.0], [8.528584221753823, 58.45311394588659, 0.0], [8.528280106921597, 58.452789397074056, 0.0], [8.52794156077315, 58.45248291918092, 0.0], [8.527568479328165, 58.45219414634805, 0.0], [8.527483847313867, 58.45212194034299, 0.0], [8.527329923238545, 58.45184778603449, 0.0], [8.527203660959172, 58.45162304370677, 0.0], [8.52699847154817, 58.45125792645845, 0.0], [8.526983410512184, 58.451241760181894, 0.0], [8.526964735314971, 58.45122189777486, 0.0], [8.526957662380797, 58.4511903731281, 0.0], [8.526883790352995, 58.450862356745674, 0.0], [8.526834315439503, 58.4505818757324, 0.0], [8.526820205922048, 58.45050279479066, 0.0], [8.526669028785642, 58.450268772125646, 0.0]]}, "properties": {"farge": "#2c7fb8", "elvenavn": null}}, {"type": "Feature", "geometry": {"type": "LineString", "coordinates": [[8.580271890709424, 58.44953927918227, 0.0], [8.580409414887576, 58.4494947609719, 0.0], [8.58044384372551, 58.44948595313527, 0.0], [8.580564449053629, 58.4494324779634, 0.0], [8.580616080220832, 58.44940570981549, 0.0]]}, "properties": {"farge": "#fdae61", "elvenavn": null}}, {"type": "Feature", "geometry": {"type": "LineString", "coordinates": [[8.552629743742624, 58.44731716401456, 0.0], [8.55252676176906, 58.447379249890716, 0.0], [8.552508783387653, 58.44739761797877, 0.0], [8.552163686331639, 58.4476029470121, 0.0], [8.551686733871792, 58.44768893565253, 0.0], [8.551528225052497, 58.447717502055106, 0.0], [8.551309060198326, 58.44776011946683, 0.0], [8.550892822368686, 58.44784106438417, 0.0], [8.550823937833801, 58.44785875315575, 0.0]]}, "properties": {"farge": "#fdae61", "elvenavn": null}}, {"type": "Feature", "geometry": {"type": "LineString", "coordinates": [[8.634711213803586, 58.45052314712723, 0.0], [8.634506057099783, 58.450477707081674, 0.0], [8.634471966594155, 58.45046862267754, 0.0], [8.633873965362657, 58.45030516011529, 0.0], [8.633431231452182, 58.45004351502907, 0.0], [8.63340515098954, 58.4500006941753, 0.0], [8.633229078752676, 58.44971063851717, 0.0], [8.632941267340232, 58.44937736450824, 0.0], [8.632887949523392, 58.449352099846, 0.0], [8.632446959227048, 58.44914250636799, 0.0], [8.631814122762872, 58.44903295798889, 0.0], [8.631508390191067, 58.4487805676187, 0.0], [8.631545735633942, 58.44847530068134, 0.0], [8.631857137730336, 58.448188831874155, 0.0], [8.631732837016, 58.448025467239454, 0.0], [8.631603509062147, 58.447855727221366, 0.0], [8.631434804100124, 58.447621787214175, 0.0], [8.63141798017905, 58.44758573207698, 0.0]]}, "properties": {"farge": "#2c7fb8", "elvenavn": null}}, {"type": "Feature", "geometry": {"type": "LineString", "coordinates": [[8.671221162805029, 58.4489244869339, 0.0], [8.671323690999257, 58.4489247033915, 0.0], [8.672026501087856, 58.44889062402337, 0.0], [8.672695269756769, 58.448820450175134, 0.0], [8.672915062598221, 58.44882395226426, 0.0], [8.673229260892157, 58.448828887719365, 0.0], [8.673380724647048, 58.44883116609863, 0.0], [8.674047979203621, 58.448904742098996, 0.0], [8.674167808988582, 58.44893193160977, 0.0], [8.674236179321346, 58.44895008799276, 0.0]]}, "properties": {"farge": "#2c7fb8", "elvenavn": null}}, {"type": "Feature", "geometry": {"type": "LineString", "coordinates": [[8.575492717249293, 58.44233822885926, 0.0], [8.575491923387082, 58.4424101561657, 0.0], [8.575491737168871, 58.44242807105475, 0.0], [8.57549850573636, 58.44262107481965, 0.0], [8.575504491482992, 58.44278737799401, 0.0], [8.575620448099498, 58.44312908862269, 0.0], [8.575770405325716, 58.44347088820581, 0.0], [8.575851873092263, 58.44381239473132, 0.0], [8.575933378585336, 58.44416309036185, 0.0], [8.57598042418929, 58.44451340354636, 0.0], [8.57604487943992, 58.444854954765965, 0.0], [8.576061389834745, 58.44489992035707, 0.0]]}, "properties": {"farge": "#fdae61", "elvenavn": null}}, {"type": "Feature", "geometry": {"type": "LineString", "coordinates": [[8.54758033817694, 58.44029381168872, 0.0], [8.547873745463162, 58.440115248839525, 0.0]]}, "properties": {"farge": "#fdae61", "elvenavn": null}}, {"type": "Feature", "geometry": {"type": "LineString", "coordinates": [[8.559038425868488, 58.43762136302251, 0.0], [8.559038190862694, 58.437657290279304, 0.0], [8.55925652704702, 58.43800832890979, 0.0], [8.559526683745993, 58.438332526930026, 0.0], [8.559816774658636, 58.43847127871594, 0.0], [8.560025227578448, 58.43857096418493, 0.0], [8.560360780715655, 58.43873065251957, 0.0], [8.560499739660882, 58.43884962086464, 0.0], [8.560750321067294, 58.439064290798015, 0.0]]}, "properties": {"farge": "#fdae61", "elvenavn": null}}, {"type": "Feature", "geometry": {"type": "LineString", "coordinates": [[8.584496886291253, 58.43704175728859, 0.0], [8.583759901412124, 58.43709326717634, 0.0], [8.583314825077371, 58.43707378449781, 0.0], [8.582820505099948, 58.43703804463146, 0.0], [8.582664544179321, 58.437026783957215, 0.0], [8.582441808019773, 58.43703504513967, 0.0]]}, "properties": {"farge": "#fdae61", "elvenavn": null}}, {"type": "Feature", "geometry": {"type": "LineString", "coordinates": [[8.62676367390605, 58.438959008752185, 0.0], [8.626454748929813, 58.43902104902842, 0.0], [8.625904408946177, 58.439234961972, 0.0], [8.625236173392304, 58.439259970231944, 0.0], [8.625046072070667, 58.43941206187488, 0.0], [8.624936691110442, 58.439508377996106, 0.0], [8.624700354819911, 58.43971643491093, 0.0], [8.624405537112676, 58.44002992327863, 0.0], [8.62407876146096, 58.440181675166706, 0.0], [8.623477821791804, 58.4403146033422, 0.0], [8.623460935623767, 58.44059107887212, 0.0], [8.623457702569103, 58.44064387729403, 0.0], [8.623456908458786, 58.44065581665738, 0.0], [8.623164451916105, 58.44078973538923, 0.0], [8.623147194178275, 58.4407986910396, 0.0], [8.623126783178453, 58.44080893031861, 0.0], [8.622733889377402, 58.441004032762045, 0.0], [8.622287702483046, 58.441074520784916, 0.0], [8.621620535895085, 58.44100076012267, 0.0], [8.621547945658522, 58.44099470271348, 0.0], [8.62127810960638, 58.440972848857825, 0.0], [8.62126028487741, 58.44095655692317, 0.0], [8.6209388749502, 58.44066642575262, 0.0], [8.620496283503929, 58.44041365283599, 0.0], [8.620034391231199, 58.44036734065993, 0.0], [8.619983848373025, 58.44028627625769, 0.0], [8.62008752190069, 58.44019688419663, 0.0]]}, "properties": {"farge": "#2c7fb8", "elvenavn": null}}, {"type": "Feature", "geometry": {"type": "LineString", "coordinates": [[8.639402591399447, 58.439120975419975, 0.0], [8.639349984650742, 58.439137359269, 0.0], [8.638771939633227, 58.43931788181813, 0.0], [8.638539813881778, 58.43939035116401, 0.0], [8.638491380290136, 58.43940550149735, 0.0], [8.638234112587163, 58.43948590469998, 0.0], [8.637683918702725, 58.43969086714526, 0.0], [8.637548526314442, 58.43972996577094, 0.0], [8.637317941254505, 58.43979674554687, 0.0], [8.637099861307275, 58.43985991485763, 0.0], [8.636515558769887, 58.44003786445931, 0.0], [8.636067759113963, 58.440288092404195, 0.0], [8.635705028482725, 58.440565525425505, 0.0], [8.635342220719975, 58.440869883732056, 0.0], [8.634894247930154, 58.441120009455396, 0.0], [8.63471926243033, 58.44146083750281, 0.0], [8.63452787109935, 58.441792651620226, 0.0], [8.63427928465005, 58.44204956118443, 0.0], [8.634233207087298, 58.442097161530526, 0.0], [8.634187835550815, 58.44214749906368, 0.0], [8.634111962067804, 58.44223153236349, 0.0]]}, "properties": {"farge": "#2c7fb8", "elvenavn": null}}, {"type": "Feature", "geometry": {"type": "LineString", "coordinates": [[8.713676196150521, 58.44683474268017, 0.0], [8.713659189493255, 58.44680787820249, 0.0], [8.713815806112917, 58.446511721348095, 0.0], [8.714161008318275, 58.44620710296063, 0.0], [8.714315911759929, 58.446099898512735, 0.0], [8.714574404980823, 58.44592069950335, 0.0], [8.714644811315663, 58.445873820157836, 0.0], [8.715004982824444, 58.44563423969795, 0.0], [8.71526460783208, 58.44531144872744, 0.0], [8.715404376784967, 58.44496150604948, 0.0], [8.715646444760772, 58.44469260748524, 0.0], [8.716025605078631, 58.44441496282333, 0.0], [8.716507486425632, 58.4441555193023, 0.0], [8.716903618948496, 58.44387798686522, 0.0], [8.717194493769608, 58.44360788438789, 0.0], [8.717231410271294, 58.44357340594904, 0.0], [8.717392608135965, 58.44346929989873, 0.0], [8.717663085441629, 58.44329491801661, 0.0], [8.718024178980718, 58.44299134299834, 0.0], [8.71812708995667, 58.44295569716548, 0.0]]}, "properties": {"farge": "#2c7fb8", "elvenavn": null}}, {"type": "Feature", "geometry": {"type": "LineString", "coordinates": [[8.586511583958613, 58.44196111829929, 0.0], [8.58694059456193, 58.441899618070074, 0.0], [8.587541966431129, 58.44173994766284, 0.0], [8.587681188267492, 58.441578686468745, 0.0], [8.587616436816324, 58.441237219752765, 0.0], [8.587653217844613, 58.44102172616218, 0.0], [8.588067471669232, 58.44074466313106, 0.0], [8.588498805478334, 58.44047656285829, 0.0], [8.589083441323035, 58.440289835366656, 0.0], [8.58959938271515, 58.44010298961383, 0.0], [8.589979826274163, 58.43980774104263, 0.0], [8.590393495488076, 58.43958450425921, 0.0], [8.590926879125822, 58.439370697414, 0.0], [8.591409247806203, 58.43912955898494, 0.0], [8.591524428111553, 58.439028335773415, 0.0], [8.591755565260142, 58.43882538764895, 0.0], [8.591957744138595, 58.43861639242959, 0.0], [8.592050050674638, 58.43852095640842, 0.0], [8.592481503951749, 58.438234926497884, 0.0], [8.592690943911785, 58.43790325875978, 0.0], [8.59271605274385, 58.437856961548626, 0.0], [8.59286594937681, 58.43758049132598, 0.0], [8.592989718349326, 58.43724857785586, 0.0], [8.592959600513007, 58.43688930779148, 0.0], [8.59291215592008, 58.436547812851984, 0.0], [8.592984244648825, 58.43623366225547, 0.0], [8.593346153844097, 58.43604619060978, 0.0], [8.59334827060803, 58.43585759978378, 0.0], [8.593796475776433, 58.43560753466456, 0.0], [8.594481449883455, 58.43561865986517, 0.0], [8.594685541300839, 58.43573608124587, 0.0], [8.594732826455271, 58.43609549095318, 0.0], [8.594884910911759, 58.43626641676322, 0.0], [8.595348314205092, 58.43618725098068, 0.0], [8.595439965159395, 58.43615464898873, 0.0], [8.595898606638443, 58.43599138730521, 0.0], [8.596395927570663, 58.43593904847958, 0.0], [8.596857106905585, 58.4360444092138, 0.0], [8.596993959669094, 58.436075680620384, 0.0], [8.597627451140681, 58.43606871499907, 0.0], [8.597802146932448, 58.43597155189551, 0.0], [8.59809279568733, 58.43581868436067, 0.0], [8.59854095144278, 58.4355686912129, 0.0], [8.59879633128017, 58.43555933664268, 0.0]]}, "properties": {"farge": "#2c7fb8", "elvenavn": null}}, {"type": "Feature", "geometry": {"type": "LineString", "coordinates": [[8.59879633128017, 58.43555933664268, 0.0], [8.59886634764416, 58.43556059483884, 0.0], [8.599150110405862, 58.43571118509196, 0.0], [8.599325964446853, 58.43580457556219, 0.0], [8.599387060622263, 58.43588870078901, 0.0], [8.599475591758296, 58.43601076944648, 0.0], [8.59952844515966, 58.436083582984885, 0.0], [8.599422905133489, 58.43631679736823, 0.0], [8.599387671082264, 58.43640645200115, 0.0]]}, "properties": {"farge": "#2c7fb8", "elvenavn": null}}, {"type": "Feature", "geometry": {"type": "LineString", "coordinates": [[8.633906056534933, 58.43402184545954, 0.0], [8.633817204617674, 58.43433580232775, 0.0], [8.63424246730103, 58.434606578480604, 0.0], [8.634385758911261, 58.43470099650871, 0.0], [8.634510851787779, 58.434783068667905, 0.0], [8.634667666702542, 58.43488626647608, 0.0], [8.63488782640707, 58.43500288918683, 0.0], [8.634940144889786, 58.435030715760405, 0.0], [8.63509012673258, 58.43510339999026, 0.0], [8.63514471445879, 58.43513007864361, 0.0], [8.635545015267398, 58.43528756255357, 0.0], [8.635673423896215, 58.43533809517476, 0.0], [8.635649601948687, 58.435397522842294, 0.0], [8.635614241270233, 58.43548555705791, 0.0], [8.635532895580248, 58.43568802592802, 0.0], [8.63553939401911, 58.43574788396236, 0.0], [8.635548568101939, 58.43583183311707, 0.0], [8.63566151000598, 58.43587105701205, 0.0], [8.6358050040341, 58.43592081013681, 0.0], [8.63600015858817, 58.435987818554146, 0.0], [8.636094697533776, 58.436012975150746, 0.0], [8.636710390723566, 58.43609553551925, 0.0], [8.637068694366208, 58.43617967859748, 0.0], [8.637250898715111, 58.43622244223473, 0.0], [8.637291104004765, 58.436231830975146, 0.0], [8.637369148286197, 58.43627030517688, 0.0], [8.637411571278165, 58.43629115277155, 0.0], [8.63776825728972, 58.43646672085193, 0.0], [8.638418774443325, 58.436513539892715, 0.0], [8.638787629924847, 58.43661153338073, 0.0], [8.638966332504168, 58.43666132531471, 0.0], [8.639048944386918, 58.436856651593786, 0.0], [8.639526457129902, 58.43705552557117, 0.0], [8.639917648592114, 58.43732611452768, 0.0], [8.639968742123429, 58.43735315726629, 0.0], [8.640036477979402, 58.437432456761826, 0.0], [8.640307318806448, 58.437749288915505, 0.0], [8.640268353085983, 58.43820722753346, 0.0]]}, "properties": {"farge": "#2c7fb8", "elvenavn": null}}, {"type": "Feature", "geometry": {"type": "LineString", "coordinates": [[8.68636143086619, 58.45334541038439, 0.0], [8.686191162520819, 58.45321928292198, 0.0], [8.685954096384226, 58.45289522783701, 0.0], [8.686059807153695, 58.45257217380831, 0.0], [8.686285456857698, 58.4522404576295, 0.0], [8.68651136149441, 58.451899657445864, 0.0], [8.68665144538037, 58.451549752139705, 0.0], [8.686774465226774, 58.45120873020726, 0.0], [8.686901319342727, 58.450899870002864, 0.0], [8.686914470399142, 58.4508678271703, 0.0], [8.68688453742663, 58.45081645307906, 0.0], [8.686762601732521, 58.45060697500098, 0.0], [8.686576703392607, 58.45032804926588, 0.0], [8.686659711177594, 58.45000027058124, 0.0], [8.686665428071864, 58.44997803744356, 0.0], [8.686701990760017, 58.449929499434326, 0.0], [8.686908340979754, 58.44965527975096, 0.0], [8.687236290202618, 58.44935068399195, 0.0], [8.687444903106105, 58.44901893537706, 0.0], [8.687585078008322, 58.44867795042432, 0.0], [8.687742252745435, 58.448336994923714, 0.0], [8.687933681370628, 58.4480052072158, 0.0], [8.688073676576737, 58.447664213128974, 0.0], [8.687973659942083, 58.44735864164687, 0.0], [8.688250788315482, 58.44702694576357, 0.0], [8.688390759882274, 58.44668604044957, 0.0], [8.688530914846279, 58.44634505406918, 0.0], [8.68865395126213, 58.445995116131016, 0.0], [8.688862358609894, 58.44566335610575, 0.0], [8.68895001621503, 58.445429922111614, 0.0], [8.68891885798387, 58.4450795702562, 0.0], [8.689127427117366, 58.444747818046665, 0.0], [8.689455793596204, 58.44442522674914, 0.0], [8.689201862370897, 58.44408332181447, 0.0], [8.689058951509795, 58.44402402433565, 0.0], [8.688951390412107, 58.443940085034924, 0.0], [8.68890941109213, 58.443862088031935, 0.0], [8.688798190377884, 58.44380615733264, 0.0], [8.688850869672782, 58.443685104440476, 0.0], [8.689099739203296, 58.44368911567187, 0.0], [8.689356725468267, 58.44360400529773, 0.0], [8.689730283847869, 58.44352879668376, 0.0], [8.69012134978061, 58.44335520310502, 0.0], [8.690506450522463, 58.44317176714965, 0.0], [8.690701738032093, 58.44299120232241, 0.0], [8.690873373105713, 58.44295564018119, 0.0], [8.691217079558207, 58.442821853373594, 0.0], [8.69168194487931, 58.442562468843725, 0.0], [8.691714332305851, 58.442550469074156, 0.0], [8.692012216387464, 58.44243936439087, 0.0], [8.692231885347624, 58.4423572690317, 0.0], [8.69284949531902, 58.44224195854798, 0.0], [8.693244393386346, 58.44214248662723, 0.0], [8.693455531706972, 58.44208968859508, 0.0], [8.693656696769224, 58.442052248738676, 0.0], [8.694067955357548, 58.44197546731951, 0.0], [8.694274033260324, 58.44195466039714, 0.0], [8.694811378688803, 58.441900763128395, 0.0], [8.69494237974072, 58.441887686702856, 0.0], [8.695183131406736, 58.44178951554875, 0.0], [8.695217371601903, 58.44178057845598, 0.0], [8.695732885810399, 58.441584202388334, 0.0], [8.69633380761623, 58.441423921698366, 0.0], [8.696968837033056, 58.441290809095975, 0.0], [8.697065345526793, 58.441264140184565, 0.0], [8.697552578852534, 58.441130485702566, 0.0], [8.69813638530452, 58.44096115680651, 0.0], [8.698720410164078, 58.44078292006947, 0.0], [8.698913891379814, 58.440710689626556, 0.0], [8.69927029902961, 58.440577599410005, 0.0], [8.699581107664955, 58.4402640267465, 0.0], [8.699659461736074, 58.44019683329925, 0.0], [8.699913116009881, 58.439979688553116, 0.0], [8.699930207908556, 58.439966752229445, 0.0], [8.700275747915002, 58.43982907069826, 0.0], [8.700441827454583, 58.439763051767684, 0.0], [8.700819842120469, 58.439602293794714, 0.0], [8.700873007332783, 58.4394227213479, 0.0], [8.700636095900677, 58.43908987662582, 0.0], [8.700313154600217, 58.43878376903475, 0.0], [8.700000032448957, 58.43854262897764, 0.0], [8.699938761339945, 58.43849547630743, 0.0], [8.69985015904167, 58.43834601621018, 0.0], [8.699736270306664, 58.438153700119, 0.0], [8.699550764786173, 58.43781204094557, 0.0], [8.699348447401395, 58.437527731852306, 0.0], [8.699313721655336, 58.43747909649944, 0.0], [8.699554692209329, 58.437344994588834, 0.0], [8.700000043498669, 58.4372328626949, 0.0], [8.700155454767875, 58.43719369698169, 0.0], [8.700216506705726, 58.43716833916873, 0.0], [8.700671011925575, 58.43697929368848, 0.0], [8.700792901226318, 58.43676411452001, 0.0], [8.700829955606274, 58.43641389140516, 0.0], [8.700945354710404, 58.43623009373905, 0.0], [8.701038340681569, 58.43608220583796, 0.0], [8.701022744576939, 58.4358933880117, 0.0]]}, "properties": {"farge": "#2c7fb8", "elvenavn": "Lilleelva"}}, {"type": "Feature", "geometry": {"type": "LineString", "coordinates": [[8.741339860090722, 58.43574751414044, 0.0], [8.740669841086467, 58.43602465925277, 0.0], [8.740653647277371, 58.43603458254799, 0.0], [8.740222480910202, 58.43630217777642, 0.0], [8.739741457087625, 58.43652572086066, 0.0], [8.739336438804175, 58.43665329330471, 0.0], [8.739274516527326, 58.436659623947236, 0.0], [8.739100458461008, 58.436677478571596, 0.0], [8.738841595343533, 58.43675295571426, 0.0], [8.7385512354593, 58.43682688820577, 0.0], [8.73842747967695, 58.43680533079814, 0.0]]}, "properties": {"farge": "#2c7fb8", "elvenavn": null}}, {"type": "Feature", "geometry": {"type": "LineString", "coordinates": [[8.589027130000154, 58.42749086929613, 0.0], [8.589079987935689, 58.42737436027436, 0.0], [8.58908019145375, 58.4273384323659, 0.0], [8.589288682607515, 58.42706067596544, 0.0], [8.589771292459506, 58.426810734020876, 0.0], [8.589995623710244, 58.426658789809785, 0.0], [8.59025484251071, 58.42645302340159, 0.0], [8.590647937267024, 58.42647717200505, 0.0], [8.590716870872287, 58.42648144329394, 0.0], [8.590923856937406, 58.426347361501186, 0.0], [8.590564886422609, 58.42629241147663, 0.0], [8.59047990586099, 58.42624716307532, 0.0], [8.590685961068884, 58.426185001171994, 0.0], [8.590873933149247, 58.42621254192845, 0.0], [8.590909637899841, 58.42609589185066, 0.0], [8.590859261992776, 58.42600590459696, 0.0], [8.591409398601087, 58.42581014686864, 0.0], [8.591823606371678, 58.42553307603811, 0.0], [8.592031816280231, 58.4252999769109, 0.0], [8.592118255108897, 58.42521955941661, 0.0], [8.592135705874718, 58.425192603608274, 0.0]]}, "properties": {"farge": "#2c7fb8", "elvenavn": null}}, {"type": "Feature", "geometry": {"type": "LineString", "coordinates": [[8.544106507996446, 58.41883352855541, 0.0], [8.544158289472819, 58.41880678336772, 0.0], [8.544422072786553, 58.41869510167889, 0.0], [8.54453692452364, 58.418646505534745, 0.0], [8.54514393948224, 58.41847750932708, 0.0], [8.545652485544661, 58.41842585175066, 0.0], [8.546202647009633, 58.41823920380657, 0.0], [8.54675311074077, 58.41802563686121, 0.0], [8.547116110919568, 58.41774845634336, 0.0], [8.54763252637928, 58.41752577865452, 0.0], [8.548250920170604, 58.41735725385912, 0.0], [8.548636686340396, 58.41724209202028, 0.0], [8.548653926217902, 58.417237018511, 0.0], [8.549024249229264, 58.41712647945729, 0.0], [8.549058499393396, 58.41711758176694, 0.0]]}, "properties": {"farge": "#2c7fb8", "elvenavn": "elv fra Røynevatnet"}}, {"type": "Feature", "geometry": {"type": "LineString", "coordinates": [[8.648198939153085, 58.4192782279787, 0.0], [8.648646547817478, 58.419027959098145, 0.0], [8.649093898009957, 58.41878668255178, 0.0], [8.649524483464518, 58.41851845163524, 0.0], [8.650000026955672, 58.418304423600794, 0.0], [8.65004037138613, 58.418286345762155, 0.0], [8.650343588961938, 58.418174795628566, 0.0], [8.650573084168368, 58.41809029045993, 0.0], [8.650814748502267, 58.417884261307194, 0.0], [8.651123332585104, 58.41783133884725, 0.0], [8.651329520567376, 58.41775990364674, 0.0], [8.651380970277298, 58.41774210750948, 0.0], [8.651518575448112, 58.41766167725732, 0.0], [8.651570341522367, 58.417625973758206, 0.0]]}, "properties": {"farge": "#d7191c", "elvenavn": null}}, {"type": "Feature", "geometry": {"type": "LineString", "coordinates": [[8.675498362275029, 58.41604507974801, 0.0], [8.675498682691748, 58.41602708291268, 0.0], [8.675739856747738, 58.41585719269286, 0.0], [8.676357418816602, 58.41569694091747, 0.0], [8.676596699574066, 58.41563485151281, 0.0], [8.67664423013158, 58.415622525529436, 0.0], [8.676837931170736, 58.41557240799643, 0.0], [8.67708056269522, 58.41524074376346, 0.0], [8.677225943846507, 58.4150451216606, 0.0]]}, "properties": {"farge": "#2c7fb8", "elvenavn": null}}, {"type": "Feature", "geometry": {"type": "LineString", "coordinates": [[8.700695523071323, 58.4058316294327, 0.0], [8.70081410625681, 58.405629439609335, 0.0], [8.700869194542278, 58.40553552227888, 0.0], [8.701077392843601, 58.40520374335182, 0.0], [8.701285587031977, 58.40487196400593, 0.0], [8.70130561591383, 58.4045216225983, 0.0], [8.701563890252203, 58.404333620787995, 0.0], [8.702069379950983, 58.40427894964718, 0.0], [8.70221460565349, 58.40426323977916, 0.0], [8.702866120516358, 58.40414813447852, 0.0], [8.703625056194758, 58.40392944105032, 0.0], [8.703855799959092, 58.4038855259489, 0.0], [8.704186194837487, 58.403827432918156, 0.0], [8.704511615635523, 58.403752072154006, 0.0], [8.70480036810906, 58.403700389385634, 0.0], [8.705038108382707, 58.4036844660917, 0.0]]}, "properties": {"farge": "#2c7fb8", "elvenavn": null}}, {"type": "Feature", "geometry": {"type": "LineString", "coordinates": [[8.695012304277498, 58.40211768032084, 0.0], [8.695133992546728, 58.40189349334261, 0.0], [8.695308059427244, 58.40154364552459, 0.0], [8.695925367570718, 58.40139239314641, 0.0], [8.696542670564883, 58.40124113768507, 0.0], [8.697159729032657, 58.40109887349796, 0.0], [8.69779404961325, 58.40096556442236, 0.0], [8.697879805138975, 58.400938907763106, 0.0], [8.697948596580645, 58.40091213389118, 0.0]]}, "properties": {"farge": "#2c7fb8", "elvenavn": null}}, {"type": "Feature", "geometry": {"type": "LineString", "coordinates": [[8.692979401920704, 58.397801700681654, 0.0], [8.693217723861599, 58.3979459596742, 0.0], [8.693642981731173, 58.39822545247312, 0.0], [8.694051113503507, 58.39850481792538, 0.0], [8.694441946813411, 58.3988022402155, 0.0], [8.694781641565331, 58.39910839237682, 0.0], [8.695155594157507, 58.39939669240226, 0.0], [8.695212128279488, 58.3994277647063, 0.0], [8.695632302071573, 58.39965827518228, 0.0], [8.696091984037874, 58.39992874167028, 0.0], [8.696585978625851, 58.40017244143049, 0.0], [8.697200795923514, 58.40030871809639, 0.0], [8.697286182619857, 58.40033581053874, 0.0], [8.697386903128468, 58.40036924397987, 0.0], [8.697422540086155, 58.400381000690246, 0.0]]}, "properties": {"farge": "#2c7fb8", "elvenavn": null}}, {"type": "Feature", "geometry": {"type": "LineString", "coordinates": [[8.72554883927833, 58.46625402170985, 0.0], [8.725688115952757, 58.46630925411768, 0.0], [8.726023634666223, 58.46634760554951, 0.0], [8.72635178543292, 58.4664271604713, 0.0], [8.726621469869956, 58.46646009047856, 0.0], [8.726811216221165, 58.46644971606872, 0.0], [8.726912356844784, 58.4663978005548, 0.0], [8.726973143865047, 58.466380502376396, 0.0]]}, "properties": {"farge": "#2c7fb8", "elvenavn": "Biebekken"}}, {"type": "Feature", "geometry": {"type": "LineString", "coordinates": [[8.7228710165626, 58.493199208630344, 0.0], [8.723018205047474, 58.49372371857785, 0.0], [8.723047978132412, 58.49413285768587, 0.0], [8.72293658311235, 58.49430724627463, 0.0], [8.722427882580202, 58.49446212659722, 0.0], [8.722156533224393, 58.49462570997565, 0.0]]}, "properties": {"farge": "#fdae61", "elvenavn": null}}, {"type": "Feature", "geometry": {"type": "LineString", "coordinates": [[8.783259597655936, 58.51188882150762, 0.0], [8.783416475100065, 58.512113993465476, 0.0], [8.783704596091594, 58.512453238606554, 0.0], [8.783656938807567, 58.51268323692376, 0.0], [8.783528249207208, 58.51285925747442, 0.0]]}, "properties": {"farge": "#d7191c", "elvenavn": null}}, {"type": "Feature", "geometry": {"type": "LineString", "coordinates": [[8.731102647832607, 58.51761082662387, 0.0], [8.731364736210871, 58.51762867788656, 0.0]]}, "properties": {"farge": "#fdae61", "elvenavn": "Lilleelva"}}, {"type": "Feature", "geometry": {"type": "LineString", "coordinates": [[8.638520055661138, 58.46506600543626, 0.0], [8.638151090965282, 58.465156369584534, 0.0], [8.636901393470309, 58.4652141207997, 0.0], [8.63623905823056, 58.46530111778318, 0.0], [8.635582502263588, 58.465578963726664, 0.0], [8.635062534934258, 58.46562364044676, 0.0], [8.63458877808571, 58.465629647695366, 0.0]]}, "properties": {"farge": "#d7191c", "elvenavn": null}}, {"type": "Feature", "geometry": {"type": "LineString", "coordinates": [[8.563641576328028, 58.4324458768775, 0.0], [8.563152863925007, 58.43243020168057, 0.0], [8.562286263803259, 58.432778184816, 0.0], [8.561846026003979, 58.4333973575276, 0.0], [8.561498094676493, 58.43412399838774, 0.0], [8.561153530348903, 58.434679449608154, 0.0], [8.560994047356997, 58.43497670872517, 0.0]]}, "properties": {"farge": "#fdae61", "elvenavn": null}}, {"type": "Feature", "geometry": {"type": "LineString", "coordinates": [[8.762921331050865, 58.46910679119673, 0.0], [8.762973957111997, 58.469079758872226, 0.0]]}, "properties": {"farge": "#2c7fb8", "elvenavn": "Barbuvassdraget"}}, {"type": "Feature", "geometry": {"type": "LineString", "coordinates": [[8.61268737215994, 58.4061627811501, 0.0], [8.612944960615868, 58.40648072634311, 0.0], [8.613456499578401, 58.40675622277036, 0.0], [8.613866643476104, 58.407052275114474, 0.0], [8.614072246352894, 58.40746624302909, 0.0], [8.614045669700458, 58.407881410373356, 0.0], [8.614165972756636, 58.40849615523421, 0.0], [8.614563998614663, 58.409060718061134, 0.0], [8.615134362723497, 58.40928148021086, 0.0]]}, "properties": {"farge": "#2c7fb8", "elvenavn": null}}, {"type": "Feature", "geometry": {"type": "LineString", "coordinates": [[8.615134362723497, 58.40928148021086, 0.0], [8.616514874995161, 58.40907500489117, 0.0], [8.61794780936831, 58.40878142944167, 0.0], [8.619743118613247, 58.40844187869937, 0.0], [8.622399156984589, 58.40806842427241, 0.0], [8.624286100387296, 58.40784858272555, 0.0]]}, "properties": {"farge": "#2c7fb8", "elvenavn": "Arendalsvassdraget"}}, {"type": "Feature", "geometry": {"type": "LineString", "coordinates": [[8.767188812143807, 58.48422502659308, 0.0], [8.766013135869944, 58.48415736249409, 0.0], [8.764380450282715, 58.484058307188434, 0.0], [8.762649347523277, 58.484304017446966, 0.0], [8.76123587786332, 58.48453607506374, 0.0], [8.75990667398465, 58.48460714751353, 0.0], [8.758722719295596, 58.48504779984688, 0.0], [8.758058906588559, 58.48512417662473, 0.0]]}, "properties": {"farge": "#d7191c", "elvenavn": null}}, {"type": "Feature", "geometry": {"type": "LineString", "coordinates": [[8.616628793299615, 58.4668616256303, 0.0], [8.616107467489257, 58.46715281995039, 0.0], [8.615958564726027, 58.46719413569086, 0.0], [8.615797684795632, 58.46722497948617, 0.0]]}, "properties": {"farge": "#2c7fb8", "elvenavn": null}}, {"type": "Feature", "geometry": {"type": "LineString", "coordinates": [[8.610492567491598, 58.45285893487134, 0.0], [8.611177655111296, 58.452759401283785, 0.0]]}, "properties": {"farge": "#2c7fb8", "elvenavn": null}}, {"type": "Feature", "geometry": {"type": "LineString", "coordinates": [[8.592135705874718, 58.425192603608274, 0.0], [8.592124432243457, 58.425052425276945, 0.0], [8.592277744333321, 58.42489059283308, 0.0]]}, "properties": {"farge": "#2c7fb8", "elvenavn": null}}, {"type": "Feature", "geometry": {"type": "LineString", "coordinates": [[8.591031435734735, 58.42427566539532, 0.0], [8.5913619900646, 58.42448751923765, 0.0], [8.591870714274956, 58.424727092396786, 0.0], [8.592277744333321, 58.42489059283308, 0.0]]}, "properties": {"farge": "#2c7fb8", "elvenavn": "Rore"}}, {"type": "Feature", "geometry": {"type": "LineString", "coordinates": [[8.590773225136292, 58.42457730287613, 0.0], [8.59078028122644, 58.424388160811645, 0.0], [8.590874752285778, 58.42432301080156, 0.0], [8.591031435734735, 58.42427566539532, 0.0]]}, "properties": {"farge": "#2c7fb8", "elvenavn": null}}, {"type": "Feature", "geometry": {"type": "LineString", "coordinates": [[8.612942463229212, 58.43283000393151, 0.0], [8.612650153575478, 58.432761771248714, 0.0], [8.612485478178154, 58.432779370565825, 0.0], [8.612000080279307, 58.43286377260098, 0.0], [8.611389469547362, 58.43300737994684, 0.0], [8.611058840935996, 58.43302630882127, 0.0], [8.610895838226043, 58.43301439414746, 0.0], [8.61067399688661, 58.43287786203607, 0.0], [8.610587858145545, 58.4328019542199, 0.0], [8.610401112471042, 58.432554866449365, 0.0], [8.610303273994832, 58.43248291869627, 0.0], [8.610136400591106, 58.43248842402357, 0.0], [8.609661550710173, 58.43257788903028, 0.0], [8.609494825007264, 58.43259683109561, 0.0], [8.608991409094768, 58.43264810057876, 0.0], [8.608483929885756, 58.43268886713991, 0.0], [8.608345099542332, 58.432737600122465, 0.0], [8.608255535952162, 58.43281240716454, 0.0], [8.608183461612189, 58.43289367752726, 0.0], [8.608074856014461, 58.432958873814734, 0.0], [8.60790785259343, 58.432959660987784, 0.0], [8.60776897637226, 58.43291741870131, 0.0], [8.607560449473219, 58.432775311836984, 0.0], [8.607481073154062, 58.43269780196833, 0.0], [8.607365770890516, 58.43243566855045, 0.0], [8.607294761652822, 58.432354285642816, 0.0], [8.607155957882293, 58.43231100141689, 0.0], [8.606815326800184, 58.432323281033774, 0.0], [8.606651057003173, 58.43234288817219, 0.0], [8.605750017575279, 58.432598432157505, 0.0]]}, "properties": {"farge": "#2c7fb8", "elvenavn": null}}, {"type": "Feature", "geometry": {"type": "LineString", "coordinates": [[8.634548632089075, 58.406749523630324, 0.0], [8.634586443075511, 58.40686410815778, 0.0], [8.63464165345301, 58.40691940392615, 0.0], [8.635028946955298, 58.407025491772615, 0.0], [8.635284786085615, 58.407053375944216, 0.0], [8.635488991622461, 58.40702295876444, 0.0], [8.635664789946501, 58.40697221345012, 0.0], [8.636021613138274, 58.40705345330312, 0.0], [8.636670801166225, 58.407164398162614, 0.0], [8.636814682125296, 58.40721245813384, 0.0], [8.637126754776272, 58.40728574534161, 0.0], [8.637276482526968, 58.4072469613381, 0.0], [8.637401761734068, 58.407186118792175, 0.0], [8.637726872170573, 58.40697841370727, 0.0], [8.637995904789602, 58.40675008667961, 0.0], [8.638065645129869, 58.4066688923589, 0.0], [8.638212236056498, 58.40641168388719, 0.0], [8.638274517279674, 58.40632856494203, 0.0], [8.638418504247042, 58.40616627998302, 0.0], [8.638766684450529, 58.40585784306048, 0.0], [8.638967010048198, 58.40571295905882, 0.0], [8.639467437208939, 58.405469435667996, 0.0], [8.639545247589725, 58.40539233382457, 0.0], [8.639598591673083, 58.40530717752856, 0.0], [8.639707121671801, 58.405044423400376, 0.0], [8.639715477049629, 58.40495493734509, 0.0], [8.639699473190857, 58.40486572525334, 0.0], [8.639711991554591, 58.404779027062396, 0.0], [8.639840421541612, 58.404518768723825, 0.0], [8.639893266795326, 58.40443357850516, 0.0], [8.639967759687604, 58.404352960716324, 0.0], [8.640053277309885, 58.404275338486286, 0.0], [8.640161274108332, 58.40420698739017, 0.0], [8.640279466379203, 58.40414226956565, 0.0], [8.640660498193178, 58.40396461258797, 0.0], [8.640749409934653, 58.40388514430792, 0.0], [8.640855885346669, 58.40382567488713, 0.0], [8.641199831455658, 58.40385400008293, 0.0], [8.641711856841658, 58.40385854717223, 0.0], [8.641879948362917, 58.40384582873377, 0.0], [8.642558587946874, 58.403849345509364, 0.0], [8.643231903897066, 58.403820120180285, 0.0], [8.643914202230588, 58.403811799868116, 0.0], [8.644246403096153, 58.40385342359774, 0.0], [8.644416809495853, 58.403852525696664, 0.0], [8.644756546413348, 58.40383678296294, 0.0], [8.644926260355158, 58.403846484887914, 0.0], [8.645092538523933, 58.40386686214609, 0.0]]}, "properties": {"farge": "#2c7fb8", "elvenavn": "Arendalsvassdraget"}}, {"type": "Feature", "geometry": {"type": "LineString", "coordinates": [[8.61567640016788, 58.41419915213185, 0.0], [8.616223666714495, 58.41394683145635, 0.0], [8.616270182893423, 58.413515847503234, 0.0], [8.6159532590049, 58.41307501884079, 0.0], [8.615300617601639, 58.41273405781577, 0.0], [8.614923740055664, 58.412448552832146, 0.0], [8.614466044642061, 58.411559033488835, 0.0], [8.614298541597744, 58.41101780606312, 0.0]]}, "properties": {"farge": "#2c7fb8", "elvenavn": null}}, {"type": "Feature", "geometry": {"type": "LineString", "coordinates": [[8.928364269009426, 58.49693354431501, 0.0], [8.928371890479854, 58.49700776026409, 0.0], [8.928439646073505, 58.497128907747374, 0.0], [8.928465523140755, 58.49718969591397, 0.0], [8.928502683643938, 58.497251020668486, 0.0], [8.928549281682951, 58.49731041179937, 0.0], [8.928595874398107, 58.49735669855285, 0.0], [8.928704603038877, 58.497363372279004, 0.0], [8.928750567709585, 58.497343791690675, 0.0], [8.928769628723675, 58.49729943058391, 0.0], [8.928781721281037, 58.49726903313772, 0.0], [8.928809011176911, 58.49725061536646, 0.0]]}, "properties": {"farge": "#2c7fb8", "elvenavn": null}}, {"type": "Feature", "geometry": {"type": "LineString", "coordinates": [[8.633982619165147, 58.44256109873031, 0.0], [8.633598014176629, 58.44223905783522, 0.0]]}, "properties": {"farge": "#2c7fb8", "elvenavn": null}}, {"type": "Feature", "geometry": {"type": "LineString", "coordinates": [[8.540689288643405, 58.431021923545416, 0.0], [8.540447054497253, 58.43089571644562, 0.0], [8.54020166461518, 58.430801064376325, 0.0]]}, "properties": {"farge": "#2c7fb8", "elvenavn": null}}, {"type": "Feature", "geometry": {"type": "LineString", "coordinates": [[8.784835566059092, 58.48977884941246, 0.0], [8.785002432415903, 58.48979882985342, 0.0], [8.7853285473566, 58.48985351118618, 0.0], [8.78578881842791, 58.48997162297124, 0.0], [8.786110249546361, 58.49003315197547, 0.0], [8.786249906619684, 58.49008115445148, 0.0], [8.78644685406069, 58.49010540469078, 0.0]]}, "properties": {"farge": "#2c7fb8", "elvenavn": "Songevassdraget"}}, {"type": "Feature", "geometry": {"type": "LineString", "coordinates": [[8.704832875733954, 58.434932346272674, 0.0], [8.704900064017748, 58.43495114336206, 0.0], [8.705156310501437, 58.4348351614794, 0.0], [8.705276283790143, 58.43477360029473, 0.0], [8.70553786724048, 58.43460153758598, 0.0]]}, "properties": {"farge": "#2c7fb8", "elvenavn": "Lilleelva"}}, {"type": "Feature", "geometry": {"type": "LineString", "coordinates": [[8.554038798134663, 58.425326173047665, 0.0], [8.553997244623528, 58.42525603978608, 0.0], [8.554027476497977, 58.42498781111423, 0.0], [8.554001351018393, 58.42489972971432, 0.0], [8.553954350427022, 58.42481357295648, 0.0], [8.553888401114566, 58.424730914387965, 0.0], [8.553712726311723, 58.4245772173463, 0.0], [8.553670395394738, 58.424494111043266, 0.0], [8.553685104507219, 58.42440491106671, 0.0], [8.55373449099116, 58.42422760771949, 0.0], [8.553871435723536, 58.42406350696356, 0.0], [8.55393093023423, 58.42397984711578, 0.0], [8.554020653217716, 58.423806879192654, 0.0], [8.554451689336622, 58.42322118840081, 0.0], [8.554515847317909, 58.42304755545471, 0.0]]}, "properties": {"farge": "#2c7fb8", "elvenavn": null}}, {"type": "Feature", "geometry": {"type": "LineString", "coordinates": [[8.533309271734483, 58.42885411609466, 0.0], [8.533482914608475, 58.428839195801686, 0.0], [8.533487472564865, 58.42875633698777, 0.0], [8.533601275251607, 58.42868945044059, 0.0], [8.533725864934098, 58.42862778957067, 0.0], [8.533884964545742, 58.428606470931015, 0.0], [8.534226421860305, 58.4286151215157, 0.0], [8.534387672790606, 58.42863961703668, 0.0], [8.5345507866401, 58.42869359543495, 0.0]]}, "properties": {"farge": "#2c7fb8", "elvenavn": "elv fra Røynevatnet"}}, {"type": "Feature", "geometry": {"type": "LineString", "coordinates": [[8.530061873214573, 58.42840215085342, 0.0], [8.530212364528493, 58.42845436039832, 0.0], [8.530293142621279, 58.42838614347894, 0.0], [8.530365698984523, 58.42830470206119, 0.0], [8.530492149235938, 58.428290499171354, 0.0], [8.530648075170053, 58.42832723484999, 0.0], [8.53079970213093, 58.42836848863596, 0.0], [8.530927009828662, 58.42842785805628, 0.0], [8.53125286644876, 58.42863505082866, 0.0], [8.53137560539516, 58.428757234562724, 0.0]]}, "properties": {"farge": "#2c7fb8", "elvenavn": "elv fra Røynevatnet"}}, {"type": "Feature", "geometry": {"type": "LineString", "coordinates": [[8.536590536206592, 58.42827216425776, 0.0], [8.536440092389512, 58.42801510700704, 0.0], [8.536405426101656, 58.4279273160444, 0.0], [8.536436627529511, 58.42783918762028, 0.0], [8.536451826519812, 58.42766061109732, 0.0], [8.536427543027415, 58.42757231445786, 0.0], [8.536322608994187, 58.427405335377756, 0.0], [8.536316560783048, 58.427136831532195, 0.0], [8.536281985172998, 58.42704922524256, 0.0], [8.536264491142711, 58.4269604580355, 0.0], [8.536269570890331, 58.42678134124063, 0.0], [8.536303017711324, 58.42669887607074, 0.0], [8.53642846084804, 58.426638062316584, 0.0], [8.536841889263501, 58.426479675048725, 0.0], [8.537094041870194, 58.42635870237915, 0.0], [8.537388013901516, 58.426269424158235, 0.0], [8.537499389053114, 58.42620276392487, 0.0], [8.53758718451787, 58.426029808134025, 0.0], [8.53762842980616, 58.42585377163827, 0.0], [8.53765447583874, 58.42558881416474, 0.0], [8.537597631974519, 58.425504804533546, 0.0], [8.537496618936432, 58.42543270779187, 0.0], [8.537419125429688, 58.425354356952205, 0.0], [8.537376079708466, 58.425267740877715, 0.0], [8.537347754715986, 58.42517942629725, 0.0], [8.537326159364687, 58.424910777010034, 0.0], [8.53719654832951, 58.42455885995172, 0.0], [8.537169655424513, 58.42447035388537, 0.0], [8.537159868992477, 58.424379554947826, 0.0], [8.537532580464102, 58.42420667649194, 0.0], [8.53774082899103, 58.42406468733247, 0.0], [8.538117638486689, 58.42376552304684, 0.0], [8.538179046160144, 58.42368209504203, 0.0], [8.538203054108498, 58.423593418574015, 0.0], [8.53821781468476, 58.42350408574943, 0.0], [8.538212925808073, 58.42341468784246, 0.0], [8.538148850272849, 58.423148581413116, 0.0], [8.538176351260043, 58.42288012624359, 0.0], [8.538170312026645, 58.422790598039484, 0.0], [8.538149549522998, 58.42270165042506, 0.0], [8.537932678028675, 58.422268196786064, 0.0], [8.537828101315045, 58.42200492270341, 0.0], [8.537742122440493, 58.42164918802209, 0.0], [8.537775680561346, 58.421566291519746, 0.0], [8.537875755049601, 58.42149362426509, 0.0], [8.537995454852393, 58.421430077880295, 0.0], [8.538757521957274, 58.421070228221375, 0.0], [8.538910752631464, 58.42104966579217, 0.0], [8.539423349392642, 58.421052522752895, 0.0], [8.539763941354167, 58.42103936128358, 0.0], [8.539931092318511, 58.421020886596686, 0.0], [8.540092352131392, 58.42099138569548, 0.0], [8.540241930445973, 58.42094824886538, 0.0], [8.540376427000806, 58.42089302089946, 0.0], [8.540501890209555, 58.420832500486064, 0.0], [8.540912647479573, 58.42054662677428, 0.0], [8.541241169951793, 58.420232424944984, 0.0], [8.541422842777758, 58.42008092736667, 0.0], [8.541608160536422, 58.41993058770298, 0.0], [8.5418239285168, 58.41979468438077, 0.0]]}, "properties": {"farge": "#2c7fb8", "elvenavn": "elv fra Røynevatnet"}}, {"type": "Feature", "geometry": {"type": "LineString", "coordinates": [[8.58003399818425, 58.41486070156437, 0.0], [8.580090068616332, 58.414727507055204, 0.0], [8.58105705824766, 58.41436132288402, 0.0], [8.582659313490288, 58.41404427656095, 0.0], [8.583608156661676, 58.41384351312088, 0.0], [8.5837631188773, 58.41380798877582, 0.0], [8.58385615423742, 58.413732053880956, 0.0]]}, "properties": {"farge": "#2c7fb8", "elvenavn": null}}, {"type": "Feature", "geometry": {"type": "LineString", "coordinates": [[8.563324405589313, 58.393105613337205, 0.0], [8.563656191572937, 58.39337777216322, 0.0], [8.565167618000654, 58.39467909796303, 0.0], [8.565696856067543, 58.39524167274299, 0.0], [8.565836360490215, 58.395405333353445, 0.0], [8.565955099764428, 58.395574578694976, 0.0], [8.56602929469117, 58.39565470216978, 0.0], [8.566228123959602, 58.39579963547302, 0.0], [8.566761868868014, 58.3961509506396, 0.0], [8.566954605015932, 58.39629830190436, 0.0], [8.567399009646635, 58.39678354872725, 0.0], [8.567824282702617, 58.397370115094056, 0.0], [8.567868961967381, 58.397456147904585, 0.0], [8.567965969312025, 58.397812699178466, 0.0], [8.568035172089624, 58.39798684621073, 0.0], [8.568223672868408, 58.39813659097472, 0.0], [8.56870182924091, 58.39861243367539, 0.0], [8.569215133625494, 58.39907801911986, 0.0], [8.56946019102058, 58.399314209575806, 0.0], [8.569915053246037, 58.39979625961601, 0.0], [8.570189979397272, 58.40012457482673, 0.0], [8.570454466176749, 58.40035507842779, 0.0], [8.570521593490923, 58.4004370727304, 0.0], [8.570740712869267, 58.40077724459566, 0.0], [8.570819684682496, 58.400856158724814, 0.0], [8.571005679103152, 58.401006634238186, 0.0], [8.571132255771813, 58.40145023080869, 0.0], [8.571420793143082, 58.40224280734259, 0.0], [8.571608323348968, 58.40295556481752, 0.0], [8.571675610560693, 58.403129877334116, 0.0], [8.571728172898686, 58.40321346181387, 0.0], [8.571920059293785, 58.40336425120169, 0.0], [8.572266405392352, 58.4036736814908, 0.0], [8.572744521012586, 58.40404516386281, 0.0], [8.572818495633275, 58.4041254171763, 0.0], [8.573452918012142, 58.4049578561328, 0.0], [8.57409876344005, 58.40569006792485, 0.0]]}, "properties": {"farge": "#2c7fb8", "elvenavn": "Rore"}}, {"type": "Feature", "geometry": {"type": "LineString", "coordinates": [[8.642128819967041, 58.444346759941226, 0.0], [8.642196773112385, 58.444265989235376, 0.0], [8.642142938280593, 58.4442032432086, 0.0]]}, "properties": {"farge": "#2c7fb8", "elvenavn": null}}, {"type": "Feature", "geometry": {"type": "LineString", "coordinates": [[8.546023958801449, 58.42067948048192, 0.0], [8.545950453624354, 58.42050428028123, 0.0], [8.545966897208856, 58.42041751837091, 0.0], [8.546024354542624, 58.42033312831014, 0.0], [8.546100915083509, 58.420253185459515, 0.0], [8.546195619333872, 58.420178258282256, 0.0], [8.546353333724667, 58.420151021395355, 0.0], [8.546522267491767, 58.420151788055925, 0.0], [8.546852525041329, 58.42019688753597, 0.0], [8.54705041820474, 58.42020018849393, 0.0]]}, "properties": {"farge": "#2c7fb8", "elvenavn": null}}, {"type": "Feature", "geometry": {"type": "LineString", "coordinates": [[8.692951408107815, 58.45914065062285, 0.0], [8.691635935101322, 58.458305723292845, 0.0], [8.69100472104975, 58.45782411655232, 0.0], [8.690744412450714, 58.45764016442937, 0.0]]}, "properties": {"farge": "#2c7fb8", "elvenavn": "Lilleelva"}}, {"type": "Feature", "geometry": {"type": "LineString", "coordinates": [[8.68205893813617, 58.475168627849754, 0.0], [8.682103200484205, 58.475059436740914, 0.0]]}, "properties": {"farge": "#2c7fb8", "elvenavn": "Lilleelva"}}, {"type": "Feature", "geometry": {"type": "LineString", "coordinates": [[8.753352228992332, 58.51065839339805, 0.0], [8.753570305728827, 58.510336546974536, 0.0], [8.753947140303756, 58.50993417619417, 0.0]]}, "properties": {"farge": "#d7191c", "elvenavn": null}}, {"type": "Feature", "geometry": {"type": "LineString", "coordinates": [[8.64787453393463, 58.46361275041572, 0.0], [8.647709570331248, 58.463559916460575, 0.0], [8.647538063758853, 58.4635658663168, 0.0], [8.647202561162171, 58.4635330535815, 0.0], [8.646863219141379, 58.46350978965833, 0.0], [8.646692149139435, 58.463502708619636, 0.0], [8.646533249289291, 58.46353522573156, 0.0]]}, "properties": {"farge": "#d7191c", "elvenavn": null}}, {"type": "Feature", "geometry": {"type": "LineString", "coordinates": [[8.646097625963051, 58.46321897936378, 0.0], [8.646255774299606, 58.463310077094874, 0.0], [8.64635696555918, 58.46338236801481, 0.0], [8.646455621344508, 58.463455279400904, 0.0], [8.646533249289291, 58.46353522573156, 0.0]]}, "properties": {"farge": "#d7191c", "elvenavn": null}}, {"type": "Feature", "geometry": {"type": "LineString", "coordinates": [[8.699482518690669, 58.49491254219571, 0.0], [8.699312044418463, 58.49490862831633, 0.0], [8.699146921330938, 58.49489042484487, 0.0], [8.698581058412275, 58.49468830870681, 0.0], [8.698280828140454, 58.494602085253106, 0.0], [8.6981243619271, 58.494565714726335, 0.0], [8.69799623759199, 58.49451723182794, 0.0], [8.697185941806604, 58.49406254148679, 0.0], [8.696454392098557, 58.49352081502696, 0.0], [8.696152324354392, 58.49309718039289, 0.0], [8.695673369963783, 58.492538407754196, 0.0], [8.695312094363096, 58.49214423524951, 0.0], [8.695107875524569, 58.49200045691984, 0.0], [8.694844574267092, 58.49176954243056, 0.0], [8.694778088463261, 58.49168844127607, 0.0], [8.694726041517006, 58.49151102910925, 0.0], [8.694633961374743, 58.4914381976279, 0.0], [8.694508869167478, 58.49137709846409, 0.0], [8.694231738328268, 58.49127193961944, 0.0], [8.69392945687726, 58.491187912708966, 0.0], [8.693616294237227, 58.49111531571778, 0.0], [8.69347223699251, 58.49107063125225, 0.0], [8.693282720663387, 58.490921376822975, 0.0], [8.693122031312958, 58.490763058347014, 0.0], [8.693009438784197, 58.49059381043276, 0.0], [8.692441713554551, 58.48990223132312, 0.0]]}, "properties": {"farge": "#fdae61", "elvenavn": "Lilleelva"}}, {"type": "Feature", "geometry": {"type": "LineString", "coordinates": [[8.677612595905927, 58.47877706188547, 0.0], [8.677744116426519, 58.47896190929809, 0.0], [8.677870720999074, 58.47900205322859, 0.0], [8.678183117039302, 58.479072401924505, 0.0], [8.67851365688168, 58.479118774423426, 0.0], [8.678667574290786, 58.47915779083388, 0.0], [8.678929728096518, 58.479272845801255, 0.0], [8.679263321885701, 58.479477060280765, 0.0], [8.679357170400325, 58.479552022284835, 0.0], [8.679474101863988, 58.47961502604511, 0.0], [8.679612168693831, 58.479667956577906, 0.0], [8.680005263108715, 58.47984100526966, 0.0], [8.680592685149286, 58.48002438461394, 0.0], [8.68083105775469, 58.480153109944084, 0.0], [8.680935467824437, 58.48022428329778, 0.0], [8.68170058297863, 58.480424796908956, 0.0], [8.682559612639993, 58.48072029290779, 0.0], [8.682690733186371, 58.48077613856635, 0.0], [8.682902906786003, 58.48091703810383, 0.0]]}, "properties": {"farge": "#fdae61", "elvenavn": null}}, {"type": "Feature", "geometry": {"type": "LineString", "coordinates": [[8.52456002127223, 58.48466920216783, 0.0], [8.524145197367643, 58.48482630205569, 0.0], [8.523890267698752, 58.48505958238972, 0.0], [8.523694414852617, 58.485308147150114, 0.0], [8.523673838208369, 58.48539482847963, 0.0], [8.523728221078425, 58.48575247590479, 0.0], [8.523755269271012, 58.48584004488982, 0.0], [8.524073356085422, 58.486157923476235, 0.0], [8.52417177815932, 58.486232392881895, 0.0], [8.524198154606074, 58.4863192575223, 0.0], [8.524227941896926, 58.486588877189995, 0.0], [8.524279476848413, 58.48685656239341, 0.0], [8.52427428640556, 58.487035764943506, 0.0], [8.524228761747661, 58.48712037509328, 0.0], [8.52407149898828, 58.48714561885481, 0.0], [8.523899050597919, 58.4871532234579, 0.0], [8.523216081264225, 58.487125437781664, 0.0], [8.52236397371942, 58.48708311677245, 0.0], [8.522196915747092, 58.48706499272428, 0.0], [8.521873361247804, 58.48700866810247, 0.0], [8.521362877716005, 58.4870383353446, 0.0], [8.520855605951938, 58.487079057226715, 0.0], [8.520689832399702, 58.487101334250305, 0.0], [8.520555639725806, 58.48715075340697, 0.0], [8.520220136960031, 58.48735378524771, 0.0], [8.520025839342004, 58.487500919282326, 0.0], [8.519538740503858, 58.48775175152379, 0.0], [8.519392453596687, 58.48779633621926, 0.0], [8.518891066557012, 58.4878546618095, 0.0], [8.518728988835218, 58.487883490473465, 0.0], [8.518254467946525, 58.48798635612031, 0.0], [8.517951060802126, 58.48806937123427, 0.0], [8.517798034867692, 58.488073481508, 0.0], [8.51747236012329, 58.48801824075925, 0.0], [8.517167583822086, 58.48793763171976, 0.0], [8.517006841939688, 58.4879066953562, 0.0], [8.51640349225265, 58.48773722166051, 0.0], [8.516090900475223, 58.487664096886945, 0.0], [8.515951922393278, 58.4876133142161, 0.0], [8.51521310179606, 58.487239783046796, 0.0], [8.514583211229555, 58.4869382555177, 0.0], [8.514489750924035, 58.48649203358219, 0.0], [8.514341524353622, 58.48633096966836, 0.0], [8.514057138336524, 58.48610691045085, 0.0], [8.513199490426702, 58.48581147210916, 0.0], [8.51292183466695, 58.485706555852126, 0.0], [8.51279509749565, 58.48564742358387, 0.0], [8.5124493466614, 58.48544865717934, 0.0], [8.512320652100266, 58.48538957994545, 0.0], [8.51204221691441, 58.48528538316362, 0.0], [8.511743088281216, 58.485197718979705, 0.0], [8.511252704721626, 58.48494374659977, 0.0], [8.511109656246717, 58.48490566574887, 0.0], [8.510763905307083, 58.48492070566998, 0.0], [8.510421608382735, 58.4849244289354, 0.0], [8.510080826643977, 58.48490800592016, 0.0], [8.5099225439041, 58.48487705426301, 0.0], [8.509383343600657, 58.484656087022245, 0.0], [8.508946446217864, 58.4845166912728, 0.0], [8.507939137145305, 58.48441081886311, 0.0], [8.507600589897836, 58.48438416436581, 0.0], [8.507266816880401, 58.4843437652173, 0.0], [8.506790454589545, 58.48424446496879, 0.0], [8.506455328807197, 58.48420870413216, 0.0], [8.506113555775489, 58.484198535184056, 0.0], [8.505599935160731, 58.48420192316744, 0.0], [8.504618259498793, 58.48442853017366, 0.0], [8.503897344105068, 58.48457361101616, 0.0], [8.503460448592683, 58.484628857267, 0.0], [8.503009927413764, 58.48466553518201, 0.0], [8.502540365029509, 58.48462080663991, 0.0], [8.502117529809002, 58.48456951488404, 0.0], [8.501406873476345, 58.48453778731312, 0.0]]}, "properties": {"farge": "#2c7fb8", "elvenavn": null}}, {"type": "Feature", "geometry": {"type": "LineString", "coordinates": [[8.509196724362038, 58.46350485818401, 0.0], [8.509218745051093, 58.46334190616056, 0.0], [8.509186298597601, 58.46298415379781, 0.0], [8.509156751263033, 58.46289584957759, 0.0], [8.509119709365995, 58.46280839046578, 0.0], [8.509061325232496, 58.46272414351824, 0.0], [8.508848179487146, 58.46247949736052, 0.0], [8.50880012805644, 58.462395414120415, 0.0], [8.508836051708347, 58.46230740752017, 0.0], [8.508928862070043, 58.461952158485715, 0.0], [8.50893668310592, 58.46168328115203, 0.0], [8.508872484862188, 58.46123639251446, 0.0], [8.508864712566545, 58.460967670376306, 0.0], [8.508795046006703, 58.460430301408344, 0.0], [8.508769847443672, 58.46034226214603, 0.0], [8.508722679309724, 58.46025661579668, 0.0], [8.508486651835742, 58.45991916566007, 0.0]]}, "properties": {"farge": "#2c7fb8", "elvenavn": null}}, {"type": "Feature", "geometry": {"type": "LineString", "coordinates": [[8.646533249289291, 58.46353522573156, 0.0], [8.645996678106695, 58.463819174820536, 0.0], [8.645974187268044, 58.46389765485635, 0.0], [8.646236943431413, 58.4641296727184, 0.0], [8.646308162137261, 58.46421115037795, 0.0], [8.646361579989835, 58.46429612537365, 0.0], [8.64636641968171, 58.464385354875645, 0.0], [8.646333651512107, 58.46456386457438, 0.0], [8.646282629572495, 58.464648703021155, 0.0], [8.646225820957843, 58.464824145617456, 0.0], [8.646182492616852, 58.46491046094975, 0.0], [8.646199677814087, 58.46499763485924, 0.0]]}, "properties": {"farge": "#d7191c", "elvenavn": null}}, {"type": "Feature", "geometry": {"type": "LineString", "coordinates": [[8.661319508408988, 58.4719631128634, 0.0], [8.661253282077325, 58.471836224513126, 0.0], [8.661415136912668, 58.4715816710416, 0.0], [8.661362883890234, 58.47149626624024, 0.0], [8.661300662483852, 58.471319961636766, 0.0], [8.661277496373078, 58.47114122711258, 0.0], [8.662023600685671, 58.47061668832838, 0.0], [8.663078892904977, 58.47031036298094, 0.0], [8.663398182703153, 58.47037481739018, 0.0], [8.66385278173719, 58.47049941943503, 0.0], [8.66397992106766, 58.47055939591238, 0.0], [8.664096582733755, 58.47062496811353, 0.0], [8.664399981714512, 58.470840956384095, 0.0], [8.66463204174715, 58.47097264329233, 0.0], [8.665045709986108, 58.47112904863037, 0.0], [8.66528877590716, 58.47125518156663, 0.0], [8.665396364338218, 58.47132461222251, 0.0], [8.66548951428637, 58.4713997711425, 0.0], [8.665706240433943, 58.47164330695808, 0.0], [8.665763590854777, 58.47172417269117, 0.0], [8.665799425640856, 58.47181167508921, 0.0], [8.665892075011783, 58.47188581902719, 0.0], [8.666216109451176, 58.47209376558358, 0.0], [8.666472819351258, 58.47221197645167, 0.0], [8.666589780818818, 58.47227711329764, 0.0], [8.66673230184987, 58.47232563901319, 0.0], [8.6668014005298, 58.47239955885134, 0.0]]}, "properties": {"farge": "#fdae61", "elvenavn": null}}, {"type": "Feature", "geometry": {"type": "LineString", "coordinates": [[8.771099988494331, 58.4893513799582, 0.0], [8.771421904879691, 58.48941164045932, 0.0], [8.771593110220339, 58.489410016017395, 0.0], [8.772239044799084, 58.48928283850884, 0.0], [8.772220897143168, 58.48921630625143, 0.0], [8.771950872943583, 58.48898747005676, 0.0], [8.77152793819302, 58.48870555731511, 0.0], [8.771444102319746, 58.488631216324364, 0.0], [8.771414100307268, 58.48827285928464, 0.0], [8.771284789825337, 58.48792083328809, 0.0], [8.77127258282237, 58.48783136388122, 0.0], [8.771239637214254, 58.487743401979245, 0.0], [8.771268414060874, 58.487658466336974, 0.0], [8.77132587848097, 58.487574015280046, 0.0], [8.771334622588476, 58.487484774192644, 0.0], [8.771325839864026, 58.487395235686485, 0.0], [8.771251253046659, 58.48703889921835, 0.0], [8.77117462592713, 58.48677305796766, 0.0], [8.771044969036177, 58.48642092996774, 0.0], [8.771002476434083, 58.48624528693446, 0.0], [8.7713506017616, 58.48604651641481, 0.0], [8.771617996474719, 58.48581696595644, 0.0], [8.771825642804163, 58.48567365601738, 0.0], [8.771811791004257, 58.48558797986365, 0.0], [8.77172191911292, 58.485414944031795, 0.0], [8.771691504790116, 58.48532676423426, 0.0], [8.771620549232747, 58.48497005016011, 0.0], [8.77150627667846, 58.48480132764678, 0.0], [8.771422002962508, 58.484723354677556, 0.0], [8.771136038326409, 58.48449985728192, 0.0], [8.77107907601031, 58.48441572668261, 0.0], [8.770942796605794, 58.484156403612154, 0.0], [8.77091211814151, 58.484068313331036, 0.0], [8.770902537376617, 58.48388909391824, 0.0], [8.770827779055018, 58.48371460441119, 0.0], [8.770713587486561, 58.48354570028276, 0.0], [8.770633841277295, 58.48346638930969, 0.0], [8.770445317537062, 58.48331674216037, 0.0], [8.77020454225093, 58.483189528866404, 0.0], [8.77005215533304, 58.48315733117382, 0.0], [8.769881396563502, 58.48314290113635, 0.0], [8.769713258772121, 58.483140120413715, 0.0], [8.76923218002762, 58.48323593876592, 0.0], [8.76891997617865, 58.48323623894947, 0.0]]}, "properties": {"farge": "#d7191c", "elvenavn": null}}, {"type": "Feature", "geometry": {"type": "LineString", "coordinates": [[8.582441808019773, 58.43703504513967, 0.0], [8.581331561976189, 58.43695931732696, 0.0], [8.581160583067193, 58.436958974895944, 0.0], [8.580820004965824, 58.43694360144033, 0.0], [8.580660453762277, 58.436914524549636, 0.0], [8.580358568993336, 58.43683032878242, 0.0]]}, "properties": {"farge": "#fdae61", "elvenavn": null}}, {"type": "Feature", "geometry": {"type": "LineString", "coordinates": [[8.744034352958955, 58.424077135418976, 0.0], [8.7440083364084, 58.424008197367094, 0.0], [8.74418415425786, 58.42385678698053, 0.0], [8.744337160162614, 58.42369854281126, 0.0], [8.744456393755339, 58.42353046308439, 0.0], [8.744483937931635, 58.423443121462476, 0.0], [8.74448761890151, 58.42335339497491, 0.0], [8.744460107443874, 58.42317898066625, 0.0], [8.744320033799884, 58.42292103972368, 0.0], [8.744251838420716, 58.4227466079849, 0.0], [8.74418883865471, 58.422663148110026, 0.0], [8.744012901489423, 58.42255037227492, 0.0]]}, "properties": {"farge": "#2c7fb8", "elvenavn": null}}, {"type": "Feature", "geometry": {"type": "LineString", "coordinates": [[8.557256798210496, 58.41763340636221, 0.0], [8.556944425687746, 58.41759094321115, 0.0], [8.55677436225702, 58.417581993972846, 0.0], [8.556520623715272, 58.41734830001903, 0.0], [8.555898193169366, 58.41681236363163, 0.0], [8.555418798334111, 58.41644133944202, 0.0]]}, "properties": {"farge": "#2c7fb8", "elvenavn": null}}, {"type": "Feature", "geometry": {"type": "LineString", "coordinates": [[8.715419010691484, 58.46862760361876, 0.0], [8.71568383773787, 58.46851401437582, 0.0], [8.715937728686054, 58.4683933736583, 0.0], [8.715989710799628, 58.46822098747374, 0.0]]}, "properties": {"farge": "#2c7fb8", "elvenavn": null}}, {"type": "Feature", "geometry": {"type": "LineString", "coordinates": [[8.550218266741963, 58.4393111460959, 0.0], [8.550263700456826, 58.43930930930325, 0.0]]}, "properties": {"farge": "#fdae61", "elvenavn": null}}, {"type": "Feature", "geometry": {"type": "LineString", "coordinates": [[8.76502631357218, 58.525571320835695, 0.0], [8.765130070219774, 58.5254547112003, 0.0], [8.76537539474565, 58.52531753390971, 0.0], [8.765578090849653, 58.525204124960844, 0.0], [8.766009134261646, 58.52494442478866, 0.0], [8.766628052424958, 58.524819777426, 0.0], [8.766800260627116, 58.52473928276191, 0.0]]}, "properties": {"farge": "#d7191c", "elvenavn": null}}, {"type": "Feature", "geometry": {"type": "LineString", "coordinates": [[8.748731327793603, 58.53042629657161, 0.0], [8.748826225349266, 58.530443541734115, 0.0], [8.749331593199901, 58.53053523777537, 0.0], [8.74941749226903, 58.530535382090505, 0.0], [8.750000019862982, 58.530503593374206, 0.0], [8.750053057365212, 58.53050069091667, 0.0], [8.750621142871282, 58.53032220998051, 0.0], [8.751120699152095, 58.53008967679533, 0.0], [8.751620146533241, 58.52990207539833, 0.0], [8.752170903897953, 58.52971445645505, 0.0], [8.752653087216311, 58.52950871712998, 0.0], [8.753049949312333, 58.529258103785295, 0.0], [8.753119449168585, 58.52921601836737, 0.0], [8.753463864172428, 58.52900742145795, 0.0], [8.75393603079654, 58.528762193765346, 0.0], [8.7539462682477, 58.52875692991329, 0.0], [8.75433938865705, 58.52865067289091, 0.0], [8.754342108442092, 58.52864990509829, 0.0]]}, "properties": {"farge": "#d7191c", "elvenavn": null}}, {"type": "Feature", "geometry": {"type": "LineString", "coordinates": [[8.747632204432554, 58.530433103335575, 0.0], [8.748181730995542, 58.53031054624457, 0.0], [8.748731327793603, 58.53042629657161, 0.0]]}, "properties": {"farge": "#d7191c", "elvenavn": null}}, {"type": "Feature", "geometry": {"type": "LineString", "coordinates": [[8.753769610262403, 58.52456224479149, 0.0], [8.754382659270194, 58.52502636111482, 0.0], [8.754743923404755, 58.52520176457316, 0.0]]}, "properties": {"farge": "#d7191c", "elvenavn": null}}, {"type": "Feature", "geometry": {"type": "LineString", "coordinates": [[8.768993843398158, 58.522758280864814, 0.0], [8.768054865591303, 58.52216854612496, 0.0], [8.767962611262734, 58.52174939171099, 0.0], [8.768125185958313, 58.52163874655323, 0.0], [8.76830761706038, 58.52149256057449, 0.0]]}, "properties": {"farge": "#d7191c", "elvenavn": null}}, {"type": "Feature", "geometry": {"type": "LineString", "coordinates": [[8.822792000186983, 58.59265536159263, 0.0], [8.822826026798717, 58.59268239734168, 0.0], [8.82327262183292, 58.59282658542546, 0.0], [8.823323862775649, 58.59289866773981, 0.0]]}, "properties": {"farge": "#2c7fb8", "elvenavn": null}}, {"type": "Feature", "geometry": {"type": "LineString", "coordinates": [[8.82185831402415, 58.5815331884865, 0.0], [8.821437008364928, 58.582271631916626, 0.0], [8.822295050130922, 58.58278573557767, 0.0], [8.822663472073616, 58.583302902638195, 0.0], [8.822941817968406, 58.58339592939524, 0.0], [8.823474379146136, 58.58352238402413, 0.0], [8.824023644284967, 58.58373870354412, 0.0], [8.82417724456137, 58.58395449165811, 0.0], [8.824244394259464, 58.584277865534226, 0.0], [8.82462129281001, 58.584574751512605, 0.0], [8.82503282436629, 58.584835754283674, 0.0], [8.825340940200109, 58.585132563229166, 0.0], [8.825511286255697, 58.58547414905145, 0.0], [8.825733245688612, 58.58580669613132, 0.0], [8.826007697683224, 58.58594185753151, 0.0], [8.826609042889798, 58.5860862919171, 0.0], [8.827279458155152, 58.58615903897123, 0.0], [8.8277616417579, 58.5860429673803, 0.0]]}, "properties": {"farge": "#2c7fb8", "elvenavn": null}}, {"type": "Feature", "geometry": {"type": "LineString", "coordinates": [[8.820662636063876, 58.57507615968067, 0.0], [8.821195439349449, 58.575112766317254, 0.0], [8.821401855812798, 58.5750861662426, 0.0]]}, "properties": {"farge": "#2c7fb8", "elvenavn": "Strengselva"}}, {"type": "Feature", "geometry": {"type": "LineString", "coordinates": [[8.822158735488662, 58.575033353511834, 0.0], [8.822278773192078, 58.57506039635142, 0.0], [8.822862479514626, 58.57524984013151, 0.0], [8.823377351609597, 58.57545712301262, 0.0], [8.82385758746341, 58.57570919999596, 0.0], [8.82435494459264, 58.5759434598943, 0.0], [8.824904099409808, 58.576159773724314, 0.0], [8.825384538488294, 58.57636691812722, 0.0], [8.825847587767207, 58.57661005338742, 0.0], [8.826345181533918, 58.57683531095035, 0.0], [8.82680899621013, 58.57693466615163, 0.0], [8.827325113407873, 58.57688147129199, 0.0], [8.827933590256512, 58.57673781140229, 0.0], [8.828581553670725, 58.5766497227486, 0.0], [8.828907466002008, 58.5767938435807, 0.0], [8.829319052061226, 58.57707275724852, 0.0], [8.829248887280501, 58.57729720722547, 0.0], [8.829195736158535, 58.57762054352402, 0.0], [8.829398779045773, 58.57829436999468, 0.0], [8.829517584814404, 58.57864472313799, 0.0], [8.829928877529882, 58.57891470478148, 0.0], [8.830064703816218, 58.57927416204018, 0.0], [8.830249179096954, 58.58025335783917, 0.0], [8.830333542747386, 58.58059475621904, 0.0], [8.830434999069434, 58.580927252373854, 0.0], [8.8305021418029, 58.58126854131674, 0.0], [8.83067086333535, 58.581951427130555, 0.0], [8.830703661848373, 58.58230168746413, 0.0], [8.830891179132799, 58.58262536134669, 0.0], [8.831234033466277, 58.582913112384304, 0.0], [8.83169703758189, 58.58315622043318, 0.0], [8.831937471716191, 58.583219401129384, 0.0]]}, "properties": {"farge": "#2c7fb8", "elvenavn": "Strengselva"}}, {"type": "Feature", "geometry": {"type": "LineString", "coordinates": [[8.81088920052977, 58.56997872417322, 0.0], [8.811095251921559, 58.57003289975206, 0.0], [8.811541094589554, 58.57022230939442, 0.0], [8.812039105146141, 58.57035759520027, 0.0], [8.812432888743027, 58.57063660976713, 0.0], [8.812723672037228, 58.570942434268474, 0.0], [8.813065907733463, 58.57123030217989, 0.0], [8.813546037465041, 58.57147350155484, 0.0], [8.814095138944689, 58.571671852823755, 0.0], [8.814592697076057, 58.57187023302367, 0.0], [8.815072893715438, 58.57211315914543, 0.0], [8.815622050880789, 58.572293765553624, 0.0], [8.816257428776902, 58.57242945473007, 0.0], [8.81653212146354, 58.57251962596758, 0.0], [8.81654780830336, 58.57276217535973, 0.0], [8.816357167846151, 58.57309417882425, 0.0], [8.81630368356263, 58.57343532753029, 0.0], [8.816526247633403, 58.57362429044606, 0.0], [8.817144629963977, 58.573750958813385, 0.0], [8.817711241722952, 58.57389547634988, 0.0], [8.818327148372113, 58.57402156892061, 0.0], [8.818930736958539, 58.57413058412499, 0.0], [8.81949751781061, 58.574275191542355, 0.0], [8.820098301705183, 58.57445565738274, 0.0], [8.820269051452746, 58.574680385443614, 0.0]]}, "properties": {"farge": "#2c7fb8", "elvenavn": "Strengselva"}}, {"type": "Feature", "geometry": {"type": "LineString", "coordinates": [[8.800520456159994, 58.570349248313526, 0.0], [8.800435300155534, 58.5702054501492, 0.0], [8.80078082254996, 58.569909692999246, 0.0], [8.800885673506356, 58.5696043535015, 0.0], [8.800819068416498, 58.56925397017718, 0.0], [8.800683360196269, 58.56890348268995, 0.0], [8.800667944773725, 58.56855314640046, 0.0], [8.8005325663055, 58.56820276465128, 0.0], [8.800568545247728, 58.56791543330543, 0.0], [8.801019298103256, 58.56726050325961, 0.0], [8.801037431983417, 58.567107749131786, 0.0], [8.800471245863854, 58.566909320474736, 0.0], [8.800060181195171, 58.56663032851676, 0.0], [8.799786992930496, 58.5663155069843, 0.0], [8.79956536449452, 58.56599183508086, 0.0], [8.799669335373816, 58.56583036052228, 0.0], [8.80004837536827, 58.56566023432699, 0.0], [8.800050523104774, 58.56531002789172, 0.0], [8.800241315421728, 58.564969047352655, 0.0], [8.800690066522726, 58.564700264355906, 0.0], [8.801155638535857, 58.56444057945607, 0.0], [8.801208106457823, 58.56427886150558, 0.0], [8.800627041322565, 58.56369428038635, 0.0]]}, "properties": {"farge": "#2c7fb8", "elvenavn": "Molandselva"}}, {"type": "Feature", "geometry": {"type": "LineString", "coordinates": [[8.770586100095972, 58.5733978047391, 0.0], [8.770880094495416, 58.57315580789506, 0.0], [8.771122546205927, 58.57287798207253, 0.0], [8.771523348541571, 58.57205230166666, 0.0], [8.771870869840553, 58.57150509452169, 0.0], [8.772078166549166, 58.5713528069118, 0.0], [8.772458153919128, 58.571102112293616, 0.0], [8.77290989404874, 58.57031240780629, 0.0], [8.773135787844812, 58.56997154506848, 0.0], [8.773498640408791, 58.569702723873725, 0.0], [8.773810072375916, 58.56937997905424, 0.0], [8.773553616751137, 58.569163979758514, 0.0], [8.77336596271769, 58.56893916853015, 0.0], [8.773351008007204, 58.56858875292425, 0.0], [8.773782588248467, 58.568320122136384, 0.0], [8.77414544199067, 58.56801536744864, 0.0], [8.774525587492894, 58.56772865351174, 0.0], [8.774680816088098, 58.56763912141519, 0.0], [8.775407773666046, 58.56688593836101, 0.0], [8.775856920532158, 58.56651846382926, 0.0], [8.77644268030529, 58.56631297597297, 0.0], [8.776701724593078, 58.566142755401984, 0.0], [8.776822751921717, 58.56603516830034, 0.0], [8.777082471224224, 58.56573917178714, 0.0], [8.777428140341971, 58.56544348029595, 0.0], [8.778013181536977, 58.56533674239789, 0.0], [8.778461984262908, 58.5650861358667, 0.0], [8.7785558349454, 58.563801818468384, 0.0], [8.778162834323656, 58.563441856817136, 0.0], [8.778319485300008, 58.563109870025656, 0.0], [8.778493498488027, 58.562786831983104, 0.0], [8.778598639939524, 58.56245468304037, 0.0], [8.778772733826344, 58.562113727626176, 0.0], [8.77889520253811, 58.56176359903719, 0.0], [8.779189435578642, 58.56144090956065, 0.0], [8.779157208473974, 58.5611174842244, 0.0], [8.778798552718904, 58.560748656377015, 0.0], [8.77855975297601, 58.56042491700833, 0.0], [8.778630891796887, 58.56006590004409, 0.0], [8.778323453999171, 58.559759897084504, 0.0], [8.777947139666788, 58.559480713961996, 0.0], [8.777570886900133, 58.5591837915381, 0.0], [8.77731546462434, 58.55881511374831, 0.0]]}, "properties": {"farge": "#2c7fb8", "elvenavn": null}}, {"type": "Feature", "geometry": {"type": "LineString", "coordinates": [[8.857062642191137, 58.57098141571695, 0.0], [8.857476471841704, 58.57069437876587, 0.0], [8.85782135585229, 58.57039845119399, 0.0], [8.857943165266143, 58.570066338268774, 0.0], [8.857911528618272, 58.569365675705015, 0.0], [8.857826914489038, 58.56902429094863, 0.0], [8.857828486062628, 58.56867407344063, 0.0], [8.857950148547376, 58.56833294869873, 0.0], [8.857985859085474, 58.56798265797344, 0.0], [8.858090423789495, 58.56765052842222, 0.0], [8.8580589695312, 58.566940959797535, 0.0], [8.857991622108178, 58.566590587940986, 0.0], [8.85790701214661, 58.56624920327909, 0.0], [8.857686441694614, 58.56556640143339, 0.0], [8.857654792710296, 58.56486582805451, 0.0], [8.857793735136346, 58.56450671250687, 0.0], [8.858172999904417, 58.564219729400826, 0.0], [8.858551748515245, 58.564049424779455, 0.0], [8.859554257015594, 58.562712370475154, 0.0], [8.860053638393321, 58.56246149060917, 0.0], [8.860380015483793, 58.562506769290096, 0.0], [8.860946458640784, 58.56271394144844, 0.0], [8.861530880103738, 58.56273241915498, 0.0], [8.862149948406447, 58.562616400784634, 0.0], [8.862820527966612, 58.562563271879746, 0.0], [8.863490945513483, 58.56257289599733, 0.0], [8.864109148869831, 58.56269932914606, 0.0], [8.865259426424032, 58.56307772951109, 0.0], [8.865912166481415, 58.56312332355223, 0.0], [8.866582622951974, 58.56311510327494, 0.0], [8.867871113037342, 58.56331396932409, 0.0], [8.869125112077485, 58.56352188605649, 0.0], [8.869726013952203, 58.56369311705017, 0.0], [8.870997380948188, 58.56386501641165, 0.0], [8.872234110266843, 58.564108724453774, 0.0], [8.872869633669145, 58.564226127125345, 0.0], [8.873367386704317, 58.564451115189414, 0.0], [8.873538542780047, 58.56463093756326, 0.0], [8.87360727245709, 58.56463998945157, 0.0], [8.874174042219476, 58.564766251794715, 0.0], [8.874792458871156, 58.564910560715134, 0.0], [8.875393227068468, 58.565081847148484, 0.0], [8.875839770563758, 58.56526187230252, 0.0], [8.876423478038362, 58.565442062693926, 0.0], [8.877076325501648, 58.56554145180563, 0.0], [8.87771199571194, 58.565676935788574, 0.0], [8.878072178945297, 58.56588370945805, 0.0], [8.878191518293484, 58.5661263318614, 0.0], [8.878431287684514, 58.566449902157544, 0.0], [8.878739480613671, 58.56677350140014, 0.0], [8.87959729948338, 58.56728618050887, 0.0], [8.880129419970721, 58.56751125160829, 0.0], [8.880713187603007, 58.567691423483694, 0.0], [8.881142558560446, 58.56787141799698, 0.0], [8.881795618886636, 58.56789902335897, 0.0], [8.883118826618437, 58.56802599780468, 0.0], [8.883754671271914, 58.568134264525035, 0.0]]}, "properties": {"farge": "#2c7fb8", "elvenavn": null}}, {"type": "Feature", "geometry": {"type": "LineString", "coordinates": [[8.936871727703497, 58.56134666483407, 0.0], [8.935483240685262, 58.56062745539375, 0.0], [8.934560671434197, 58.56020686390848, 0.0], [8.934004031817082, 58.559762134544265, 0.0], [8.93349999138395, 58.55920658909437, 0.0], [8.933120804462181, 58.55870053712832, 0.0], [8.933361355370966, 58.55856376726532, 0.0], [8.93328610193354, 58.55842074876419, 0.0], [8.933510063444276, 58.558187319433465, 0.0], [8.934182201750613, 58.55806228290706, 0.0], [8.934630243904065, 58.557883047909975, 0.0], [8.935317510137033, 58.557959184629006, 0.0], [8.936501146192345, 58.55825057497373, 0.0], [8.937081491056748, 58.55826513652763, 0.0]]}, "properties": {"farge": "#d7191c", "elvenavn": "Vatnebuvassdraget"}}, {"type": "Feature", "geometry": {"type": "LineString", "coordinates": [[8.949774896034032, 58.551265403650106, 0.0], [8.950067520132547, 58.550915191079966, 0.0], [8.950360116899928, 58.55059199034877, 0.0], [8.950618280991456, 58.55027760684562, 0.0], [8.950807677168084, 58.54994547647187, 0.0], [8.950996215861426, 58.549460641278586, 0.0], [8.951272873959452, 58.54912588801996, 0.0], [8.95142157047382, 58.54905667812796, 0.0], [8.951531752556006, 58.549104767032446, 0.0], [8.951880836685175, 58.54887825942403, 0.0], [8.952762372891012, 58.54852443385771, 0.0], [8.95266352485521, 58.54830535010205, 0.0]]}, "properties": {"farge": "#fdae61", "elvenavn": null}}, {"type": "Feature", "geometry": {"type": "LineString", "coordinates": [[8.95266352485521, 58.54830535010205, 0.0], [8.95232802784853, 58.54813702773999, 0.0], [8.951918622799772, 58.548027154252026, 0.0], [8.951085731162216, 58.547673340832965, 0.0], [8.950210238141906, 58.54718805674384, 0.0], [8.949781141783335, 58.54691835809318, 0.0], [8.94938650569874, 58.54662174327345, 0.0], [8.948991652492678, 58.546352309611564, 0.0], [8.948562544715978, 58.54608278583126, 0.0], [8.948133489487196, 58.54579507429742, 0.0], [8.94767012751695, 58.54555238102165, 0.0], [8.94713751460182, 58.54535458392882, 0.0], [8.94628663389376, 58.5452143966786, 0.0]]}, "properties": {"farge": "#2c7fb8", "elvenavn": null}}, {"type": "Feature", "geometry": {"type": "LineString", "coordinates": [[8.92454142726748, 58.54762458323256, 0.0], [8.924059500137703, 58.547956573851785, 0.0]]}, "properties": {"farge": "#d7191c", "elvenavn": null}}, {"type": "Feature", "geometry": {"type": "LineString", "coordinates": [[8.764265683094747, 58.53407982927342, 0.0], [8.765108936059326, 58.53375349269361, 0.0], [8.765694063887546, 58.53357487532213, 0.0], [8.766176527007984, 58.5333422624268, 0.0], [8.766675936353199, 58.53312758429426, 0.0], [8.767175602123967, 58.532894995623245, 0.0], [8.767365011509412, 58.53282353213213, 0.0]]}, "properties": {"farge": "#fdae61", "elvenavn": null}}, {"type": "Feature", "geometry": {"type": "LineString", "coordinates": [[8.773847391688642, 58.53158667842638, 0.0], [8.774275780166528, 58.531731082151715, 0.0], [8.774464230776903, 58.531803292436955, 0.0]]}, "properties": {"farge": "#fdae61", "elvenavn": null}}, {"type": "Feature", "geometry": {"type": "LineString", "coordinates": [[8.77525429070079, 58.5317867100987, 0.0], [8.775461378344252, 58.53162540815021, 0.0], [8.776012284479553, 58.5314198655606, 0.0], [8.77627040773651, 58.531339484839684, 0.0]]}, "properties": {"farge": "#fdae61", "elvenavn": null}}, {"type": "Feature", "geometry": {"type": "LineString", "coordinates": [[8.816617724158695, 58.5298316336046, 0.0], [8.816617471278365, 58.529849631927284, 0.0], [8.815944716295105, 58.53044136195628, 0.0], [8.815531688092651, 58.53062041450049, 0.0], [8.814998214655912, 58.53082624251267, 0.0], [8.814516099620185, 58.53105904581382, 0.0], [8.814034612988069, 58.531175259332734, 0.0], [8.813724572548733, 58.53134532766835, 0.0], [8.813585699496423, 58.53165947162592, 0.0], [8.813532262238631, 58.532000710046944, 0.0], [8.813307239106132, 58.532332661223954, 0.0], [8.81299654326591, 58.53264660123537, 0.0], [8.81253184258928, 58.53282548804568, 0.0], [8.811965387178452, 58.532761802018754, 0.0], [8.811399524527122, 58.532599353795966, 0.0], [8.810902768937112, 58.53238306203435, 0.0], [8.810354261092204, 58.53219362189521, 0.0], [8.809805872080103, 58.53197725904394, 0.0], [8.809326292882309, 58.53173405518791, 0.0], [8.808777847068264, 58.53153560537563, 0.0], [8.80790406555837, 58.53117507137675, 0.0], [8.807697743384178, 58.531237578810384, 0.0], [8.807404036994956, 58.531551608268515, 0.0], [8.807041940305572, 58.531802531406186, 0.0], [8.80647398601968, 58.532008188682205, 0.0]]}, "properties": {"farge": "#2c7fb8", "elvenavn": null}}, {"type": "Feature", "geometry": {"type": "LineString", "coordinates": [[8.872778040039067, 58.53260296431544, 0.0], [8.873242694211163, 58.53233390618215, 0.0], [8.873758685807276, 58.532109898238545, 0.0], [8.874086133200606, 58.531822923040835, 0.0], [8.874361815021368, 58.53152671536607, 0.0]]}, "properties": {"farge": "#2c7fb8", "elvenavn": "Molandselva"}}, {"type": "Feature", "geometry": {"type": "LineString", "coordinates": [[8.823460546530903, 58.52135388581985, 0.0], [8.823513022125605, 58.52113840320376, 0.0], [8.823703621779226, 58.5208063981674, 0.0], [8.823756920269044, 58.52046524246244, 0.0], [8.823655572814731, 58.52011472905517, 0.0], [8.823794614878619, 58.51976465571965, 0.0], [8.823693423535707, 58.51941423988777, 0.0], [8.823901049417074, 58.51908224651774, 0.0], [8.823868033015943, 58.51881274733736, 0.0], [8.823921013297714, 58.51859728912569, 0.0], [8.824299064623508, 58.51847199853801, 0.0], [8.82472917307448, 58.518275017118086, 0.0], [8.824832633431118, 58.51817636178917, 0.0]]}, "properties": {"farge": "#fdae61", "elvenavn": null}}, {"type": "Feature", "geometry": {"type": "LineString", "coordinates": [[8.829784211184094, 58.51303669656553, 0.0], [8.82997376785238, 58.512911213520454, 0.0], [8.830232664882832, 58.51259726508112, 0.0], [8.830765896301394, 58.51240920315772, 0.0], [8.831247190389796, 58.51220332550936, 0.0], [8.831753246735014, 58.512176957684595, 0.0], [8.83195142999551, 58.512132802945715, 0.0], [8.832231947631627, 58.512137752964264, 0.0], [8.832370954016106, 58.51215606638245, 0.0]]}, "properties": {"farge": "#2c7fb8", "elvenavn": null}}, {"type": "Feature", "geometry": {"type": "LineString", "coordinates": [[8.819811036485351, 58.50653869922866, 0.0], [8.819999771718113, 58.50653881441599, 0.0], [8.820669048390954, 58.50651280029931, 0.0], [8.821355266789313, 58.50654973728832, 0.0], [8.822007204647951, 58.50660446583168, 0.0], [8.822659269698935, 58.50662335635014, 0.0], [8.82332850799068, 58.50660633165337, 0.0], [8.823963727548403, 58.506535340372, 0.0], [8.82453113866686, 58.50633851087705, 0.0], [8.824789029882078, 58.5062401095233, 0.0], [8.825527209237464, 58.506187229785354, 0.0], [8.826092783762881, 58.50633169198183, 0.0], [8.82665830265157, 58.50649406916998, 0.0], [8.827806430441782, 58.50684593546587, 0.0], [8.827994560320683, 58.506953981648714, 0.0], [8.827941673351106, 58.507295156998644, 0.0], [8.828059802307221, 58.507627655751236, 0.0], [8.828264383775258, 58.5079421735487, 0.0], [8.828571802933824, 58.5082570606576, 0.0], [8.828930834504392, 58.50853589509051, 0.0], [8.829324301516854, 58.508805853731566, 0.0], [8.830214159708666, 58.5093369540615, 0.0], [8.830641979336368, 58.509580018886304, 0.0], [8.831069709588599, 58.50985000320092, 0.0], [8.83131469951208, 58.50998841416603, 0.0]]}, "properties": {"farge": "#d7191c", "elvenavn": null}}, {"type": "Feature", "geometry": {"type": "LineString", "coordinates": [[8.83131469951208, 58.50998841416603, 0.0], [8.831531876980414, 58.51011111073734, 0.0], [8.831634124216599, 58.510236982076414, 0.0]]}, "properties": {"farge": "#2c7fb8", "elvenavn": null}}, {"type": "Feature", "geometry": {"type": "LineString", "coordinates": [[8.7962266914978, 58.50445554290555, 0.0], [8.796503632648061, 58.50463764925514, 0.0], [8.796927814032106, 58.50489677917438, 0.0], [8.797337945091828, 58.50518476378109, 0.0], [8.79781784669164, 58.50530223614196, 0.0], [8.797886468410054, 58.505302412318315, 0.0], [8.798075374190459, 58.505257812422414, 0.0]]}, "properties": {"farge": "#fdae61", "elvenavn": null}}, {"type": "Feature", "geometry": {"type": "LineString", "coordinates": [[8.915528669345282, 58.53747007755702, 0.0], [8.915724982709953, 58.53742230438621, 0.0], [8.916068029488777, 58.53731825340305, 0.0]]}, "properties": {"farge": "#d7191c", "elvenavn": "Vatnebuvassdraget"}}, {"type": "Feature", "geometry": {"type": "LineString", "coordinates": [[8.916068029488777, 58.53731825340305, 0.0], [8.916071293171997, 58.537317263473994, 0.0], [8.91629210082478, 58.53742270303515, 0.0], [8.916441861367733, 58.5375279380198, 0.0], [8.916620029481157, 58.537558608047284, 0.0]]}, "properties": {"farge": "#2c7fb8", "elvenavn": "Vatnebuvassdraget"}}, {"type": "Feature", "geometry": {"type": "LineString", "coordinates": [[8.878393825885231, 58.52759076757522, 0.0], [8.878500740414172, 58.52723136353776, 0.0], [8.879023776970222, 58.52700145686809, 0.0], [8.879341988279077, 58.52666644961534, 0.0], [8.879579790843016, 58.526260104445576, 0.0]]}, "properties": {"farge": "#2c7fb8", "elvenavn": "Molandselva"}}, {"type": "Feature", "geometry": {"type": "LineString", "coordinates": [[8.80580667665601, 58.532439783293725, 0.0], [8.804719395885634, 58.5333239651815, 0.0]]}, "properties": {"farge": "#2c7fb8", "elvenavn": null}}, {"type": "Feature", "geometry": {"type": "LineString", "coordinates": [[8.765815255719167, 58.556621169941344, 0.0], [8.765941673163505, 58.55660643495343, 0.0], [8.76648523778889, 58.556390110023536, 0.0], [8.767204669893907, 58.55614890729186, 0.0], [8.767839809923949, 58.55601613851352, 0.0], [8.76817543105766, 58.55599214075975, 0.0], [8.768501824377127, 58.5560457881236, 0.0], [8.768644127948686, 58.5560946339279, 0.0], [8.768719021271245, 58.55617346826899, 0.0], [8.768804905760806, 58.55643524085751, 0.0], [8.768720180822688, 58.55652766668281, 0.0]]}, "properties": {"farge": "#2c7fb8", "elvenavn": null}}, {"type": "Feature", "geometry": {"type": "LineString", "coordinates": [[8.867294138888708, 58.53408827594864, 0.0], [8.867759949129882, 58.53461584183187, 0.0], [8.867945025322825, 58.534766496389906, 0.0], [8.868182069184686, 58.534895402475925, 0.0], [8.868858766415125, 58.5351694388086, 0.0]]}, "properties": {"farge": "#2c7fb8", "elvenavn": null}}, {"type": "Feature", "geometry": {"type": "LineString", "coordinates": [[8.798831550274219, 58.505070427994355, 0.0], [8.798698509788201, 58.50511975160714, 0.0], [8.798577873362918, 58.50528798965277, 0.0]]}, "properties": {"farge": "#fdae61", "elvenavn": null}}, {"type": "Feature", "geometry": {"type": "LineString", "coordinates": [[8.792916174246411, 58.504234743007714, 0.0], [8.793155635682915, 58.504352820235546, 0.0], [8.793596058212549, 58.50448999173111, 0.0]]}, "properties": {"farge": "#fdae61", "elvenavn": null}}, {"type": "Feature", "geometry": {"type": "LineString", "coordinates": [[8.772664089725064, 58.58440362740342, 0.0], [8.772818939456876, 58.58452364938464, 0.0], [8.773385577185069, 58.58472567510077, 0.0], [8.77373454687118, 58.58491713703371, 0.0], [8.773525421635474, 58.585442894897696, 0.0], [8.773474001846498, 58.58597996590251, 0.0]]}, "properties": {"farge": "#2c7fb8", "elvenavn": null}}, {"type": "Feature", "geometry": {"type": "LineString", "coordinates": [[8.833698693869687, 58.58440636889012, 0.0], [8.835123412475081, 58.584960088268616, 0.0], [8.837334063603778, 58.58570040667633, 0.0], [8.83979846003441, 58.58768191890829, 0.0]]}, "properties": {"farge": "#2c7fb8", "elvenavn": "Strengselva"}}, {"type": "Feature", "geometry": {"type": "LineString", "coordinates": [[8.836739884288725, 58.512129615574864, 0.0], [8.836498259234906, 58.51215358301032, 0.0], [8.836360779368954, 58.51210786050466, 0.0], [8.836236245374863, 58.51204060102017, 0.0], [8.836093168886372, 58.51188302339918, 0.0], [8.835439068029107, 58.51146860527177, 0.0], [8.834841869562242, 58.51114785452627, 0.0]]}, "properties": {"farge": "#2c7fb8", "elvenavn": null}}, {"type": "Feature", "geometry": {"type": "LineString", "coordinates": [[8.834841869562242, 58.51114785452627, 0.0], [8.835859522508592, 58.510318156261384, 0.0], [8.836016377040263, 58.510158290830596, 0.0], [8.835776515466105, 58.509830042345065, 0.0], [8.835733880357811, 58.50965308017313, 0.0], [8.835819349972528, 58.50929739008542, 0.0], [8.835992309244162, 58.508858485921365, 0.0], [8.836490154792365, 58.5079083119124, 0.0], [8.836474343996354, 58.50782841302707, 0.0], [8.83636613186818, 58.507758325157155, 0.0], [8.83630395908485, 58.50762082035291, 0.0]]}, "properties": {"farge": "#2c7fb8", "elvenavn": null}}, {"type": "Feature", "geometry": {"type": "LineString", "coordinates": [[8.792826448303561, 58.58598654250361, 0.0], [8.792595530887068, 58.58615639979833, 0.0], [8.792054029275494, 58.58637563158489, 0.0], [8.791870265871399, 58.58680934123156, 0.0], [8.791718982636322, 58.58696982032305, 0.0], [8.791506257265407, 58.58711035170139, 0.0], [8.79137616981762, 58.587273832896344, 0.0], [8.791447798901034, 58.58789924559268, 0.0], [8.791311078279513, 58.58806201802946, 0.0], [8.791041609220079, 58.58858114166644, 0.0], [8.790744234564835, 58.5890015375292, 0.0], [8.790415225981793, 58.589314890848584, 0.0], [8.788748674996542, 58.590452164839775, 0.0], [8.788314676881875, 58.59122578624792, 0.0]]}, "properties": {"farge": "#2c7fb8", "elvenavn": null}}, {"type": "Feature", "geometry": {"type": "LineString", "coordinates": [[8.757324912403634, 58.58047164126038, 0.0], [8.757683916692661, 58.58051599910358, 0.0], [8.758001494165937, 58.580580149300374, 0.0], [8.758089838277208, 58.58064767160045, 0.0], [8.758192483189571, 58.5808174793201, 0.0], [8.758412560329694, 58.58095467357877, 0.0], [8.75869307688434, 58.58105397407175, 0.0], [8.759413854076016, 58.58122562951761, 0.0], [8.759961351208261, 58.58123500534246, 0.0], [8.761266359126596, 58.5814131888658, 0.0], [8.761761663281245, 58.58166147614233, 0.0], [8.762250418393215, 58.581741495642575, 0.0], [8.762585034584351, 58.58174772230189, 0.0], [8.763237199396253, 58.58185735168905, 0.0], [8.763542081463239, 58.581938430219125, 0.0], [8.763936851649285, 58.58210948193331, 0.0], [8.763994855165228, 58.58264107170065, 0.0], [8.763799814838086, 58.582842858009556, 0.0]]}, "properties": {"farge": "#2c7fb8", "elvenavn": null}}, {"type": "Feature", "geometry": {"type": "LineString", "coordinates": [[8.812403809355125, 58.568217835991554, 0.0], [8.810506263109671, 58.56945268290724, 0.0], [8.810769652374784, 58.56985455123789, 0.0], [8.81088920052977, 58.56997872417322, 0.0]]}, "properties": {"farge": "#2c7fb8", "elvenavn": "Strengselva"}}, {"type": "Feature", "geometry": {"type": "LineString", "coordinates": [[8.923424857640324, 58.548393878699095, 0.0], [8.92206851747348, 58.5474607412163, 0.0], [8.919109840083387, 58.547177270181166, 0.0], [8.916163565820323, 58.54603663796284, 0.0], [8.914105015955995, 58.54490240842465, 0.0], [8.91125194800057, 58.541264504974855, 0.0], [8.91154382330021, 58.540110987272314, 0.0], [8.910896961033748, 58.53885324698294, 0.0], [8.911500918151942, 58.5385246129861, 0.0], [8.91329623010205, 58.53815734661469, 0.0], [8.914446544606418, 58.53756879071183, 0.0], [8.915528669345282, 58.53747007755702, 0.0]]}, "properties": {"farge": "#d7191c", "elvenavn": "Vatnebuvassdraget"}}, {"type": "Feature", "geometry": {"type": "LineString", "coordinates": [[8.80561716397074, 58.575126174642065, 0.0], [8.80563143218879, 58.57498663600028, 0.0], [8.805462847480644, 58.574831271301036, 0.0], [8.80526722106157, 58.574489792534074, 0.0], [8.805229546709747, 58.5742238512998, 0.0], [8.805166870767067, 58.57414058291324, 0.0]]}, "properties": {"farge": "#2c7fb8", "elvenavn": "Molandselva"}}, {"type": "Feature", "geometry": {"type": "LineString", "coordinates": [[8.805166870767067, 58.57414058291324, 0.0], [8.80502576269538, 58.573977359528755, 0.0], [8.804885181159884, 58.573720329031175, 0.0], [8.80453217415112, 58.573526920703, 0.0], [8.80424319672597, 58.57330479994432, 0.0], [8.803911851072865, 58.57310425105579, 0.0], [8.803551750157299, 58.57280058926514, 0.0], [8.802860573620082, 58.57253528138204, 0.0], [8.802753618802118, 58.572467074101525, 0.0], [8.802665904345474, 58.57229384867703, 0.0], [8.802522469660065, 58.57213096771093, 0.0], [8.801968275113019, 58.57193098646077, 0.0], [8.801890668626207, 58.57185135735822, 0.0], [8.801811636125889, 58.5716772474774, 0.0], [8.801572103201071, 58.57144271832447, 0.0], [8.801544242403457, 58.57135478350875, 0.0], [8.801656671669093, 58.57118942371971, 0.0], [8.80167250230801, 58.5711036941519, 0.0], [8.801624464857772, 58.57092644951229, 0.0], [8.80120406218851, 58.57064480092956, 0.0], [8.800920165741296, 58.57054541240738, 0.0], [8.800520456159994, 58.570349248313526, 0.0]]}, "properties": {"farge": "#2c7fb8", "elvenavn": "Molandselva"}}, {"type": "Feature", "geometry": {"type": "LineString", "coordinates": [[8.932616546559718, 58.55521813352953, 0.0], [8.932473820636744, 58.55513865235765, 0.0], [8.932686044941086, 58.5548921138509, 0.0], [8.933300868870873, 58.554731452797, 0.0], [8.934132493732214, 58.554825407934004, 0.0], [8.93464391691061, 58.55485564553097, 0.0], [8.936014095492943, 58.554897083067345, 0.0], [8.93670020124035, 58.55489672113185, 0.0]]}, "properties": {"farge": "#d7191c", "elvenavn": null}}, {"type": "Feature", "geometry": {"type": "LineString", "coordinates": [[8.82647192095607, 58.54774507286449, 0.0], [8.826717768669203, 58.54760995494257, 0.0], [8.82628905851093, 58.547228436224856, 0.0]]}, "properties": {"farge": "#2c7fb8", "elvenavn": null}}, {"type": "Feature", "geometry": {"type": "LineString", "coordinates": [[8.925367490826854, 58.54694253511063, 0.0], [8.925153901049674, 58.54740562449353, 0.0], [8.92454142726748, 58.54762458323256, 0.0]]}, "properties": {"farge": "#d7191c", "elvenavn": null}}, {"type": "Feature", "geometry": {"type": "LineString", "coordinates": [[8.805239517474032, 58.53785315091117, 0.0], [8.805208214313584, 58.537760419223844, 0.0], [8.80527246376078, 58.53770591788581, 0.0], [8.805607069096814, 58.537736827577405, 0.0], [8.807824813586398, 58.538217364791755, 0.0], [8.808152011882179, 58.538270719683105, 0.0]]}, "properties": {"farge": "#2c7fb8", "elvenavn": null}}, {"type": "Feature", "geometry": {"type": "LineString", "coordinates": [[8.764566499339262, 58.53521641717392, 0.0], [8.764501018525847, 58.5351612865745, 0.0], [8.764412515363158, 58.534903209345316, 0.0], [8.764377254174375, 58.534545566408525, 0.0], [8.764125638484495, 58.53441820777955, 0.0]]}, "properties": {"farge": "#fdae61", "elvenavn": null}}, {"type": "Feature", "geometry": {"type": "LineString", "coordinates": [[8.813978071210615, 58.54903926242366, 0.0], [8.81383766643164, 58.54887837558828, 0.0], [8.813806408994576, 58.54869978276784, 0.0], [8.813635867509822, 58.54844639538876, 0.0], [8.813408158435678, 58.54792239781935, 0.0], [8.813715325745436, 58.54722427996933, 0.0], [8.813781210319663, 58.54686806769754, 0.0], [8.813746387781553, 58.5467033858662, 0.0]]}, "properties": {"farge": "#2c7fb8", "elvenavn": "Molandselva"}}, {"type": "Feature", "geometry": {"type": "LineString", "coordinates": [[8.950925148934056, 58.55203812068201, 0.0], [8.950342950370693, 58.55195507857941, 0.0], [8.949352423239405, 58.55163839102597, 0.0], [8.949774896034032, 58.551265403650106, 0.0]]}, "properties": {"farge": "#fdae61", "elvenavn": null}}, {"type": "Feature", "geometry": {"type": "LineString", "coordinates": [[8.771405130250919, 58.53193487434361, 0.0], [8.771995728840476, 58.531865143778916, 0.0], [8.772317057992993, 58.53191958529897, 0.0], [8.77305465035737, 58.53169657268991, 0.0], [8.773518985465513, 58.53158346514314, 0.0], [8.773684087086133, 58.53156681666977, 0.0], [8.773847391688642, 58.53158667842638, 0.0]]}, "properties": {"farge": "#fdae61", "elvenavn": null}}, {"type": "Feature", "geometry": {"type": "LineString", "coordinates": [[8.780667894880628, 58.53939428622201, 0.0], [8.780656247676959, 58.53929066953303, 0.0], [8.780775006526996, 58.53922640281021, 0.0], [8.780884795162073, 58.53906325759293, 0.0], [8.780794429872742, 58.538529155170075, 0.0], [8.780492443980506, 58.53811204115357, 0.0], [8.78059653024567, 58.5379411894954, 0.0], [8.780631743552053, 58.537763076333356, 0.0], [8.780612780541533, 58.53758463978681, 0.0], [8.780513920334265, 58.53741276880441, 0.0], [8.780672294682681, 58.537064736622206, 0.0], [8.780702238701489, 58.536797392473375, 0.0], [8.780816672708566, 58.536536936885064, 0.0], [8.780811340117188, 58.53636294703579, 0.0], [8.78055281114942, 58.53603328515322, 0.0], [8.780430082577503, 58.5357757348053, 0.0], [8.780198557712609, 58.535537588812815, 0.0], [8.780135995555998, 58.53518871605474, 0.0], [8.779826155421317, 58.53497410476411, 0.0], [8.779761985521642, 58.53489838498522, 0.0], [8.780234545686362, 58.534525965237165, 0.0], [8.781267416688495, 58.53405880946607, 0.0]]}, "properties": {"farge": "#fdae61", "elvenavn": null}}, {"type": "Feature", "geometry": {"type": "LineString", "coordinates": [[8.85886117014176, 58.52795268124987, 0.0], [8.858915791412866, 58.52810101015049, 0.0], [8.859041745837034, 58.528267410240055, 0.0], [8.859379893854321, 58.528577893313866, 0.0], [8.859509517809869, 58.528743810678904, 0.0], [8.859655549284247, 58.528781301659656, 0.0]]}, "properties": {"farge": "#2c7fb8", "elvenavn": null}}, {"type": "Feature", "geometry": {"type": "LineString", "coordinates": [[8.873804908152302, 58.51049133850774, 0.0], [8.874022736080235, 58.50996569721741, 0.0], [8.874036688493518, 58.50978667334458, 0.0], [8.87416202755077, 58.50943553615658, 0.0], [8.87404813434643, 58.509268247560705, 0.0], [8.873528132340825, 58.50880489155537, 0.0], [8.873237327209457, 58.50848509843228, 0.0], [8.873171541467048, 58.508402477735565, 0.0], [8.87315782236328, 58.508263983648924, 0.0]]}, "properties": {"farge": "#d7191c", "elvenavn": null}}, {"type": "Feature", "geometry": {"type": "LineString", "coordinates": [[8.931611275999543, 58.551966544722426, 0.0], [8.930879555716555, 58.5517366895897, 0.0], [8.93037418729719, 58.55168902891457, 0.0], [8.929686098688165, 58.551690238840244, 0.0], [8.929543819956502, 58.551655887026996, 0.0], [8.929304671665557, 58.551527372578306, 0.0], [8.92897741731216, 58.55121221113123, 0.0], [8.928675638514335, 58.55100044077973, 0.0], [8.927731330783649, 58.55078648271913, 0.0], [8.927221084311848, 58.55079076183978, 0.0], [8.926159245714157, 58.55050293351658, 0.0], [8.925173383698603, 58.54976878683938, 0.0], [8.924733382286774, 58.549493860595064, 0.0], [8.924383201097845, 58.549185551962736, 0.0], [8.924182495232069, 58.548938264018034, 0.0], [8.923390930208729, 58.54846392726653, 0.0], [8.923424857640324, 58.548393878699095, 0.0]]}, "properties": {"farge": "#d7191c", "elvenavn": "Vatnebuvassdraget"}}, {"type": "Feature", "geometry": {"type": "LineString", "coordinates": [[8.74657529732321, 58.5246291553214, 0.0], [8.746555227868543, 58.52462006896423, 0.0], [8.746318379747601, 58.52451185765036, 0.0], [8.745411358177417, 58.524096921841966, 0.0], [8.744745015553896, 58.52364646802972, 0.0], [8.744520012553602, 58.523460481462614, 0.0], [8.744113539365316, 58.523124317821825, 0.0], [8.744011242989787, 58.523025293812324, 0.0], [8.743704058813547, 58.522773235974626, 0.0], [8.743524837000578, 58.522623978872254, 0.0], [8.743383235098412, 58.52250601070017, 0.0], [8.743369994216653, 58.52249725778588, 0.0], [8.742969651843557, 58.52225982364061, 0.0], [8.742524760071761, 58.522016426256215, 0.0], [8.742240127920914, 58.52182706760285, 0.0], [8.742197654238893, 58.52179887268967, 0.0], [8.742132119372428, 58.521755230216336, 0.0], [8.741756501173631, 58.52146721766015, 0.0], [8.741713388648234, 58.52143971177285, 0.0], [8.741346166943197, 58.52120587361599, 0.0], [8.740919342413722, 58.52101946046063, 0.0], [8.740850034947005, 58.52098923148557, 0.0], [8.740735446265758, 58.52095903809537, 0.0], [8.740473106311445, 58.52088964328911, 0.0], [8.740215105413984, 58.520951945977856, 0.0]]}, "properties": {"farge": "#fdae61", "elvenavn": null}}, {"type": "Feature", "geometry": {"type": "LineString", "coordinates": [[8.72726989601592, 58.52544278112477, 0.0], [8.727443861748485, 58.525164741773146, 0.0], [8.727601092554192, 58.52481482455235, 0.0], [8.727808893260901, 58.52457275674649, 0.0], [8.728308203779255, 58.52441216633077, 0.0], [8.72832809493111, 58.52406190892485, 0.0], [8.728553636747298, 58.52373902596531, 0.0], [8.728830848613711, 58.52343425628669, 0.0], [8.729004985242339, 58.52310227818949, 0.0], [8.7290935208881, 58.52275223418587, 0.0], [8.728923246467799, 58.52258123863991, 0.0], [8.729027203035889, 58.52247376077019, 0.0], [8.729234650216284, 58.522258511814584, 0.0], [8.729270665562964, 58.52204305374898, 0.0], [8.728791797186977, 58.52179956083255, 0.0], [8.728846082871462, 58.521449458878145, 0.0], [8.729140311282945, 58.52114471294824, 0.0], [8.729451743439157, 58.52083999936713, 0.0], [8.729418223984442, 58.520732085809705, 0.0], [8.729041035323844, 58.520650461924674, 0.0], [8.72914659735596, 58.52032737015978, 0.0], [8.729269289892812, 58.51998647588837, 0.0], [8.729340696540298, 58.51965414455941, 0.0], [8.72946340039836, 58.51931316073453, 0.0], [8.729667960156489, 58.519272485702906, 0.0], [8.729686879818598, 58.51926873012254, 0.0], [8.730098837441615, 58.51926956239692, 0.0], [8.730340041057609, 58.51917133341577, 0.0], [8.730377003380891, 58.51883902457627, 0.0], [8.730516366689056, 58.51857891964477, 0.0], [8.730502695700737, 58.51854375674322, 0.0], [8.730381684385167, 58.51822847063117, 0.0], [8.730328612639784, 58.51809420211559, 0.0], [8.730317694324858, 58.5180667391154, 0.0], [8.73025997190208, 58.51791999448977, 0.0], [8.73024664818785, 58.51788673981845, 0.0], [8.73014002836296, 58.517738139381166, 0.0]]}, "properties": {"farge": "#fdae61", "elvenavn": "Lilleelva"}}, {"type": "Feature", "geometry": {"type": "LineString", "coordinates": [[8.742954551291511, 58.51257788808939, 0.0], [8.742612485761063, 58.51241561749302, 0.0], [8.742544135384593, 58.512370486084166, 0.0], [8.74209981273574, 58.51210918953085, 0.0], [8.741827562265275, 58.51179417123163, 0.0], [8.7417585615633, 58.511504228337294, 0.0], [8.741744246477486, 58.51144372893447, 0.0], [8.74196977592209, 58.511112002343275, 0.0], [8.742195332821298, 58.51078009671422, 0.0], [8.74209492180334, 58.51043863455332, 0.0], [8.74209654613814, 58.510212847238265, 0.0], [8.742097514115324, 58.510079337802125, 0.0], [8.742219787724014, 58.50978317474791, 0.0], [8.742477418938766, 58.509765791767904, 0.0], [8.742939023099881, 58.510009201197015, 0.0], [8.743400574139235, 58.51026161200428, 0.0], [8.743896658769362, 58.51049607758088, 0.0], [8.744496162719498, 58.51064103852104, 0.0], [8.745078610950689, 58.51079479853639, 0.0], [8.745484530033616, 58.51081825369677, 0.0], [8.745558941930195, 58.51082270344181, 0.0], [8.746092646257575, 58.510617264053856, 0.0], [8.746726805193106, 58.51072626454628, 0.0], [8.746847851916334, 58.51073362424283, 0.0], [8.747189932741922, 58.51075413262518, 0.0], [8.747255114443616, 58.510693648464645, 0.0], [8.747518316589568, 58.510449401012735, 0.0], [8.747777937315133, 58.51013554325721, 0.0], [8.748191712127083, 58.509875871299634, 0.0], [8.748416031132816, 58.50970573050572, 0.0]]}, "properties": {"farge": "#d7191c", "elvenavn": null}}, {"type": "Feature", "geometry": {"type": "LineString", "coordinates": [[8.506773257806943, 58.498874792088394, 0.0], [8.506799157604876, 58.49885575029159, 0.0], [8.507351028697478, 58.49865138432123, 0.0], [8.507715450477814, 58.4983563354943, 0.0], [8.507782309546384, 58.498250917992635, 0.0], [8.50779318933424, 58.49823399559602, 0.0], [8.507828123668459, 58.498179201410814, 0.0], [8.507926080421047, 58.49802482998277, 0.0], [8.507995350744249, 58.49795745744609, 0.0], [8.508004147701952, 58.497948986596285, 0.0], [8.508151720966653, 58.497805422230996, 0.0], [8.508160517846628, 58.49779695136894, 0.0], [8.508239178176007, 58.497720687606005, 0.0], [8.508406733290347, 58.497563995738616, 0.0], [8.508430295606281, 58.49754177232546, 0.0], [8.508457553400005, 58.497519106053495, 0.0], [8.508643164192858, 58.497364321800326, 0.0], [8.508655172921031, 58.49735430256191, 0.0], [8.508710755177226, 58.49730785310326, 0.0], [8.508722747329037, 58.49729792309521, 0.0], [8.508794969778371, 58.49723781625271, 0.0], [8.508853686024763, 58.49717909524144, 0.0], [8.508866124578061, 58.49716675580684, 0.0], [8.509107985073985, 58.49692475038162, 0.0], [8.509120724148774, 58.49686621656002, 0.0], [8.509163443842475, 58.496667243507744, 0.0], [8.509172694943357, 58.49662474646126, 0.0], [8.509181510992255, 58.49658366855749, 0.0], [8.509243293701909, 58.49652510314857, 0.0], [8.509358502392283, 58.49641592507368, 0.0], [8.509511727829713, 58.49627057477856, 0.0], [8.50955273866321, 58.496242391388854, 0.0], [8.50956394285704, 58.49623485339317, 0.0], [8.50958026315795, 58.496221990406895, 0.0], [8.509598519504207, 58.49620796465058, 0.0]]}, "properties": {"farge": "#2c7fb8", "elvenavn": null}}, {"type": "Feature", "geometry": {"type": "LineString", "coordinates": [[8.690212655811758, 58.504477058606035, 0.0], [8.689769474257222, 58.504134654650336, 0.0], [8.689411561697794, 58.50386436463863, 0.0], [8.689355282163758, 58.50382718300415, 0.0], [8.68900205420882, 58.50359395851676, 0.0], [8.688506330862035, 58.5033771153813, 0.0], [8.68807965945755, 58.50312468177534, 0.0], [8.687549719499453, 58.50290776652236, 0.0], [8.686983410881787, 58.502897458685695, 0.0], [8.686814872381644, 58.50256473043691, 0.0], [8.686508722178422, 58.50225853006697, 0.0], [8.686322901490364, 58.501934854475834, 0.0], [8.686068490281444, 58.50161085344768, 0.0], [8.68570998989733, 58.50140329625594, 0.0], [8.685110774643283, 58.501249234727915, 0.0], [8.684820594751415, 58.50107792218254, 0.0], [8.684703642830067, 58.50072738405162, 0.0], [8.684838718280394, 58.500597520415326, 0.0], [8.684945903945938, 58.500494468839975, 0.0], [8.685084802191898, 58.5003061627864, 0.0], [8.685102149292025, 58.50028819642254, 0.0]]}, "properties": {"farge": "#fdae61", "elvenavn": null}}, {"type": "Feature", "geometry": {"type": "LineString", "coordinates": [[8.68506173861864, 58.49905774070657, 0.0], [8.685377781310168, 58.498880255664155, 0.0], [8.685475434937608, 58.49882527701715, 0.0], [8.68570161974837, 58.49849339828746, 0.0], [8.685927523330648, 58.49817069182556, 0.0], [8.686102075283436, 58.497838874444405, 0.0], [8.68632800277981, 58.49751598858023, 0.0], [8.686468259467828, 58.497174911959306, 0.0], [8.686814077329949, 58.49686163869907, 0.0], [8.687142853374134, 58.49655697978486, 0.0], [8.687334500602235, 58.496216098582934, 0.0], [8.687509175620448, 58.49586627352321, 0.0], [8.687752182940299, 58.49555251508379, 0.0], [8.688132265995323, 58.49525705221271, 0.0], [8.68837539389187, 58.49492537636091, 0.0], [8.688487682059126, 58.494730800667455, 0.0], [8.6885669459684, 58.49459349554869, 0.0], [8.688810007620802, 58.49427073208396, 0.0], [8.688933241428936, 58.493920797964506, 0.0], [8.689261580286312, 58.493643132263315, 0.0], [8.689658824258263, 58.49334770248579, 0.0], [8.689644526869577, 58.493015386067, 0.0], [8.689561937465331, 58.49266492824698, 0.0], [8.689685002678495, 58.49231489544138, 0.0], [8.689825357196709, 58.491973911734554, 0.0], [8.689965595102048, 58.49162400600625, 0.0], [8.689991196952436, 58.4915601544743, 0.0], [8.69010582998558, 58.491274100065226, 0.0], [8.690175084077175, 58.491211412516954, 0.0]]}, "properties": {"farge": "#fdae61", "elvenavn": null}}, {"type": "Feature", "geometry": {"type": "LineString", "coordinates": [[8.518996300064655, 58.48015770504767, 0.0], [8.519134972974715, 58.480050431622026, 0.0], [8.519169563047171, 58.480032639437745, 0.0], [8.519328520652891, 58.479691925923106, 0.0], [8.519658649704741, 58.47937880958672, 0.0], [8.520005456397627, 58.47909266049421, 0.0], [8.520403899090267, 58.47879786961289, 0.0], [8.520818156738784, 58.47860170241978, 0.0], [8.521335653693342, 58.478379151938434, 0.0], [8.521353530365948, 58.478310339388, 0.0], [8.521425954386377, 58.47802919066989, 0.0], [8.521484251738578, 58.47799197255149, 0.0], [8.521858545607826, 58.47775234116746, 0.0], [8.522273856675353, 58.47746659759252, 0.0], [8.522552353639417, 58.477171124790004, 0.0]]}, "properties": {"farge": "#2c7fb8", "elvenavn": null}}, {"type": "Feature", "geometry": {"type": "LineString", "coordinates": [[8.911713516276377, 58.490396449178114, 0.0], [8.912690426296592, 58.490765232098866, 0.0], [8.913513041475458, 58.491035266840186, 0.0], [8.914250368063685, 58.491179495783264, 0.0], [8.914781612333547, 58.491404318351115, 0.0], [8.915225279660172, 58.49153132431947, 0.0]]}, "properties": {"farge": "#2c7fb8", "elvenavn": null}}, {"type": "Feature", "geometry": {"type": "LineString", "coordinates": [[8.522718554957422, 58.47248343526252, 0.0], [8.522839611627203, 58.47242102468121, 0.0], [8.522943215572294, 58.47236745742023, 0.0], [8.522960612877924, 58.47234960358678, 0.0], [8.523049180820264, 58.472134488293136, 0.0], [8.5230367210749, 58.47178400139008, 0.0], [8.523007100768003, 58.471442642937554, 0.0], [8.522977711464685, 58.47108328097245, 0.0], [8.522979331590694, 58.47096653451422, 0.0]]}, "properties": {"farge": "#2c7fb8", "elvenavn": null}}, {"type": "Feature", "geometry": {"type": "LineString", "coordinates": [[8.801921085437236, 58.49277071609462, 0.0], [8.801734034121008, 58.4924560956078, 0.0], [8.801564469138563, 58.49211458592766, 0.0], [8.80145457762145, 58.49182955105988, 0.0], [8.801429187662784, 58.49176402166883, 0.0], [8.801276868158196, 58.49141353165743, 0.0], [8.801090132747376, 58.491071909002564, 0.0], [8.801026146148992, 58.49090661956631, 0.0], [8.800954843589729, 58.49072143366441, 0.0], [8.80097395270878, 58.490371240220355, 0.0], [8.801061608815857, 58.49003022392795, 0.0], [8.801149399026036, 58.48967093320266, 0.0], [8.80123711132361, 58.489320824188226, 0.0], [8.801153408449107, 58.488970418678704, 0.0], [8.801125376157934, 58.48877202167176, 0.0], [8.801103924264531, 58.4886200512854, 0.0], [8.80105066886553, 58.48839701723104, 0.0], [8.801020223937671, 58.48826964572681, 0.0], [8.801039300926135, 58.48792836612791, 0.0], [8.801075400187035, 58.487587101445854, 0.0], [8.801094289531084, 58.487245902827425, 0.0], [8.801096556854324, 58.486895613280076, 0.0], [8.801070537997878, 58.486606089301425, 0.0], [8.80106431195616, 58.486536265837955, 0.0], [8.800963208125811, 58.48619483206817, 0.0], [8.80091372793641, 58.485844464642376, 0.0], [8.800926273227342, 58.48579491298814, 0.0], [8.801001430495202, 58.485494355571376, 0.0], [8.801020674881267, 58.48515308415699, 0.0], [8.800936750803418, 58.48481176288568, 0.0], [8.800818646526569, 58.484470224861674, 0.0], [8.800631903771311, 58.484137605365504, 0.0], [8.800445208766547, 58.483795982418386, 0.0], [8.80040248508672, 58.4836174948786, 0.0], [8.800381683765353, 58.48352994427947, 0.0], [8.800361554961338, 58.48344539806801, 0.0], [8.800071768789076, 58.483121828402425, 0.0], [8.799999996542505, 58.482987048780465, 0.0], [8.799884942292033, 58.48277128259734, 0.0], [8.799878435675508, 58.48276043070204, 0.0], [8.799681196108564, 58.48243864695205, 0.0], [8.799631776158497, 58.48207927603883, 0.0], [8.799719435018574, 58.48173817105387, 0.0], [8.799822643063028, 58.48168446190816, 0.0], [8.799874347997196, 58.48165752214827, 0.0]]}, "properties": {"farge": "#2c7fb8", "elvenavn": "Songevassdraget"}}, {"type": "Feature", "geometry": {"type": "LineString", "coordinates": [[8.683909534449064, 58.480256712913, 0.0], [8.684288446916064, 58.48006910345064, 0.0], [8.684377137570523, 58.47976384949218, 0.0], [8.68422562586902, 58.479422228441834, 0.0], [8.684057211623331, 58.47908949862754, 0.0], [8.683905892046328, 58.47874779644922, 0.0]]}, "properties": {"farge": "#fdae61", "elvenavn": "Lilleelva"}}, {"type": "Feature", "geometry": {"type": "LineString", "coordinates": [[8.683905892046328, 58.47874779644922, 0.0], [8.683651641189885, 58.47842388291657, 0.0], [8.683466123330607, 58.47808211095845, 0.0], [8.683425605471891, 58.47794051057246, 0.0], [8.68336626324381, 58.47773160325353, 0.0], [8.683197938621783, 58.477389869935806, 0.0], [8.682960964868466, 58.477056991614255, 0.0], [8.682792476603234, 58.476715249456845, 0.0], [8.68284712019554, 58.47636517321506, 0.0], [8.68264443324187, 58.4760233613804, 0.0], [8.68259526194016, 58.475762809681235, 0.0], [8.682578884149311, 58.47568193392065, 0.0]]}, "properties": {"farge": "#2c7fb8", "elvenavn": "Lilleelva"}}, {"type": "Feature", "geometry": {"type": "LineString", "coordinates": [[8.746564130929542, 58.47613859752149, 0.0], [8.74658137624678, 58.476129624976885, 0.0], [8.746615909002044, 58.47610276619169, 0.0], [8.746790153757892, 58.47598466989776, 0.0], [8.747012144977841, 58.47583405695151, 0.0], [8.747511094892062, 58.475601531711746, 0.0], [8.74794140613948, 58.475350877542006, 0.0], [8.748371923335586, 58.47509131644759, 0.0], [8.748545131154833, 58.47501369344166, 0.0], [8.748870796240457, 58.474867788515596, 0.0], [8.749300277816427, 58.47472488903137, 0.0], [8.749334878744225, 58.47471595446737, 0.0], [8.749523787523952, 58.47468043471187, 0.0], [8.749609307635929, 58.47466264305597, 0.0]]}, "properties": {"farge": "#d7191c", "elvenavn": "Barbuvassdraget"}}, {"type": "Feature", "geometry": {"type": "LineString", "coordinates": [[8.524660331900057, 58.462486997393725, 0.0], [8.524653902821514, 58.46247619747257, 0.0]]}, "properties": {"farge": "#2c7fb8", "elvenavn": null}}, {"type": "Feature", "geometry": {"type": "LineString", "coordinates": [[8.634059432971572, 58.47698972731824, 0.0], [8.633836938277323, 58.47694423786579, 0.0], [8.633802822710027, 58.47693515282365, 0.0], [8.633169415274342, 58.47683451506381, 0.0], [8.63251857945178, 58.47676074631488, 0.0], [8.632383362889223, 58.47673365353596, 0.0], [8.63210789933427, 58.47667876652119, 0.0], [8.632060374415474, 58.476319371913135, 0.0], [8.63220109476266, 58.47596962802837, 0.0], [8.632136158127569, 58.47561900299931, 0.0], [8.632482270052249, 58.47532362673925, 0.0], [8.632597186680636, 58.47527026883976, 0.0], [8.63270135295243, 58.475222139481126, 0.0], [8.632981770251979, 58.47509155395304, 0.0], [8.6333957768192, 58.47486818960705, 0.0], [8.633758715084964, 58.474572838180265, 0.0], [8.634122074816975, 58.47426850020747, 0.0], [8.634570408359641, 58.47400937479037, 0.0], [8.634907992005704, 58.47375508913807, 0.0], [8.63495059624921, 58.473723075933115, 0.0], [8.63548452699582, 58.473500005022004, 0.0], [8.636035035825316, 58.47330396718731, 0.0], [8.636603064015913, 58.47310798900912, 0.0], [8.637136634326737, 58.47288489385317, 0.0], [8.637738418635099, 58.47273400406272, 0.0], [8.638322945088799, 58.47257396626714, 0.0], [8.638822298387142, 58.47235078232876, 0.0], [8.639355996953963, 58.47214578845972, 0.0], [8.63966690914521, 58.4719131311847, 0.0], [8.63965225882896, 58.47167066326251, 0.0], [8.639243365933057, 58.4714179377375, 0.0], [8.638804614020327, 58.47126540949045, 0.0], [8.638696766519422, 58.471227796616795, 0.0], [8.638336136744991, 58.47114787669383, 0.0], [8.638081142624403, 58.471091228558635, 0.0], [8.637583098828244, 58.47115280457294, 0.0], [8.636998437350464, 58.471330754900144, 0.0], [8.636860326580136, 58.4713784577842, 0.0], [8.636533872579067, 58.4714910861731, 0.0], [8.635968859351975, 58.4714176432381, 0.0], [8.635456975796847, 58.47119165879709, 0.0], [8.635099883947907, 58.47089430396977, 0.0], [8.634725714564578, 58.4706058244599, 0.0], [8.63437111515094, 58.47041793271342, 0.0], [8.634248461542775, 58.47035300845769, 0.0], [8.63366729591232, 58.47018967357414, 0.0], [8.63303442855088, 58.47004411477245, 0.0], [8.632518817555647, 58.47016838284304, 0.0], [8.6321062904255, 58.47027499934391, 0.0], [8.631438565113879, 58.470201190108185, 0.0], [8.630770584799388, 58.47013637130348, 0.0], [8.630137539507967, 58.47000889237532, 0.0], [8.629830206550034, 58.469891254178506, 0.0], [8.62972838403709, 58.469792147446256, 0.0], [8.629232233894781, 58.469709857397554, 0.0], [8.629354271004196, 58.46950365323804, 0.0], [8.629476290392686, 58.469297538191896, 0.0], [8.629171178890719, 58.468982220871126, 0.0], [8.629037787757122, 58.46864051898581, 0.0], [8.628921554632678, 58.468281028487034, 0.0], [8.628672694243921, 58.46805642026549, 0.0], [8.628581866211247, 58.46797443301479, 0.0], [8.628694706860179, 58.46774975748252, 0.0], [8.628739427433379, 58.467660659119844, 0.0]]}, "properties": {"farge": "#fdae61", "elvenavn": null}}, {"type": "Feature", "geometry": {"type": "LineString", "coordinates": [[8.532370713883118, 58.46347451755283, 0.0], [8.532235436753822, 58.46333931119122, 0.0], [8.531827852666348, 58.46305042992127, 0.0], [8.531299495322061, 58.462832986184445, 0.0], [8.530631042579719, 58.462821563368536, 0.0], [8.529962663912892, 58.46281905824952, 0.0], [8.5292950309337, 58.46275380479061, 0.0], [8.52864509046464, 58.462661610723615, 0.0], [8.528046193235614, 58.462596499902396, 0.0], [8.52777169677449, 58.462595473065804, 0.0], [8.527737510388615, 58.46259536229652, 0.0], [8.52706885287218, 58.46260183528828, 0.0], [8.52638322686969, 58.46261735317727, 0.0], [8.526216877621941, 58.462625496744, 0.0], [8.525697234248655, 58.46265068381525, 0.0], [8.525132675483663, 58.46261747490341, 0.0], [8.525046294534974, 58.462612375796034, 0.0], [8.524660331900057, 58.462486997393725, 0.0]]}, "properties": {"farge": "#2c7fb8", "elvenavn": null}}, {"type": "Feature", "geometry": {"type": "LineString", "coordinates": [[8.72433297512173, 58.47082068028536, 0.0], [8.724282197284431, 58.470730738547644, 0.0], [8.724062053777493, 58.47039796334464, 0.0], [8.723807391745632, 58.47006502333773, 0.0], [8.723329482249925, 58.46981252833884, 0.0], [8.72296181217607, 58.46958859180278, 0.0], [8.722885888884313, 58.46954217398021, 0.0], [8.722833472801614, 58.46933750471215, 0.0], [8.722802659143147, 58.469218642975456, 0.0], [8.722811208088995, 58.469067131783866, 0.0], [8.722822537228259, 58.46886838563174, 0.0], [8.722805684339122, 58.46884153045496, 0.0], [8.722806719289938, 58.468715677487204, 0.0], [8.722807279620255, 58.468634741119274, 0.0]]}, "properties": {"farge": "#2c7fb8", "elvenavn": null}}, {"type": "Feature", "geometry": {"type": "LineString", "coordinates": [[8.684148673579267, 58.47079984373636, 0.0], [8.684132184246849, 58.470754897859955, 0.0], [8.68406466452705, 58.4706200686103, 0.0], [8.684153495074897, 58.470269971112245, 0.0], [8.684225140045381, 58.4699198347693, 0.0], [8.68409109367721, 58.469569258675506, 0.0], [8.683922795747685, 58.46922752672895, 0.0], [8.683960228370147, 58.468877410650094, 0.0], [8.684066237270567, 58.46852735187865, 0.0], [8.684206422817997, 58.46817745128624, 0.0], [8.684073934598318, 58.46797672679595, 0.0], [8.683986694340906, 58.467844525101626, 0.0], [8.683732248233351, 58.46751159346114, 0.0], [8.683512682353259, 58.46717876429827, 0.0], [8.683378593746477, 58.46683710109668, 0.0], [8.683397718368111, 58.46661252860165, 0.0]]}, "properties": {"farge": "#2c7fb8", "elvenavn": "Lilleelva"}}, {"type": "Feature", "geometry": {"type": "LineString", "coordinates": [[8.536064351382736, 58.4589163258461, 0.0], [8.536269720380142, 58.45893509533239, 0.0], [8.53660838264245, 58.45924164283873, 0.0], [8.536642306375079, 58.45927767790861, 0.0], [8.53667619729206, 58.459313891456546, 0.0]]}, "properties": {"farge": "#fdae61", "elvenavn": null}}, {"type": "Feature", "geometry": {"type": "LineString", "coordinates": [[8.62813923170423, 58.46119225495349, 0.0], [8.628189153619847, 58.461327144023535, 0.0], [8.628188921587114, 58.461353972554996, 0.0], [8.628322451843728, 58.461695683303766, 0.0], [8.62840461738107, 58.46203726394302, 0.0], [8.628537811232688, 58.46237895754993, 0.0], [8.628740748410692, 58.46266693624248, 0.0], [8.629201026231332, 58.46290172795409, 0.0], [8.629162938639078, 58.46326099890451, 0.0], [8.628970867776687, 58.463592686331886, 0.0], [8.62907013494436, 58.463943315169175, 0.0], [8.629289418419335, 58.46426723398789, 0.0], [8.629422853497665, 58.46437863591397, 0.0], [8.629646209780399, 58.46456468375966, 0.0], [8.629764368818833, 58.464753592103364, 0.0], [8.629572190375631, 58.46509437197231, 0.0], [8.629503044527887, 58.465139110295596, 0.0]]}, "properties": {"farge": "#d7191c", "elvenavn": null}}, {"type": "Feature", "geometry": {"type": "LineString", "coordinates": [[8.683980964680606, 58.46274307258191, 0.0], [8.68439461547522, 58.462483604589615, 0.0], [8.684925616953057, 58.462529845363996, 0.0], [8.685524296598166, 58.46266606918677, 0.0], [8.686123201024115, 58.46277528230972, 0.0], [8.686721832700371, 58.46292041408001, 0.0], [8.687269261786202, 58.46302059353453, 0.0], [8.687311754164822, 58.462986938073044, 0.0], [8.68759733257931, 58.462760940250284, 0.0], [8.687614658574173, 58.46274297313917, 0.0], [8.687683889682857, 58.46265335872158, 0.0]]}, "properties": {"farge": "#2c7fb8", "elvenavn": "Lilleelva"}}, {"type": "Feature", "geometry": {"type": "LineString", "coordinates": [[8.687111429765007, 58.4537782113845, 0.0], [8.686991816107113, 58.45374203927261, 0.0], [8.686702198434851, 58.45358875971063, 0.0], [8.686682904175004, 58.45357852971, 0.0], [8.686565548155027, 58.453516440594875, 0.0], [8.68636143086619, 58.45334541038439, 0.0]]}, "properties": {"farge": "#2c7fb8", "elvenavn": "Lilleelva"}}, {"type": "Feature", "geometry": {"type": "LineString", "coordinates": [[8.547385532743993, 58.446122199429695, 0.0], [8.547386538568222, 58.44605037125005, 0.0], [8.547271238024072, 58.445690644861514, 0.0], [8.547052763281378, 58.44535759108653, 0.0], [8.547023445205639, 58.445295579925926, 0.0], [8.546886036092399, 58.445006614863104, 0.0], [8.546649266853823, 58.444754422873416, 0.0], [8.54627604418459, 58.44445669266789, 0.0], [8.546216849947994, 58.44420023282877, 0.0], [8.546195159594822, 58.444106090170195, 0.0], [8.546165427539684, 58.443755730850924, 0.0], [8.546306938260582, 58.443414926642156, 0.0], [8.546345524354816, 58.44306486746977, 0.0], [8.54628154757627, 58.44272322612051, 0.0], [8.546097374780322, 58.442381274716965, 0.0], [8.546063501294508, 58.442354341996825, 0.0], [8.545965089269613, 58.44197015642764, 0.0], [8.5458782195214, 58.44163159112399, 0.0], [8.545851544139985, 58.44152719815984, 0.0], [8.546144551990512, 58.44138455802611, 0.0], [8.546200490694853, 58.44103447523092, 0.0], [8.5462009256944, 58.44099846761069, 0.0]]}, "properties": {"farge": "#fdae61", "elvenavn": null}}, {"type": "Feature", "geometry": {"type": "LineString", "coordinates": [[8.541862873287306, 58.440013060666566, 0.0], [8.542016710617554, 58.44004056736309, 0.0], [8.542408693544004, 58.44011632742621, 0.0], [8.542507724562434, 58.440135477230655, 0.0], [8.542631799029591, 58.4401594963764, 0.0], [8.543282053601038, 58.44020678994823, 0.0], [8.543509626134073, 58.44023595145534, 0.0], [8.543931905705417, 58.44028990932556, 0.0], [8.544170967150587, 58.440314516262724, 0.0], [8.544312248613512, 58.44032904513088, 0.0], [8.544564795336198, 58.44035505367328, 0.0], [8.54494058717683, 58.440400262668305, 0.0], [8.545180427236962, 58.44042905043295, 0.0], [8.545231821342638, 58.440438223783794, 0.0]]}, "properties": {"farge": "#fdae61", "elvenavn": null}}, {"type": "Feature", "geometry": {"type": "LineString", "coordinates": [[8.580727407738067, 58.44869649987864, 0.0], [8.580763173929789, 58.44857985385398, 0.0], [8.580763303828235, 58.44855283901066, 0.0], [8.58073312564433, 58.448211483413466, 0.0], [8.58072020326, 58.44786126741825, 0.0], [8.580724144587027, 58.44751090824941, 0.0], [8.580625738370044, 58.44716026861286, 0.0], [8.580492634686772, 58.44680959613234, 0.0], [8.580376961152037, 58.44646790599711, 0.0], [8.580312886015115, 58.446117460421185, 0.0], [8.580231146847693, 58.4457668474128, 0.0], [8.580252345696264, 58.445407627949145, 0.0], [8.580290954561352, 58.445057480157374, 0.0], [8.580534139559168, 58.444779855122604, 0.0], [8.580897437782008, 58.444475751455116, 0.0], [8.581175536386688, 58.44414430645285, 0.0], [8.581367951103218, 58.44381260770333, 0.0], [8.581508953012055, 58.443471749590174, 0.0], [8.581769784565205, 58.443149163570496, 0.0], [8.582046132431884, 58.442961562930364, 0.0], [8.582613673561555, 58.44277481425839, 0.0], [8.583232094220376, 58.442615119129535, 0.0], [8.58378649683422, 58.442438153666224, 0.0], [8.583816792771973, 58.44242841694789, 0.0], [8.58397087862773, 58.44238463732312, 0.0]]}, "properties": {"farge": "#fdae61", "elvenavn": null}}, {"type": "Feature", "geometry": {"type": "LineString", "coordinates": [[8.58397087862773, 58.44238463732312, 0.0], [8.584160518048833, 58.44233075564175, 0.0], [8.584805535019619, 58.44209781084593, 0.0], [8.58507223599397, 58.442001411948475, 0.0], [8.585241110016314, 58.44194306233839, 0.0], [8.585639844760525, 58.44180564710888, 0.0], [8.58596583147518, 58.44176176326755, 0.0], [8.586511583958613, 58.44196111829929, 0.0]]}, "properties": {"farge": "#2c7fb8", "elvenavn": null}}, {"type": "Feature", "geometry": {"type": "LineString", "coordinates": [[8.548037780124332, 58.43666695298984, 0.0], [8.548170772168541, 58.436981725594215, 0.0], [8.548187413821994, 58.437026702661576, 0.0], [8.548234422973033, 58.43736820596312, 0.0], [8.54816134640851, 58.43771823348797, 0.0], [8.54808847113995, 58.43806809104542, 0.0], [8.548272640723171, 58.4383922949039, 0.0], [8.548542743206712, 58.43869850184169, 0.0], [8.548881593643845, 58.438996111453825, 0.0], [8.548985188455584, 58.439077367466105, 0.0], [8.549120893092436, 58.439183934961726, 0.0], [8.549237662572379, 58.4392757644254, 0.0], [8.549322203231343, 58.43935695826036, 0.0], [8.549339171022607, 58.43937492944907, 0.0]]}, "properties": {"farge": "#fdae61", "elvenavn": null}}, {"type": "Feature", "geometry": {"type": "LineString", "coordinates": [[8.73967383787999, 58.45724578132096, 0.0], [8.739436385474216, 58.45692200294786, 0.0], [8.739233181741383, 58.4565892753916, 0.0], [8.739047159107406, 58.456256578833184, 0.0], [8.738861139806069, 58.45592388206149, 0.0], [8.738657962657062, 58.45559106449688, 0.0], [8.738471978094834, 58.45524954289428, 0.0], [8.73823462493674, 58.45491667048175, 0.0], [8.73821234697132, 58.45487685333553, 0.0], [8.73804860373412, 58.454584062047815, 0.0], [8.737811088387353, 58.454251180641684, 0.0], [8.737505092929512, 58.45393619568482, 0.0], [8.737198976623567, 58.453612288084805, 0.0], [8.736927233673072, 58.45328835360444, 0.0], [8.736621193898436, 58.45298236974141, 0.0], [8.736400861791521, 58.4526496069535, 0.0], [8.736266130721866, 58.452307982226635, 0.0], [8.736209997712686, 58.452194097362884, 0.0], [8.736097546466379, 58.451966408505406, 0.0], [8.735928920866414, 58.4516337482643, 0.0], [8.735760018019368, 58.451292068222244, 0.0], [8.73574533497501, 58.4509507455494, 0.0], [8.73614163026753, 58.45066415766156, 0.0], [8.736452397217812, 58.45035041024625, 0.0], [8.736814501324965, 58.450063765279, 0.0], [8.737159188636348, 58.449759154430794, 0.0], [8.737488231769612, 58.44951042285181, 0.0], [8.737538284491439, 58.44947253028424, 0.0], [8.737866185973555, 58.44915889965972, 0.0], [8.738022039586147, 58.4489256326141, 0.0], [8.738159690060467, 58.448854119129315, 0.0], [8.738194157111142, 58.44883617586176, 0.0], [8.738486535089537, 58.448684079033214, 0.0], [8.738827068305172, 58.448576939619564, 0.0], [8.739053138572043, 58.448505706376814, 0.0], [8.739603045790371, 58.44828220431774, 0.0], [8.740050518875377, 58.4480406219265, 0.0], [8.740463475911026, 58.44777195032677, 0.0], [8.740756988591045, 58.44745824950604, 0.0], [8.741050511804314, 58.447144458630646, 0.0], [8.74125844707728, 58.44683953227797, 0.0], [8.74120809543438, 58.44667775186301, 0.0], [8.741467105386354, 58.44644476282459, 0.0], [8.741692502007554, 58.446335758015046, 0.0], [8.741912433578417, 58.44622945703649, 0.0]]}, "properties": {"farge": "#2c7fb8", "elvenavn": "Biebekken"}}, {"type": "Feature", "geometry": {"type": "LineString", "coordinates": [[8.633598014176629, 58.44223905783522, 0.0], [8.633563847928626, 58.44222096246066, 0.0], [8.63346165750064, 58.44216687177928, 0.0], [8.633372956353622, 58.44211228259971, 0.0], [8.633080893143186, 58.44193253951709, 0.0], [8.633036226930004, 58.44190509394864, 0.0], [8.632902882769029, 58.441841883974874, 0.0], [8.632794266769498, 58.441790084284925, 0.0], [8.632541849666534, 58.441670229525435, 0.0], [8.632236763078174, 58.4413549144524, 0.0], [8.632017580797138, 58.44103100239288, 0.0], [8.63161656400801, 58.44079385387418, 0.0], [8.631574989520171, 58.44076926390155, 0.0], [8.631028990251654, 58.44055208366272, 0.0], [8.630568970281056, 58.44029937945173, 0.0], [8.630143983105347, 58.44001077267563, 0.0], [8.629649339188834, 58.43979371562461, 0.0], [8.62899995472009, 58.439675036099935, 0.0], [8.628833052287767, 58.439568716226894, 0.0], [8.628574658727162, 58.43940433145371, 0.0], [8.628218013816733, 58.4391159747833, 0.0], [8.62765336082998, 58.439060509688595, 0.0], [8.627038328216674, 58.43890597553322, 0.0], [8.62676367390605, 58.438959008752185, 0.0]]}, "properties": {"farge": "#2c7fb8", "elvenavn": null}}, {"type": "Feature", "geometry": {"type": "LineString", "coordinates": [[8.53137560539516, 58.428757234562724, 0.0], [8.531853504437104, 58.428875757074046, 0.0], [8.531904820028853, 58.42887592495474, 0.0], [8.532319774582373, 58.42891009886241, 0.0], [8.532588906895217, 58.42893229037579, 0.0], [8.533240528687813, 58.428862794106244, 0.0], [8.533309271734483, 58.42885411609466, 0.0]]}, "properties": {"farge": "#2c7fb8", "elvenavn": "elv fra Røynevatnet"}}, {"type": "Feature", "geometry": {"type": "LineString", "coordinates": [[8.547410057812094, 58.43088059171023, 0.0], [8.547392941069168, 58.4308625225075, 0.0], [8.547325678903203, 58.43077247193145, 0.0], [8.547309102673049, 58.43073650532941, 0.0], [8.547262198847712, 58.43038608922081, 0.0], [8.547488260088318, 58.4301174749914, 0.0], [8.547851618611634, 58.429822201740635, 0.0], [8.54793961887882, 58.42963389107369, 0.0], [8.547878232414332, 58.4295399042375, 0.0], [8.547704713073339, 58.42927388386509, 0.0], [8.547670742630238, 58.429228841481354, 0.0]]}, "properties": {"farge": "#2c7fb8", "elvenavn": null}}, {"type": "Feature", "geometry": {"type": "LineString", "coordinates": [[8.70123247420449, 58.43559247959484, 0.0], [8.701299378358382, 58.43559767069902, 0.0], [8.701932733151093, 58.43563503111212, 0.0], [8.7024653387172, 58.435429748027246, 0.0], [8.70304897716101, 58.43524246979813, 0.0], [8.703394493968736, 58.43493789673958, 0.0], [8.703772647143314, 58.434750120470206, 0.0], [8.704001587919953, 58.434710703062635, 0.0], [8.704338622037554, 58.434652657784014, 0.0], [8.704832875733954, 58.434932346272674, 0.0]]}, "properties": {"farge": "#2c7fb8", "elvenavn": "Lilleelva"}}, {"type": "Feature", "geometry": {"type": "LineString", "coordinates": [[8.544483450047432, 58.42411616182523, 0.0], [8.544490110071917, 58.424175226928455, 0.0], [8.544498702563965, 58.42425087331339, 0.0], [8.544511424986078, 58.424601184298275, 0.0], [8.544352825120667, 58.424941930870915, 0.0], [8.544331443077741, 58.42527412377437, 0.0], [8.544395659739033, 58.425606772187976, 0.0], [8.54451111304524, 58.42594840673807, 0.0], [8.544763808054743, 58.426263653496264, 0.0], [8.545309467633958, 58.426445180469486, 0.0], [8.545396161530643, 58.42648361176733, 0.0], [8.545820114526833, 58.42667150304986, 0.0], [8.546348082876275, 58.42689797842972, 0.0], [8.546784379664476, 58.42702433919101, 0.0], [8.54694518244882, 58.42707065884436, 0.0], [8.54696204884402, 58.42707979819959, 0.0]]}, "properties": {"farge": "#2c7fb8", "elvenavn": null}}, {"type": "Feature", "geometry": {"type": "LineString", "coordinates": [[8.578854053983996, 58.429119532684226, 0.0], [8.578888660625315, 58.42907488644711, 0.0], [8.578906039714148, 58.429056845524556, 0.0], [8.579236322714156, 58.42881882460974, 0.0], [8.57930332090791, 58.42877076329521, 0.0], [8.579529929580179, 58.42843007077218, 0.0], [8.579773463305386, 58.42810761285896, 0.0], [8.580357549945028, 58.42795684132599, 0.0], [8.580599912658238, 58.427760062667296, 0.0], [8.580637760624274, 58.427427981775956, 0.0], [8.580804182793349, 58.42722765469093, 0.0], [8.580846222104284, 58.42717707679588, 0.0], [8.58110847070617, 58.427083798246, 0.0], [8.581396446601453, 58.42698127433815, 0.0], [8.581864210612494, 58.42677249729536, 0.0], [8.58189563255922, 58.426758404572745, 0.0], [8.582360858130865, 58.42651743299276, 0.0], [8.582672743461556, 58.42620408119507, 0.0], [8.582947725040087, 58.42613314638862, 0.0], [8.583305861868562, 58.42623302181949, 0.0], [8.583661792256793, 58.42653958814261, 0.0], [8.58379467837457, 58.426890337596504, 0.0], [8.58401935663152, 58.426982963025566, 0.0], [8.58410140100515, 58.42701698966954, 0.0], [8.584359433156731, 58.426910072278716, 0.0], [8.584420976852012, 58.42685326784679, 0.0], [8.58468836749689, 58.42660576919256, 0.0], [8.584966261752742, 58.42627440152104, 0.0], [8.585035042899609, 58.42626822004448, 0.0], [8.585170887377794, 58.42625586073886, 0.0], [8.585634641159293, 58.42621368042505, 0.0], [8.586218672467819, 58.42606288101869, 0.0], [8.586768736413697, 58.42587614591724, 0.0], [8.58738667385261, 58.42573425038107, 0.0], [8.587832931952404, 58.42565992906672, 0.0], [8.588021514042294, 58.42562859867398, 0.0], [8.5886731788155, 58.42554081217348, 0.0], [8.588847315117171, 58.425280966825184, 0.0], [8.589244489041816, 58.42499476205197, 0.0], [8.589485889897011, 58.42485178254159, 0.0], [8.590036185390908, 58.424656039060764, 0.0], [8.590430114278497, 58.42463033186326, 0.0], [8.59072077365666, 58.424667171860364, 0.0], [8.590738305905308, 58.424631303344825, 0.0], [8.590773225136292, 58.42457730287613, 0.0]]}, "properties": {"farge": "#2c7fb8", "elvenavn": null}}, {"type": "Feature", "geometry": {"type": "LineString", "coordinates": [[8.647969205571018, 58.42171163224191, 0.0], [8.648382446712608, 58.42147028105708, 0.0], [8.648519563408007, 58.42130624808599, 0.0], [8.648642659730005, 58.42115899024523, 0.0], [8.64865972225588, 58.42113867366018, 0.0], [8.648673901125553, 58.42110866664918, 0.0], [8.648817097842414, 58.42079794872612, 0.0], [8.649162688065918, 58.420502432930164, 0.0], [8.649267506087904, 58.42026915334496, 0.0], [8.649185508908143, 58.41990976532099, 0.0], [8.648965347057098, 58.41967563011515, 0.0], [8.648402417515962, 58.41947640906125, 0.0], [8.648386567255601, 58.41946057948661, 0.0], [8.648232839382718, 58.41930531321019, 0.0], [8.648198939153085, 58.4192782279787, 0.0]]}, "properties": {"farge": "#d7191c", "elvenavn": null}}, {"type": "Feature", "geometry": {"type": "LineString", "coordinates": [[8.640421183080427, 58.42155597997206, 0.0], [8.640627295709717, 58.421475730479976, 0.0], [8.64104108915326, 58.42119840262739, 0.0], [8.641322552649395, 58.42094933830528, 0.0], [8.64133459369729, 58.42093876982232, 0.0], [8.64174746625696, 58.42074236374116, 0.0], [8.642297433553153, 58.42052828589734, 0.0], [8.642931861884508, 58.42042234804032, 0.0], [8.643497603078398, 58.42034306923452, 0.0], [8.643636940507488, 58.42036901085993, 0.0], [8.643890587341183, 58.42041595483542, 0.0], [8.644488222517712, 58.4205703597879, 0.0], [8.645069688185336, 58.4206347915591, 0.0], [8.6454823873305, 58.42045628862272, 0.0], [8.645912938013012, 58.42019707326964, 0.0], [8.646462794585236, 58.42000999274506, 0.0], [8.64653067438368, 58.419984910149736, 0.0], [8.646995228929796, 58.41981384704268, 0.0], [8.647116259967996, 58.41968846393165, 0.0], [8.647700100829976, 58.41951937158066, 0.0], [8.648181698492257, 58.419287187335634, 0.0], [8.648198939153085, 58.4192782279787, 0.0]]}, "properties": {"farge": "#d7191c", "elvenavn": null}}, {"type": "Feature", "geometry": {"type": "LineString", "coordinates": [[8.576481831897143, 58.41704050882198, 0.0], [8.576533416813017, 58.417013741436925, 0.0], [8.57684115337238, 58.41687034124261, 0.0], [8.577049843700895, 58.41677293693111, 0.0], [8.577549277261786, 58.416532086173525, 0.0], [8.577980463044604, 58.416255104097324, 0.0], [8.57841165829444, 58.41597803118252, 0.0], [8.57873961439841, 58.41575863320511, 0.0], [8.57882584449676, 58.41570100208053, 0.0], [8.579308024427696, 58.415451080846374, 0.0], [8.579471295345355, 58.415322205253986, 0.0], [8.579670813401625, 58.41516497886321, 0.0], [8.579890174587137, 58.41497992751051, 0.0], [8.579999404621772, 58.414887514165024, 0.0], [8.58003399818425, 58.41486070156437, 0.0]]}, "properties": {"farge": "#2c7fb8", "elvenavn": null}}, {"type": "Feature", "geometry": {"type": "LineString", "coordinates": [[8.651570341522367, 58.417625973758206, 0.0], [8.651536521502022, 58.41758988688948, 0.0], [8.651317390024216, 58.41725691515354, 0.0], [8.651012296813441, 58.41694182377433, 0.0], [8.650912999369735, 58.41660022034688, 0.0], [8.650710067481896, 58.41635721776958, 0.0], [8.650917714135238, 58.41611518190433, 0.0], [8.650594961855296, 58.41588081018502, 0.0], [8.650152214604136, 58.41563704621429, 0.0], [8.650119401385771, 58.41550229708848, 0.0], [8.650019553548704, 58.415205607926566, 0.0], [8.650000138764266, 58.4152076143185, 0.0], [8.649831211331465, 58.415222988355694, 0.0], [8.64931922001054, 58.41506899437584, 0.0], [8.649354466257327, 58.414961318128434, 0.0], [8.649235432386352, 58.41488010132172, 0.0], [8.64942512814979, 58.414745974053154, 0.0], [8.650000019376165, 58.414584084420916, 0.0], [8.650025877181669, 58.41457681447997, 0.0], [8.650199261259512, 58.414343883459395, 0.0], [8.64999998833524, 58.414224180854994, 0.0], [8.64963630979749, 58.41415376099262, 0.0], [8.649637117586956, 58.41408183876487, 0.0], [8.649535618277065, 58.41395583121735, 0.0], [8.649108233151502, 58.41390079389355, 0.0], [8.64914281522976, 58.4140656233016, 0.0], [8.649157329242223, 58.414134435023804, 0.0], [8.648713498287963, 58.4140165229631, 0.0], [8.648834999778781, 58.413855136198244, 0.0], [8.649025241869094, 58.413640067820936, 0.0], [8.648942717093064, 58.41334351873939, 0.0], [8.648820514525319, 58.41319153221429, 0.0], [8.648754322144395, 58.413109521380974, 0.0], [8.64868915949263, 58.41302846239633, 0.0], [8.648672479651408, 58.412974493717805, 0.0]]}, "properties": {"farge": "#d7191c", "elvenavn": "Kleppebekken"}}, {"type": "Feature", "geometry": {"type": "LineString", "coordinates": [[8.727150566240832, 58.41630026248993, 0.0], [8.727154172805449, 58.41646182625416, 0.0], [8.727134232128325, 58.41681207840872, 0.0], [8.727102815832184, 58.4168736664943, 0.0], [8.726960455170762, 58.417152970771895, 0.0], [8.726906032964237, 58.41725017270772, 0.0], [8.726769532189708, 58.417493740995674, 0.0], [8.726749348573529, 58.4175221987086, 0.0], [8.726709231060411, 58.41757867610077, 0.0], [8.726527252010097, 58.41783468927756, 0.0], [8.726509752579036, 58.41788849552437, 0.0], [8.726470317621537, 58.41790267843044, 0.0], [8.726089822180914, 58.418039964224285, 0.0], [8.725445503010786, 58.41827244499485, 0.0], [8.72520770137425, 58.418353609302734, 0.0], [8.72505104148917, 58.418407150307445, 0.0], [8.724896242066277, 58.41845988197925, 0.0], [8.724431960165324, 58.41871930875712, 0.0], [8.724220870684267, 58.418871940883356, 0.0], [8.724185178513803, 58.41889783476285, 0.0], [8.724035965170554, 58.419005776507404, 0.0], [8.724078717112338, 58.41905569973227, 0.0], [8.724131004493326, 58.41911662864376, 0.0], [8.724205713234877, 58.41920387636353, 0.0], [8.724288873334055, 58.41921687995743, 0.0], [8.724496255422528, 58.4192494082574, 0.0], [8.724954040507722, 58.41932828599234, 0.0], [8.724988359840845, 58.41933411548191, 0.0], [8.725128710905844, 58.41935848500614, 0.0], [8.725761278310056, 58.41947656995183, 0.0], [8.726023327936533, 58.41954807614864, 0.0], [8.72635922034887, 58.419639601069505, 0.0], [8.72693985426854, 58.4198294270815, 0.0], [8.727167569437249, 58.419904827514436, 0.0], [8.727250719403319, 58.419932328165984, 0.0], [8.727486237233279, 58.420010182699855, 0.0], [8.72750621991189, 58.42003286873605, 0.0], [8.727845444914967, 58.42041643577994, 0.0]]}, "properties": {"farge": "#2c7fb8", "elvenavn": null}}, {"type": "Feature", "geometry": {"type": "LineString", "coordinates": [[8.627790846700663, 58.41679487584405, 0.0], [8.62778623185327, 58.41672376247227, 0.0], [8.627700303975486, 58.41656906057565, 0.0], [8.627601476398173, 58.41639083753392, 0.0], [8.627519636669032, 58.41604035294592, 0.0], [8.627498492459097, 58.41581142694888, 0.0], [8.627488939052238, 58.41570791295369, 0.0], [8.627680660402403, 58.41538513529408, 0.0], [8.627564334400692, 58.41505256380171, 0.0], [8.627500369897511, 58.41498028890373, 0.0], [8.627367775141021, 58.41483118282337, 0.0], [8.627277415013298, 58.41472462536318, 0.0], [8.627348892788621, 58.414387198705626, 0.0], [8.627471082821438, 58.41422163043809, 0.0], [8.627487707817858, 58.414199042891745, 0.0], [8.627530036026723, 58.41414450366069, 0.0], [8.62762662023076, 58.41401980850408, 0.0], [8.627608381878167, 58.413949996478735, 0.0], [8.627583537327094, 58.41385508612725, 0.0], [8.627577263363417, 58.41383099513215, 0.0], [8.627484003562685, 58.4137584285347, 0.0], [8.627448642399273, 58.413730993981204, 0.0], [8.627377798685917, 58.41367584857734, 0.0], [8.62732262253298, 58.41363274374985, 0.0], [8.627322867925232, 58.41360204302447, 0.0], [8.62732313090444, 58.413578818769714, 0.0], [8.627318255667156, 58.41354299973125, 0.0]]}, "properties": {"farge": "#fdae61", "elvenavn": null}}, {"type": "Feature", "geometry": {"type": "LineString", "coordinates": [[8.627318255667156, 58.41354299973125, 0.0], [8.627275439094065, 58.41322841738967, 0.0], [8.62710810114687, 58.41288663335489, 0.0], [8.626940338552334, 58.4125538345413, 0.0], [8.626755697954643, 58.412211906483066, 0.0], [8.626364931984417, 58.411932460077935, 0.0], [8.625991359035828, 58.41165288010916, 0.0], [8.625531937250663, 58.41141800825124, 0.0], [8.62502087251273, 58.411183077135185, 0.0], [8.625018088455292, 58.41113502214519, 0.0], [8.625006424396336, 58.41093151737583, 0.0], [8.624735120570785, 58.41068811423671, 0.0], [8.624241049248578, 58.41047123119945, 0.0], [8.62406435548231, 58.410434844192665, 0.0], [8.624019169703487, 58.41042565179704, 0.0], [8.623696480804764, 58.410191207877666, 0.0], [8.623662438136664, 58.41016410814192, 0.0], [8.623618758017809, 58.41014094025224, 0.0], [8.623560385646208, 58.41010983294364, 0.0], [8.623458301089242, 58.41005573618724, 0.0]]}, "properties": {"farge": "#2c7fb8", "elvenavn": null}}, {"type": "Feature", "geometry": {"type": "LineString", "coordinates": [[8.648672479651408, 58.412974493717805, 0.0], [8.648656659145447, 58.41283977888439, 0.0], [8.649178615553971, 58.41265913819242, 0.0], [8.649223451212595, 58.412643716028505, 0.0], [8.649549341826804, 58.412572655952864, 0.0], [8.64982414843931, 58.412474645995225, 0.0], [8.649894801450115, 58.41225930148093, 0.0], [8.64999997049269, 58.41217590883585, 0.0], [8.650188104560915, 58.412026572285896, 0.0], [8.650822307572934, 58.411929415870716, 0.0], [8.651049974151134, 58.41183104018942, 0.0], [8.651337990351994, 58.41170639447484, 0.0], [8.651715852210424, 58.41157270676355, 0.0], [8.652125102911546, 58.41169951702053, 0.0], [8.652347451263601, 58.41173606282928, 0.0], [8.65248597721311, 58.411565792903936, 0.0], [8.652709020920396, 58.41152149399308, 0.0], [8.65269303953667, 58.41140469513311, 0.0], [8.652813811063995, 58.411308026113616, 0.0], [8.652814634290946, 58.41120746406749, 0.0], [8.65279222744581, 58.41117662831155, 0.0], [8.652578274807677, 58.41088354422439, 0.0], [8.652614558230203, 58.4106949503566, 0.0], [8.652923812480964, 58.41062368559252, 0.0], [8.65303410116452, 58.410598367330444, 0.0], [8.65323194827269, 58.410552904895276, 0.0], [8.653522074922114, 58.410625602708606, 0.0], [8.65398170547548, 58.41087830140846, 0.0], [8.654167812318496, 58.4109805912513, 0.0], [8.654441342621078, 58.41113099857334, 0.0], [8.65458266015113, 58.411163872487926, 0.0], [8.654714572516975, 58.41119465752871, 0.0], [8.65481918697791, 58.410997301343144, 0.0], [8.65486794631985, 58.41078230782883, 0.0], [8.654878576789915, 58.41073672289812, 0.0], [8.654890487174606, 58.41068309572622, 0.0], [8.655200192421798, 58.41053132975853, 0.0], [8.655781964586913, 58.41054187344762, 0.0], [8.656414976491034, 58.410579458666305, 0.0], [8.656494616973951, 58.41052424385312, 0.0], [8.656673111145468, 58.41040053864275, 0.0], [8.656657920026259, 58.41022983099974, 0.0], [8.65644275417487, 58.410147806410954, 0.0], [8.656112293978202, 58.41002186370449, 0.0], [8.655964949555036, 58.4099044809924, 0.0], [8.65580665546746, 58.40977835792378, 0.0]]}, "properties": {"farge": "#d7191c", "elvenavn": "Kleppebekken"}}, {"type": "Feature", "geometry": {"type": "LineString", "coordinates": [[8.74127265733657, 58.45890166647271, 0.0], [8.74120456981906, 58.458829616551306, 0.0], [8.74086414910462, 58.458514576463415, 0.0], [8.74057514258222, 58.45819070677526, 0.0], [8.740269030565354, 58.45788473037901, 0.0], [8.739962642485303, 58.45756973370374, 0.0], [8.73967383787999, 58.45724578132096, 0.0]]}, "properties": {"farge": "#2c7fb8", "elvenavn": null}}, {"type": "Feature", "geometry": {"type": "LineString", "coordinates": [[8.762973957111997, 58.469079758872226, 0.0], [8.763799965183487, 58.46865545901493, 0.0], [8.764380976704603, 58.46816102255879, 0.0], [8.765425485825634, 58.46781201671866, 0.0], [8.76614766258941, 58.46749809745798, 0.0], [8.767052061844439, 58.46669427669916, 0.0], [8.767616191260862, 58.46619806609467, 0.0], [8.76885574455122, 58.46578466877276, 0.0], [8.769980051489082, 58.465216006091836, 0.0], [8.771681527810756, 58.46407692764695, 0.0], [8.772518777018181, 58.46338202773654, 0.0], [8.774296900093951, 58.462346410890255, 0.0], [8.775105737215949, 58.46179253942493, 0.0]]}, "properties": {"farge": "#2c7fb8", "elvenavn": "Barbuvassdraget"}}, {"type": "Feature", "geometry": {"type": "LineString", "coordinates": [[8.656624504705322, 58.42771682305159, 0.0], [8.657365255090808, 58.42757853378021, 0.0], [8.657592333947115, 58.42727875623713, 0.0], [8.657543079943773, 58.427004134948014, 0.0], [8.657889257943975, 58.426865801888034, 0.0], [8.65841905189886, 58.42631142731928, 0.0]]}, "properties": {"farge": "#d7191c", "elvenavn": null}}, {"type": "Feature", "geometry": {"type": "LineString", "coordinates": [[8.58110591084981, 58.44911468663672, 0.0], [8.581125101802069, 58.44907837246287, 0.0], [8.581033167709771, 58.44887200868422, 0.0], [8.58089274789751, 58.448770658387986, 0.0], [8.580727407738067, 58.44869649987864, 0.0]]}, "properties": {"farge": "#fdae61", "elvenavn": null}}, {"type": "Feature", "geometry": {"type": "LineString", "coordinates": [[8.519358165564817, 58.46872555595504, 0.0], [8.519949954936118, 58.46842805038083, 0.0], [8.52047920829841, 58.468434559293776, 0.0], [8.520606989454283, 58.46816311640151, 0.0], [8.521079603695279, 58.46791594221048, 0.0], [8.5212100657687, 58.46772654653785, 0.0]]}, "properties": {"farge": "#2c7fb8", "elvenavn": null}}, {"type": "Feature", "geometry": {"type": "LineString", "coordinates": [[8.522552353639417, 58.477171124790004, 0.0], [8.523159200204274, 58.47613451453662, 0.0], [8.523451126306135, 58.475360218653414, 0.0]]}, "properties": {"farge": "#2c7fb8", "elvenavn": null}}, {"type": "Feature", "geometry": {"type": "LineString", "coordinates": [[8.818416770735475, 58.480742052723464, 0.0], [8.819624839641778, 58.479660430600035, 0.0], [8.819918359062237, 58.4789836392243, 0.0], [8.819938498056148, 58.47852488520086, 0.0]]}, "properties": {"farge": "#d7191c", "elvenavn": null}}, {"type": "Feature", "geometry": {"type": "LineString", "coordinates": [[8.819938498056148, 58.47852488520086, 0.0], [8.819945703868694, 58.47836073820005, 0.0]]}, "properties": {"farge": "#fdae61", "elvenavn": null}}, {"type": "Feature", "geometry": {"type": "LineString", "coordinates": [[8.613009144328748, 58.43277492810548, 0.0], [8.612942463229212, 58.43283000393151, 0.0]]}, "properties": {"farge": "#2c7fb8", "elvenavn": null}}, {"type": "Feature", "geometry": {"type": "LineString", "coordinates": [[8.601847214432206, 58.42790862209239, 0.0], [8.60178853715425, 58.42774995594946, 0.0], [8.601798178644833, 58.42766972786629, 0.0], [8.601940236089877, 58.42763063399613, 0.0], [8.602118192590966, 58.42760486242031, 0.0], [8.602599793859039, 58.42751267688076, 0.0]]}, "properties": {"farge": "#2c7fb8", "elvenavn": null}}, {"type": "Feature", "geometry": {"type": "LineString", "coordinates": [[8.593707871817685, 58.425449212922146, 0.0], [8.593863166808733, 58.425253923526796, 0.0]]}, "properties": {"farge": "#2c7fb8", "elvenavn": null}}, {"type": "Feature", "geometry": {"type": "LineString", "coordinates": [[8.677225943846507, 58.4150451216606, 0.0], [8.67709536148043, 58.41452318857742, 0.0], [8.677099137771696, 58.41426389661632, 0.0]]}, "properties": {"farge": "#2c7fb8", "elvenavn": null}}, {"type": "Feature", "geometry": {"type": "LineString", "coordinates": [[8.586677588615679, 58.417972158510146, 0.0], [8.586620439552927, 58.41822522120279, 0.0], [8.586608605216284, 58.41849404599122, 0.0], [8.586642270236647, 58.41867226867932, 0.0], [8.586672843791785, 58.418760116752516, 0.0], [8.586774831998342, 58.41893124905078, 0.0], [8.587296710824377, 58.41949582389107, 0.0], [8.587620156987356, 58.41991057672996, 0.0], [8.587665461846068, 58.41999696672836, 0.0], [8.587746927539301, 58.420352994391486, 0.0], [8.587803618192826, 58.42052976740969, 0.0], [8.587833931108255, 58.42061798477603, 0.0], [8.587885885742981, 58.420703061283064, 0.0], [8.58819781690938, 58.42112029881214, 0.0], [8.588488621945055, 58.42144468703559, 0.0], [8.588799200867784, 58.4217641012422, 0.0], [8.589238862195833, 58.42224994938868, 0.0], [8.589592254390695, 58.422556942312156, 0.0], [8.589745754712458, 58.42271707009183, 0.0], [8.590266494160089, 58.42347579473973, 0.0], [8.590688367089362, 58.42396565771468, 0.0], [8.591031435734735, 58.42427566539532, 0.0]]}, "properties": {"farge": "#2c7fb8", "elvenavn": "Rore"}}, {"type": "Feature", "geometry": {"type": "LineString", "coordinates": [[8.611177655111296, 58.452759401283785, 0.0], [8.611054217859397, 58.45249840902594, 0.0], [8.610836532230449, 58.451881329358315, 0.0], [8.610585453678917, 58.45126781977352, 0.0], [8.610185361637148, 58.45039622824441, 0.0], [8.610084169589575, 58.45022504908689, 0.0], [8.609922925655578, 58.449999955809695, 0.0], [8.609855289790879, 58.449887356234846, 0.0], [8.609600500351943, 58.44936631560824, 0.0], [8.609357813792895, 58.44903113720798, 0.0], [8.609093287331234, 58.448700412738226, 0.0], [8.608669224133534, 58.44801861166591, 0.0], [8.608506046832133, 58.44767032736289, 0.0], [8.608322554218493, 58.4473250179375, 0.0], [8.608174251587489, 58.44670255702782, 0.0], [8.607933653572962, 58.44627263316364, 0.0], [8.607833843617907, 58.44600878650733, 0.0], [8.607660838319159, 58.445661955994176, 0.0], [8.607550150686873, 58.44530816019497, 0.0], [8.607351230722305, 58.44496536765584, 0.0], [8.607321302821124, 58.444877100667256, 0.0], [8.607163029420345, 58.44416489189696, 0.0], [8.607081140831687, 58.44353882690513, 0.0], [8.607056764833278, 58.443180425051104, 0.0], [8.606986700989514, 58.442823808107846, 0.0], [8.606974171838441, 58.44255499023059, 0.0], [8.606950790715626, 58.44239340849457, 0.0]]}, "properties": {"farge": "#2c7fb8", "elvenavn": "Arendalsvassdraget"}}, {"type": "Feature", "geometry": {"type": "LineString", "coordinates": [[8.599387671082264, 58.43640645200115, 0.0], [8.599469287595689, 58.436537807882694, 0.0], [8.599659686142742, 58.436686388300615, 0.0], [8.599746135193437, 58.436763363422074, 0.0], [8.599814721063789, 58.43684531929233, 0.0], [8.599894517735647, 58.43701862992639, 0.0], [8.599930937907958, 58.43728658323202, 0.0], [8.599999925501685, 58.4373909954429, 0.0], [8.600056990478842, 58.43745151718009, 0.0], [8.60018728449331, 58.43750938519779, 0.0], [8.600757441270861, 58.437705866657716, 0.0], [8.601084514892664, 58.437757775855694, 0.0], [8.601254147242882, 58.43776441076668, 0.0], [8.601766498980755, 58.43775678815307, 0.0], [8.601935742169854, 58.437763089211494, 0.0], [8.602101060266815, 58.43778384408844, 0.0]]}, "properties": {"farge": "#2c7fb8", "elvenavn": null}}, {"type": "Feature", "geometry": {"type": "LineString", "coordinates": [[8.794950391308918, 58.493801607012074, 0.0], [8.795069406535932, 58.493716887369985, 0.0], [8.795184325607144, 58.493650501126154, 0.0], [8.795323180684965, 58.49364562267319, 0.0], [8.795640006154477, 58.493739206892904, 0.0]]}, "properties": {"farge": "#2c7fb8", "elvenavn": "Songevassdraget"}}, {"type": "Feature", "geometry": {"type": "LineString", "coordinates": [[8.534578072503995, 58.428723997636894, 0.0], [8.5345507866401, 58.42869359543495, 0.0]]}, "properties": {"farge": "#2c7fb8", "elvenavn": null}}, {"type": "Feature", "geometry": {"type": "LineString", "coordinates": [[8.795640006154477, 58.493739206892904, 0.0], [8.79568347622214, 58.4939039291362, 0.0], [8.795777458407452, 58.494076346318764, 0.0], [8.795861729980118, 58.49415153160072, 0.0], [8.796100135772264, 58.494280164034095, 0.0], [8.796231692734343, 58.494337563120325, 0.0]]}, "properties": {"farge": "#2c7fb8", "elvenavn": "Songevassdraget"}}, {"type": "Feature", "geometry": {"type": "LineString", "coordinates": [[8.547670742630238, 58.429228841481354, 0.0], [8.547666180080565, 58.42913580780054, 0.0], [8.547642129492612, 58.42905364921126, 0.0], [8.547465206018236, 58.429050383757165, 0.0], [8.547125771888437, 58.42903092629608, 0.0], [8.546992435312877, 58.42898368596276, 0.0], [8.546665624596073, 58.428839090569454, 0.0]]}, "properties": {"farge": "#2c7fb8", "elvenavn": null}}, {"type": "Feature", "geometry": {"type": "LineString", "coordinates": [[8.568036375357527, 58.40918039686866, 0.0], [8.567971079015448, 58.40908924343897, 0.0], [8.56790800439291, 58.40864318890226, 0.0], [8.56790973095599, 58.4085535658697, 0.0], [8.567937149750477, 58.408467645319135, 0.0], [8.568096111778315, 58.40830906377501, 0.0], [8.568279772621757, 58.408157888637724, 0.0], [8.568357899741306, 58.40807818135919, 0.0], [8.568490657017893, 58.407913004209426, 0.0], [8.568814940260653, 58.40759785371798, 0.0], [8.569026125761601, 58.40745756465415, 0.0], [8.56972460084012, 58.40706386636761, 0.0], [8.57020430924561, 58.40680850839418, 0.0], [8.57034855274515, 58.40676170001362, 0.0], [8.57231698064898, 58.40622201920114, 0.0], [8.57409876344005, 58.40569006792485, 0.0]]}, "properties": {"farge": "#2c7fb8", "elvenavn": null}}, {"type": "Feature", "geometry": {"type": "LineString", "coordinates": [[8.784031800905375, 58.489517557140154, 0.0], [8.78464054669012, 58.48963984302002, 0.0], [8.784763133802615, 58.48969766276616, 0.0], [8.784835566059092, 58.48977884941246, 0.0]]}, "properties": {"farge": "#2c7fb8", "elvenavn": "Songevassdraget"}}, {"type": "Feature", "geometry": {"type": "LineString", "coordinates": [[8.552007421125827, 58.42349588641837, 0.0], [8.552017562878106, 58.4234242201071, 0.0], [8.551943744234613, 58.42335309845877, 0.0], [8.552040349745718, 58.42308965013364, 0.0], [8.55218289575173, 58.42283168383101, 0.0], [8.552261657678047, 58.42247568802103, 0.0], [8.552295396297705, 58.4223878438248, 0.0], [8.552411816347286, 58.42220518958286, 0.0]]}, "properties": {"farge": "#2c7fb8", "elvenavn": null}}, {"type": "Feature", "geometry": {"type": "LineString", "coordinates": [[8.623458301089242, 58.41005573618724, 0.0], [8.623455041420216, 58.41003149914961, 0.0], [8.6233248364928, 58.409873048249715, 0.0], [8.623304732403522, 58.40979878009426, 0.0], [8.623320830897997, 58.40966386857929, 0.0], [8.623537078432413, 58.408938564348176, 0.0], [8.623517381476933, 58.408391284775405, 0.0], [8.624286100387296, 58.40784858272555, 0.0]]}, "properties": {"farge": "#2c7fb8", "elvenavn": null}}, {"type": "Feature", "geometry": {"type": "LineString", "coordinates": [[8.513204052888014, 58.49121639237733, 0.0], [8.513035716684245, 58.491218399770005, 0.0], [8.512867536860398, 58.49120130415902, 0.0], [8.512701618823405, 58.491179268912774, 0.0], [8.512542183180376, 58.49114673525079, 0.0], [8.512392880717757, 58.49110317330612, 0.0], [8.512262775045679, 58.49104496543006, 0.0], [8.512151718269415, 58.49097680348752, 0.0], [8.512021880665932, 58.490930586483906, 0.0], [8.51183271188647, 58.49097136311099, 0.0]]}, "properties": {"farge": "#2c7fb8", "elvenavn": null}}, {"type": "Feature", "geometry": {"type": "LineString", "coordinates": [[8.782065335010968, 58.495403566357204, 0.0], [8.782102317723629, 58.495135309621524, 0.0], [8.78215834248864, 58.49495841161242, 0.0], [8.782225732803836, 58.494877592512694, 0.0], [8.78246796984385, 58.49464058660315, 0.0], [8.78256377551782, 58.49446861825676, 0.0], [8.782632678873567, 58.49438663791944, 0.0], [8.782747825237031, 58.494321091750706, 0.0], [8.782887261938942, 58.49426937490848, 0.0], [8.783036041205312, 58.49422529231756, 0.0], [8.783351760475952, 58.49415079301861, 0.0]]}, "properties": {"farge": "#2c7fb8", "elvenavn": null}}, {"type": "Feature", "geometry": {"type": "LineString", "coordinates": [[8.57013915611521, 58.41665339687978, 0.0], [8.569516932795624, 58.41650760966018, 0.0], [8.569355629537212, 58.41648322978308, 0.0], [8.569070995398597, 58.416387939979124, 0.0], [8.568915277998837, 58.41635134164332, 0.0], [8.568592950827208, 58.41629194132837, 0.0], [8.568427503430554, 58.41627031929237, 0.0], [8.568295776356527, 58.416225909153056, 0.0], [8.568222632177834, 58.416145199198006, 0.0], [8.568116122438791, 58.41597495782542, 0.0], [8.568040070113938, 58.415894713684565, 0.0], [8.567861869127247, 58.415741757963545, 0.0], [8.567730786606722, 58.41557769442789, 0.0], [8.567642258142616, 58.41550102404245, 0.0], [8.567502596210197, 58.41534084411505, 0.0], [8.567393423512822, 58.415271959312044, 0.0], [8.567216540873916, 58.41511874378303, 0.0], [8.567166685191285, 58.41503374389316, 0.0], [8.567150062377038, 58.414945309084985, 0.0], [8.567067040385238, 58.414771172051154, 0.0], [8.56710028345571, 58.41468577286716, 0.0], [8.567201058601789, 58.41451310603929, 0.0], [8.567235631528371, 58.41443063185354, 0.0], [8.56706552605444, 58.414395375641874, 0.0]]}, "properties": {"farge": "#2c7fb8", "elvenavn": null}}, {"type": "Feature", "geometry": {"type": "LineString", "coordinates": [[8.690746057707315, 58.45746948726157, 0.0], [8.690808558716645, 58.45733924271999, 0.0], [8.690394299944945, 58.45701684222967, 0.0], [8.689677991267432, 58.456535974770475, 0.0], [8.689438771979736, 58.45613311940401, 0.0], [8.688945948263038, 58.45521149892221, 0.0]]}, "properties": {"farge": "#2c7fb8", "elvenavn": "Lilleelva"}}, {"type": "Feature", "geometry": {"type": "LineString", "coordinates": [[8.735673846494905, 58.46316862549428, 0.0], [8.73673623046039, 58.461886888911756, 0.0]]}, "properties": {"farge": "#2c7fb8", "elvenavn": "Biebekken"}}, {"type": "Feature", "geometry": {"type": "LineString", "coordinates": [[8.76891997617865, 58.48323623894947, 0.0], [8.768317565150802, 58.483502575230176, 0.0], [8.76790237312112, 58.48406497899666, 0.0], [8.76755220316371, 58.48426154298481, 0.0], [8.767188812143807, 58.48422502659308, 0.0]]}, "properties": {"farge": "#d7191c", "elvenavn": null}}, {"type": "Feature", "geometry": {"type": "LineString", "coordinates": [[8.784729533995105, 58.496075163919464, 0.0], [8.78480302954031, 58.49569287279591, 0.0], [8.784827691643256, 58.49510173398928, 0.0], [8.78481260300234, 58.49495687809247, 0.0]]}, "properties": {"farge": "#2c7fb8", "elvenavn": null}}, {"type": "Feature", "geometry": {"type": "LineString", "coordinates": [[8.631880583349119, 58.445952463319124, 0.0], [8.632594584830027, 58.4458103663572, 0.0]]}, "properties": {"farge": "#2c7fb8", "elvenavn": null}}, {"type": "Feature", "geometry": {"type": "LineString", "coordinates": [[8.643554243417618, 58.46647404785117, 0.0], [8.641902553279438, 58.46593597601505, 0.0], [8.640520928472323, 58.46530963881869, 0.0], [8.63960283139612, 58.46487575240463, 0.0], [8.639136276453284, 58.46492310424103, 0.0], [8.638520055661138, 58.46506600543626, 0.0]]}, "properties": {"farge": "#d7191c", "elvenavn": null}}, {"type": "Feature", "geometry": {"type": "LineString", "coordinates": [[8.580358568993336, 58.43683032878242, 0.0], [8.579279049261809, 58.43778480863909, 0.0], [8.578682708509657, 58.43916035656802, 0.0]]}, "properties": {"farge": "#fdae61", "elvenavn": null}}, {"type": "Feature", "geometry": {"type": "LineString", "coordinates": [[8.580958826921234, 58.44923117114742, 0.0], [8.581013021955389, 58.44917346074654, 0.0]]}, "properties": {"farge": "#fdae61", "elvenavn": null}}, {"type": "Feature", "geometry": {"type": "LineString", "coordinates": [[8.550263700456826, 58.43930930930325, 0.0], [8.550358448927659, 58.439272997145316, 0.0]]}, "properties": {"farge": "#fdae61", "elvenavn": null}}, {"type": "Feature", "geometry": {"type": "LineString", "coordinates": [[8.737319365735228, 58.5179103894363, 0.0], [8.737110719595996, 58.518029859617656, 0.0], [8.73698431680181, 58.51808978414508, 0.0], [8.736879832158666, 58.51816052983574, 0.0], [8.736695591510907, 58.51831147414773, 0.0], [8.736584480708903, 58.518379733740495, 0.0], [8.73648848238748, 58.51845351005255, 0.0]]}, "properties": {"farge": "#fdae61", "elvenavn": null}}, {"type": "Feature", "geometry": {"type": "LineString", "coordinates": [[8.578424244833926, 58.45013459743763, 0.0], [8.579273384709005, 58.44983267401358, 0.0], [8.580271890709424, 58.44953927918227, 0.0]]}, "properties": {"farge": "#fdae61", "elvenavn": null}}, {"type": "Feature", "geometry": {"type": "LineString", "coordinates": [[8.560750321067294, 58.439064290798015, 0.0], [8.560904010437662, 58.4395412788659, 0.0]]}, "properties": {"farge": "#fdae61", "elvenavn": null}}, {"type": "Feature", "geometry": {"type": "LineString", "coordinates": [[8.73648848238748, 58.51845351005255, 0.0], [8.73624570974564, 58.51828080082757, 0.0], [8.735910075273672, 58.51796989550039, 0.0], [8.735809807216784, 58.517898222165044, 0.0], [8.73529641730572, 58.51766088781507, 0.0], [8.734870668757557, 58.51738142692089, 0.0], [8.73437807521175, 58.5171333967625, 0.0], [8.734296318321942, 58.517054643361256, 0.0]]}, "properties": {"farge": "#fdae61", "elvenavn": null}}, {"type": "Feature", "geometry": {"type": "LineString", "coordinates": [[8.753947140303756, 58.50993417619417, 0.0], [8.754278570574995, 58.50997882397344, 0.0], [8.754954769248524, 58.51010659506815, 0.0]]}, "properties": {"farge": "#d7191c", "elvenavn": "Barbuvassdraget"}}, {"type": "Feature", "geometry": {"type": "LineString", "coordinates": [[8.691400684612542, 58.50597974269217, 0.0], [8.691277029600709, 58.50602200091082, 0.0], [8.691185115137571, 58.505943940702494, 0.0], [8.69107846790646, 58.50587396972675, 0.0], [8.69099667717684, 58.505799858258996, 0.0], [8.691056628025922, 58.50562204446986, 0.0], [8.691052782295847, 58.50553326377185, 0.0], [8.690994946487782, 58.50526618182883, 0.0], [8.690926680492318, 58.505185882030894, 0.0], [8.690474133718405, 58.504807365823254, 0.0], [8.69039513161239, 58.50472804354367, 0.0], [8.690246108311865, 58.50456742561215, 0.0], [8.690212655811758, 58.504477058606035, 0.0]]}, "properties": {"farge": "#fdae61", "elvenavn": null}}, {"type": "Feature", "geometry": {"type": "LineString", "coordinates": [[8.721562675953383, 58.4888574669205, 0.0], [8.721565993672291, 58.488970535514774, 0.0], [8.72169172574501, 58.48902737041645, 0.0], [8.721754163402426, 58.489092382055986, 0.0]]}, "properties": {"farge": "#fdae61", "elvenavn": null}}, {"type": "Feature", "geometry": {"type": "LineString", "coordinates": [[8.683397718368111, 58.46661252860165, 0.0], [8.683370098909615, 58.46644168164014, 0.0], [8.683451306266882, 58.466370296250474, 0.0]]}, "properties": {"farge": "#2c7fb8", "elvenavn": "Lilleelva"}}, {"type": "Feature", "geometry": {"type": "LineString", "coordinates": [[8.546265263800226, 58.44050791738642, 0.0], [8.5464270714626, 58.44047805515223, 0.0], [8.546753960795073, 58.44051661492621, 0.0], [8.54699547839603, 58.440480434374976, 0.0]]}, "properties": {"farge": "#fdae61", "elvenavn": null}}, {"type": "Feature", "geometry": {"type": "LineString", "coordinates": [[8.743957926294017, 58.51857947430508, 0.0], [8.743902657053447, 58.518492584363216, 0.0], [8.743792414796975, 58.518437936442, 0.0], [8.743621776488883, 58.51845025013336, 0.0], [8.743467959473525, 58.518485004960226, 0.0], [8.743353445487879, 58.51854040354631, 0.0], [8.743316656293748, 58.51872002309337, 0.0], [8.743252567553915, 58.51880262911539, 0.0]]}, "properties": {"farge": "#fdae61", "elvenavn": null}}, {"type": "Feature", "geometry": {"type": "LineString", "coordinates": [[8.732644624064688, 58.51627206408257, 0.0], [8.732379937762445, 58.516212231877304, 0.0], [8.73211933332214, 58.51609857524197, 0.0], [8.731844289731587, 58.51587324192505, 0.0], [8.731641299734378, 58.5157294127963, 0.0], [8.731530072089464, 58.51566145739625, 0.0], [8.731406294271054, 58.51559966102618, 0.0], [8.731264409040818, 58.51555252845283, 0.0], [8.730779504931563, 58.51546336344715, 0.0], [8.730303783186432, 58.51536139981552, 0.0], [8.72964034426444, 58.51527436437063, 0.0], [8.729602108673804, 58.51518767349337, 0.0], [8.729546869373642, 58.51492040810608, 0.0], [8.729543745384758, 58.514741351668846, 0.0], [8.72947498989229, 58.51466034391194, 0.0], [8.729305735758167, 58.51450469260093, 0.0], [8.729048769657696, 58.51417247159529, 0.0], [8.728719680686726, 58.513966137964495, 0.0], [8.728530443228147, 58.513817003875815, 0.0], [8.728284461228025, 58.513581020563166, 0.0], [8.728092844423287, 58.5133321018103, 0.0], [8.727932565521812, 58.51317362739695, 0.0], [8.727641336077214, 58.51295204220978, 0.0], [8.727433872948708, 58.51280981777175, 0.0], [8.72719639566259, 58.512680784299654, 0.0], [8.727069412372616, 58.512621049515325, 0.0], [8.726792840544935, 58.51251703807545, 0.0], [8.726674054923512, 58.512453139846116, 0.0], [8.726354794453139, 58.51224234964677, 0.0], [8.726202071189705, 58.512203397833495, 0.0], [8.72615641392359, 58.512117588804294, 0.0], [8.725984724923121, 58.51191409732598, 0.0]]}, "properties": {"farge": "#fdae61", "elvenavn": "Lilleelva"}}, {"type": "Feature", "geometry": {"type": "LineString", "coordinates": [[8.776816967076533, 58.514354863801735, 0.0], [8.776272635347778, 58.51413715985718, 0.0], [8.776030057703597, 58.51401053247769, 0.0], [8.775710006454322, 58.513800241205224, 0.0], [8.775620446361378, 58.51372396400955, 0.0], [8.775550774046032, 58.51364204902465, 0.0], [8.775266328077638, 58.513219346181, 0.0], [8.77509387258079, 58.51306495668368, 0.0], [8.77489302602886, 58.5129198746709, 0.0], [8.774762882502637, 58.51286356175474, 0.0], [8.774167853764794, 58.51268564967219, 0.0], [8.773456489318328, 58.51243601748085, 0.0], [8.773301764256482, 58.51241011137739, 0.0], [8.772958294444766, 58.51240595333215, 0.0], [8.772789562158238, 58.512390540560126, 0.0], [8.7726220540751, 58.512371583122324, 0.0], [8.772464481266944, 58.5123368523003, 0.0], [8.77232287799944, 58.51228696615964, 0.0], [8.772090327469009, 58.51215271997556, 0.0], [8.772067704707005, 58.512067009662466, 0.0]]}, "properties": {"farge": "#d7191c", "elvenavn": "Barbuvassdraget"}}, {"type": "Feature", "geometry": {"type": "LineString", "coordinates": [[8.754954769248524, 58.51010659506815, 0.0], [8.755473327752455, 58.51034108771678, 0.0], [8.755754585304501, 58.51044317883515, 0.0], [8.755913613503404, 58.51047313271681, 0.0], [8.756410223339328, 58.51054264778671, 0.0], [8.756902265603943, 58.51047737687619, 0.0], [8.757240666113933, 58.51045457349678, 0.0], [8.757752646910326, 58.51047607656914, 0.0], [8.757919622845089, 58.51049124477422, 0.0], [8.75808511492994, 58.510512103097824, 0.0], [8.758241784424902, 58.510548041163545, 0.0], [8.758398870877041, 58.5105331287399, 0.0]]}, "properties": {"farge": "#d7191c", "elvenavn": "Barbuvassdraget"}}, {"type": "Feature", "geometry": {"type": "LineString", "coordinates": [[8.682940835102261, 58.47358109089005, 0.0], [8.683094860782276, 58.4733263796708, 0.0], [8.683165706674423, 58.47324524938126, 0.0], [8.683133528501322, 58.473114542499474, 0.0]]}, "properties": {"farge": "#2c7fb8", "elvenavn": "Lilleelva"}}, {"type": "Feature", "geometry": {"type": "LineString", "coordinates": [[8.53667619729206, 58.459313891456546, 0.0], [8.537089696549653, 58.459633193800755, 0.0], [8.537237299733304, 58.459676149550816, 0.0], [8.537395933150869, 58.45970585381209, 0.0], [8.537556134409023, 58.45967351981446, 0.0]]}, "properties": {"farge": "#fdae61", "elvenavn": null}}, {"type": "Feature", "geometry": {"type": "LineString", "coordinates": [[8.549339171022607, 58.43937492944907, 0.0], [8.549321173250885, 58.43944670976127, 0.0]]}, "properties": {"farge": "#fdae61", "elvenavn": null}}, {"type": "Feature", "geometry": {"type": "LineString", "coordinates": [[8.690175084077175, 58.491211412516954, 0.0], [8.690269604509217, 58.49107044139944, 0.0], [8.690375709051246, 58.49080749565864, 0.0], [8.690426110354625, 58.490722238129216, 0.0], [8.691696233052973, 58.49012231722557, 0.0], [8.692441713554551, 58.48990223132312, 0.0]]}, "properties": {"farge": "#fdae61", "elvenavn": null}}, {"type": "Feature", "geometry": {"type": "LineString", "coordinates": [[8.560904010437662, 58.4395412788659, 0.0], [8.56115895551699, 58.439579627832686, 0.0], [8.561328986540916, 58.43958904627756, 0.0], [8.561670736366427, 58.43958942519843, 0.0], [8.562011354491792, 58.439573567281435, 0.0], [8.562350022291398, 58.43959014439666, 0.0], [8.563033945126273, 58.43959109191314, 0.0], [8.563195035023847, 58.439609985838224, 0.0], [8.563507709787485, 58.43968251504528, 0.0], [8.56399228979549, 58.43977064075485, 0.0]]}, "properties": {"farge": "#fdae61", "elvenavn": null}}, {"type": "Feature", "geometry": {"type": "LineString", "coordinates": [[8.546041875005946, 58.45566481002665, 0.0], [8.546085997132607, 58.455578490348046, 0.0], [8.546215264331817, 58.45541302647515, 0.0], [8.546575293135863, 58.45522433363624, 0.0], [8.546639700947319, 58.45504906652048, 0.0], [8.546648280875415, 58.454959666489515, 0.0], [8.5466604226744, 58.454690769456455, 0.0], [8.54665161383887, 58.45415306975244, 0.0], [8.54677497421926, 58.45380321655673, 0.0], [8.546888579407257, 58.45363499468074, 0.0], [8.547070659947556, 58.45329186872401, 0.0], [8.547110370800116, 58.45320482519043, 0.0], [8.54712065847546, 58.45311627619515, 0.0], [8.547054288935001, 58.45303442441674, 0.0], [8.546716348037465, 58.45283271719627, 0.0], [8.546592112797402, 58.45266593167447, 0.0], [8.546515666089013, 58.4525857934031, 0.0], [8.546420008376593, 58.45251151107567, 0.0], [8.54632155661724, 58.45233987686886, 0.0], [8.546273400766163, 58.452253844923824, 0.0], [8.546283345728389, 58.45207612243085, 0.0], [8.546263739563967, 58.45198705371323, 0.0], [8.546182197469308, 58.451813099580036, 0.0], [8.546069018180189, 58.451643701427926, 0.0], [8.546075624191761, 58.45155602748232, 0.0], [8.546124955024949, 58.45137862887948, 0.0], [8.546212884621882, 58.451309786085325, 0.0], [8.546350950751386, 58.451256749993476, 0.0], [8.546477045926064, 58.451196325402094, 0.0], [8.546703778963215, 58.45106214398445, 0.0], [8.54679914058727, 58.45098777562556, 0.0], [8.546872610828956, 58.45090688135582, 0.0], [8.546953511902407, 58.45073310170092, 0.0], [8.54696192203154, 58.45055394612539, 0.0], [8.54694681943848, 58.45037706678019, 0.0], [8.547105088428902, 58.45021824919575, 0.0], [8.547171996678097, 58.45013586402787, 0.0], [8.547332122475419, 58.449880535729, 0.0], [8.547528269453107, 58.449733852189404, 0.0], [8.547614858503302, 58.44965681265005, 0.0], [8.547756539815426, 58.44949381647081, 0.0], [8.54783762349811, 58.44932027001568, 0.0], [8.547972115645486, 58.449155615209534, 0.0], [8.548142146173932, 58.44890205485475, 0.0], [8.5484206861139, 58.44867651961645, 0.0]]}, "properties": {"farge": "#fdae61", "elvenavn": null}}, {"type": "Feature", "geometry": {"type": "LineString", "coordinates": [[8.57812770305883, 58.452612898879075, 0.0], [8.578109459322919, 58.45252377552095, 0.0], [8.577943562304435, 58.45208374782902, 0.0], [8.577959274262202, 58.451997043297816, 0.0], [8.578125362435053, 58.45184027875913, 0.0], [8.57853291729995, 58.45167764811489, 0.0], [8.57868380879532, 58.451633807090275, 0.0], [8.578783383079667, 58.45157024988891, 0.0], [8.578935966857618, 58.45131211923712, 0.0], [8.578960196404982, 58.451223642436666, 0.0], [8.578990633104114, 58.4508651887518, 0.0], [8.57871265667249, 58.450540146630786, 0.0], [8.578424244833926, 58.45013459743763, 0.0]]}, "properties": {"farge": "#fdae61", "elvenavn": null}}, {"type": "Feature", "geometry": {"type": "LineString", "coordinates": [[8.523096240554077, 58.46775241013141, 0.0], [8.52328210268806, 58.46760089793587, 0.0], [8.523539968099263, 58.46726892957974, 0.0], [8.523628171073849, 58.46709588843906, 0.0], [8.523597825872113, 58.46701197380322, 0.0], [8.523477538486038, 58.46684431900737, 0.0], [8.523473436015315, 58.46675727959892, 0.0], [8.52353696500498, 58.46667412019132, 0.0], [8.523637011181606, 58.46660166921548, 0.0], [8.523883219522032, 58.46647771548224, 0.0], [8.523989254012504, 58.46640770264377, 0.0], [8.524174988825692, 58.466210786596285, 0.0]]}, "properties": {"farge": "#2c7fb8", "elvenavn": null}}, {"type": "Feature", "geometry": {"type": "LineString", "coordinates": [[8.754300054271368, 58.486962449526835, 0.0], [8.75409002640477, 58.48671811387064, 0.0], [8.753808745399429, 58.48610796046794, 0.0], [8.753612715570508, 58.48576455459572, 0.0], [8.753552975912777, 58.48558856279991, 0.0], [8.753527924372143, 58.485409728015966, 0.0], [8.75347823585566, 58.48523233520138, 0.0], [8.753410995173278, 58.485056523395556, 0.0], [8.75327770975437, 58.48479677267017, 0.0], [8.753198587171296, 58.48453110596064, 0.0], [8.753039850367912, 58.48409153767298, 0.0], [8.752601496894977, 58.48381573123775, 0.0], [8.75183089465367, 58.48322279935435, 0.0], [8.75151703304381, 58.483010028112126, 0.0], [8.751287469119347, 58.4828770272432, 0.0], [8.750789665559338, 58.48263075704588, 0.0], [8.750656292587703, 58.482574962212624, 0.0], [8.750504168142095, 58.48253134123442, 0.0], [8.750457117364219, 58.48245024925346, 0.0], [8.75034880215202, 58.482187424111025, 0.0], [8.75020666430486, 58.481928933928145, 0.0], [8.750042585731011, 58.4816740402048, 0.0], [8.749796488746341, 58.4813393627779, 0.0], [8.74902088185078, 58.48068725292247, 0.0], [8.74849009421083, 58.47996652795729, 0.0], [8.747766886195828, 58.478775826632386, 0.0], [8.747816001509907, 58.478694463537664, 0.0], [8.747955050293013, 58.47853065307594, 0.0], [8.748006413617139, 58.478353444914234, 0.0], [8.748017054290441, 58.478263956953896, 0.0], [8.748007568550959, 58.47808479180062, 0.0], [8.74797788446265, 58.477906173214656, 0.0], [8.747878135147058, 58.477642369018106, 0.0], [8.747777573062411, 58.47747097037754, 0.0], [8.747711504272727, 58.477388339679784, 0.0], [8.747537114292847, 58.47723460723494, 0.0], [8.747405763393672, 58.4771780732038, 0.0], [8.74712525007093, 58.47707629023539, 0.0], [8.747000959287904, 58.47701527584249, 0.0], [8.746848755261501, 58.476977531031665, 0.0], [8.746684145997856, 58.47695351992922, 0.0], [8.74637450521898, 58.476877252752224, 0.0], [8.746286279422598, 58.47681488442447, 0.0], [8.746270526727125, 58.47672564144852, 0.0], [8.746287946979315, 58.47654665587631, 0.0], [8.746379541907748, 58.476377040886746, 0.0], [8.746406143364586, 58.47628858877955, 0.0], [8.746564130929542, 58.47613859752149, 0.0]]}, "properties": {"farge": "#d7191c", "elvenavn": "Barbuvassdraget"}}, {"type": "Feature", "geometry": {"type": "LineString", "coordinates": [[8.746119163727743, 58.519540952671285, 0.0], [8.74586694748876, 58.51942025163287, 0.0], [8.74571695682929, 58.519377440918966, 0.0], [8.745559120594615, 58.51934484263691, 0.0], [8.745411832296902, 58.51930089026058, 0.0]]}, "properties": {"farge": "#fdae61", "elvenavn": null}}, {"type": "Feature", "geometry": {"type": "LineString", "coordinates": [[8.697240935978229, 58.49826764538243, 0.0], [8.697214311053754, 58.498179965108186, 0.0], [8.697221364053362, 58.49808776774027, 0.0], [8.69709777996651, 58.4980358642096, 0.0]]}, "properties": {"farge": "#fdae61", "elvenavn": null}}, {"type": "Feature", "geometry": {"type": "LineString", "coordinates": [[8.783456372739968, 58.50077886276913, 0.0], [8.783532702036046, 58.5005128671305, 0.0], [8.783554945365935, 58.50033392897522, 0.0], [8.783605683505284, 58.50024970486509, 0.0], [8.78385404734795, 58.50001427118294, 0.0], [8.783863352510751, 58.49992597322314, 0.0], [8.784118922432574, 58.499694465557596, 0.0], [8.784191102576873, 58.49961326663761, 0.0], [8.784246552963154, 58.49952867705764, 0.0], [8.784365714603151, 58.499433556443904, 0.0]]}, "properties": {"farge": "#2c7fb8", "elvenavn": null}}, {"type": "Feature", "geometry": {"type": "LineString", "coordinates": [[8.70460451012904, 58.46254082398312, 0.0], [8.704527536325838, 58.462465558638364, 0.0], [8.704706010144578, 58.46236138382729, 0.0]]}, "properties": {"farge": "#2c7fb8", "elvenavn": "Biebekken"}}, {"type": "Feature", "geometry": {"type": "LineString", "coordinates": [[8.732535938174454, 58.462952394644, 0.0], [8.732707202683129, 58.46293452582419, 0.0], [8.732869500376166, 58.46296948245115, 0.0], [8.733032556778843, 58.462991889410496, 0.0], [8.733198238356136, 58.46300458414872, 0.0], [8.733361381474683, 58.46303153030518, 0.0], [8.733833210013646, 58.46313731075049, 0.0], [8.733997660828821, 58.4631546595543, 0.0], [8.734338382133693, 58.46316545085725, 0.0], [8.734668990317294, 58.46321170231416, 0.0], [8.735005152446385, 58.46324444888174, 0.0], [8.73534167268487, 58.46321165549448, 0.0], [8.735673846494905, 58.46316862549428, 0.0]]}, "properties": {"farge": "#2c7fb8", "elvenavn": "Biebekken"}}, {"type": "Feature", "geometry": {"type": "LineString", "coordinates": [[8.69477310869627, 58.459464048961095, 0.0], [8.694681586084045, 58.45936795873457, 0.0], [8.694583462710048, 58.459294478786816, 0.0], [8.694437828104382, 58.45924881748352, 0.0], [8.694281499600311, 58.45921234590548, 0.0], [8.69395842037546, 58.45915411183535, 0.0], [8.693628522656018, 58.459107125049876, 0.0], [8.69345791607166, 58.45910176932666, 0.0], [8.69328772034242, 58.459107934605406, 0.0], [8.692951408107815, 58.45914065062285, 0.0]]}, "properties": {"farge": "#2c7fb8", "elvenavn": "Lilleelva"}}, {"type": "Feature", "geometry": {"type": "LineString", "coordinates": [[8.585265691851617, 58.443543787113235, 0.0], [8.585123014619459, 58.443797434035886, 0.0], [8.58506139680499, 58.44406369314276, 0.0], [8.58505328874377, 58.44424177752229, 0.0], [8.58507360122457, 58.44432991709841, 0.0], [8.584992606563018, 58.44439924198233, 0.0]]}, "properties": {"farge": "#fdae61", "elvenavn": null}}, {"type": "Feature", "geometry": {"type": "LineString", "coordinates": [[8.554024342766137, 58.413369098837215, 0.0], [8.554756253192313, 58.41265930824544, 0.0], [8.554856230990369, 58.412587075064316, 0.0], [8.555185332910515, 58.41238123184402, 0.0], [8.555465001207786, 58.41215592743811, 0.0], [8.556082870254732, 58.41172667794284, 0.0], [8.556209629353512, 58.4116685206647, 0.0], [8.55635234833875, 58.41161948459269, 0.0], [8.557239106002068, 58.4113496290885, 0.0], [8.557505169668893, 58.41123753230821, 0.0], [8.557719024875501, 58.41113406964631, 0.0]]}, "properties": {"farge": "#2c7fb8", "elvenavn": "elv fra Røynevatnet"}}, {"type": "Feature", "geometry": {"type": "LineString", "coordinates": [[8.526669028785642, 58.450268772125646, 0.0], [8.52650916686161, 58.450204423171996, 0.0], [8.526406735246969, 58.45013259487797, 0.0], [8.52622524972073, 58.44998061735225, 0.0], [8.526115675444368, 58.44991384206824, 0.0], [8.525313874872904, 58.44957814731695, 0.0], [8.52490228022427, 58.44941757827675, 0.0], [8.524597620062643, 58.449323053580535, 0.0], [8.524440369633112, 58.44929950882438, 0.0], [8.524283739794491, 58.44931820396794, 0.0], [8.523970177379445, 58.449404582308674, 0.0], [8.523497233830318, 58.44950913810426, 0.0], [8.520948415242568, 58.45003077990672, 0.0], [8.52044851475362, 58.450091285576946, 0.0], [8.51994488977371, 58.45014284225132, 0.0], [8.519261525912663, 58.45014487156649, 0.0]]}, "properties": {"farge": "#2c7fb8", "elvenavn": null}}, {"type": "Feature", "geometry": {"type": "LineString", "coordinates": [[8.523613114250809, 58.46846311582674, 0.0], [8.523564401495396, 58.4681044085347, 0.0], [8.523498781790435, 58.46802897969812, 0.0], [8.523255048156297, 58.46790322290007, 0.0], [8.523151945957691, 58.467832261029514, 0.0], [8.523096240554077, 58.46775241013141, 0.0]]}, "properties": {"farge": "#2c7fb8", "elvenavn": null}}, {"type": "Feature", "geometry": {"type": "LineString", "coordinates": [[8.753688655879385, 58.48835848194528, 0.0], [8.754052992192335, 58.4876670092987, 0.0], [8.754254355247514, 58.487139465425614, 0.0], [8.754300054271368, 58.486962449526835, 0.0]]}, "properties": {"farge": "#d7191c", "elvenavn": "Barbuvassdraget"}}, {"type": "Feature", "geometry": {"type": "LineString", "coordinates": [[8.73014002836296, 58.517738139381166, 0.0], [8.730119256457915, 58.51769487959951, 0.0], [8.730070216661462, 58.517659425533985, 0.0], [8.730046388613204, 58.51757510008292, 0.0], [8.730181384989244, 58.51753624322727, 0.0], [8.730349957180973, 58.5175475813994, 0.0], [8.73066766384825, 58.51761226894153, 0.0], [8.730881477504967, 58.51764744188018, 0.0]]}, "properties": {"farge": "#fdae61", "elvenavn": "Lilleelva"}}, {"type": "Feature", "geometry": {"type": "LineString", "coordinates": [[8.7079523992983, 58.432979373578654, 0.0], [8.708263122183997, 58.43277202861131, 0.0], [8.708587569593483, 58.43258159895278, 0.0], [8.708766068233267, 58.43254187335621, 0.0], [8.709319329731905, 58.43244157346321, 0.0], [8.709526562985408, 58.43240865968182, 0.0]]}, "properties": {"farge": "#2c7fb8", "elvenavn": "Lilleelva"}}, {"type": "Feature", "geometry": {"type": "LineString", "coordinates": [[8.709526562985408, 58.43240865968182, 0.0], [8.709808348565215, 58.432647787513964, 0.0], [8.710986321023574, 58.43353451727622, 0.0], [8.711636165050788, 58.434162037583725, 0.0], [8.71252687157793, 58.43482945114044, 0.0]]}, "properties": {"farge": "#2c7fb8", "elvenavn": "Arendalsvassdraget"}}, {"type": "Feature", "geometry": {"type": "LineString", "coordinates": [[8.53276965693195, 58.463662635380764, 0.0], [8.532370713883118, 58.46347451755283, 0.0]]}, "properties": {"farge": "#2c7fb8", "elvenavn": null}}, {"type": "Feature", "geometry": {"type": "LineString", "coordinates": [[8.769181473297657, 58.52556988642926, 0.0], [8.769062296268205, 58.52539891809078, 0.0], [8.769011354605851, 58.52536302586346, 0.0], [8.768617306830487, 58.52519163628371, 0.0], [8.768102845639595, 58.52510092367253, 0.0], [8.767623865737876, 58.52484866501935, 0.0], [8.766971924541554, 58.5247575534659, 0.0], [8.766886092560128, 58.5247484181423, 0.0], [8.766800260627116, 58.52473928276191, 0.0]]}, "properties": {"farge": "#d7191c", "elvenavn": null}}, {"type": "Feature", "geometry": {"type": "LineString", "coordinates": [[8.75863667123224, 58.52839912546076, 0.0], [8.759185038105267, 58.528569248934495, 0.0], [8.759406393260615, 58.52883905170161, 0.0], [8.759428129338978, 58.52907732270721, 0.0], [8.759438446905586, 58.529189406890914, 0.0], [8.759420744116763, 58.52924329812066, 0.0], [8.759402172660776, 58.529449793953695, 0.0]]}, "properties": {"farge": "#d7191c", "elvenavn": null}}, {"type": "Feature", "geometry": {"type": "LineString", "coordinates": [[8.759402172660776, 58.529449793953695, 0.0], [8.759551599076461, 58.529511540587606, 0.0]]}, "properties": {"farge": "#d7191c", "elvenavn": null}}, {"type": "Feature", "geometry": {"type": "LineString", "coordinates": [[8.775473816802632, 58.51916316392801, 0.0], [8.77572071649822, 58.51903453018021, 0.0], [8.775951819331807, 58.518767386867616, 0.0]]}, "properties": {"farge": "#d7191c", "elvenavn": null}}, {"type": "Feature", "geometry": {"type": "LineString", "coordinates": [[8.763799814838086, 58.582842858009556, 0.0], [8.764553640473302, 58.583275275860096, 0.0], [8.765050860113714, 58.583509768872084, 0.0], [8.76541005129882, 58.583797787834435, 0.0], [8.765702292973984, 58.583852271834346, 0.0]]}, "properties": {"farge": "#2c7fb8", "elvenavn": null}}, {"type": "Feature", "geometry": {"type": "LineString", "coordinates": [[8.802012566061679, 58.583167728357644, 0.0], [8.802134248504187, 58.58291642246495, 0.0], [8.802325408460927, 58.58258454959212, 0.0], [8.802721776267878, 58.58246838066397, 0.0], [8.803392728275872, 58.582397556678806, 0.0], [8.80401226463098, 58.58229965691049, 0.0], [8.804478152263046, 58.58205788936233, 0.0], [8.804907472258515, 58.582157366052165, 0.0], [8.805422496005235, 58.58232879738424, 0.0], [8.806110220359349, 58.58235683912741, 0.0], [8.806420095872312, 58.582312120855455, 0.0]]}, "properties": {"farge": "#2c7fb8", "elvenavn": null}}, {"type": "Feature", "geometry": {"type": "LineString", "coordinates": [[8.785424182674973, 58.57340554143264, 0.0], [8.785701861562599, 58.57300170201769, 0.0], [8.785359752601487, 58.57269583957444, 0.0], [8.785378344625501, 58.572462418187506, 0.0], [8.785655433795926, 58.5721665276149, 0.0], [8.785743456389135, 58.57180733695382, 0.0], [8.785934597350638, 58.57146638930726, 0.0], [8.786177304145934, 58.57115243918497, 0.0], [8.786488585323823, 58.57083866482421, 0.0], [8.786729566514891, 58.57079416529003, 0.0], [8.787211922221974, 58.570633139903, 0.0], [8.787728892516085, 58.570427684196105, 0.0], [8.788245861508862, 58.570266803764845, 0.0], [8.788557131919934, 58.56995293460117, 0.0], [8.78888469082762, 58.569791777828456, 0.0], [8.78952140913301, 58.569702892456434, 0.0], [8.789746650646949, 58.56938899025609, 0.0], [8.789834664338395, 58.56904798896074, 0.0], [8.78981944713549, 58.568715578585255, 0.0], [8.789769934972638, 58.56838312563055, 0.0], [8.789754702391697, 58.56805080453441, 0.0], [8.789791216492324, 58.56770955659325, 0.0], [8.789983178560451, 58.567224917032775, 0.0], [8.79022580910798, 58.56687511572405, 0.0], [8.790365318748195, 58.56654300614673, 0.0], [8.790541507132795, 58.5658337247453, 0.0], [8.790749684240877, 58.56551088922172, 0.0], [8.791009476568437, 58.56517884973216, 0.0], [8.790855761709667, 58.56500794487587, 0.0], [8.790548281031525, 58.564711069368606, 0.0], [8.790550174538009, 58.56439677974972, 0.0], [8.790895734022914, 58.56410096033186, 0.0], [8.79110322585816, 58.563885706909325, 0.0], [8.79114138813251, 58.563239163281246, 0.0], [8.791090221942415, 58.56316724939705, 0.0], [8.791023439406603, 58.5628436853752, 0.0], [8.791248822604919, 58.56252087379189, 0.0], [8.791542933968715, 58.56220697860079, 0.0], [8.791991056476924, 58.561965211164164, 0.0], [8.792267271235248, 58.56178597906983, 0.0], [8.792045563152405, 58.561498219122726, 0.0], [8.791840073549167, 58.56134524668477, 0.0], [8.791859529708377, 58.56099506684933, 0.0], [8.791551998696622, 58.56068017957956, 0.0], [8.791656052656116, 58.56050961941947, 0.0], [8.792276191393725, 58.56027727496671, 0.0]]}, "properties": {"farge": "#2c7fb8", "elvenavn": null}}, {"type": "Feature", "geometry": {"type": "LineString", "coordinates": [[8.772596528767368, 58.557693162028606, 0.0], [8.772922029500728, 58.557837418071934, 0.0], [8.773297980399429, 58.558179279189886, 0.0], [8.773469129150898, 58.55828747800236, 0.0]]}, "properties": {"farge": "#2c7fb8", "elvenavn": null}}, {"type": "Feature", "geometry": {"type": "LineString", "coordinates": [[8.769781474290118, 58.55715821371133, 0.0], [8.770107301239792, 58.55723963302049, 0.0], [8.770743034925802, 58.5573216358899, 0.0], [8.771808071942006, 58.55734149449814, 0.0]]}, "properties": {"farge": "#2c7fb8", "elvenavn": null}}, {"type": "Feature", "geometry": {"type": "LineString", "coordinates": [[8.953862074879707, 58.55298238257095, 0.0], [8.953449904322598, 58.55289223139568, 0.0], [8.953123663565862, 58.55272158903405, 0.0], [8.952831730328771, 58.552541851332236, 0.0], [8.952247824838128, 58.55235300192416, 0.0], [8.950925148934056, 58.55203812068201, 0.0]]}, "properties": {"farge": "#fdae61", "elvenavn": null}}, {"type": "Feature", "geometry": {"type": "LineString", "coordinates": [[8.771748610521207, 58.542728768140236, 0.0], [8.771987704332123, 58.542935737073535, 0.0], [8.77203808419047, 58.54310650507581, 0.0]]}, "properties": {"farge": "#2c7fb8", "elvenavn": null}}, {"type": "Feature", "geometry": {"type": "LineString", "coordinates": [[8.85406619723783, 58.53498103459359, 0.0], [8.854683616219653, 58.53519727009334, 0.0], [8.855249500005169, 58.53537753004218, 0.0], [8.855781203038095, 58.53558478187858, 0.0], [8.856381595929108, 58.535747062616394, 0.0], [8.85705112587884, 58.5358196381523, 0.0], [8.857445707242812, 58.535945828838486, 0.0], [8.857925456186907, 58.536206858097785, 0.0], [8.858577705230113, 58.53630633103836, 0.0], [8.859195431661357, 58.536432779561046, 0.0], [8.859847889753116, 58.536523250871326, 0.0], [8.860036110442651, 58.53668518600127, 0.0], [8.860258718225445, 58.53681113007265, 0.0], [8.86091112676869, 58.53691960313346, 0.0], [8.861529000150183, 58.53706396663296, 0.0], [8.862695514756751, 58.537424464816375, 0.0], [8.86300476113445, 58.537415883183556, 0.0], [8.863142543029086, 58.53728129381122, 0.0], [8.863760504216346, 58.53739872558124, 0.0], [8.863932603552602, 58.53749657765056, 0.0]]}, "properties": {"farge": "#2c7fb8", "elvenavn": "Molandselva"}}, {"type": "Feature", "geometry": {"type": "LineString", "coordinates": [[8.798978689512591, 58.52737134875806, 0.0], [8.798871689561123, 58.52806272995335, 0.0], [8.799007122954118, 58.52840420565707, 0.0], [8.79922831484293, 58.528736869888604, 0.0], [8.799415379257006, 58.52907850597924, 0.0], [8.799720734392155, 58.52971656893329, 0.0], [8.799905975468455, 58.53038149966756, 0.0], [8.799972568358319, 58.53072287966496, 0.0], [8.80021140841809, 58.53100173392706, 0.0], [8.80046831417036, 58.53113683720848, 0.0]]}, "properties": {"farge": "#2c7fb8", "elvenavn": null}}, {"type": "Feature", "geometry": {"type": "LineString", "coordinates": [[8.846888936866646, 58.51483655427281, 0.0], [8.846888620733274, 58.514935323377806, 0.0], [8.84674950612766, 58.515276495793195, 0.0], [8.84652353907688, 58.5159767531721, 0.0], [8.84629897078928, 58.51629976663416, 0.0], [8.845885856934698, 58.51655076370482, 0.0], [8.845405007099263, 58.5166220917461, 0.0], [8.844735476985283, 58.51662121356801, 0.0], [8.844117402318536, 58.51666540206163, 0.0], [8.843687026761733, 58.51692537742544, 0.0], [8.843359551226133, 58.517239292577656, 0.0]]}, "properties": {"farge": "#2c7fb8", "elvenavn": null}}, {"type": "Feature", "geometry": {"type": "LineString", "coordinates": [[8.82382352742352, 58.51055876200418, 0.0], [8.824286515322793, 58.51064028286405, 0.0], [8.82438943489404, 58.51067632034756, 0.0], [8.824851738801877, 58.51089252389091, 0.0], [8.82493654298196, 58.51107230982186, 0.0], [8.824711773942784, 58.51140428584129, 0.0], [8.824831198479563, 58.511575117212544, 0.0], [8.825362344765612, 58.511746464377694, 0.0], [8.82589356759444, 58.511944738405326, 0.0], [8.82618358317408, 58.512268606437914, 0.0], [8.826250673074512, 58.512591889381966, 0.0], [8.826145952558141, 58.51293308432725, 0.0], [8.82617872457264, 58.51327434211608, 0.0], [8.826537731471879, 58.513562276387226, 0.0], [8.827051519058152, 58.513778613938506, 0.0], [8.827582687256443, 58.51395886671596, 0.0], [8.828028440471774, 58.51406718658349, 0.0]]}, "properties": {"farge": "#fdae61", "elvenavn": null}}, {"type": "Feature", "geometry": {"type": "LineString", "coordinates": [[8.805690661465098, 58.50908666738604, 0.0], [8.805981715004812, 58.50921279042586, 0.0], [8.806547050590899, 58.50940226535407, 0.0], [8.807729381949063, 58.50973634031174, 0.0], [8.808363693869458, 58.509854041780244, 0.0], [8.809615520727833, 58.51003558051318, 0.0], [8.810232911548827, 58.51013516310781, 0.0], [8.810867252280326, 58.51028004909376, 0.0], [8.811911593896998, 58.51072150274127, 0.0], [8.812459994571228, 58.51090193557138, 0.0], [8.813077352051893, 58.51101059742922, 0.0], [8.813711856630334, 58.511092349273454, 0.0], [8.814311949721077, 58.511218900876, 0.0], [8.814825584004778, 58.51144428885038, 0.0], [8.815287728954296, 58.511687446632486, 0.0], [8.816280903309663, 58.51211999359483, 0.0], [8.816177142861788, 58.51229048972279, 0.0], [8.81574665361171, 58.51255018987117, 0.0], [8.815745707620431, 58.512774825747044, 0.0], [8.81619045859382, 58.51302695426745, 0.0], [8.816755993988139, 58.51319837955294, 0.0], [8.817235170062778, 58.51345054730198, 0.0], [8.817216856240828, 58.51367515383699, 0.0], [8.81690621631744, 58.513989009777845, 0.0], [8.816853648153973, 58.51422240655474, 0.0], [8.817075706345781, 58.51436641887218, 0.0], [8.8183977206855, 58.514350350740536, 0.0], [8.819067358376367, 58.5143153526528, 0.0], [8.819736360089317, 58.514388293242135, 0.0], [8.820336679003757, 58.51452374024163, 0.0], [8.820988421154013, 58.514578460090895, 0.0], [8.821485765063658, 58.514686954086116, 0.0], [8.821982226653223, 58.514930211681154, 0.0], [8.822496153834933, 58.51511937879638, 0.0], [8.823113384161022, 58.515282014071175, 0.0], [8.82364478739662, 58.51540826323672, 0.0], [8.824313766328782, 58.515490273066206, 0.0], [8.824965697565379, 58.51558991696381, 0.0], [8.825565624468181, 58.515743419653056, 0.0], [8.82580639222802, 58.515644908049836, 0.0], [8.826426352618238, 58.51524159193341, 0.0]]}, "properties": {"farge": "#fdae61", "elvenavn": null}}, {"type": "Feature", "geometry": {"type": "LineString", "coordinates": [[8.79144153296972, 58.50116064499188, 0.0], [8.79144377225126, 58.50138489968213, 0.0], [8.791575587310517, 58.50171774757954, 0.0], [8.791676572767562, 58.502032348327106, 0.0], [8.791708787893473, 58.50238260382124, 0.0], [8.791947179956948, 58.50270630668323, 0.0], [8.792134067434496, 58.50301192920325, 0.0], [8.792286632892443, 58.503335517111, 0.0], [8.792473541519536, 58.503632314626664, 0.0], [8.792694762975437, 58.503955902560875, 0.0], [8.792916174246411, 58.504234743007714, 0.0]]}, "properties": {"farge": "#fdae61", "elvenavn": null}}, {"type": "Feature", "geometry": {"type": "LineString", "coordinates": [[8.848196520168024, 58.537851730691, 0.0], [8.848465673381709, 58.53771511151397, 0.0], [8.848816361490364, 58.537413323879115, 0.0], [8.849580659812343, 58.53693337566585, 0.0], [8.85000006162781, 58.5365299381311, 0.0], [8.850124725451293, 58.53637681546625, 0.0], [8.850233781429093, 58.53608544959457, 0.0]]}, "properties": {"farge": "#2c7fb8", "elvenavn": "Molandselva"}}, {"type": "Feature", "geometry": {"type": "LineString", "coordinates": [[8.804489847189643, 58.58522840627469, 0.0], [8.804461633778761, 58.5850127466732, 0.0]]}, "properties": {"farge": "#2c7fb8", "elvenavn": null}}, {"type": "Feature", "geometry": {"type": "LineString", "coordinates": [[8.76931916830944, 58.55689697045918, 0.0], [8.769781474290118, 58.55715821371133, 0.0]]}, "properties": {"farge": "#2c7fb8", "elvenavn": null}}, {"type": "Feature", "geometry": {"type": "LineString", "coordinates": [[8.80647398601968, 58.532008188682205, 0.0], [8.806540799924095, 58.53210545324876, 0.0], [8.80651406252793, 58.532181559964954, 0.0], [8.80611119271129, 58.53235708378639, 0.0], [8.80580667665601, 58.532439783293725, 0.0]]}, "properties": {"farge": "#2c7fb8", "elvenavn": null}}, {"type": "Feature", "geometry": {"type": "LineString", "coordinates": [[8.773474001846498, 58.58597996590251, 0.0], [8.773971338545243, 58.58616145672621, 0.0], [8.774422915582003, 58.586290647935506, 0.0], [8.774850049937825, 58.58656324794212, 0.0], [8.775151125106976, 58.5866495762444, 0.0], [8.775244879341217, 58.58672483903761, 0.0]]}, "properties": {"farge": "#2c7fb8", "elvenavn": null}}, {"type": "Feature", "geometry": {"type": "LineString", "coordinates": [[8.80014364541128, 58.506698103467144, 0.0], [8.800282753042628, 58.50679133597476, 0.0], [8.80079482163088, 58.506789330317574, 0.0], [8.800954061687342, 58.50682121073045, 0.0], [8.801272238609771, 58.50703023744544, 0.0], [8.801636442679966, 58.5072198865531, 0.0]]}, "properties": {"farge": "#fdae61", "elvenavn": null}}, {"type": "Feature", "geometry": {"type": "LineString", "coordinates": [[8.798577873362918, 58.50528798965277, 0.0], [8.798610825159614, 58.50536462694221, 0.0], [8.798546396771306, 58.50545575321539, 0.0], [8.798743037332118, 58.50553738877767, 0.0]]}, "properties": {"farge": "#fdae61", "elvenavn": null}}, {"type": "Feature", "geometry": {"type": "LineString", "coordinates": [[8.765702292973984, 58.583852271834346, 0.0], [8.765779955863822, 58.58389832449206, 0.0], [8.766776707154838, 58.58380854054195, 0.0], [8.767127495357565, 58.58399560128617, 0.0], [8.767635400585272, 58.58404131961274, 0.0], [8.767941943225667, 58.58412155979358, 0.0], [8.76807604567468, 58.58417692903172, 0.0], [8.768243602441425, 58.584330420914114, 0.0], [8.768354324827646, 58.584391924149124, 0.0], [8.768821540964906, 58.58450519562181, 0.0], [8.769103101919447, 58.58460656748406, 0.0], [8.76975500962654, 58.58489421400998, 0.0], [8.770044452969698, 58.585115003797995, 0.0], [8.770349427265701, 58.585196496986015, 0.0], [8.771197535030321, 58.585499978133114, 0.0], [8.771792713658133, 58.58582038483955, 0.0], [8.77195991948691, 58.58584257438281, 0.0], [8.772472852712033, 58.58585330136048, 0.0], [8.773474001846498, 58.58597996590251, 0.0]]}, "properties": {"farge": "#2c7fb8", "elvenavn": null}}, {"type": "Feature", "geometry": {"type": "LineString", "coordinates": [[8.78872724111284, 58.58170066999877, 0.0], [8.789043526212293, 58.58171362968114, 0.0], [8.789338633704197, 58.58178199983267, 0.0], [8.789664255701163, 58.58247667471759, 0.0], [8.789896185047265, 58.582605530314396, 0.0], [8.789967920556535, 58.58268753604632, 0.0], [8.79029346684757, 58.58269159015256, 0.0], [8.791656976129454, 58.58261085367629, 0.0], [8.791793246969098, 58.58262151701853, 0.0], [8.791888602589385, 58.58288464289714, 0.0], [8.792278528481289, 58.583281731936005, 0.0], [8.792208439451434, 58.58390601873286, 0.0], [8.79224616314459, 58.58444050505223, 0.0], [8.792854839748937, 58.58485127682661, 0.0], [8.793139761982566, 58.58548274896547, 0.0], [8.793144256076205, 58.58567310554588, 0.0], [8.793033426286083, 58.58588074761524, 0.0], [8.792826448303561, 58.58598654250361, 0.0]]}, "properties": {"farge": "#2c7fb8", "elvenavn": null}}, {"type": "Feature", "geometry": {"type": "LineString", "coordinates": [[8.830600422698472, 58.591086887832475, 0.0], [8.830633019994723, 58.591000286447475, 0.0], [8.830886645003329, 58.59071737220044, 0.0]]}, "properties": {"farge": "#2c7fb8", "elvenavn": null}}, {"type": "Feature", "geometry": {"type": "LineString", "coordinates": [[8.773174017891234, 58.580721555494506, 0.0], [8.773126133769297, 58.58063623836311, 0.0], [8.773131713447007, 58.58045719507684, 0.0], [8.77317195385744, 58.580370522118145, 0.0], [8.773399476666885, 58.580131783344555, 0.0], [8.773407976688564, 58.57986322661695, 0.0], [8.773566273534126, 58.5797068558858, 0.0], [8.773596154603513, 58.579439105606646, 0.0], [8.77379522372633, 58.57919172880674, 0.0], [8.773995858615896, 58.57904632108512, 0.0], [8.774326091165005, 58.57883987200112, 0.0], [8.774716124690514, 58.578666383078144, 0.0], [8.775628985033647, 58.57841985499997, 0.0], [8.776106861536077, 58.578329758127985, 0.0], [8.776512128286711, 58.57816426671668, 0.0], [8.776815942939281, 58.57808101045661, 0.0], [8.77705527628554, 58.57814242410454, 0.0]]}, "properties": {"farge": "#2c7fb8", "elvenavn": null}}, {"type": "Feature", "geometry": {"type": "LineString", "coordinates": [[8.800453297541083, 58.51789748457392, 0.0], [8.800536066285717, 58.517724022302275, 0.0], [8.80053455705913, 58.517634458939796, 0.0], [8.800167357934901, 58.516123764518746, 0.0], [8.799971230519716, 58.51559599891623, 0.0], [8.80002627645569, 58.51497075042097, 0.0], [8.799966380868314, 58.51434442761124, 0.0], [8.799911962464023, 58.51424204049933, 0.0]]}, "properties": {"farge": "#fdae61", "elvenavn": null}}, {"type": "Feature", "geometry": {"type": "LineString", "coordinates": [[8.808966295924627, 58.54425350159562, 0.0], [8.809208769476696, 58.54448316877809, 0.0], [8.80934637425146, 58.54446108755958, 0.0], [8.809928425133581, 58.54427041122287, 0.0], [8.810583051513163, 58.543639924931966, 0.0], [8.810847094195246, 58.54352879453629, 0.0], [8.811432057411867, 58.54334147502148, 0.0]]}, "properties": {"farge": "#2c7fb8", "elvenavn": null}}, {"type": "Feature", "geometry": {"type": "LineString", "coordinates": [[8.832286980928986, 58.543453960518264, 0.0], [8.832911104041434, 58.54364021542931, 0.0], [8.833919671298444, 58.543737406268654, 0.0], [8.834371183013895, 58.54386641468484, 0.0], [8.834940344319918, 58.54406646446054, 0.0], [8.83530569573867, 58.544255670263695, 0.0], [8.83549360223843, 58.544404473958515, 0.0], [8.835737217632817, 58.54453027981589, 0.0], [8.83623387769012, 58.54499724865275, 0.0], [8.836432117134656, 58.545143420003406, 0.0], [8.836772009344031, 58.54534492149526, 0.0], [8.837173599293362, 58.54551275837372, 0.0]]}, "properties": {"farge": "#2c7fb8", "elvenavn": "Molandselva"}}, {"type": "Feature", "geometry": {"type": "LineString", "coordinates": [[8.867292668775, 58.53721158102683, 0.0], [8.867910338226116, 58.53667356577343, 0.0], [8.868363045860013, 58.53640683620636, 0.0], [8.868778026857788, 58.53591504986579, 0.0], [8.868858766415125, 58.5351694388086, 0.0]]}, "properties": {"farge": "#2c7fb8", "elvenavn": "Molandselva"}}, {"type": "Feature", "geometry": {"type": "LineString", "coordinates": [[8.83839358706297, 58.570528149453104, 0.0], [8.838371599146308, 58.57016589182994, 0.0], [8.838329563478187, 58.57008570275713, 0.0], [8.838163804709279, 58.56983483080638, 0.0], [8.837884955091734, 58.56960977706574, 0.0], [8.837864349399785, 58.569430653385325, 0.0], [8.837625448312819, 58.56938661442636, 0.0]]}, "properties": {"farge": "#2c7fb8", "elvenavn": null}}, {"type": "Feature", "geometry": {"type": "LineString", "coordinates": [[8.93670020124035, 58.55489672113185, 0.0], [8.936571358008203, 58.55382278411158, 0.0], [8.936579352606346, 58.55364352333735, 0.0], [8.936704671761888, 58.553291167922445, 0.0], [8.93654129408314, 58.55303622333657, 0.0], [8.936388313878037, 58.55287497318261, 0.0], [8.935533015354984, 58.55284308728946, 0.0], [8.934688107952164, 58.55277688159533, 0.0], [8.934257032029679, 58.552630008058486, 0.0], [8.933764779952114, 58.55238135339297, 0.0], [8.933344511013788, 58.55222881614027, 0.0], [8.932900031469023, 58.55196565293899, 0.0], [8.932367449671982, 58.55202075795507, 0.0]]}, "properties": {"farge": "#d7191c", "elvenavn": "Vatnebuvassdraget"}}, {"type": "Feature", "geometry": {"type": "LineString", "coordinates": [[8.937423481034791, 58.57648675119791, 0.0], [8.936905581115514, 58.57484457708469, 0.0], [8.93656899023133, 58.57464591397137, 0.0], [8.936427575739312, 58.57459805946802, 0.0], [8.935580798337746, 58.57452076820562, 0.0], [8.93540162491407, 58.574565310944124, 0.0]]}, "properties": {"farge": "#2c7fb8", "elvenavn": null}}, {"type": "Feature", "geometry": {"type": "LineString", "coordinates": [[8.77140790910502, 58.54242530085604, 0.0], [8.771748610521207, 58.542728768140236, 0.0]]}, "properties": {"farge": "#2c7fb8", "elvenavn": null}}, {"type": "Feature", "geometry": {"type": "LineString", "coordinates": [[8.887051112693344, 58.548082099419645, 0.0], [8.886195892816396, 58.54778736785223, 0.0], [8.88586562984712, 58.547587151563135, 0.0], [8.885494679377473, 58.54718428123323, 0.0], [8.885188395331292, 58.546486876089574, 0.0], [8.884924085875745, 58.546256569460546, 0.0], [8.884099564296813, 58.545684096388214, 0.0], [8.883538120358708, 58.545130125736044, 0.0], [8.883171635346676, 58.54482712244707, 0.0], [8.882844395056349, 58.544620093384566, 0.0], [8.882577740401544, 58.54450746382393, 0.0], [8.881812181221122, 58.54430786893589, 0.0], [8.881414538675083, 58.54334521983707, 0.0], [8.881394246033896, 58.54307740951039, 0.0], [8.881234831514307, 58.54282195336056, 0.0], [8.880237994185247, 58.54188383539518, 0.0], [8.879859261895367, 58.541585073359194, 0.0], [8.879449318732311, 58.541097844683684, 0.0], [8.878084970622945, 58.54072182088516, 0.0], [8.877812172985527, 58.54061328501245, 0.0], [8.877366717836331, 58.540478813713065, 0.0], [8.87641990868346, 58.540269232743356, 0.0], [8.876302770337627, 58.540207160294585, 0.0], [8.875947450723178, 58.53990038264834, 0.0], [8.875703193578776, 58.539775339394154, 0.0], [8.874475516896116, 58.53945810217195, 0.0], [8.873337610904104, 58.53891381792371, 0.0], [8.87223726946963, 58.538672795203375, 0.0], [8.871231024069232, 58.53833467092992, 0.0], [8.870069010363514, 58.538183690565546, 0.0], [8.869627961439106, 58.53804608051608, 0.0], [8.86913177360706, 58.53779849190611, 0.0], [8.86885431394007, 58.53769328785457, 0.0], [8.867793966054153, 58.53740047095314, 0.0], [8.867292668775, 58.53721158102683, 0.0]]}, "properties": {"farge": "#2c7fb8", "elvenavn": "Langangselva"}}, {"type": "Feature", "geometry": {"type": "LineString", "coordinates": [[8.837173599293362, 58.54551275837372, 0.0], [8.837383466752009, 58.545473344178674, 0.0], [8.837546801068141, 58.545494203417796, 0.0], [8.83833820231238, 58.54566640654935, 0.0], [8.838993900983033, 58.545759787102114, 0.0], [8.839403710159106, 58.54592156001678, 0.0], [8.839632053520992, 58.54605499910293, 0.0], [8.839913724853341, 58.54615696166658, 0.0], [8.841285363551272, 58.54650286550797, 0.0], [8.841694005792966, 58.5463415044844, 0.0], [8.84180224830655, 58.54627193015923, 0.0], [8.84189615733795, 58.54619734364294, 0.0], [8.841995607549464, 58.546027011551, 0.0], [8.842029540077478, 58.54576108538161, 0.0], [8.842206198781746, 58.54541932749655, 0.0], [8.84221583401715, 58.54506985475287, 0.0], [8.842336114287152, 58.54490453384029, 0.0], [8.842335023633618, 58.54481682686846, 0.0], [8.841383310137289, 58.54463753835757, 0.0], [8.841356580062511, 58.5443670982532, 0.0], [8.84151385008443, 58.54411366037521, 0.0], [8.841659542826735, 58.544071507971786, 0.0], [8.842156358284232, 58.5440367538474, 0.0], [8.842507847008118, 58.54373951559238, 0.0], [8.842539150971533, 58.54366372039265, 0.0], [8.842397416079361, 58.543406242012445, 0.0], [8.842104798914042, 58.543199612294195, 0.0], [8.842096540507928, 58.543021787906, 0.0], [8.842152811766264, 58.542845169354, 0.0], [8.8422738184268, 58.54279275959275, 0.0], [8.842594518674511, 58.542727157979655, 0.0], [8.84270581236003, 58.54266268828313, 0.0], [8.842787286738153, 58.54248909488558, 0.0], [8.842793097379028, 58.54222056408927, 0.0], [8.842941978501239, 58.541870992166274, 0.0], [8.842893941565732, 58.54160507560426, 0.0], [8.842727060471244, 58.54135330076609, 0.0], [8.84275522183097, 58.54117466777155, 0.0], [8.843030762423998, 58.54095032519714, 0.0], [8.84335943480312, 58.54053707709084, 0.0], [8.843542340956121, 58.54038502537312, 0.0], [8.843686538940826, 58.5403538944317, 0.0], [8.844197568065963, 58.54032413843416, 0.0], [8.845053982992408, 58.5403415415242, 0.0], [8.845391751511645, 58.540371821863424, 0.0], [8.845876422613182, 58.54046118898476, 0.0], [8.846701390602078, 58.53979920884561, 0.0], [8.846851367363223, 58.539638989575245, 0.0], [8.84704024061243, 58.539201866957356, 0.0], [8.847317866757741, 58.538781063828004, 0.0], [8.847520485299885, 58.53825671168225, 0.0], [8.847698808291305, 58.53800494968384, 0.0], [8.847771862815806, 58.53792394164375, 0.0], [8.8478985000723, 58.53788160090576, 0.0], [8.848196520168024, 58.537851730691, 0.0]]}, "properties": {"farge": "#2c7fb8", "elvenavn": "Molandselva"}}, {"type": "Feature", "geometry": {"type": "LineString", "coordinates": [[8.764125638484495, 58.53441820777955, 0.0], [8.764175530965872, 58.534150524773935, 0.0], [8.764186577391884, 58.534099655113984, 0.0], [8.764265683094747, 58.53407982927342, 0.0]]}, "properties": {"farge": "#fdae61", "elvenavn": null}}, {"type": "Feature", "geometry": {"type": "LineString", "coordinates": [[8.793700409137662, 58.505134087096444, 0.0], [8.793753501722964, 58.50502013149126, 0.0], [8.793741976492385, 58.50493098919003, 0.0], [8.793596058212549, 58.50448999173111, 0.0]]}, "properties": {"farge": "#fdae61", "elvenavn": null}}, {"type": "Feature", "geometry": {"type": "LineString", "coordinates": [[8.756874946501227, 58.505051700251016, 0.0], [8.756639787317871, 58.50518557168906, 0.0], [8.756513218898961, 58.50525756189041, 0.0], [8.75644435868486, 58.50529346481554, 0.0], [8.756065004610004, 58.50554412383618, 0.0], [8.755719711087979, 58.50584885852698, 0.0], [8.755374636967323, 58.506117580194385, 0.0], [8.755323112248162, 58.50615081690167, 0.0], [8.754943644907383, 58.50639525362496, 0.0], [8.75475427940204, 58.50650091902073, 0.0], [8.754478525227388, 58.50665486856755, 0.0], [8.754116117628339, 58.50694156284968, 0.0], [8.75397722304181, 58.50719261374104, 0.0], [8.753614773741152, 58.50747948497809, 0.0], [8.753359861784476, 58.50773648584866, 0.0], [8.753303633199012, 58.507793177261675, 0.0], [8.75328354830463, 58.50780930711035, 0.0], [8.75295846382142, 58.508070894677424, 0.0], [8.75263047605461, 58.5083487302347, 0.0], [8.75238923706907, 58.50847401270228, 0.0]]}, "properties": {"farge": "#d7191c", "elvenavn": null}}, {"type": "Feature", "geometry": {"type": "LineString", "coordinates": [[8.743547817569565, 58.5018373674322, 0.0], [8.743136683556674, 58.50173772843954, 0.0], [8.743068174022179, 58.50171960644772, 0.0], [8.742761473974278, 58.501710541950814, 0.0], [8.742416424707995, 58.501700410475, 0.0], [8.742343648753907, 58.501720624320384, 0.0], [8.741934884658003, 58.501834085696636, 0.0], [8.741521000077912, 58.50212065794027, 0.0], [8.74140604068952, 58.50242321154648, 0.0], [8.741380933664933, 58.50248862599058, 0.0], [8.741363664487185, 58.502524614681036, 0.0]]}, "properties": {"farge": "#d7191c", "elvenavn": null}}, {"type": "Feature", "geometry": {"type": "LineString", "coordinates": [[8.727363044296657, 58.502378914829215, 0.0], [8.727431990809027, 58.50233402513394, 0.0], [8.727862892613242, 58.502065531128395, 0.0], [8.728276774681438, 58.50179692152759, 0.0], [8.728485412114756, 58.5014561028129, 0.0], [8.728660489604882, 58.501301772291264, 0.0], [8.728831062210155, 58.50115145342808, 0.0], [8.729210637437001, 58.500864857948756, 0.0], [8.729744122978618, 58.50065938795421, 0.0], [8.729933253994204, 58.500614897240844, 0.0]]}, "properties": {"farge": "#fdae61", "elvenavn": null}}, {"type": "Feature", "geometry": {"type": "LineString", "coordinates": [[8.783351760475952, 58.49415079301861, 0.0], [8.783401563303304, 58.49415770201352, 0.0], [8.783439297995768, 58.49416048954308, 0.0], [8.783483955707517, 58.49415503681011, 0.0], [8.783598241967129, 58.49412086659293, 0.0], [8.783665385426527, 58.4940866573702, 0.0], [8.783700326337206, 58.49402803361877, 0.0]]}, "properties": {"farge": "#2c7fb8", "elvenavn": null}}, {"type": "Feature", "geometry": {"type": "LineString", "coordinates": [[8.722378309784629, 58.48824936172798, 0.0], [8.722274603280022, 58.48833000595554, 0.0], [8.722257467692357, 58.4883478969245, 0.0], [8.721741082769896, 58.48858929440683, 0.0], [8.721562675953383, 58.4888574669205, 0.0]]}, "properties": {"farge": "#fdae61", "elvenavn": null}}, {"type": "Feature", "geometry": {"type": "LineString", "coordinates": [[8.794776298939318, 58.491322516923645, 0.0], [8.794894085875258, 58.49169088248235, 0.0], [8.79490347474665, 58.49173888684914, 0.0], [8.794960751639007, 58.4920322720246, 0.0], [8.795039612517293, 58.49235336074829, 0.0], [8.795044443613426, 58.49237367732628, 0.0], [8.795162436830905, 58.492733137087626, 0.0], [8.795230698262301, 58.49280516129768, 0.0]]}, "properties": {"farge": "#2c7fb8", "elvenavn": null}}, {"type": "Feature", "geometry": {"type": "LineString", "coordinates": [[8.523451126306135, 58.475360218653414, 0.0], [8.523435418986564, 58.47527024721732, 0.0], [8.523435561546192, 58.475243411796896, 0.0], [8.523508872307099, 58.474902407080414, 0.0], [8.52365103326547, 58.474552641993306, 0.0], [8.52380963371464, 58.47422091463578, 0.0], [8.523780120628935, 58.473870554471404, 0.0], [8.523750552719688, 58.473511183911256, 0.0], [8.523745386484844, 58.47348236795939, 0.0], [8.523686860229029, 58.473160622454465, 0.0], [8.523500361427317, 58.472998309786206, 0.0], [8.522919950627026, 58.47281638788075, 0.0], [8.522718554957422, 58.47248343526252, 0.0]]}, "properties": {"farge": "#2c7fb8", "elvenavn": null}}, {"type": "Feature", "geometry": {"type": "LineString", "coordinates": [[8.780320584522778, 58.485056451382825, 0.0], [8.780285968514173, 58.48510132582496, 0.0], [8.780147776964341, 58.485298667769044, 0.0], [8.780116998749179, 58.48538200248795, 0.0], [8.780112033484048, 58.48539544933095, 0.0], [8.780107460484952, 58.48540765448329, 0.0], [8.780025396419772, 58.48563078148311, 0.0], [8.780011200878604, 58.48570303572201, 0.0]]}, "properties": {"farge": "#2c7fb8", "elvenavn": "Songevassdraget"}}, {"type": "Feature", "geometry": {"type": "LineString", "coordinates": [[8.5162572350642, 58.46984558948769, 0.0], [8.516427000611197, 58.469954010038315, 0.0], [8.516461300635767, 58.46997214469196, 0.0], [8.516937685994744, 58.470225294703326, 0.0], [8.517109365556411, 58.47020806456324, 0.0]]}, "properties": {"farge": "#2c7fb8", "elvenavn": null}}, {"type": "Feature", "geometry": {"type": "LineString", "coordinates": [[8.522979331590694, 58.47096653451422, 0.0], [8.522965120277863, 58.470741885057244, 0.0], [8.523088624239529, 58.470481881686915, 0.0], [8.523623149709781, 58.47025946894996, 0.0], [8.523831728623593, 58.470053589760354, 0.0], [8.523767868885592, 58.46970301974297, 0.0], [8.523600860623247, 58.46937009998963, 0.0], [8.52350273976007, 58.46901049673698, 0.0], [8.523473417359071, 58.468660055932126, 0.0], [8.523613114250809, 58.46846311582674, 0.0]]}, "properties": {"farge": "#2c7fb8", "elvenavn": null}}, {"type": "Feature", "geometry": {"type": "LineString", "coordinates": [[8.683133528501322, 58.473114542499474, 0.0], [8.683306110298583, 58.472998245919314, 0.0], [8.68395849220771, 58.47288305846031, 0.0], [8.684355481496898, 58.47261465762495, 0.0], [8.684769285942517, 58.472328263576735, 0.0], [8.684978073018945, 58.471996522408645, 0.0], [8.685015532088421, 58.471646227404506, 0.0], [8.684880390610825, 58.47141241011572, 0.0], [8.68484634002528, 58.47139433589614, 0.0], [8.684692638611587, 58.47131324855663, 0.0], [8.684573206796985, 58.471249975956404, 0.0]]}, "properties": {"farge": "#2c7fb8", "elvenavn": "Lilleelva"}}, {"type": "Feature", "geometry": {"type": "LineString", "coordinates": [[8.628739427433379, 58.467660659119844, 0.0], [8.628580584184265, 58.46755753691269, 0.0], [8.627793212669483, 58.46704595661419, 0.0], [8.627735401759125, 58.46700839736876, 0.0], [8.627462944948874, 58.46683142515925, 0.0]]}, "properties": {"farge": "#fdae61", "elvenavn": null}}, {"type": "Feature", "geometry": {"type": "LineString", "coordinates": [[8.627462944948874, 58.46683142515925, 0.0], [8.627372078497721, 58.46677240303577, 0.0], [8.62715620423031, 58.46663220856719, 0.0], [8.627121930000781, 58.466623113458354, 0.0], [8.626609914621065, 58.466406089735855, 0.0], [8.626182874603144, 58.46627013065619, 0.0], [8.625514640652197, 58.46624120602239, 0.0], [8.625065643923495, 58.46630175612833, 0.0], [8.624928738163486, 58.46632014400237, 0.0], [8.624862479524507, 58.466329087101755, 0.0], [8.624631985598059, 58.46636964502193, 0.0], [8.624389420490479, 58.46641230221183, 0.0], [8.624344488045304, 58.466420237689306, 0.0], [8.624209877170356, 58.46644396326762, 0.0], [8.62374564845215, 58.46656841746856, 0.0], [8.623280154893163, 58.46682745842809, 0.0], [8.622884057893105, 58.4669969215161, 0.0], [8.622763622531613, 58.46705044513727, 0.0], [8.622316408344474, 58.467174843114776, 0.0], [8.621664803708398, 58.467199959003565, 0.0], [8.621508621172097, 58.46737914319932, 0.0], [8.621334249455492, 58.467647937552215, 0.0], [8.621108454499248, 58.46779302289674, 0.0], [8.620902720823384, 58.46792514895416, 0.0], [8.62059466860807, 58.467870318572245, 0.0], [8.62037245821819, 58.467708359397804, 0.0], [8.620186532776613, 58.467572800198965, 0.0], [8.61991405472001, 58.46741031156742, 0.0], [8.619245386162966, 58.46742618683724, 0.0], [8.618670864390836, 58.467264732905896, 0.0], [8.618657821258028, 58.4672570561375, 0.0], [8.618535353554421, 58.467148801962914, 0.0], [8.618460578793249, 58.46708264989175, 0.0], [8.618507355007482, 58.46702491069497, 0.0], [8.618721079472431, 58.466760066632865, 0.0], [8.618585542509932, 58.46661594302165, 0.0], [8.6180881307079, 58.46665054306559, 0.0], [8.617452695498962, 58.46674741873079, 0.0], [8.616800523731001, 58.46683516887904, 0.0], [8.616748888423661, 58.46684402782804, 0.0], [8.616628793299615, 58.4668616256303, 0.0]]}, "properties": {"farge": "#2c7fb8", "elvenavn": null}}, {"type": "Feature", "geometry": {"type": "LineString", "coordinates": [[8.63458877808571, 58.465629647695366, 0.0], [8.634554586504404, 58.46562956542984, 0.0], [8.634176985434943, 58.46568235547906, 0.0], [8.634138403934374, 58.46570646253521, 0.0], [8.633849158812609, 58.46588803649394, 0.0], [8.63338753577641, 58.46611866328228, 0.0], [8.633366723121144, 58.46612915476458, 0.0], [8.632918299003515, 58.46638835855894, 0.0], [8.632489317834104, 58.466423001855645, 0.0], [8.63202839420205, 58.466251058821854, 0.0], [8.63191338625993, 58.46611950282227, 0.0], [8.631808067162735, 58.46599896747356, 0.0], [8.631729842056663, 58.4659914658004, 0.0], [8.631140335828427, 58.46593416054653, 0.0], [8.631073287421696, 58.46579031338397, 0.0], [8.631025368326169, 58.46543981474429, 0.0], [8.630855418422058, 58.465313624798014, 0.0], [8.630204959447996, 58.46522193281975, 0.0], [8.62953740587612, 58.465139202396685, 0.0], [8.629503044527887, 58.465139110295596, 0.0]]}, "properties": {"farge": "#d7191c", "elvenavn": null}}, {"type": "Feature", "geometry": {"type": "LineString", "coordinates": [[8.646199677814087, 58.46499763485924, 0.0], [8.646299542108075, 58.46532125467943, 0.0], [8.646316060983876, 58.46533918869118, 0.0], [8.646366716874901, 58.4654381684511, 0.0]]}, "properties": {"farge": "#d7191c", "elvenavn": null}}, {"type": "Feature", "geometry": {"type": "LineString", "coordinates": [[8.683451306266882, 58.466370296250474, 0.0], [8.683468938701935, 58.46633442217955, 0.0], [8.683591207758168, 58.46605631755097, 0.0], [8.683591600246606, 58.46602931803817, 0.0], [8.683644751346128, 58.46582290917855, 0.0]]}, "properties": {"farge": "#2c7fb8", "elvenavn": "Lilleelva"}}, {"type": "Feature", "geometry": {"type": "LineString", "coordinates": [[8.551294731103217, 58.439148268814904, 0.0], [8.551773468670508, 58.43921279829428, 0.0], [8.551841859904469, 58.439222016647605, 0.0], [8.55233947857795, 58.439151936761725, 0.0], [8.55239298578809, 58.439142118338665, 0.0], [8.552957443360915, 58.43903730997213, 0.0], [8.553607971770711, 58.43907555751934, 0.0], [8.554292985842292, 58.43908689917411, 0.0], [8.554960726988101, 58.43910718329427, 0.0], [8.555611280474745, 58.43910038514232, 0.0], [8.556280349970343, 58.43904885094586, 0.0], [8.556965178790248, 58.439060258940664, 0.0], [8.557119862123454, 58.439069144700646, 0.0], [8.557632880563515, 58.439098541646004, 0.0], [8.558300081528612, 58.43915453992622, 0.0], [8.558933282335731, 58.4391926965465, 0.0], [8.559210028949858, 58.43920944818891, 0.0], [8.55972073106309, 58.43924025100785, 0.0]]}, "properties": {"farge": "#fdae61", "elvenavn": null}}, {"type": "Feature", "geometry": {"type": "LineString", "coordinates": [[8.625317551047397, 58.45416050073279, 0.0], [8.62516341035994, 58.45413308348792, 0.0], [8.624599978829146, 58.45394284179785, 0.0], [8.624071235782553, 58.45373478419339, 0.0], [8.623507905934366, 58.45353553558519, 0.0], [8.623220143148007, 58.45320233015936, 0.0], [8.62303420754629, 58.45297733524229, 0.0], [8.622966645537922, 58.452878220150204, 0.0], [8.62269571832071, 58.452563056690636, 0.0], [8.622609953538515, 58.45247429103387, 0.0], [8.62239078779006, 58.45224781596808, 0.0], [8.622085692309255, 58.45193256611155, 0.0], [8.621815113085514, 58.45159949416937, 0.0], [8.621561639195823, 58.451275381799505, 0.0], [8.621256469424521, 58.45096913255946, 0.0], [8.621088881646326, 58.45062724139755, 0.0], [8.621143990607935, 58.450286204054876, 0.0], [8.62118193429014, 58.44992710649026, 0.0], [8.621168641298361, 58.4495767086196, 0.0], [8.621155315892413, 58.449226489260866, 0.0], [8.621500404472943, 58.44900288141745, 0.0], [8.621539161929308, 58.44897491437021, 0.0], [8.621641958070928, 58.44890087814053, 0.0], [8.621897414079951, 58.4487166563571, 0.0], [8.622209074392108, 58.44841220791778, 0.0], [8.622226515077104, 58.44838524782269, 0.0], [8.622434564008014, 58.44829926375734, 0.0], [8.622570784435846, 58.44824265773643, 0.0], [8.622625548934355, 58.44793745016112, 0.0], [8.622783263875865, 58.44758757547117, 0.0], [8.622735594289388, 58.447237173101215, 0.0], [8.622396289871114, 58.44693075261636, 0.0], [8.622108482023405, 58.44660663734278, 0.0], [8.62194078192309, 58.44627392828178, 0.0], [8.621807378875038, 58.44593212353947, 0.0], [8.621588001079248, 58.44559926487581, 0.0], [8.62133484491199, 58.44526606970708, 0.0], [8.621318007257171, 58.44524811585408, 0.0], [8.621258658399649, 58.445178591487085, 0.0], [8.621233276507855, 58.445149042453075, 0.0], [8.621099942502036, 58.44508582034422, 0.0], [8.62074230761388, 58.44491636946792, 0.0]]}, "properties": {"farge": "#fdae61", "elvenavn": null}}, {"type": "Feature", "geometry": {"type": "LineString", "coordinates": [[8.62074230761388, 58.44491636946792, 0.0], [8.620432290659416, 58.444769478304146, 0.0], [8.620178874720345, 58.44444536421478, 0.0], [8.620142421778354, 58.44439544690525, 0.0], [8.619942447120934, 58.444121377603885, 0.0], [8.619722008809992, 58.44390510003405, 0.0], [8.619843288283603, 58.44378884639311, 0.0], [8.620067757351135, 58.443676666761064, 0.0], [8.620325512370904, 58.443547685582715, 0.0], [8.620326964901123, 58.44341301635819, 0.0], [8.620037080335885, 58.44338322369202, 0.0], [8.619693887329385, 58.443348065104274, 0.0], [8.619574963513665, 58.44324908343637, 0.0], [8.61942139562618, 58.44320367261022, 0.0], [8.61931670738023, 58.443195560069704, 0.0], [8.619181708755354, 58.443185032372874, 0.0], [8.619218694776261, 58.443149772224835, 0.0], [8.619285515847785, 58.44308646034859, 0.0], [8.619423973283816, 58.44295224116601, 0.0], [8.6190134382672, 58.442894441511136, 0.0], [8.618996041868341, 58.44289186101498, 0.0], [8.618774128405212, 58.442860507684074, 0.0], [8.618331627152408, 58.44258071165174, 0.0], [8.618248031808887, 58.44240081130164, 0.0], [8.6184569984069, 58.442078091159864, 0.0], [8.6186318831756, 58.441746282199446, 0.0], [8.618601428021497, 58.441395926380224, 0.0], [8.618502558578081, 58.44103638752828, 0.0], [8.618745664692538, 58.44071384205634, 0.0], [8.619312737247213, 58.44057176764408, 0.0], [8.619539014245355, 58.440231177134635, 0.0], [8.619701017995208, 58.440153526349825, 0.0], [8.619762892932723, 58.440124013050564, 0.0], [8.62008752190069, 58.44019688419663, 0.0]]}, "properties": {"farge": "#2c7fb8", "elvenavn": null}}, {"type": "Feature", "geometry": {"type": "LineString", "coordinates": [[8.651231671964725, 58.44149810978869, 0.0], [8.651145880176415, 58.44151564080835, 0.0], [8.650922828148028, 58.44155985253391, 0.0], [8.650888407470799, 58.44156876909104, 0.0], [8.650203695970303, 58.44153094479276, 0.0], [8.650113192509066, 58.44151563711027, 0.0], [8.650000053025432, 58.441496321776974, 0.0], [8.649557420186383, 58.441421174103866, 0.0], [8.649451253819196, 58.44140319572183, 0.0], [8.648851348810863, 58.441464420249645, 0.0], [8.6484581267157, 58.44135542935384, 0.0], [8.647637906202787, 58.44116467480107, 0.0], [8.6476038209391, 58.44115559399883, 0.0]]}, "properties": {"farge": "#2c7fb8", "elvenavn": null}}, {"type": "Feature", "geometry": {"type": "LineString", "coordinates": [[8.601011757395343, 58.43969882929441, 0.0], [8.600876564377312, 58.43953677481615, 0.0], [8.600793885409553, 58.43927602342561, 0.0], [8.601157135736818, 58.438989700712554, 0.0], [8.601519682948522, 58.438703431991385, 0.0], [8.601797335506532, 58.438390031212016, 0.0], [8.602074656523046, 58.43809444713372, 0.0], [8.602075575266717, 58.43801964542207, 0.0], [8.602076187112907, 58.43795689764549, 0.0], [8.602077976671067, 58.437833952389894, 0.0]]}, "properties": {"farge": "#2c7fb8", "elvenavn": null}}, {"type": "Feature", "geometry": {"type": "LineString", "coordinates": [[8.641676137109666, 58.44124699485781, 0.0], [8.641610488037022, 58.44096830355663, 0.0], [8.641355264525929, 58.44087804918909, 0.0], [8.641047253302233, 58.44076913404593, 0.0], [8.640420341593792, 58.440758452250435, 0.0], [8.639968877987773, 58.440694269020895, 0.0], [8.639918425323053, 58.44059538531332, 0.0], [8.640108946275054, 58.44038943444379, 0.0], [8.640041595217536, 58.440263409838785, 0.0], [8.640302111250424, 58.439949802588785, 0.0], [8.640303919081031, 58.43993413099241, 0.0], [8.640339535110437, 58.43962652646864, 0.0], [8.640015748938671, 58.439454947168635, 0.0], [8.639981651243431, 58.43944595366139, 0.0], [8.639906659391189, 58.43940385059318, 0.0], [8.639854743303701, 58.439374695425045, 0.0], [8.639838697378412, 58.43936561017518, 0.0], [8.639814048880567, 58.43935186336313, 0.0], [8.639731087272269, 58.439305400333815, 0.0], [8.639402591399447, 58.439120975419975, 0.0]]}, "properties": {"farge": "#2c7fb8", "elvenavn": null}}, {"type": "Feature", "geometry": {"type": "LineString", "coordinates": [[8.627293073910948, 58.437496613102795, 0.0], [8.627292568263364, 58.43753252478521, 0.0], [8.62718594108387, 58.43788251980328, 0.0], [8.627045623796375, 58.4382231777631, 0.0], [8.626939377286782, 58.43854644167834, 0.0], [8.62679851147915, 58.438887252292545, 0.0], [8.62676367390605, 58.438959008752185, 0.0]]}, "properties": {"farge": "#2c7fb8", "elvenavn": null}}, {"type": "Feature", "geometry": {"type": "LineString", "coordinates": [[8.57240929792414, 58.43104721281976, 0.0], [8.572409094257758, 58.43106521693752, 0.0], [8.57237060208784, 58.431415370015934, 0.0], [8.572263640382767, 58.431765228650086, 0.0], [8.57200274523558, 58.43209661898837, 0.0], [8.571503200551021, 58.432337540779265, 0.0], [8.570902010693844, 58.432488224654584, 0.0], [8.570283549258146, 58.43264785393954, 0.0], [8.569778404142792, 58.4326800607829, 0.0], [8.569615060718158, 58.43269047924792, 0.0], [8.568947238388148, 58.43268818865629, 0.0], [8.56829752503499, 58.43261420859495, 0.0], [8.56761237041958, 58.43261184850507, 0.0], [8.567175515274474, 58.43259281160126, 0.0], [8.566944827525912, 58.43258271989232, 0.0], [8.566329001402105, 58.43253565724997, 0.0], [8.566137514958672, 58.43271281825437, 0.0], [8.565999836001252, 58.43283999816702, 0.0], [8.565585614165826, 58.433107986246725, 0.0], [8.56531109682311, 58.43314306096914, 0.0], [8.56477976049846, 58.43316816374791, 0.0], [8.564608851502626, 58.43314955154177, 0.0], [8.56411515146854, 58.43292335464286, 0.0], [8.563879318093285, 58.43259927535235, 0.0], [8.563641576328028, 58.4324458768775, 0.0]]}, "properties": {"farge": "#fdae61", "elvenavn": null}}, {"type": "Feature", "geometry": {"type": "LineString", "coordinates": [[8.621146441635034, 58.432511773939304, 0.0], [8.621331640192135, 58.43279978594075, 0.0], [8.621568181880082, 58.43312377752316, 0.0], [8.621855696279342, 58.433447972882796, 0.0], [8.622092068555036, 58.433754031244916, 0.0], [8.622311360469162, 58.434069053340366, 0.0], [8.622362346307334, 58.43410510511585, 0.0], [8.622432815965931, 58.434192748116615, 0.0], [8.622463800028981, 58.434231133360164, 0.0]]}, "properties": {"farge": "#d7191c", "elvenavn": null}}, {"type": "Feature", "geometry": {"type": "LineString", "coordinates": [[8.70553786724048, 58.43460153758598, 0.0], [8.705697965993307, 58.434495861349234, 0.0], [8.705985776161093, 58.43430614792993, 0.0], [8.706002891696944, 58.43428825874798, 0.0], [8.706450419726645, 58.4340198672762, 0.0], [8.706829597554432, 58.43373324613839, 0.0], [8.707035809177578, 58.4336528965064, 0.0], [8.707133382297421, 58.43353864387868, 0.0], [8.707234501981025, 58.4334266373625, 0.0], [8.707350029411637, 58.43334731241616, 0.0], [8.707551945113652, 58.4332382010176, 0.0], [8.707813156084839, 58.43307031913602, 0.0], [8.7079523992983, 58.432979373578654, 0.0]]}, "properties": {"farge": "#2c7fb8", "elvenavn": "Lilleelva"}}, {"type": "Feature", "geometry": {"type": "LineString", "coordinates": [[8.674162494293276, 58.427259635789284, 0.0], [8.674179064675252, 58.42731350424163, 0.0], [8.674158602215646, 58.4276817515955, 0.0], [8.674309469570485, 58.42802345214601, 0.0], [8.674616180404103, 58.428194816892216, 0.0], [8.67488952078402, 58.42826734911254, 0.0], [8.674896583723024, 58.42829201616359, 0.0], [8.674989018303792, 58.42861785192429, 0.0], [8.675020033907755, 58.428968204691856, 0.0], [8.675095695092622, 58.4292985231871, 0.0], [8.67510229510869, 58.4293276704673, 0.0], [8.67474007867254, 58.429614233275714, 0.0], [8.674361206188216, 58.42983782618073, 0.0], [8.673930584333752, 58.43011514416648, 0.0], [8.67339773477573, 58.430338401287194, 0.0], [8.672847822546336, 58.430552434998255, 0.0], [8.672280765784928, 58.4307395885042, 0.0], [8.671680021645624, 58.430908768595664, 0.0], [8.671096528960517, 58.4310688940461, 0.0], [8.670495510087935, 58.431229048888106, 0.0], [8.66992877074518, 58.43141620838774, 0.0], [8.669361685071635, 58.43160334838404, 0.0], [8.668999799906848, 58.431844791372555, 0.0], [8.66863744644611, 58.43214024875424, 0.0], [8.668274993391625, 58.43244479684, 0.0], [8.66775908427735, 58.43266797193926, 0.0], [8.667107301552813, 58.432774168116, 0.0], [8.666797474229423, 58.43294388438891, 0.0], [8.666080516149892, 58.43331622557915, 0.0], [8.665868297842323, 58.4334264754192, 0.0]]}, "properties": {"farge": "#d7191c", "elvenavn": "Kleppebekken"}}, {"type": "Feature", "geometry": {"type": "LineString", "coordinates": [[8.563131210188546, 58.42939929277198, 0.0], [8.563067003128863, 58.42904873562032, 0.0], [8.562985788746026, 58.42869822162678, 0.0], [8.562955907921959, 58.42834777375427, 0.0], [8.562926011099856, 58.42799741512675, 0.0], [8.562852748660452, 58.427787184658264, 0.0], [8.562810454605534, 58.427664715106886, 0.0], [8.562642971075084, 58.427340835811535, 0.0], [8.562578941396698, 58.42699028711402, 0.0], [8.562718360991868, 58.42678420534041, 0.0], [8.563132712728477, 58.42651614479546, 0.0], [8.563239745236402, 58.42616629510962, 0.0], [8.563380839077714, 58.42582545862625, 0.0], [8.563487674902644, 58.42549352340808, 0.0], [8.56352641497742, 58.42514338300764, 0.0], [8.56357195834138, 58.424862941497075, 0.0], [8.563581886428132, 58.42480219272271, 0.0], [8.563808459404095, 58.42448863426562, 0.0], [8.564205739732204, 58.42419358965598, 0.0], [8.564669076175637, 58.42411435488407, 0.0], [8.565165267450265, 58.42418476357207, 0.0], [8.565318587884786, 58.42420636295268, 0.0], [8.565457627050785, 58.424175630829524, 0.0], [8.56591944912164, 58.42407370711219, 0.0], [8.56618497369641, 58.42396170871429, 0.0], [8.566384089837992, 58.42387761814021, 0.0], [8.566678913823166, 58.42356434267927, 0.0], [8.567008067842742, 58.42325108531767, 0.0], [8.567014448212086, 58.42320123659055, 0.0], [8.567046029593458, 58.42295467897899, 0.0], [8.56747746448766, 58.4226688227184, 0.0], [8.567655642647912, 58.42248991026284, 0.0], [8.567789443486971, 58.422355509041104, 0.0], [8.567791758753243, 58.422175931668335, 0.0], [8.567503104456268, 58.4219773692526, 0.0], [8.56736718630235, 58.421887023325155, 0.0]]}, "properties": {"farge": "#2c7fb8", "elvenavn": null}}, {"type": "Feature", "geometry": {"type": "LineString", "coordinates": [[8.562318813034896, 58.41759475356667, 0.0], [8.561865116550083, 58.41738569049642, 0.0], [8.561808133775731, 58.41735939746449, 0.0], [8.56173214738641, 58.41735718607284, 0.0], [8.561123641761577, 58.41733910200673, 0.0], [8.56086651895559, 58.417362340575465, 0.0], [8.560643803895701, 58.41738236044624, 0.0]]}, "properties": {"farge": "#2c7fb8", "elvenavn": null}}, {"type": "Feature", "geometry": {"type": "LineString", "coordinates": [[8.680388115003803, 58.41856330972058, 0.0], [8.680389008510703, 58.41847338084716, 0.0], [8.680580472049698, 58.418123596497296, 0.0], [8.680718405783926, 58.41801613403803, 0.0], [8.681287808680505, 58.417912825592424, 0.0], [8.681352758999191, 58.41790099973921, 0.0], [8.681644559813618, 58.41778358953371, 0.0], [8.681885463124907, 58.417686715940455, 0.0], [8.68229798188382, 58.417481162811846, 0.0], [8.68231527062767, 58.41746328527504, 0.0], [8.682401762214942, 58.41737362974396, 0.0]]}, "properties": {"farge": "#2c7fb8", "elvenavn": null}}, {"type": "Feature", "geometry": {"type": "LineString", "coordinates": [[8.645900944028558, 58.41285025080026, 0.0], [8.646089791680597, 58.41279678526407, 0.0], [8.64674124020827, 58.41269077971615, 0.0], [8.647271911873757, 58.412683236489, 0.0], [8.647475579907923, 58.41285450013383, 0.0], [8.647577551708387, 58.41294459692325, 0.0], [8.64795274359641, 58.41306234022686, 0.0], [8.648371711499028, 58.413007172885486, 0.0], [8.648621183579715, 58.41297437315811, 0.0], [8.648672479651408, 58.412974493717805, 0.0]]}, "properties": {"farge": "#d7191c", "elvenavn": null}}, {"type": "Feature", "geometry": {"type": "LineString", "coordinates": [[8.69594588698239, 58.41093978776775, 0.0], [8.696398310548751, 58.410695456726586, 0.0], [8.696649521951386, 58.410559709981904, 0.0], [8.697164260130023, 58.41028170838884, 0.0], [8.697455348544366, 58.41012451314086, 0.0], [8.697523351520449, 58.41008788326219, 0.0], [8.697699987675787, 58.40999242701495, 0.0]]}, "properties": {"farge": "#fdae61", "elvenavn": null}}, {"type": "Feature", "geometry": {"type": "LineString", "coordinates": [[8.697699987675787, 58.40999242701495, 0.0], [8.697734081372289, 58.40997400229429, 0.0], [8.697940100590584, 58.40990266778665, 0.0], [8.698421381672304, 58.409652279987895, 0.0], [8.698627252946782, 58.40955590001536, 0.0], [8.698722975233215, 58.40951109139475, 0.0], [8.698936709105963, 58.40941104633108, 0.0], [8.69909203515741, 58.40925867400088, 0.0], [8.699095091463239, 58.40890839495585, 0.0], [8.69909837053639, 58.408549210808864, 0.0], [8.69913696265919, 58.408335778388064, 0.0], [8.699151979026588, 58.408252942415935, 0.0], [8.699152376685387, 58.40819901511651, 0.0], [8.699221088854722, 58.4079716689466, 0.0], [8.699258165938717, 58.40784903394593, 0.0], [8.699351568247593, 58.407732871753176, 0.0], [8.699517631218479, 58.40752627171737, 0.0], [8.699777091574871, 58.4072035088673, 0.0], [8.700002293826746, 58.4068717597909, 0.0], [8.700227507643294, 58.40653992095995, 0.0], [8.700440529863062, 58.40622630302721, 0.0], [8.700452887115572, 58.406208090040906, 0.0], [8.700678314668556, 58.40586734513966, 0.0], [8.700695523071323, 58.4058316294327, 0.0]]}, "properties": {"farge": "#2c7fb8", "elvenavn": null}}, {"type": "Feature", "geometry": {"type": "LineString", "coordinates": [[8.677206372589978, 58.401490332810056, 0.0], [8.677393934387782, 58.40156266909499, 0.0], [8.677751830406962, 58.401698201538764, 0.0], [8.678298031650732, 58.40185233677553, 0.0], [8.678508748599082, 58.40200777579035, 0.0], [8.678689024018949, 58.40214072192329, 0.0], [8.678872934290379, 58.402354634510104, 0.0], [8.678923033675364, 58.40241286493959, 0.0], [8.67895993290225, 58.40245576127783, 0.0], [8.679093678819155, 58.40278841406793, 0.0], [8.679416366510901, 58.40308557218391, 0.0], [8.679652684931742, 58.40341844035413, 0.0], [8.679957840292447, 58.40374255808962, 0.0], [8.680382976462907, 58.4040129939279, 0.0], [8.680769473897282, 58.40425881921716, 0.0], [8.680808427181221, 58.40428362384601, 0.0], [8.681405739239523, 58.404446759146744, 0.0], [8.682037880571679, 58.40456505297741, 0.0], [8.682687138096906, 58.4046654576182, 0.0], [8.683216125917607, 58.40483745077299, 0.0], [8.68328164414366, 58.405151860629296, 0.0], [8.683758562765078, 58.405404582445385, 0.0], [8.684132413579041, 58.405701916880815, 0.0], [8.684351794778609, 58.406034836958035, 0.0], [8.68432307423778, 58.40624632433659, 0.0], [8.684315267266912, 58.40630411862072, 0.0], [8.684228405289735, 58.40644761366859, 0.0], [8.684636551270058, 58.406727009443564, 0.0], [8.685199642510186, 58.406908065621614, 0.0], [8.685694009762562, 58.40715173537948, 0.0], [8.686087433051092, 58.40713481185499, 0.0], [8.686738508496873, 58.407046692795575, 0.0], [8.687060830494833, 58.407361732738494, 0.0], [8.68740053733434, 58.40766790470792, 0.0], [8.687330179545539, 58.407874360996054, 0.0], [8.687261715276561, 58.407990938390185, 0.0], [8.687156414567067, 58.408170268831036, 0.0], [8.687496015397404, 58.40846751884872, 0.0], [8.687784131179749, 58.40879158217656, 0.0], [8.68773022973189, 58.40906982177372, 0.0], [8.687831296115174, 58.409267733610974, 0.0], [8.688290866710481, 58.409538220816025, 0.0], [8.688905754846875, 58.40968345320436, 0.0], [8.689537775258287, 58.40981070638584, 0.0], [8.689997591597782, 58.41007228278268, 0.0], [8.690250456641632, 58.41050402265662, 0.0], [8.690815336133268, 58.41050537526416, 0.0], [8.691621601831917, 58.410273775547154, 0.0], [8.691997725756343, 58.41032856798366, 0.0], [8.692098916555217, 58.410490546911184, 0.0], [8.692649671027876, 58.41047210020375, 0.0], [8.693348739124824, 58.41044864029759, 0.0], [8.69373599443522, 58.41045957680672, 0.0], [8.693802081307966, 58.41046140068452, 0.0], [8.694050204846283, 58.41046825462867, 0.0], [8.694547220027385, 58.41038869474524, 0.0], [8.69529918777706, 58.41051616932424, 0.0], [8.695928801921175, 58.41093074838497, 0.0], [8.69594588698239, 58.41093978776775, 0.0]]}, "properties": {"farge": "#fdae61", "elvenavn": null}}, {"type": "Feature", "geometry": {"type": "LineString", "coordinates": [[8.697422540086155, 58.400381000690246, 0.0], [8.697590855924336, 58.40072272107468, 0.0], [8.697820092869906, 58.40086427009974, 0.0], [8.697897162537604, 58.400911935771546, 0.0], [8.697948596580645, 58.40091213389118, 0.0]]}, "properties": {"farge": "#2c7fb8", "elvenavn": null}}, {"type": "Feature", "geometry": {"type": "LineString", "coordinates": [[8.688677611782454, 58.38898041451816, 0.0], [8.688830647439756, 58.3890795773126, 0.0], [8.689221423435571, 58.38936792100593, 0.0], [8.689629575216175, 58.3896473958676, 0.0], [8.690037650342383, 58.38991776913773, 0.0], [8.69041141577105, 58.39021499414661, 0.0], [8.690785226141852, 58.390503393986045, 0.0], [8.691261893749761, 58.39074716347216, 0.0], [8.691773047219787, 58.390972732060405, 0.0], [8.692249827680033, 58.39122550923603, 0.0], [8.692358548135335, 58.39136435550372, 0.0], [8.692503582704404, 58.39154939726957, 0.0], [8.692723205125114, 58.39187330875944, 0.0], [8.692976728603906, 58.392206190342215, 0.0], [8.693116043619208, 58.39246335843416, 0.0], [8.69316194301235, 58.39254794368204, 0.0], [8.693433055646569, 58.392844948070675, 0.0], [8.693483778957097, 58.39291698275423, 0.0], [8.693746880349416, 58.39308264019077, 0.0], [8.696103919318048, 58.39456686790318, 0.0], [8.696325155875419, 58.39470208173071, 0.0], [8.697327634462438, 58.3954678576704, 0.0], [8.69739352232475, 58.395791371303304, 0.0], [8.697117053143286, 58.39610509158944, 0.0], [8.69696283177004, 58.396415302733935, 0.0], [8.696943034599592, 58.39645494282216, 0.0], [8.69693740709646, 58.39655049062721, 0.0], [8.696933212067313, 58.396623683796456, 0.0], [8.696930649185624, 58.39666957879248, 0.0], [8.696922818276603, 58.39680518533429, 0.0], [8.696867796534173, 58.39702320928032, 0.0], [8.696858757106165, 58.397058337233524, 0.0], [8.696834364708382, 58.397155209791855, 0.0], [8.696842069305893, 58.39724240990008, 0.0], [8.696843700996814, 58.39725915192269, 0.0], [8.696852725081163, 58.39736100721032, 0.0], [8.696855744373964, 58.3973939388284, 0.0], [8.696865591463732, 58.39750556143588, 0.0], [8.697073469704582, 58.39774224361767, 0.0], [8.697102836119758, 58.397775575827005, 0.0], [8.697205397457829, 58.39789826171196, 0.0], [8.697373642211003, 58.39809957299001, 0.0], [8.697610442473035, 58.39843242734755, 0.0], [8.69788127395216, 58.39875633432894, 0.0], [8.698083768830571, 58.399089204689425, 0.0], [8.69812729869367, 58.39924265779184, 0.0], [8.69815005039518, 58.3993224951559, 0.0], [8.6981808157639, 58.3994303771512, 0.0], [8.69818341961054, 58.399439782078055, 0.0], [8.69816936242831, 58.39945025561981, 0.0], [8.697919466756357, 58.39963947425724, 0.0], [8.697804577311254, 58.39972629443029, 0.0], [8.69751111494001, 58.400039897821934, 0.0], [8.697422540086155, 58.400381000690246, 0.0]]}, "properties": {"farge": "#2c7fb8", "elvenavn": null}}, {"type": "Feature", "geometry": {"type": "LineString", "coordinates": [[8.599270354863188, 58.43161291664792, 0.0], [8.599430473204562, 58.43138261896609, 0.0], [8.59949137811202, 58.4311473477199, 0.0], [8.59949849132254, 58.43090947002112, 0.0], [8.599339600443919, 58.43063453831895, 0.0], [8.599154947931792, 58.43030121066781, 0.0], [8.600458038322678, 58.42983061692781, 0.0]]}, "properties": {"farge": "#2c7fb8", "elvenavn": null}}, {"type": "Feature", "geometry": {"type": "LineString", "coordinates": [[8.531748867518138, 58.46515916140584, 0.0], [8.532133152094671, 58.464813751547986, 0.0], [8.531947682767942, 58.46472227989266, 0.0], [8.532086141094334, 58.46453776686806, 0.0], [8.5322216906315, 58.46440440701773, 0.0], [8.532166585544315, 58.46427849406843, 0.0], [8.532294011088533, 58.46418918399205, 0.0], [8.532528618313965, 58.463978758108226, 0.0], [8.532754508414913, 58.4639217930383, 0.0], [8.53276965693195, 58.463662635380764, 0.0]]}, "properties": {"farge": "#2c7fb8", "elvenavn": null}}, {"type": "Feature", "geometry": {"type": "LineString", "coordinates": [[8.530988410758773, 58.465598128678856, 0.0], [8.531026622983958, 58.465558719121006, 0.0], [8.531057832038169, 58.46552652125274, 0.0], [8.531075221661846, 58.46550866616649, 0.0], [8.531575616969434, 58.46525900451473, 0.0], [8.531748867518138, 58.46515916140584, 0.0]]}, "properties": {"farge": "#2c7fb8", "elvenavn": null}}, {"type": "Feature", "geometry": {"type": "LineString", "coordinates": [[8.608610338782595, 58.40629910330164, 0.0], [8.609205958303642, 58.40649859889014, 0.0], [8.609689767256576, 58.40692650712933, 0.0], [8.610085029716883, 58.407358674321415, 0.0], [8.61063537130993, 58.40785269347313, 0.0], [8.610755217393047, 58.40801075337982, 0.0], [8.610893438992331, 58.408343141335, 0.0], [8.611053558964242, 58.40869281328727, 0.0], [8.61124151182298, 58.40907873651512, 0.0], [8.611854239332693, 58.40939287852461, 0.0], [8.612910342709784, 58.40942651039, 0.0], [8.615134362723497, 58.40928148021086, 0.0]]}, "properties": {"farge": "#2c7fb8", "elvenavn": "Arendalsvassdraget"}}, {"type": "Feature", "geometry": {"type": "LineString", "coordinates": [[8.624286100387296, 58.40784858272555, 0.0], [8.626644089800019, 58.40741544406575, 0.0], [8.629300222882286, 58.40701765764735, 0.0], [8.630500444503769, 58.40689961269059, 0.0]]}, "properties": {"farge": "#2c7fb8", "elvenavn": "Arendalsvassdraget"}}, {"type": "Feature", "geometry": {"type": "LineString", "coordinates": [[8.606136773744806, 58.44244504817679, 0.0], [8.606950790715626, 58.44239340849457, 0.0]]}, "properties": {"farge": "#2c7fb8", "elvenavn": null}}, {"type": "Feature", "geometry": {"type": "LineString", "coordinates": [[8.602599793859039, 58.42751267688076, 0.0], [8.602454514035703, 58.42716238398889, 0.0], [8.602219582002903, 58.42673140404656, 0.0], [8.601769348309706, 58.42577389958158, 0.0], [8.601529592607292, 58.42536756228893, 0.0]]}, "properties": {"farge": "#2c7fb8", "elvenavn": "Arendalsvassdraget"}}, {"type": "Feature", "geometry": {"type": "LineString", "coordinates": [[8.605750017575279, 58.432598432157505, 0.0], [8.60559999040982, 58.43243758608797, 0.0], [8.605442814776888, 58.4321815596503, 0.0], [8.605231036134278, 58.43174740470298, 0.0], [8.604905273139883, 58.4311435971446, 0.0], [8.604696615100709, 58.4308021613902, 0.0], [8.604295834902901, 58.430210867007766, 0.0], [8.604071773473091, 58.42977861601403, 0.0], [8.603842996459063, 58.42944071722021, 0.0], [8.603202941216177, 58.42841853587613, 0.0], [8.60300854047293, 58.42807475103131, 0.0], [8.602846956775709, 58.42781947031204, 0.0], [8.602599793859039, 58.42751267688076, 0.0]]}, "properties": {"farge": "#2c7fb8", "elvenavn": "Arendalsvassdraget"}}, {"type": "Feature", "geometry": {"type": "LineString", "coordinates": [[8.601529592607292, 58.42536756228893, 0.0], [8.601844150987741, 58.424880782588204, 0.0], [8.601957195103449, 58.42452721666028, 0.0], [8.602032713621211, 58.42435236024724, 0.0], [8.60211281837816, 58.42408670227336, 0.0], [8.602331130519266, 58.4237473195063, 0.0], [8.602570989711545, 58.42341157062793, 0.0], [8.602903528842193, 58.422998711435795, 0.0], [8.603198246751626, 58.422675321052246, 0.0], [8.60338514739927, 58.42252535965649, 0.0], [8.603694815992318, 58.42231097721309, 0.0], [8.603924301504943, 58.422178230012314, 0.0], [8.604216569131703, 58.4217375961677, 0.0], [8.604583254463574, 58.42147752027057, 0.0], [8.604657494125098, 58.421211449716104, 0.0], [8.604698793691096, 58.42112481852915, 0.0], [8.604849509594311, 58.4209641339571, 0.0]]}, "properties": {"farge": "#2c7fb8", "elvenavn": "Arendalsvassdraget"}}, {"type": "Feature", "geometry": {"type": "LineString", "coordinates": [[8.817632777179211, 58.498162767912966, 0.0], [8.815932229836376, 58.49704408395008, 0.0], [8.81307033675489, 58.49446103678143, 0.0], [8.810651535907699, 58.4928500441369, 0.0], [8.809613197338376, 58.4926997036291, 0.0], [8.80874747094373, 58.49294269434692, 0.0]]}, "properties": {"farge": "#2c7fb8", "elvenavn": null}}, {"type": "Feature", "geometry": {"type": "LineString", "coordinates": [[8.53605542614605, 58.42836104443965, 0.0], [8.536590536206592, 58.42827216425776, 0.0]]}, "properties": {"farge": "#2c7fb8", "elvenavn": "elv fra Røynevatnet"}}, {"type": "Feature", "geometry": {"type": "LineString", "coordinates": [[8.509598519504207, 58.49620796465058, 0.0], [8.509767624812886, 58.4962131954468, 0.0], [8.50992559223027, 58.49617857780413, 0.0], [8.510177268317777, 58.49606394470656, 0.0], [8.510344374187303, 58.49604451370007, 0.0], [8.510504031070303, 58.49601236910965, 0.0], [8.510656759820536, 58.49597197100886, 0.0], [8.510895674429426, 58.495894189588896, 0.0]]}, "properties": {"farge": "#2c7fb8", "elvenavn": null}}, {"type": "Feature", "geometry": {"type": "LineString", "coordinates": [[8.701022744576939, 58.4358933880117, 0.0], [8.701018135913342, 58.43571579432125, 0.0], [8.70109490976123, 58.43563949648597, 0.0], [8.70123247420449, 58.43559247959484, 0.0]]}, "properties": {"farge": "#2c7fb8", "elvenavn": "Lilleelva"}}, {"type": "Feature", "geometry": {"type": "LineString", "coordinates": [[8.797358608064728, 58.49563768253218, 0.0], [8.797253222896563, 58.49556655503822, 0.0], [8.797093467737966, 58.49553516567951, 0.0], [8.796973096084015, 58.495482364546916, 0.0], [8.796780664711978, 58.49504573508802, 0.0], [8.796727579875762, 58.494960532176115, 0.0], [8.796545110193366, 58.4947091623331, 0.0], [8.796231692734343, 58.494337563120325, 0.0]]}, "properties": {"farge": "#2c7fb8", "elvenavn": null}}, {"type": "Feature", "geometry": {"type": "LineString", "coordinates": [[8.635749974785782, 58.4439072619878, 0.0], [8.635487296247508, 58.44399650691462, 0.0], [8.635142159724058, 58.443966015971625, 0.0], [8.634630328879872, 58.44393613723833, 0.0], [8.634408979799405, 58.44380463327456, 0.0], [8.634124760918851, 58.44370508526063, 0.0], [8.633535502151368, 58.44352312749011, 0.0]]}, "properties": {"farge": "#2c7fb8", "elvenavn": null}}, {"type": "Feature", "geometry": {"type": "LineString", "coordinates": [[8.547255777022528, 58.42686522693396, 0.0], [8.547376629005992, 58.42680278917876, 0.0]]}, "properties": {"farge": "#2c7fb8", "elvenavn": null}}, {"type": "Feature", "geometry": {"type": "LineString", "coordinates": [[8.57409876344005, 58.40569006792485, 0.0], [8.574243338233503, 58.40576232338136, 0.0], [8.574770172334517, 58.40599136228891, 0.0], [8.57487405713243, 58.4060606910378, 0.0], [8.575034843130672, 58.40621998716286, 0.0], [8.57555447534155, 58.406683674472404, 0.0], [8.576476856932981, 58.40743831384738, 0.0], [8.576824517669586, 58.407746998291564, 0.0], [8.57706006647666, 58.40798585093041, 0.0], [8.57732289227177, 58.40831689020768, 0.0], [8.578080137686575, 58.409018207253546, 0.0], [8.578192971756755, 58.40918751552379, 0.0], [8.579387642786914, 58.41006182248992, 0.0], [8.579772863449316, 58.41035756107056, 0.0], [8.579970915976027, 58.41060544391281, 0.0], [8.58030180746863, 58.41091923073689, 0.0], [8.580536210916234, 58.41115842417101, 0.0], [8.580876519823775, 58.41146941776835, 0.0], [8.581151999670578, 58.41169618506374, 0.0], [8.581661656351857, 58.412055856354336, 0.0], [8.582097815339235, 58.41233192221516, 0.0], [8.582595780540556, 58.41257726238236, 0.0], [8.58305872921622, 58.412841113094146, 0.0], [8.583146603041845, 58.4129166049979, 0.0], [8.58358338838785, 58.41340329401681, 0.0], [8.58385615423742, 58.413732053880956, 0.0]]}, "properties": {"farge": "#2c7fb8", "elvenavn": "Rore"}}, {"type": "Feature", "geometry": {"type": "LineString", "coordinates": [[8.501899611812412, 58.49712146549121, 0.0], [8.502081673629707, 58.49720357903912, 0.0], [8.502160370559855, 58.49728279393156, 0.0], [8.50238076565429, 58.49741844784121, 0.0], [8.50258117804737, 58.497562683300266, 0.0], [8.502652784000222, 58.49764344791373, 0.0], [8.502751416223736, 58.49771608309418, 0.0], [8.503068150692512, 58.49792673761665, 0.0], [8.503141222668427, 58.498002873456244, 0.0], [8.503175869198495, 58.49808839960949, 0.0], [8.50326853298614, 58.49816379809367, 0.0], [8.503331605347958, 58.498246871357516, 0.0], [8.503378135264793, 58.49833297621627, 0.0], [8.503450652409253, 58.498413966744, 0.0], [8.503671283547968, 58.49855017320809, 0.0], [8.503954415579297, 58.49877315859446, 0.0], [8.504060872695376, 58.498834519792574, 0.0], [8.504231540749611, 58.498830576092274, 0.0], [8.504391681592283, 58.498861555349315, 0.0], [8.504543887049334, 58.498902117145946, 0.0], [8.504653270278663, 58.498946333399424, 0.0]]}, "properties": {"farge": "#2c7fb8", "elvenavn": null}}, {"type": "Feature", "geometry": {"type": "LineString", "coordinates": [[8.557719024875501, 58.41113406964631, 0.0], [8.557722458406664, 58.41005823126674, 0.0], [8.557646820185138, 58.40952186754953, 0.0], [8.557636494789346, 58.40916323241133, 0.0], [8.557801333076359, 58.40901007402844, 0.0], [8.557935166386075, 58.4087504496832, 0.0], [8.558044417136479, 58.408487700093026, 0.0], [8.558103234601791, 58.40822099063526, 0.0], [8.558363783989835, 58.40770088243538, 0.0], [8.558435554501678, 58.407434762804286, 0.0], [8.558423747814533, 58.407255794600026, 0.0], [8.558396298810935, 58.407167486061105, 0.0], [8.558241172513782, 58.407007865977754, 0.0], [8.558176357545756, 58.40692492753634, 0.0], [8.557886629566712, 58.406503478241746, 0.0], [8.55778945422623, 58.40633168836417, 0.0], [8.557607990033992, 58.40608037565401, 0.0], [8.557496854108935, 58.40581802301457, 0.0], [8.557274546303166, 58.40547899283648, 0.0], [8.557195165609178, 58.405400264288225, 0.0], [8.55674134554088, 58.40513419158926, 0.0], [8.556514680926325, 58.404893330141604, 0.0], [8.556381374299393, 58.404633656896706, 0.0], [8.556262751727013, 58.40446566808779, 0.0], [8.556018816634444, 58.40422930451502, 0.0], [8.55571881881848, 58.404011319685004, 0.0], [8.55564513315138, 58.403933986353806, 0.0], [8.555380625842007, 58.4036033747389, 0.0], [8.555230962948535, 58.40344224254627, 0.0], [8.555141573925955, 58.40336601812329, 0.0], [8.554744830258121, 58.403074207860406, 0.0], [8.554581159600414, 58.40291691413728, 0.0], [8.554438624169503, 58.40275373225396, 0.0], [8.554335837130429, 58.402685163091085, 0.0], [8.554090430814593, 58.402560544844945, 0.0], [8.553870312800518, 58.402423522288395, 0.0], [8.553579935886535, 58.40220194531474, 0.0], [8.553367185653372, 58.40206169012715, 0.0], [8.553173723070282, 58.40191399972107, 0.0], [8.552525663772908, 58.40128264969175, 0.0], [8.552155496400504, 58.40098460480539, 0.0], [8.55211939964232, 58.40079786737392, 0.0]]}, "properties": {"farge": "#2c7fb8", "elvenavn": "elv fra Røynevatnet"}}, {"type": "Feature", "geometry": {"type": "LineString", "coordinates": [[8.6476038209391, 58.44115559399883, 0.0], [8.647473492150658, 58.44114496111693, 0.0], [8.647208663971988, 58.4413743128478, 0.0], [8.646915804210991, 58.44169807460402, 0.0], [8.646745285858206, 58.44185336878931, 0.0], [8.646640307489731, 58.441924075630936, 0.0], [8.646519445750911, 58.441987457950674, 0.0], [8.646125079507307, 58.442159351060226, 0.0], [8.646045722191946, 58.4423339776362, 0.0], [8.645952254792032, 58.44240972576084, 0.0], [8.64578409894497, 58.44240696704638, 0.0], [8.645447445208779, 58.44238076988446, 0.0], [8.645104993040366, 58.442364545419444, 0.0], [8.64486897848268, 58.4422797370882, 0.0]]}, "properties": {"farge": "#2c7fb8", "elvenavn": null}}, {"type": "Feature", "geometry": {"type": "LineString", "coordinates": [[8.85949581706901, 58.46803980631653, 0.0], [8.859227532407388, 58.46759805569348, 0.0], [8.858938067919388, 58.467069514654895, 0.0], [8.858994783261043, 58.466433713777214, 0.0], [8.858995257360203, 58.46611923939479, 0.0], [8.859001753493818, 58.46584804751341, 0.0], [8.858751857476193, 58.465725901150954, 0.0], [8.858621499821062, 58.46569485004826, 0.0]]}, "properties": {"farge": "#d7191c", "elvenavn": null}}, {"type": "Feature", "geometry": {"type": "LineString", "coordinates": [[8.688945948263038, 58.45521149892221, 0.0], [8.688901688290263, 58.45503387317017, 0.0], [8.688764256465408, 58.45477485975825, 0.0], [8.68861568176537, 58.45461352512375, 0.0], [8.688350465303252, 58.45438325749288, 0.0], [8.68820404980603, 58.45403161489435, 0.0], [8.687525863769663, 58.45400541359676, 0.0], [8.687358567143116, 58.453989522024656, 0.0], [8.687019794746243, 58.45393155938976, 0.0], [8.687111429765007, 58.4537782113845, 0.0]]}, "properties": {"farge": "#2c7fb8", "elvenavn": "Lilleelva"}}, {"type": "Feature", "geometry": {"type": "LineString", "coordinates": [[8.617517611224038, 58.427496672989584, 0.0], [8.617200065907452, 58.42821927431573, 0.0], [8.617112412167662, 58.42848425942374, 0.0], [8.617051405961892, 58.42856764807478, 0.0], [8.616902339652443, 58.428728166778875, 0.0], [8.616332310197427, 58.42892866541392, 0.0], [8.616219550071076, 58.42898847753152, 0.0], [8.616198159825391, 58.42916942891494, 0.0], [8.616120280230254, 58.42952265322377, 0.0], [8.615725440634499, 58.429694647599725, 0.0], [8.615696554156179, 58.4297472064019, 0.0]]}, "properties": {"farge": "#2c7fb8", "elvenavn": null}}, {"type": "Feature", "geometry": {"type": "LineString", "coordinates": [[8.682318366229934, 58.47541273999123, 0.0], [8.682119315655209, 58.47531256169153, 0.0]]}, "properties": {"farge": "#2c7fb8", "elvenavn": "Lilleelva"}}, {"type": "Feature", "geometry": {"type": "LineString", "coordinates": [[8.71633543333246, 58.467168751107366, 0.0], [8.715995112557014, 58.46738588088404, 0.0], [8.715880082309516, 58.467723354425665, 0.0], [8.715989710799628, 58.46822098747374, 0.0]]}, "properties": {"farge": "#2c7fb8", "elvenavn": "Biebekken"}}, {"type": "Feature", "geometry": {"type": "LineString", "coordinates": [[8.549321173250885, 58.43944670976127, 0.0], [8.549823779172339, 58.43940456023345, 0.0], [8.550218266741963, 58.4393111460959, 0.0]]}, "properties": {"farge": "#fdae61", "elvenavn": null}}, {"type": "Feature", "geometry": {"type": "LineString", "coordinates": [[8.5212100657687, 58.46772654653785, 0.0], [8.521777142258577, 58.46757171372488, 0.0], [8.523096240554077, 58.46775241013141, 0.0]]}, "properties": {"farge": "#2c7fb8", "elvenavn": null}}, {"type": "Feature", "geometry": {"type": "LineString", "coordinates": [[8.75238923706907, 58.50847401270228, 0.0], [8.75184149891817, 58.50871899059634, 0.0], [8.751591614146053, 58.508954040398564, 0.0]]}, "properties": {"farge": "#d7191c", "elvenavn": null}}, {"type": "Feature", "geometry": {"type": "LineString", "coordinates": [[8.74705492894991, 58.505661408508324, 0.0], [8.746771418497941, 58.50571095929694, 0.0], [8.746681764970411, 58.5057920511121, 0.0], [8.746389724366198, 58.506013345487276, 0.0], [8.746182761165118, 58.50615619508527, 0.0]]}, "properties": {"farge": "#d7191c", "elvenavn": null}}, {"type": "Feature", "geometry": {"type": "LineString", "coordinates": [[8.682902906786003, 58.48091703810383, 0.0], [8.683706834377206, 58.480451777235345, 0.0], [8.683807984355498, 58.480380107188005, 0.0], [8.683909534449064, 58.480256712913, 0.0]]}, "properties": {"farge": "#fdae61", "elvenavn": "Lilleelva"}}, {"type": "Feature", "geometry": {"type": "LineString", "coordinates": [[8.684573206796985, 58.471249975956404, 0.0], [8.68434449263241, 58.47119220336628, 0.0], [8.684281099317538, 58.47111292374447, 0.0], [8.6842486096806, 58.471025955339705, 0.0], [8.684236090085081, 58.47093641464788, 0.0], [8.684149550889021, 58.47086304739326, 0.0], [8.684148673579267, 58.47079984373636, 0.0]]}, "properties": {"farge": "#2c7fb8", "elvenavn": "Lilleelva"}}, {"type": "Feature", "geometry": {"type": "LineString", "coordinates": [[8.547235316196954, 58.44048120509323, 0.0], [8.547369602593584, 58.4404351211766, 0.0], [8.547493198845617, 58.440374604843484, 0.0], [8.54758033817694, 58.44029381168872, 0.0]]}, "properties": {"farge": "#fdae61", "elvenavn": null}}, {"type": "Feature", "geometry": {"type": "LineString", "coordinates": [[8.749208240278618, 58.53816910294278, 0.0], [8.74906332812616, 58.53835353185652, 0.0], [8.748946269141621, 58.538418762499234, 0.0], [8.748867850513815, 58.53849848808969, 0.0], [8.748764799203688, 58.53856955516975, 0.0], [8.748538323651868, 58.53870485436885, 0.0], [8.748046288370794, 58.53863425608435, 0.0], [8.747886856985007, 58.53866591939487, 0.0]]}, "properties": {"farge": "#2c7fb8", "elvenavn": null}}, {"type": "Feature", "geometry": {"type": "LineString", "coordinates": [[8.739664886855248, 58.52117931542333, 0.0], [8.739391801756264, 58.52095184635429, 0.0], [8.739323996206382, 58.52086954598502, 0.0], [8.73927713051717, 58.52078310924459, 0.0], [8.739356073949239, 58.520703957077586, 0.0], [8.739463693922513, 58.52063332941303, 0.0], [8.73939286597851, 58.520554291660005, 0.0], [8.73937781013602, 58.52042041634408, 0.0]]}, "properties": {"farge": "#fdae61", "elvenavn": null}}, {"type": "Feature", "geometry": {"type": "LineString", "coordinates": [[8.734888797181164, 58.5146900777623, 0.0], [8.734694675490434, 58.51481432762436, 0.0], [8.734734173042897, 58.51490131527507, 0.0], [8.734802689015549, 58.51498256654512, 0.0], [8.734903395333573, 58.51504040325812, 0.0]]}, "properties": {"farge": "#fdae61", "elvenavn": null}}, {"type": "Feature", "geometry": {"type": "LineString", "coordinates": [[8.783320970265093, 58.51584072932695, 0.0], [8.782958208332799, 58.51617680827836, 0.0], [8.782819037229995, 58.51620051737689, 0.0], [8.782498828921392, 58.51613653858705, 0.0], [8.782345295391673, 58.5160969181977, 0.0], [8.782055425137848, 58.51600129965038, 0.0], [8.781647495312164, 58.51583755211445, 0.0], [8.78139907647877, 58.51571430185467, 0.0], [8.781182300674002, 58.51557556730075, 0.0], [8.780905695636529, 58.51547498673264, 0.0], [8.780776645849256, 58.51541602754662, 0.0], [8.7805422243895, 58.51528528441461, 0.0], [8.780290907099754, 58.51516337493336, 0.0], [8.780156454999387, 58.515107991414226, 0.0], [8.780005883932146, 58.5150656843114, 0.0], [8.779358487590672, 58.514947986215425, 0.0], [8.779081626954211, 58.5148435219628, 0.0], [8.778697603541481, 58.51466485650295, 0.0], [8.778146444908385, 58.51445177844393, 0.0], [8.777999486412943, 58.51440583789632, 0.0], [8.777842419180942, 58.514371991580205, 0.0], [8.777330755545709, 58.514347424822326, 0.0], [8.776816967076533, 58.514354863801735, 0.0]]}, "properties": {"farge": "#d7191c", "elvenavn": null}}, {"type": "Feature", "geometry": {"type": "LineString", "coordinates": [[8.685102149292025, 58.50028819642254, 0.0], [8.685228267267316, 58.50022692605085, 0.0], [8.685265528855703, 58.50013911230549, 0.0], [8.68519528452947, 58.50006163446997, 0.0], [8.684711329393938, 58.499692035828645, 0.0], [8.684472001519929, 58.499579876374796, 0.0]]}, "properties": {"farge": "#fdae61", "elvenavn": null}}, {"type": "Feature", "geometry": {"type": "LineString", "coordinates": [[8.70121567373638, 58.487905484561935, 0.0], [8.70104071064059, 58.48789108912244, 0.0], [8.700889047035057, 58.4878691731618, 0.0], [8.700640636985927, 58.48774671676837, 0.0], [8.70042787143467, 58.487606673920006, 0.0], [8.699927891997097, 58.48724278162243, 0.0], [8.699254747881023, 58.48683663592832, 0.0], [8.699137643148045, 58.48677131370204, 0.0], [8.699006152869494, 58.48672168790208, 0.0], [8.698665273095228, 58.486737905193955, 0.0], [8.698323199698768, 58.48673537038365, 0.0], [8.697990248862546, 58.4866941966247, 0.0], [8.697534273832032, 58.48657194896147, 0.0], [8.69722177531643, 58.48650172154043, 0.0], [8.69707800574361, 58.486457736665024, 0.0], [8.696931364484628, 58.486411656564975, 0.0], [8.696096507144293, 58.48609884441585, 0.0], [8.695799484942949, 58.486009779928416, 0.0], [8.69564106663672, 58.485975851274, 0.0], [8.69530929122021, 58.48593220192362, 0.0], [8.694630042614943, 58.48588657702373, 0.0], [8.69377562268041, 58.48585923037523, 0.0], [8.69309512729699, 58.48581921050943, 0.0], [8.691743960847752, 58.48570140947604, 0.0], [8.690564868938244, 58.48558878979915, 0.0]]}, "properties": {"farge": "#fdae61", "elvenavn": null}}, {"type": "Feature", "geometry": {"type": "LineString", "coordinates": [[8.748413666816338, 58.48845570822538, 0.0], [8.748411940881814, 58.48861463919333, 0.0], [8.74850543738101, 58.48865163679785, 0.0], [8.748841711513363, 58.48861869405547, 0.0], [8.749810060431644, 58.488439341428716, 0.0], [8.749974012740699, 58.48841542549924, 0.0], [8.750143245335275, 58.488401373986996, 0.0], [8.750454759202713, 58.488328419682034, 0.0], [8.750617862991223, 58.48831012520762, 0.0], [8.75095914852316, 58.4883244979316, 0.0], [8.751638145312954, 58.48837140616605, 0.0], [8.752150220566826, 58.488393044494885, 0.0], [8.752835060612298, 58.48839115134074, 0.0], [8.753688655879385, 58.48835848194528, 0.0]]}, "properties": {"farge": "#d7191c", "elvenavn": null}}, {"type": "Feature", "geometry": {"type": "LineString", "coordinates": [[8.581894357791743, 58.460088802382266, 0.0], [8.581943075386324, 58.45995801224559, 0.0], [8.582036617318293, 58.459785597766036, 0.0], [8.582118939934404, 58.459709177676885, 0.0], [8.582463234041557, 58.45950974738495, 0.0], [8.582967644219375, 58.45926750466349, 0.0]]}, "properties": {"farge": "#fdae61", "elvenavn": null}}, {"type": "Feature", "geometry": {"type": "LineString", "coordinates": [[8.583833206387368, 58.45945708414952, 0.0], [8.583673623540223, 58.45942479538149, 0.0], [8.58318282217532, 58.45934616615005, 0.0], [8.582967644219375, 58.45926750466349, 0.0]]}, "properties": {"farge": "#fdae61", "elvenavn": null}}, {"type": "Feature", "geometry": {"type": "LineString", "coordinates": [[8.576136489622112, 58.44848620432453, 0.0], [8.576184755491811, 58.44879533933493, 0.0], [8.576246633701103, 58.448877541701286, 0.0], [8.576493818350844, 58.44911367672828, 0.0], [8.57656386691144, 58.44919540532134, 0.0]]}, "properties": {"farge": "#fdae61", "elvenavn": null}}, {"type": "Feature", "geometry": {"type": "LineString", "coordinates": [[8.57450962112735, 58.44714912768156, 0.0], [8.57453958582439, 58.44722494804858, 0.0], [8.574651160989273, 58.447292874956425, 0.0], [8.574692907241474, 58.44737426087164, 0.0], [8.574737418724553, 58.4477320917091, 0.0], [8.574780693675025, 58.447816289960514, 0.0], [8.575186309008911, 58.4481042867848, 0.0], [8.575587924528374, 58.44827191180812, 0.0], [8.576136489622112, 58.44848620432453, 0.0]]}, "properties": {"farge": "#fdae61", "elvenavn": null}}, {"type": "Feature", "geometry": {"type": "LineString", "coordinates": [[8.538215445298144, 58.443862078312755, 0.0], [8.538154889222634, 58.44377803603092, 0.0], [8.538155201888237, 58.44368840322782, 0.0], [8.53810251756884, 58.44360558612154, 0.0], [8.538024905620658, 58.44352568973445, 0.0], [8.537775382477024, 58.44319225270245, 0.0], [8.537611982661666, 58.442938140913625, 0.0], [8.537625864140479, 58.442848680423815, 0.0], [8.5376091892942, 58.44276008306361, 0.0], [8.53755681126217, 58.44258296661051, 0.0], [8.537511811006878, 58.44231504625852, 0.0], [8.537410264221077, 58.442004387105925, 0.0], [8.537591798899168, 58.44162295184847, 0.0], [8.538184715001963, 58.44107665481714, 0.0], [8.53889228007125, 58.440663933954085, 0.0], [8.539533008677747, 58.440425151629185, 0.0], [8.540415785135197, 58.4401643000075, 0.0], [8.540920067843754, 58.440115861884344, 0.0], [8.5415811722331, 58.44002394823928, 0.0], [8.541862873287306, 58.440013060666566, 0.0]]}, "properties": {"farge": "#fdae61", "elvenavn": null}}, {"type": "Feature", "geometry": {"type": "LineString", "coordinates": [[8.776947119109536, 58.519413348594306, 0.0], [8.776728713117448, 58.5192124446256, 0.0], [8.776605244733279, 58.51915184469058, 0.0], [8.776367134559234, 58.51891268286604, 0.0], [8.776254819335092, 58.51885085831633, 0.0], [8.776096246226452, 58.51881520355713, 0.0], [8.775951819331807, 58.518767386867616, 0.0]]}, "properties": {"farge": "#d7191c", "elvenavn": null}}, {"type": "Feature", "geometry": {"type": "LineString", "coordinates": [[8.72378370329687, 58.51024779016465, 0.0], [8.72370549467377, 58.510192519436636, 0.0], [8.723537931552825, 58.51003738332508, 0.0], [8.723442135869963, 58.50996341464378, 0.0], [8.723236296634113, 58.50982003540554, 0.0], [8.722796168606266, 58.509545251404404, 0.0], [8.722537354870822, 58.50931301638223, 0.0], [8.722399024689828, 58.50914922497279, 0.0], [8.722286915713308, 58.509081362962434, 0.0], [8.721941896120406, 58.50888199750627, 0.0], [8.721803423370524, 58.50882923255539, 0.0], [8.72120877424776, 58.508651389738105, 0.0], [8.720933725593664, 58.50854462360985, 0.0], [8.720807631573148, 58.50848413564483, 0.0], [8.720730886245295, 58.50840800288615, 0.0], [8.72065079579949, 58.508233536562436, 0.0], [8.720590923796136, 58.50814958557049, 0.0], [8.72043188463032, 58.50799091589323, 0.0], [8.72022754236269, 58.50774415506602, 0.0], [8.720132346575136, 58.507669627563395, 0.0], [8.720018826878837, 58.50760293503204, 0.0], [8.719878399865424, 58.507553068979725, 0.0], [8.719727180691539, 58.50751145270743, 0.0], [8.71945880797455, 58.5074001863294, 0.0], [8.719216865416872, 58.5072741714542, 0.0], [8.71905420854491, 58.5071659855068, 0.0]]}, "properties": {"farge": "#fdae61", "elvenavn": "Lilleelva"}}, {"type": "Feature", "geometry": {"type": "LineString", "coordinates": [[8.682229590375707, 58.499413887789075, 0.0], [8.682191596433748, 58.499522888074786, 0.0], [8.682358433216324, 58.499550898494114, 0.0], [8.682528249235276, 58.4995561492172, 0.0], [8.682845126234438, 58.499624508039915, 0.0], [8.68316907868459, 58.49968243055357, 0.0], [8.683501686780145, 58.49972609414665, 0.0], [8.683963639688777, 58.49961561462991, 0.0], [8.684131113986135, 58.49959687538991, 0.0], [8.684472001519929, 58.499579876374796, 0.0]]}, "properties": {"farge": "#fdae61", "elvenavn": null}}, {"type": "Feature", "geometry": {"type": "LineString", "coordinates": [[8.576061389834745, 58.44489992035707, 0.0], [8.576020347292868, 58.44503223187498, 0.0], [8.575890182167623, 58.44519797685155, 0.0], [8.57587561634537, 58.4452835390697, 0.0], [8.575934962918032, 58.44536741137461, 0.0], [8.576096229523113, 58.44552528901889, 0.0], [8.57614870403818, 58.445610564715686, 0.0], [8.576172000171145, 58.445699058234204, 0.0], [8.576402037163446, 58.445938764927725, 0.0], [8.576454953089755, 58.44602393565805, 0.0], [8.576543721707186, 58.44619701986631, 0.0], [8.57658408231517, 58.446375046113815, 0.0], [8.576598505089214, 58.446554004246885, 0.0], [8.576566098127467, 58.44673197701872, 0.0], [8.57662139681268, 58.446816640577445, 0.0], [8.576841679601676, 58.44705946473529, 0.0], [8.576894900267092, 58.447144514518044, 0.0], [8.576922863440828, 58.4472329624103, 0.0], [8.576914627496508, 58.447412053589204, 0.0], [8.576853425714466, 58.447679058723395, 0.0], [8.57670178603832, 58.447935881436905, 0.0], [8.57658109924744, 58.44810363079061, 0.0], [8.57650108005329, 58.44818276390777, 0.0], [8.576136489622112, 58.44848620432453, 0.0]]}, "properties": {"farge": "#fdae61", "elvenavn": null}}, {"type": "Feature", "geometry": {"type": "LineString", "coordinates": [[8.692441713554551, 58.48990223132312, 0.0], [8.69255352530448, 58.48973279230582, 0.0], [8.692686417558832, 58.4895675230425, 0.0], [8.693121959029671, 58.48907987030867, 0.0], [8.693099792834689, 58.48899458726218, 0.0], [8.692876394205793, 58.48865562338199, 0.0], [8.692505396203751, 58.488154056968206, 0.0], [8.692347385740684, 58.487898125375985, 0.0], [8.692278763024483, 58.48781639020882, 0.0], [8.692192227387517, 58.4877390144784, 0.0], [8.691732353069108, 58.48736117411312, 0.0], [8.69119622480602, 58.48670111478807, 0.0], [8.69077422244706, 58.486210097157056, 0.0], [8.690682128032599, 58.486037997209564, 0.0], [8.69054807219248, 58.485685698362765, 0.0], [8.690564868938244, 58.48558878979915, 0.0]]}, "properties": {"farge": "#fdae61", "elvenavn": "Lilleelva"}}, {"type": "Feature", "geometry": {"type": "LineString", "coordinates": [[8.715989710799628, 58.46822098747374, 0.0], [8.716330365222465, 58.46823941168042, 0.0], [8.71649647827179, 58.46826091795755, 0.0], [8.716813838482068, 58.4683273810111, 0.0], [8.716974274723595, 58.46835353111722, 0.0], [8.717223991218296, 58.468308477580074, 0.0]]}, "properties": {"farge": "#2c7fb8", "elvenavn": "Biebekken"}}, {"type": "Feature", "geometry": {"type": "LineString", "coordinates": [[8.721484034320554, 58.49488982329751, 0.0], [8.721091814074793, 58.49459581427685, 0.0], [8.720855430180512, 58.49446643098409, 0.0], [8.720719046809633, 58.49441234724388, 0.0], [8.720556076665769, 58.49438513099758, 0.0], [8.720388441809476, 58.494366888661936, 0.0], [8.719592888378031, 58.4941790018725, 0.0], [8.717789658057239, 58.49379360049352, 0.0], [8.717668756382265, 58.49373041061847, 0.0], [8.717399680885567, 58.49361946940678, 0.0], [8.716971140840618, 58.493471302883314, 0.0], [8.716838522863679, 58.4934148249178, 0.0], [8.71659036307753, 58.49329119719336, 0.0], [8.716453103640122, 58.493237885040614, 0.0], [8.716144595440406, 58.49316050194202, 0.0], [8.71582185932105, 58.49310069285595, 0.0], [8.715670293329994, 58.49306051345278, 0.0], [8.715530567714092, 58.49300866857475, 0.0], [8.715394165888322, 58.4929546075262, 0.0], [8.714881331885772, 58.492717172357914, 0.0], [8.714348959203658, 58.49249178980221, 0.0], [8.713792496418833, 58.49228318645118, 0.0], [8.713328075421778, 58.49216903248354, 0.0], [8.713001671418587, 58.492114975866556, 0.0], [8.712668681314018, 58.49207310931697, 0.0], [8.71249891944835, 58.492061833916125, 0.0], [8.712327730754856, 58.492061886208035, 0.0], [8.711986812204511, 58.492078967184185, 0.0], [8.711649093260878, 58.49211193828594, 0.0], [8.711515226163897, 58.49206205292276, 0.0], [8.711399381035259, 58.491996407985745, 0.0], [8.711303674455102, 58.49192229360383, 0.0], [8.71105628924134, 58.491686588933156, 0.0], [8.71083580668747, 58.491443690146966, 0.0], [8.710746160051299, 58.49136732737168, 0.0], [8.710421487954326, 58.491158937634964, 0.0], [8.710323538114208, 58.49098840258596, 0.0], [8.710127915315105, 58.49073981324222, 0.0], [8.709807689086858, 58.49042291511898, 0.0], [8.709706006701582, 58.49035226530797, 0.0], [8.709578476339516, 58.49029244408613, 0.0], [8.709169561574933, 58.490130265561255, 0.0], [8.709060442416794, 58.49006104231332, 0.0], [8.708706714239376, 58.489865793107114, 0.0], [8.708348573402914, 58.48936114118606, 0.0], [8.70766382321303, 58.48933662870012, 0.0], [8.707515125340079, 58.489410850567175, 0.0]]}, "properties": {"farge": "#fdae61", "elvenavn": null}}, {"type": "Feature", "geometry": {"type": "LineString", "coordinates": [[8.723429466905857, 58.492005864766284, 0.0], [8.723165723637273, 58.49203323351351, 0.0], [8.722803783660948, 58.49233665477209, 0.0], [8.722693656474522, 58.49240548646365, 0.0], [8.722622940884818, 58.49248371388182, 0.0], [8.722610565143217, 58.49257282579509, 0.0], [8.722652233283648, 58.492659106763284, 0.0], [8.722834141884412, 58.49291033717986, 0.0], [8.72288234328231, 58.492996285898165, 0.0], [8.722854985280106, 58.493083219423546, 0.0]]}, "properties": {"farge": "#fdae61", "elvenavn": null}}, {"type": "Feature", "geometry": {"type": "LineString", "coordinates": [[8.515084121531688, 58.47199278720038, 0.0], [8.5152432301803, 58.471962178039995, 0.0], [8.51550566062929, 58.4718487341501, 0.0], [8.51563056406882, 58.47178312853675, 0.0]]}, "properties": {"farge": "#2c7fb8", "elvenavn": null}}, {"type": "Feature", "geometry": {"type": "LineString", "coordinates": [[8.71396468316451, 58.47651794933159, 0.0], [8.713900415700294, 58.476434835133695, 0.0], [8.713854437013776, 58.47634879557699, 0.0], [8.713749903866773, 58.476085734536895, 0.0], [8.713633507505746, 58.47601876527337, 0.0], [8.713404178853713, 58.47605982263872, 0.0]]}, "properties": {"farge": "#2c7fb8", "elvenavn": null}}, {"type": "Feature", "geometry": {"type": "LineString", "coordinates": [[8.514742900637042, 58.465959385675795, 0.0], [8.51461378071165, 58.46610051941341, 0.0], [8.514525158728562, 58.46627357940739, 0.0], [8.514558777232647, 58.46645179052819, 0.0], [8.51452321736882, 58.46653406100389, 0.0], [8.514428882673755, 58.46660827263876, 0.0], [8.514312428387308, 58.466667780348665, 0.0]]}, "properties": {"farge": "#2c7fb8", "elvenavn": null}}, {"type": "Feature", "geometry": {"type": "LineString", "coordinates": [[8.530730245847014, 58.455029848015684, 0.0], [8.530736148145152, 58.45494026891153, 0.0], [8.530724228981935, 58.45485086714164, 0.0], [8.530672395079058, 58.45467382884481, 0.0], [8.530662616728304, 58.454494670044696, 0.0], [8.53059098787236, 58.45441770977757, 0.0], [8.530472943553278, 58.45435284826192, 0.0], [8.530095110186057, 58.4541711222666, 0.0], [8.529839587903785, 58.454061638070606, 0.0]]}, "properties": {"farge": "#2c7fb8", "elvenavn": null}}, {"type": "Feature", "geometry": {"type": "LineString", "coordinates": [[8.588203104588514, 58.45639755223867, 0.0], [8.588044045743025, 58.45660812369124, 0.0], [8.587939439029041, 58.45677859615211, 0.0], [8.587868045116778, 58.45685965898672, 0.0], [8.58777301009979, 58.456933857889986, 0.0], [8.587540520509133, 58.457064927525664, 0.0], [8.58741383672275, 58.45707994079313, 0.0]]}, "properties": {"farge": "#fdae61", "elvenavn": null}}, {"type": "Feature", "geometry": {"type": "LineString", "coordinates": [[8.580616080220832, 58.44940570981549, 0.0], [8.580958826921234, 58.44923117114742, 0.0]]}, "properties": {"farge": "#fdae61", "elvenavn": null}}, {"type": "Feature", "geometry": {"type": "LineString", "coordinates": [[8.585983789882858, 58.436936218516216, 0.0], [8.585319631109767, 58.43685134692654, 0.0], [8.58515398241891, 58.4368520134883, 0.0], [8.584995044971373, 58.436884962428415, 0.0], [8.584496886291253, 58.43704175728859, 0.0]]}, "properties": {"farge": "#fdae61", "elvenavn": null}}, {"type": "Feature", "geometry": {"type": "LineString", "coordinates": [[8.769819958200312, 58.50936868328901, 0.0], [8.769810201882139, 58.509279125162344, 0.0], [8.76975230808676, 58.50910301384536, 0.0], [8.769687422279663, 58.509020240271155, 0.0], [8.769598480591982, 58.508945614627805, 0.0], [8.769451066147207, 58.50878563321277, 0.0], [8.76925277472008, 58.50863966933266, 0.0], [8.769029470276397, 58.508206781541475, 0.0], [8.768995541758692, 58.50811889941422, 0.0], [8.768899997625939, 58.50767346749697, 0.0], [8.768866684449836, 58.50758618354945, 0.0], [8.76746985017545, 58.50694095324991, 0.0], [8.76718432948445, 58.50626061371886, 0.0], [8.767094411424402, 58.50618588433547, 0.0], [8.766965981827541, 58.50601963276969, 0.0], [8.766345711265771, 58.50548266773524, 0.0], [8.76613393005687, 58.505238821635935, 0.0], [8.765938893738557, 58.50509140815665, 0.0], [8.765589838802647, 58.504782806493466, 0.0], [8.765475187014978, 58.50471801260299, 0.0], [8.765196933538943, 58.5046137861122, 0.0], [8.76481738677244, 58.504432492625206, 0.0], [8.764606342448642, 58.504291373811505, 0.0], [8.76449070936894, 58.504225296404464, 0.0], [8.764392216520477, 58.50415205225495, 0.0], [8.764016089790255, 58.50374941109986, 0.0], [8.763851157040012, 58.503592337247674, 0.0], [8.76365134315885, 58.50344676161724, 0.0], [8.763499727773743, 58.503361668017696, 0.0], [8.763486155212421, 58.50327240725861, 0.0], [8.76341559154623, 58.50309700852926, 0.0], [8.76330215265719, 58.5029279181874, 0.0], [8.763162420312081, 58.502763820427575, 0.0], [8.763172558089007, 58.502496946008314, 0.0], [8.763137168240602, 58.50231866792107, 0.0], [8.763075340088033, 58.502142435076266, 0.0], [8.76279672275831, 58.5017187097899, 0.0], [8.762655078797357, 58.501555423986275, 0.0], [8.762571980025932, 58.501477085212585, 0.0], [8.762364394291566, 58.50133447534379, 0.0], [8.762242598492808, 58.50127151700859, 0.0], [8.761839445263108, 58.50110485929034, 0.0], [8.761693949364592, 58.50105756677497, 0.0], [8.761590539021784, 58.500992201441605, 0.0], [8.761399979316339, 58.50074241872755, 0.0], [8.761248390835359, 58.50058247597409, 0.0], [8.760657831259275, 58.50040031662001, 0.0], [8.760238834761775, 58.500244851500156, 0.0], [8.759834916810323, 58.50007861237203, 0.0], [8.759604330870719, 58.49994605552932, 0.0], [8.759281727332596, 58.49973671011267, 0.0], [8.759221464919202, 58.49965337570945, 0.0], [8.759126319277057, 58.49948117773398, 0.0], [8.758999944798108, 58.49931464644104, 0.0], [8.758419402342794, 58.498766294900754, 0.0], [8.758329956148616, 58.49850191351295, 0.0], [8.75832273691061, 58.49841289615922, 0.0], [8.758342930389542, 58.49823391608421, 0.0], [8.758337423816965, 58.49778571617041, 0.0], [8.75822030054497, 58.49734172962815, 0.0], [8.7576377307358, 58.49597325773194, 0.0], [8.75712760051971, 58.49434479332555, 0.0], [8.757339685967722, 58.49397652398563, 0.0], [8.757313392396293, 58.49352942951865, 0.0], [8.757131215421762, 58.49337718702858, 0.0], [8.756901145697228, 58.493136779107054, 0.0], [8.756701286938194, 58.49288917798206, 0.0], [8.756396340337691, 58.492568111546255, 0.0], [8.756119469130867, 58.49234159776513, 0.0], [8.756053886525677, 58.49226187479661, 0.0], [8.756141940323603, 58.49172538162953, 0.0], [8.755901918842719, 58.49129527294751, 0.0], [8.755789056527195, 58.49112599472589, 0.0], [8.755527850079645, 58.49079455382051, 0.0], [8.755434410370839, 58.490622036212095, 0.0], [8.755366954711436, 58.49054028231993, 0.0], [8.755095214642747, 58.490312660907584, 0.0], [8.755010438295296, 58.49013887750553, 0.0], [8.75484878046297, 58.48988356376132, 0.0], [8.75456887735508, 58.48936590558376, 0.0], [8.754409907838578, 58.48901706801259, 0.0], [8.754298921954167, 58.488847567211735, 0.0], [8.754222721173095, 58.48876762860863, 0.0], [8.75394348228168, 58.4885418396384, 0.0], [8.753688655879385, 58.48835848194528, 0.0]]}, "properties": {"farge": "#d7191c", "elvenavn": "Barbuvassdraget"}}, {"type": "Feature", "geometry": {"type": "LineString", "coordinates": [[8.724216936360891, 58.49657012505601, 0.0], [8.724077364846696, 58.49662967232678, 0.0], [8.723952341804331, 58.496582694764165, 0.0], [8.723829241900205, 58.49651635762758, 0.0], [8.723741161061035, 58.49644135646316, 0.0], [8.72369355736684, 58.496355262897225, 0.0], [8.723611246957448, 58.49628201017509, 0.0], [8.723216042940516, 58.49611065451793, 0.0], [8.72263245295703, 58.49566797231814, 0.0], [8.721890947931621, 58.49517486648843, 0.0], [8.721714535260668, 58.495022218871306, 0.0], [8.721592801212967, 58.49495904442188, 0.0], [8.721484034320554, 58.49488982329751, 0.0]]}, "properties": {"farge": "#fdae61", "elvenavn": null}}, {"type": "Feature", "geometry": {"type": "LineString", "coordinates": [[8.749751872924673, 58.5080246591813, 0.0], [8.7498746003161, 58.50808683201277, 0.0], [8.750148538797626, 58.50819452805, 0.0], [8.750352422351057, 58.508337227538384, 0.0], [8.750476918920054, 58.50839880354648, 0.0], [8.750700495118494, 58.50853466395648, 0.0], [8.751591614146053, 58.508954040398564, 0.0]]}, "properties": {"farge": "#d7191c", "elvenavn": "Barbuvassdraget"}}, {"type": "Feature", "geometry": {"type": "LineString", "coordinates": [[8.690744412450714, 58.45764016442937, 0.0], [8.690747753109706, 58.45759141018327, 0.0], [8.690746020094267, 58.45751384386603, 0.0], [8.690746057707315, 58.45746948726157, 0.0]]}, "properties": {"farge": "#2c7fb8", "elvenavn": "Lilleelva"}}, {"type": "Feature", "geometry": {"type": "LineString", "coordinates": [[8.702282977009832, 58.42540166667711, 0.0], [8.703446971576502, 58.42621006155128, 0.0], [8.704520186846848, 58.42709069617459, 0.0], [8.705113301987593, 58.42803504947267, 0.0], [8.70579484715992, 58.42862495418032, 0.0], [8.70673423900164, 58.42903122927658, 0.0], [8.707075417828372, 58.42925644483849, 0.0], [8.707476592608584, 58.42977773574275, 0.0], [8.708010314425598, 58.430471235908236, 0.0], [8.708872585122817, 58.4315566584624, 0.0], [8.70936917695078, 58.43227509810817, 0.0], [8.709526562985408, 58.43240865968182, 0.0]]}, "properties": {"farge": "#2c7fb8", "elvenavn": "Arendalsvassdraget"}}, {"type": "Feature", "geometry": {"type": "LineString", "coordinates": [[8.747533088778896, 58.52510699347453, 0.0], [8.747857689094959, 58.52530036343953, 0.0], [8.747926478810243, 58.52534127977368, 0.0], [8.748170787910965, 58.52543958579632, 0.0], [8.74836690839191, 58.525518515310175, 0.0], [8.748577001894207, 58.525603080543036, 0.0], [8.748834231813587, 58.52564834202311, 0.0], [8.749210700698455, 58.52583766859834, 0.0], [8.749391417125084, 58.52594214062611, 0.0], [8.749569658806745, 58.52604505051843, 0.0], [8.74958679637485, 58.52605417321364, 0.0]]}, "properties": {"farge": "#d7191c", "elvenavn": null}}, {"type": "Feature", "geometry": {"type": "LineString", "coordinates": [[8.754743923404755, 58.52520176457316, 0.0], [8.754966476997964, 58.52525612750142, 0.0], [8.75503516811913, 58.525283166074935, 0.0], [8.755514214724187, 58.525535567897364, 0.0], [8.755941747256731, 58.525796890556876, 0.0], [8.755971769694334, 58.52580907282437, 0.0], [8.75647248211943, 58.52601344684404, 0.0], [8.75648490397425, 58.52602585063899, 0.0], [8.756625980688908, 58.52616638127181, 0.0], [8.756417450895025, 58.52650724761054, 0.0], [8.756466879065401, 58.52679478188604, 0.0], [8.756483614783287, 58.52687565975433, 0.0]]}, "properties": {"farge": "#d7191c", "elvenavn": null}}, {"type": "Feature", "geometry": {"type": "LineString", "coordinates": [[8.751063973719084, 58.52293281453301, 0.0], [8.751785520842663, 58.523448201157976, 0.0], [8.752366746695051, 58.5238148698287, 0.0], [8.75264326259782, 58.52403200621393, 0.0]]}, "properties": {"farge": "#d7191c", "elvenavn": null}}, {"type": "Feature", "geometry": {"type": "LineString", "coordinates": [[8.767915095187277, 58.52588276342929, 0.0], [8.768827540869326, 58.52579626585654, 0.0], [8.769239759846375, 58.52570722376053, 0.0], [8.769181473297657, 58.52556988642926, 0.0]]}, "properties": {"farge": "#d7191c", "elvenavn": null}}, {"type": "Feature", "geometry": {"type": "LineString", "coordinates": [[8.763577460905354, 58.526547606890524, 0.0], [8.764187439803672, 58.52596299965009, 0.0], [8.764626135482423, 58.525842526125274, 0.0], [8.76502631357218, 58.525571320835695, 0.0]]}, "properties": {"farge": "#d7191c", "elvenavn": null}}, {"type": "Feature", "geometry": {"type": "LineString", "coordinates": [[8.759469275243289, 58.529692439312804, 0.0], [8.759464016595318, 58.529600940432765, 0.0], [8.759551599076461, 58.529511540587606, 0.0]]}, "properties": {"farge": "#d7191c", "elvenavn": null}}, {"type": "Feature", "geometry": {"type": "LineString", "coordinates": [[8.830886645003329, 58.59071737220044, 0.0], [8.83104263989932, 58.59046607596562, 0.0], [8.831181895997165, 58.5901250032357, 0.0], [8.831561605022252, 58.58985602560938, 0.0], [8.831648649035607, 58.589640581579204, 0.0], [8.831547035256726, 58.58929024962306, 0.0], [8.83144498815728, 58.58905660364666, 0.0], [8.831566967933709, 58.58872442431902, 0.0], [8.831862595175016, 58.58806921763735, 0.0], [8.832019014621212, 58.58774608093512, 0.0], [8.832365949425544, 58.58710883338674, 0.0], [8.83252238161701, 58.58677678185284, 0.0], [8.832575521504339, 58.58645344407144, 0.0], [8.832559017231764, 58.58630082231711, 0.0], [8.832560600459711, 58.58597743412643, 0.0]]}, "properties": {"farge": "#2c7fb8", "elvenavn": null}}, {"type": "Feature", "geometry": {"type": "LineString", "coordinates": [[8.804461633778761, 58.5850127466732, 0.0], [8.804548419410906, 58.58485115517833, 0.0], [8.804583237703799, 58.5848152871439, 0.0], [8.804635659421026, 58.5846267289909, 0.0], [8.804344900858851, 58.58430305783018, 0.0], [8.80431272419433, 58.58395272275844, 0.0], [8.804606958314734, 58.58362979595104, 0.0], [8.80502104200999, 58.58337003059097, 0.0], [8.805366650593609, 58.583083087586274, 0.0], [8.80571231142167, 58.582778315717405, 0.0], [8.80616082793733, 58.58252750707417, 0.0], [8.806420095872312, 58.582312120855455, 0.0]]}, "properties": {"farge": "#2c7fb8", "elvenavn": null}}, {"type": "Feature", "geometry": {"type": "LineString", "coordinates": [[8.837625448312819, 58.56938661442636, 0.0], [8.837248831887072, 58.569026832197856, 0.0], [8.836992540727909, 58.568703188768815, 0.0], [8.836856396112516, 58.56837073992438, 0.0], [8.836926918464677, 58.56802950862616, 0.0], [8.837048646465796, 58.567679395726, 0.0], [8.836964468098698, 58.56732009165626, 0.0], [8.836777024221242, 58.5669785093595, 0.0], [8.836453413180664, 58.56631348110054, 0.0], [8.836231633127397, 58.56598096077456, 0.0], [8.836164506340092, 58.56563058136114, 0.0], [8.836148926353218, 58.56527133715325, 0.0], [8.83681970127651, 58.565236271626574, 0.0], [8.837112235688789, 58.56511086456556, 0.0], [8.83778558836723, 58.564501031682006, 0.0], [8.837786592257743, 58.56432133792343, 0.0], [8.837409169674055, 58.56409641335643, 0.0], [8.837031527835405, 58.56398809327676, 0.0], [8.836877256078308, 58.56390709480468, 0.0], [8.836672467780772, 58.56360141772407, 0.0], [8.836416011032185, 58.563286768963835, 0.0], [8.835815060694275, 58.56313329397748, 0.0], [8.835798696521055, 58.562989594643646, 0.0], [8.83552453218886, 58.56280961832755, 0.0], [8.835164784211473, 58.56252178092303, 0.0], [8.834874079894037, 58.56219818504641, 0.0], [8.834738200471886, 58.56185665019768, 0.0], [8.834894460544758, 58.56153350686386, 0.0], [8.834964681006381, 58.56122819249306, 0.0], [8.834742715281712, 58.56091357949474, 0.0], [8.83436591235201, 58.56063464324487, 0.0], [8.834109098379209, 58.56042776292959, 0.0], [8.833646218099307, 58.560175745997206, 0.0], [8.833406752810617, 58.55994187381038, 0.0], [8.83387283821531, 58.55951136618876, 0.0], [8.833805610332208, 58.5591969101504, 0.0], [8.833617878944883, 58.55890033290376, 0.0], [8.833223535514794, 58.55871122927042, 0.0], [8.833225116430484, 58.5583789253959, 0.0], [8.833535707152254, 58.55810986514977, 0.0], [8.83360517382309, 58.55791239673033, 0.0], [8.83363991275721, 58.55788543379242, 0.0]]}, "properties": {"farge": "#2c7fb8", "elvenavn": null}}, {"type": "Feature", "geometry": {"type": "LineString", "coordinates": [[8.821078164768897, 58.56438897346149, 0.0], [8.819895875600164, 58.563650927959614, 0.0], [8.819501976026599, 58.56336292501285, 0.0], [8.819125338741179, 58.5630660284182, 0.0], [8.818561341503207, 58.56245453522503, 0.0], [8.818803773810146, 58.562122510235156, 0.0], [8.818530728705706, 58.56173596785818, 0.0], [8.81842932560808, 58.56138553935939, 0.0]]}, "properties": {"farge": "#2c7fb8", "elvenavn": null}}, {"type": "Feature", "geometry": {"type": "LineString", "coordinates": [[8.940299669708601, 58.56586479138063, 0.0], [8.940368997589571, 58.56550564840948, 0.0]]}, "properties": {"farge": "#d7191c", "elvenavn": "Vatnebuvassdraget"}}, {"type": "Feature", "geometry": {"type": "LineString", "coordinates": [[8.78682291217967, 58.55261620491778, 0.0], [8.786978802532705, 58.55240989068589, 0.0], [8.78701322917194, 58.55238292434953, 0.0], [8.787117964296849, 58.552140627165066, 0.0], [8.787101763235281, 58.55196999682872, 0.0], [8.787480331401863, 58.55187184180783, 0.0], [8.7880808804186, 58.552025447044265, 0.0], [8.788544480665836, 58.552080006659004, 0.0], [8.788837426270053, 58.55194590288392, 0.0], [8.789096965793037, 58.55164096419134, 0.0], [8.789492733947132, 58.55154291771661, 0.0], [8.790162466143542, 58.55160675339718, 0.0], [8.79064397461222, 58.551553658303796, 0.0], [8.791212010760596, 58.55138390551539, 0.0], [8.79169323237863, 58.55134889369149, 0.0], [8.79231097354055, 58.55147557583744, 0.0], [8.792861474858292, 58.551368634138505, 0.0], [8.793446845770806, 58.55120790749864, 0.0], [8.794066129693729, 58.55108322357997, 0.0], [8.794685299754224, 58.55098536750949, 0.0], [8.795974898466316, 58.55083472712395, 0.0], [8.79728144753628, 58.55070209590054, 0.0], [8.797659866520942, 58.550594809280746, 0.0], [8.797971177347879, 58.55028110732254, 0.0], [8.797818505813684, 58.54993060230334, 0.0], [8.79812905421375, 58.54971538255221, 0.0], [8.798490377483919, 58.54964418766788, 0.0], [8.7988332626876, 58.54976148233204, 0.0], [8.799209755927054, 58.550022509715255, 0.0], [8.79970668294451, 58.550274781537674, 0.0], [8.800289730439822, 58.55045530737721, 0.0], [8.800924778200494, 58.550600076076044, 0.0], [8.801438961024681, 58.550816344247465, 0.0], [8.801729367699563, 58.5511131779503, 0.0], [8.801985410079485, 58.551427978471814, 0.0], [8.80239613320736, 58.55170704262147, 0.0], [8.802876082138951, 58.551950373721155, 0.0], [8.803390170888438, 58.552157623133446, 0.0], [8.803647492532825, 58.55223879199753, 0.0], [8.80380298542781, 58.552095389552505, 0.0], [8.80390806474599, 58.55175421980005, 0.0], [8.804133312907814, 58.55142228940888, 0.0], [8.804410030794742, 58.55109933414493, 0.0], [8.804411132509543, 58.55089280423201, 0.0], [8.804463456065875, 58.550749179886836, 0.0], [8.804859189841432, 58.55065099568503, 0.0], [8.805081893511858, 58.550768038612794, 0.0], [8.805321411159383, 58.5509749579733, 0.0], [8.805904573346714, 58.55113754181927, 0.0], [8.806058959956054, 58.55120066647046, 0.0], [8.806694587393109, 58.55122854388348, 0.0], [8.806623986711077, 58.551569762493294, 0.0], [8.806295669863081, 58.55188356112886, 0.0], [8.80626044441886, 58.55205421905615, 0.0], [8.806569232848906, 58.552144446324476, 0.0], [8.807136323848901, 58.552136225071145, 0.0]]}, "properties": {"farge": "#2c7fb8", "elvenavn": null}}, {"type": "Feature", "geometry": {"type": "LineString", "coordinates": [[8.813746387781553, 58.5467033858662, 0.0], [8.81374705892429, 58.54658661868802, 0.0], [8.813611227055342, 58.54629008217129, 0.0], [8.813576966838555, 58.54625393576249, 0.0], [8.81337160505653, 58.54610118536143, 0.0]]}, "properties": {"farge": "#2c7fb8", "elvenavn": "Molandselva"}}, {"type": "Feature", "geometry": {"type": "LineString", "coordinates": [[8.840136747070334, 58.550223677884404, 0.0], [8.839691176673018, 58.54997170186011, 0.0], [8.839348560903284, 58.54973773798273, 0.0], [8.839040707400063, 58.54941404459313, 0.0], [8.838629674376875, 58.5491440965891, 0.0], [8.838063492217332, 58.54896375269496, 0.0], [8.837428391067132, 58.548837270199535, 0.0], [8.837051633376511, 58.54857626101876, 0.0], [8.836932813706202, 58.548234828718115, 0.0], [8.836762647313673, 58.547902270078765, 0.0], [8.83666105550004, 58.54756085653264, 0.0], [8.83685091225178, 58.54739944228487, 0.0], [8.837109802434716, 58.54714832916122, 0.0], [8.837059372029884, 58.54690564426098, 0.0], [8.836630973647214, 58.54663575277885, 0.0], [8.836409247550085, 58.546321151971206, 0.0], [8.836685349293715, 58.54602512275883, 0.0]]}, "properties": {"farge": "#2c7fb8", "elvenavn": null}}, {"type": "Feature", "geometry": {"type": "LineString", "coordinates": [[8.777014658903676, 58.53852576109697, 0.0], [8.777116800262062, 58.53867869035081, 0.0], [8.777578745403094, 58.538975825545094, 0.0], [8.777972065584558, 58.53925503286467, 0.0], [8.778399519536624, 58.53953409733354, 0.0], [8.77868967369543, 58.53985790657366, 0.0], [8.778980311992715, 58.54005602077639, 0.0], [8.7793068743549, 58.54003857631676, 0.0], [8.779633658555548, 58.539976294104015, 0.0], [8.77985804678453, 58.539806009978804, 0.0], [8.779926852646412, 58.539788101523676, 0.0], [8.780460681411846, 58.53957360142327, 0.0], [8.780667894880628, 58.53939428622201, 0.0]]}, "properties": {"farge": "#fdae61", "elvenavn": null}}, {"type": "Feature", "geometry": {"type": "LineString", "coordinates": [[8.768849780191408, 58.53943647645882, 0.0], [8.768576162023228, 58.539256276896474, 0.0], [8.768200067362205, 58.53898616246799, 0.0], [8.767738004604077, 58.538724917742975, 0.0], [8.767362067801315, 58.538427881238704, 0.0], [8.767002346150695, 58.53828346881762, 0.0], [8.766797201347707, 58.53817531365137, 0.0], [8.76599324446331, 58.537634980829104, 0.0], [8.765120753177344, 58.53713047729537, 0.0], [8.764899009939915, 58.53691452239094, 0.0], [8.764969378834952, 58.536618242502854, 0.0], [8.765315085368115, 58.536313495811385, 0.0], [8.765059261376908, 58.536034641751066, 0.0], [8.764737404284734, 58.535378383027656, 0.0], [8.764566499339262, 58.53521641717392, 0.0]]}, "properties": {"farge": "#fdae61", "elvenavn": null}}, {"type": "Feature", "geometry": {"type": "LineString", "coordinates": [[8.859655549284247, 58.528781301659656, 0.0], [8.85984389521195, 58.528898129613154, 0.0], [8.860031372406858, 58.529248593596016, 0.0], [8.860595763712343, 58.529860006348585, 0.0], [8.861006664954234, 58.53015689369297, 0.0], [8.861520054015946, 58.530624387023174, 0.0], [8.861536547035785, 58.53075908147742, 0.0], [8.86175958172893, 58.53084019986469, 0.0], [8.862171272454143, 58.530930457835524, 0.0], [8.862703109661226, 58.53114660292192, 0.0], [8.86302801103402, 58.53143431498661, 0.0], [8.86376419181133, 58.532027836173164, 0.0], [8.864175231505836, 58.53229770368632, 0.0], [8.864672470272568, 58.53252280625939, 0.0], [8.865991769877311, 58.53331455373755, 0.0], [8.8665233127684, 58.53353958184167, 0.0], [8.867089349073998, 58.53373780533748, 0.0], [8.867294138888708, 58.53408827594864, 0.0]]}, "properties": {"farge": "#2c7fb8", "elvenavn": null}}, {"type": "Feature", "geometry": {"type": "LineString", "coordinates": [[8.805836811053135, 58.52609756476174, 0.0], [8.805870356044162, 58.52625921409876, 0.0], [8.806143311000955, 58.52657401886363, 0.0], [8.80603949806292, 58.52673550171633, 0.0], [8.80552324484333, 58.52694131324236, 0.0], [8.805418144694222, 58.52727347499541, 0.0], [8.805416463269244, 58.52761469669641, 0.0], [8.805534774342432, 58.527947229699095, 0.0], [8.805980773010594, 58.52801979385393, 0.0], [8.80611763221373, 58.528136645353854, 0.0], [8.80620152445118, 58.528469132107034, 0.0], [8.806354316379743, 58.52879270702993, 0.0], [8.806455525009008, 58.52914314197798, 0.0], [8.806402023922608, 58.52948437630007, 0.0], [8.80636587853887, 58.52983455564967, 0.0], [8.806255563651021, 58.5311457078207, 0.0], [8.806234089997375, 58.531909133658374, 0.0]]}, "properties": {"farge": "#2c7fb8", "elvenavn": null}}, {"type": "Feature", "geometry": {"type": "LineString", "coordinates": [[8.83426827253954, 58.52671227107262, 0.0], [8.834267857120922, 58.52678402196808, 0.0], [8.833988453834893, 58.527789577493095, 0.0], [8.833849512445553, 58.52813065959213, 0.0], [8.83388227183788, 58.52844507690147, 0.0], [8.83430697971707, 58.52942459168846, 0.0], [8.834425551056487, 58.52976601702832, 0.0], [8.834595597442783, 58.5301074912856, 0.0], [8.834884681202391, 58.53075457193913, 0.0], [8.835003225489023, 58.531105000271154, 0.0], [8.834978797132582, 58.53131287424304, 0.0]]}, "properties": {"farge": "#fdae61", "elvenavn": null}}, {"type": "Feature", "geometry": {"type": "LineString", "coordinates": [[8.834978797132582, 58.53131287424304, 0.0], [8.834967342592872, 58.531410346200474, 0.0], [8.834516072396722, 58.53243346706683, 0.0], [8.834462991860887, 58.53277481534023, 0.0], [8.83447831426407, 58.533107122684676, 0.0], [8.834441248911272, 58.533735786058905, 0.0], [8.834419335829464, 58.53474168425352, 0.0], [8.834519095337779, 58.53543331267998, 0.0], [8.834551696161252, 58.53579265745713, 0.0], [8.834687541475974, 58.53612509859391, 0.0], [8.834651688078507, 58.536466376610704, 0.0], [8.834306778773135, 58.53676232601524, 0.0], [8.834219224574564, 58.537121375340845, 0.0]]}, "properties": {"farge": "#2c7fb8", "elvenavn": null}}, {"type": "Feature", "geometry": {"type": "LineString", "coordinates": [[8.824832633431118, 58.51817636178917, 0.0], [8.825022382553344, 58.51797002726246, 0.0], [8.82512707779548, 58.51763792644461, 0.0], [8.825163163194544, 58.517296660224396, 0.0], [8.825336322553078, 58.516973537601245, 0.0], [8.825612439464702, 58.516677537457305, 0.0], [8.825871591430303, 58.51636351806342, 0.0], [8.826061837117944, 58.516022488728304, 0.0], [8.826492482932933, 58.51576267228634, 0.0], [8.826356836307713, 58.51542113217717, 0.0], [8.826426352618238, 58.51524159193341, 0.0]]}, "properties": {"farge": "#fdae61", "elvenavn": null}}, {"type": "Feature", "geometry": {"type": "LineString", "coordinates": [[8.826426352618238, 58.51524159193341, 0.0], [8.826461064328445, 58.515160869782164, 0.0], [8.826805760018793, 58.514874031103965, 0.0], [8.827253431184335, 58.51462295894575, 0.0], [8.827683709246998, 58.51436312153435, 0.0], [8.828028440471774, 58.51406718658349, 0.0]]}, "properties": {"farge": "#fdae61", "elvenavn": null}}, {"type": "Feature", "geometry": {"type": "LineString", "coordinates": [[8.803275529220183, 58.50822969898786, 0.0], [8.803789543338453, 58.508347268967555, 0.0], [8.803909301755294, 58.50845528294334, 0.0]]}, "properties": {"farge": "#fdae61", "elvenavn": null}}, {"type": "Feature", "geometry": {"type": "LineString", "coordinates": [[8.799079010502519, 58.50381338593434, 0.0], [8.799335214096754, 58.503984393315335, 0.0], [8.799335085131487, 58.50404733481882, 0.0], [8.799212888402582, 58.50439748327646, 0.0], [8.799073718771696, 58.504738523714046, 0.0], [8.798831550274219, 58.505070427994355, 0.0]]}, "properties": {"farge": "#fdae61", "elvenavn": null}}, {"type": "Feature", "geometry": {"type": "LineString", "coordinates": [[8.869772023687345, 58.50497337252363, 0.0], [8.869667936488959, 58.50472057154229, 0.0], [8.86951734081095, 58.50454061905021, 0.0], [8.8691829905678, 58.50443524631853, 0.0], [8.868963566876207, 58.504323469667774, 0.0], [8.868784372707182, 58.504046843105144, 0.0], [8.868981817419684, 58.503698927365846, 0.0], [8.869188560330251, 58.50329785036238, 0.0], [8.869344739190414, 58.50312068993966, 0.0], [8.869853605565629, 58.503139126785705, 0.0], [8.870091710576013, 58.503079063710615, 0.0], [8.870103820333755, 58.502424445806575, 0.0], [8.870034457944584, 58.50210543444578, 0.0], [8.86911846477291, 58.50116211623014, 0.0], [8.8692348303542, 58.50082222709047, 0.0], [8.869406281965013, 58.50062075583486, 0.0]]}, "properties": {"farge": "#d7191c", "elvenavn": null}}, {"type": "Feature", "geometry": {"type": "LineString", "coordinates": [[8.869406281965013, 58.50062075583486, 0.0], [8.86947833767384, 58.500536083055636, 0.0], [8.869764707248832, 58.499614664085925, 0.0], [8.869654763138568, 58.49894228258056, 0.0], [8.869047622910953, 58.497952858077944, 0.0]]}, "properties": {"farge": "#2c7fb8", "elvenavn": null}}, {"type": "Feature", "geometry": {"type": "LineString", "coordinates": [[8.815912224599924, 58.58899978516723, 0.0], [8.817401166471731, 58.58966256579778, 0.0], [8.817844330636927, 58.590192005171026, 0.0], [8.818132527772658, 58.59026786629976, 0.0], [8.818177415666986, 58.59026453329679, 0.0]]}, "properties": {"farge": "#2c7fb8", "elvenavn": null}}, {"type": "Feature", "geometry": {"type": "LineString", "coordinates": [[8.843359551226133, 58.517239292577656, 0.0], [8.843243127668849, 58.51737440937242, 0.0], [8.842962468558305, 58.51747968114149, 0.0]]}, "properties": {"farge": "#2c7fb8", "elvenavn": null}}, {"type": "Feature", "geometry": {"type": "LineString", "coordinates": [[8.833324079809998, 58.5111836151658, 0.0], [8.834841869562242, 58.51114785452627, 0.0]]}, "properties": {"farge": "#2c7fb8", "elvenavn": null}}, {"type": "Feature", "geometry": {"type": "LineString", "coordinates": [[8.81095749515122, 58.58283100586308, 0.0], [8.812989344497593, 58.582556867688105, 0.0], [8.813449585515103, 58.58243632214478, 0.0]]}, "properties": {"farge": "#2c7fb8", "elvenavn": null}}, {"type": "Feature", "geometry": {"type": "LineString", "coordinates": [[8.820269051452746, 58.574680385443614, 0.0], [8.820284650774566, 58.574792389195736, 0.0], [8.820418216005692, 58.574957008873, 0.0], [8.820662636063876, 58.57507615968067, 0.0]]}, "properties": {"farge": "#2c7fb8", "elvenavn": "Strengselva"}}, {"type": "Feature", "geometry": {"type": "LineString", "coordinates": [[8.940368997589571, 58.56550564840948, 0.0], [8.940370310969806, 58.565245291215874, 0.0], [8.940477475735843, 58.56471055739309, 0.0], [8.940746730095393, 58.564193868109946, 0.0], [8.940715287406636, 58.56405082057167, 0.0]]}, "properties": {"farge": "#d7191c", "elvenavn": "Vatnebuvassdraget"}}, {"type": "Feature", "geometry": {"type": "LineString", "coordinates": [[8.762925108095663, 58.534160557076326, 0.0], [8.763641251827329, 58.534328826089116, 0.0], [8.764125638484495, 58.53441820777955, 0.0]]}, "properties": {"farge": "#fdae61", "elvenavn": null}}, {"type": "Feature", "geometry": {"type": "LineString", "coordinates": [[8.803909301755294, 58.50845528294334, 0.0], [8.804014284008044, 58.50852622805722, 0.0], [8.804163193111718, 58.50856641267592, 0.0], [8.804668104595573, 58.50861426865244, 0.0], [8.805128718662388, 58.508727528780796, 0.0], [8.805450350145815, 58.509034700200395, 0.0], [8.805690661465098, 58.50908666738604, 0.0]]}, "properties": {"farge": "#fdae61", "elvenavn": null}}, {"type": "Feature", "geometry": {"type": "LineString", "coordinates": [[8.798075374190459, 58.505257812422414, 0.0], [8.798219098890824, 58.50530869385137, 0.0], [8.798376442477583, 58.50528337888313, 0.0], [8.798577873362918, 58.50528798965277, 0.0]]}, "properties": {"farge": "#fdae61", "elvenavn": null}}, {"type": "Feature", "geometry": {"type": "LineString", "coordinates": [[8.831937471716191, 58.583219401129384, 0.0], [8.832111676040363, 58.583170208556666, 0.0], [8.832475071928643, 58.58335792342104, 0.0], [8.83311735608511, 58.58348528305949, 0.0], [8.83321309357391, 58.58354771428512, 0.0], [8.833584548340523, 58.584144278397915, 0.0], [8.833698693869687, 58.58440636889012, 0.0]]}, "properties": {"farge": "#2c7fb8", "elvenavn": "Strengselva"}}, {"type": "Feature", "geometry": {"type": "LineString", "coordinates": [[8.844006572290722, 58.518425599665676, 0.0], [8.844114001129407, 58.51835080280803, 0.0], [8.843873453375334, 58.518230731071675, 0.0], [8.843557351604257, 58.51802003374681, 0.0], [8.842962468558305, 58.51747968114149, 0.0]]}, "properties": {"farge": "#2c7fb8", "elvenavn": null}}, {"type": "Feature", "geometry": {"type": "LineString", "coordinates": [[8.832560600459711, 58.58597743412643, 0.0], [8.832583955927898, 58.58583522099452, 0.0], [8.83239168486177, 58.585584065331396, 0.0]]}, "properties": {"farge": "#2c7fb8", "elvenavn": null}}, {"type": "Feature", "geometry": {"type": "LineString", "coordinates": [[8.892178067918712, 58.534614517240044, 0.0], [8.89234667281197, 58.534582025624516, 0.0], [8.89235697414739, 58.53451221952574, 0.0], [8.892241287930839, 58.53444593425199, 0.0], [8.891966151322304, 58.534341783172344, 0.0], [8.89147745162396, 58.534272579238454, 0.0], [8.89118000133203, 58.534052147024376, 0.0], [8.890943823494709, 58.5338132962898, 0.0], [8.890529480702714, 58.5332245904685, 0.0], [8.890028557574766, 58.53275665391589, 0.0], [8.889606538356787, 58.53247410330685, 0.0], [8.889379821799006, 58.53233972322437, 0.0], [8.888268939466725, 58.5319213663709, 0.0], [8.88791220238704, 58.5317276479602, 0.0], [8.8874935069065, 58.5315725173846, 0.0], [8.8865889275763, 58.53116548979028, 0.0], [8.885894152886033, 58.530547437670265, 0.0], [8.885413034211599, 58.53017636912792, 0.0], [8.884845831698058, 58.529840942988564, 0.0], [8.884470789756351, 58.52965599651555, 0.0], [8.884542680753045, 58.52893874326334, 0.0], [8.884495843617586, 58.52885601664592, 0.0], [8.883921326211192, 58.52840917940981, 0.0], [8.883676755538755, 58.5277960242924, 0.0], [8.883557760887477, 58.52762973886636, 0.0], [8.882288565869626, 58.52667248243446, 0.0], [8.882224408514345, 58.52632155268479, 0.0], [8.88200477610803, 58.52615418398727, 0.0]]}, "properties": {"farge": "#2c7fb8", "elvenavn": null}}, {"type": "Feature", "geometry": {"type": "LineString", "coordinates": [[8.787029164246997, 58.55540963919528, 0.0], [8.78720233000955, 58.55540263889739, 0.0], [8.787336939557145, 58.55535448490524, 0.0], [8.787339844847985, 58.55527348810038, 0.0], [8.786762745657683, 58.55472388431762, 0.0], [8.786220685464874, 58.55437988855508, 0.0], [8.786019613943653, 58.55413296742338, 0.0], [8.78592368977444, 58.553869111683234, 0.0], [8.785924799801977, 58.55312251715496, 0.0]]}, "properties": {"farge": "#2c7fb8", "elvenavn": null}}, {"type": "Feature", "geometry": {"type": "LineString", "coordinates": [[8.81337160505653, 58.54610118536143, 0.0], [8.81329362553205, 58.54599585662879, 0.0], [8.813163186968051, 58.54564453706499, 0.0], [8.813045757144824, 58.54547620989154, 0.0], [8.812969378866203, 58.54512069099483, 0.0], [8.812794642244597, 58.54468309538037, 0.0], [8.81234542778414, 58.54430263467356, 0.0], [8.812230608922727, 58.544134831676764, 0.0], [8.811432057411867, 58.54334147502148, 0.0]]}, "properties": {"farge": "#2c7fb8", "elvenavn": "Molandselva"}}, {"type": "Feature", "geometry": {"type": "LineString", "coordinates": [[8.774464230776903, 58.531803292436955, 0.0], [8.774973589756682, 58.53195684248909, 0.0], [8.775090841248044, 58.531944080528284, 0.0], [8.77525429070079, 58.5317867100987, 0.0]]}, "properties": {"farge": "#fdae61", "elvenavn": null}}, {"type": "Feature", "geometry": {"type": "LineString", "coordinates": [[8.813449585515103, 58.58243632214478, 0.0], [8.812924560308607, 58.58220615793596, 0.0], [8.811748413026327, 58.58155412853093, 0.0], [8.811326463543061, 58.58116413418, 0.0], [8.811039128871522, 58.580838476277705, 0.0], [8.81096006863146, 58.580576210528314, 0.0], [8.810799920363841, 58.58032098058857, 0.0], [8.810177895001432, 58.579681771386575, 0.0], [8.809982663689484, 58.57953502818203, 0.0], [8.809613064630149, 58.57934781991528, 0.0], [8.808708884343265, 58.57869977448717, 0.0], [8.808642296960052, 58.57861992581833, 0.0], [8.808643830041534, 58.57853026437737, 0.0], [8.808540319363235, 58.57836032666366, 0.0], [8.80792420494666, 58.57770720837321, 0.0]]}, "properties": {"farge": "#2c7fb8", "elvenavn": "Molandselva"}}, {"type": "Feature", "geometry": {"type": "LineString", "coordinates": [[8.793150841553881, 58.56061083552435, 0.0], [8.793159949654955, 58.56075488907512, 0.0], [8.793220210339072, 58.56083445464266, 0.0], [8.793333876004507, 58.5609018451246, 0.0], [8.79362066427926, 58.56099667217905, 0.0], [8.794266219790162, 58.56129070987252, 0.0], [8.794451336901652, 58.56143967187342, 0.0], [8.794624735921, 58.56169234054758, 0.0], [8.794632394381502, 58.56178056357602, 0.0], [8.794722444226808, 58.56185434272918, 0.0], [8.794933050623113, 58.561995061216, 0.0], [8.795180321629108, 58.5621163900542, 0.0], [8.795500549027013, 58.562179097936074, 0.0], [8.795547366402342, 58.56225830057814, 0.0]]}, "properties": {"farge": "#2c7fb8", "elvenavn": null}}, {"type": "Feature", "geometry": {"type": "LineString", "coordinates": [[8.94529508721208, 58.55915996983738, 0.0], [8.945054029814504, 58.55915093149384, 0.0], [8.944396807487538, 58.55905181478073, 0.0], [8.943771410600158, 58.558905971240215, 0.0], [8.943119359735473, 58.55879436206168, 0.0], [8.942271165433153, 58.55873132069716, 0.0], [8.941510033941569, 58.55892988535442, 0.0], [8.940487068242952, 58.558999740304785, 0.0], [8.940353907254915, 58.558957752793, 0.0], [8.940136391793764, 58.558819119816526, 0.0], [8.939391791094863, 58.55821688683972, 0.0]]}, "properties": {"farge": "#d7191c", "elvenavn": null}}, {"type": "Feature", "geometry": {"type": "LineString", "coordinates": [[8.939391791094863, 58.55821688683972, 0.0], [8.93877714398497, 58.55691101333203, 0.0], [8.938579488283846, 58.55638354504885, 0.0], [8.938175396586528, 58.55569815873246, 0.0], [8.937628259325413, 58.55548924350171, 0.0], [8.93670020124035, 58.55489672113185, 0.0]]}, "properties": {"farge": "#d7191c", "elvenavn": "Vatnebuvassdraget"}}, {"type": "Feature", "geometry": {"type": "LineString", "coordinates": [[8.808152011882179, 58.538270719683105, 0.0], [8.808140782830963, 58.53851222546062, 0.0], [8.808904422639928, 58.539210026814345, 0.0], [8.8094659072231, 58.53966054375296, 0.0], [8.810705765130638, 58.54040224684291, 0.0], [8.810891467712342, 58.54065241896192, 0.0], [8.811568046772669, 58.5411708138525, 0.0], [8.812135184488948, 58.54210928471512, 0.0]]}, "properties": {"farge": "#2c7fb8", "elvenavn": null}}, {"type": "Feature", "geometry": {"type": "LineString", "coordinates": [[8.954628594195501, 58.562538371465514, 0.0], [8.954232178309102, 58.56237054696615, 0.0], [8.953769283997845, 58.56225315337959, 0.0], [8.95277201081255, 58.56215529032374, 0.0], [8.951771998831953, 58.561427394367705, 0.0], [8.951049283586624, 58.56104529886596, 0.0], [8.950243759980431, 58.560464731346855, 0.0], [8.949744429218502, 58.56022085370267, 0.0], [8.949566861390808, 58.56006852420518, 0.0], [8.949466788525164, 58.55989946296359, 0.0], [8.949264313487909, 58.55977036731836, 0.0]]}, "properties": {"farge": "#d7191c", "elvenavn": null}}, {"type": "Feature", "geometry": {"type": "LineString", "coordinates": [[8.850233781429093, 58.53608544959457, 0.0], [8.85023460834045, 58.53608141096584, 0.0], [8.850280496717247, 58.535671727127806, 0.0], [8.850641094636131, 58.535482804254414, 0.0], [8.85082698834418, 58.535140422550576, 0.0], [8.85125429755736, 58.534860179429444, 0.0], [8.851271932134791, 58.53477145404865, 0.0], [8.851383891403216, 58.534716180723805, 0.0], [8.851868104018646, 58.5346254446138, 0.0], [8.852038097740952, 58.5346152376405, 0.0], [8.852886747500687, 58.5346730865447, 0.0], [8.853857214871967, 58.53484639679496, 0.0], [8.85406619723783, 58.53498103459359, 0.0]]}, "properties": {"farge": "#2c7fb8", "elvenavn": "Molandselva"}}, {"type": "Feature", "geometry": {"type": "LineString", "coordinates": [[8.750010955465976, 58.55906035168457, 0.0], [8.750119459258082, 58.55897629507437, 0.0], [8.750321745757667, 58.55878049227548, 0.0], [8.750183470474456, 58.55855928913921, 0.0], [8.74999242856556, 58.55832474910777, 0.0]]}, "properties": {"farge": "#2c7fb8", "elvenavn": null}}, {"type": "Feature", "geometry": {"type": "LineString", "coordinates": [[8.754627534334228, 58.53695814369958, 0.0], [8.754328506409763, 58.536911126509665, 0.0], [8.753992666435426, 58.536858078840716, 0.0], [8.753443372201797, 58.536812170583666, 0.0], [8.752789976779573, 58.53690076659196, 0.0], [8.752377625328888, 58.536938629532635, 0.0], [8.752119875948404, 58.536962336785365, 0.0], [8.751500522554343, 58.53708690074395, 0.0], [8.750881510000388, 58.53718446110769, 0.0], [8.750262377627529, 58.537300024314035, 0.0], [8.750000066413467, 58.53735502487706, 0.0], [8.749625923070028, 58.53743347050725, 0.0], [8.749486047135544, 58.53778353730961, 0.0], [8.74927754266061, 58.53812439759066, 0.0], [8.749208240278618, 58.53816910294278, 0.0]]}, "properties": {"farge": "#2c7fb8", "elvenavn": null}}, {"type": "Feature", "geometry": {"type": "LineString", "coordinates": [[8.735620143737348, 58.51330846254887, 0.0], [8.73558544100816, 58.51335332325631, 0.0], [8.73530883551738, 58.513613193475464, 0.0], [8.735291291886929, 58.51366699996983, 0.0], [8.735202830886777, 58.514017139280945, 0.0], [8.735062998619139, 58.514358097765054, 0.0], [8.734906063801317, 58.51465417948049, 0.0], [8.734888797181164, 58.5146900777623, 0.0]]}, "properties": {"farge": "#fdae61", "elvenavn": null}}, {"type": "Feature", "geometry": {"type": "LineString", "coordinates": [[8.783528249207208, 58.51285925747442, 0.0], [8.783699283528081, 58.512958346205465, 0.0], [8.78373337653835, 58.512985398829784, 0.0], [8.784143657293948, 58.51327343361054, 0.0], [8.784330559478164, 58.513570153252374, 0.0], [8.78446583663865, 58.513902727239774, 0.0], [8.784687025978217, 58.514226417919, 0.0], [8.784601844748796, 58.51428549727216, 0.0], [8.784273328878596, 58.51451313185041, 0.0], [8.78403108026428, 58.51481808314554, 0.0], [8.783857181036295, 58.51515004048027, 0.0], [8.783733469486867, 58.51537087718441, 0.0], [8.783682733444653, 58.515461798649916, 0.0], [8.783666534071331, 58.515490999737914, 0.0], [8.783530254886475, 58.51562846470955, 0.0], [8.783355566029593, 58.51580485776181, 0.0], [8.783320970265093, 58.51584072932695, 0.0]]}, "properties": {"farge": "#d7191c", "elvenavn": null}}, {"type": "Feature", "geometry": {"type": "LineString", "coordinates": [[8.509066674396502, 58.50234935733776, 0.0], [8.509067494728509, 58.502286434977464, 0.0], [8.509067717293286, 58.5022685209012, 0.0], [8.509031797121843, 58.50206492381028, 0.0], [8.509006359812018, 58.50192176040472, 0.0], [8.509004242691415, 58.501909042079085, 0.0], [8.508888578283793, 58.5015851057268, 0.0], [8.508755959213104, 58.50125238141025, 0.0], [8.50872909569062, 58.501200483854426, 0.0], [8.50858867505071, 58.500928435505074, 0.0], [8.508422024908619, 58.5005955137529, 0.0], [8.508340968901875, 58.500253877516485, 0.0], [8.508206127858115, 58.50000003729835, 0.0], [8.50817376002582, 58.49993885228629, 0.0], [8.507714213415976, 58.499676626808366, 0.0], [8.506898964172745, 58.49898197456263, 0.0], [8.506773257806943, 58.498874792088394, 0.0]]}, "properties": {"farge": "#2c7fb8", "elvenavn": null}}, {"type": "Feature", "geometry": {"type": "LineString", "coordinates": [[8.752610298531584, 58.51852453593918, 0.0], [8.752458144532389, 58.518182989868585, 0.0], [8.752511547528139, 58.51791362400002, 0.0], [8.752839899979147, 58.517617882225025, 0.0], [8.752962351801806, 58.517538398305824, 0.0], [8.75322146281822, 58.517370217711594, 0.0], [8.75325377159941, 58.51734928125156, 0.0], [8.753392437550916, 58.517151892879006, 0.0], [8.753224114243784, 58.51694437442238, 0.0], [8.753137223191347, 58.51683710461844, 0.0], [8.75279593643606, 58.5165310799178, 0.0], [8.752540690301279, 58.51622520432847, 0.0], [8.752268340465708, 58.5159013816289, 0.0], [8.752012833688326, 58.51561341346929, 0.0], [8.751722902043925, 58.51532547399458, 0.0], [8.751519391701658, 58.515001770236445, 0.0], [8.751281188909518, 58.51466898631267, 0.0], [8.75110102138028, 58.51453086057065, 0.0], [8.75090576832652, 58.51438083026706, 0.0], [8.75051297461401, 58.51411965189005, 0.0], [8.750154372729401, 58.51384051036802, 0.0], [8.750088884472477, 58.51374166861751, 0.0], [8.749933721136019, 58.51350786051853, 0.0], [8.749833790892536, 58.5132182137848, 0.0], [8.749815868147481, 58.51316627504629, 0.0], [8.74986036870355, 58.5130664141738, 0.0], [8.74987744665028, 58.51302762328961, 0.0], [8.749891400158342, 58.51299669486792, 0.0], [8.749964575964272, 58.51295506188013, 0.0], [8.750000028545529, 58.51293482029557, 0.0], [8.750196189764921, 58.512823188469646, 0.0], [8.750420268760136, 58.51267662729264, 0.0], [8.751382076871671, 58.511462814283995, 0.0], [8.751440941158117, 58.51138851082828, 0.0], [8.751471872462943, 58.511349225924825, 0.0], [8.751872796495263, 58.5111316019179, 0.0], [8.752081480387583, 58.51106254641111, 0.0], [8.752440439345447, 58.51094409551515, 0.0], [8.75246546018157, 58.51093793309276, 0.0], [8.753059492657204, 58.51079250943021, 0.0], [8.753132421035799, 58.51075896798837, 0.0], [8.753158460837795, 58.510747091520564, 0.0], [8.753352228992332, 58.51065839339805, 0.0]]}, "properties": {"farge": "#d7191c", "elvenavn": null}}, {"type": "Feature", "geometry": {"type": "LineString", "coordinates": [[8.758398870877041, 58.5105331287399, 0.0], [8.758518962836881, 58.5105603333591, 0.0], [8.758570293643023, 58.51057841841004, 0.0], [8.759118081069714, 58.510785986167704, 0.0], [8.759495668333981, 58.51079558599638, 0.0], [8.75990750157737, 58.510796499102184, 0.0], [8.760472599509919, 58.51098617345183, 0.0], [8.760621182568507, 58.51102638339033, 0.0], [8.761072107190982, 58.51114888560858, 0.0], [8.761620222260747, 58.5113296208966, 0.0], [8.762133630566858, 58.511537118840515, 0.0], [8.762457749859605, 58.51184309073025, 0.0], [8.762523898663973, 58.51219348637199, 0.0], [8.762779112924761, 58.512517259950556, 0.0], [8.763154955735574, 58.5128053992481, 0.0], [8.763432247597514, 58.5129627420798, 0.0], [8.763599503080721, 58.513057622654465, 0.0], [8.764147452119369, 58.51324725330625, 0.0], [8.764680785135228, 58.51344940719106, 0.0], [8.764695298932624, 58.513454887791475, 0.0], [8.765175851898311, 58.513650954014885, 0.0], [8.765225908397966, 58.513671405555364, 0.0], [8.765704931580789, 58.513914764843676, 0.0], [8.76614954927736, 58.5141580661996, 0.0], [8.766196911123636, 58.514184960114655, 0.0], [8.766577137573325, 58.51440134636109, 0.0], [8.767073215805551, 58.51464472062723, 0.0], [8.767535149633922, 58.51487012869049, 0.0], [8.767997275945195, 58.515095454222894, 0.0], [8.768510617875302, 58.51532993738163, 0.0], [8.768955129691683, 58.51560014953581, 0.0], [8.768981647254199, 58.515618462068645, 0.0], [8.769348198132942, 58.5158702854415, 0.0], [8.769792813017022, 58.51612257807796, 0.0], [8.77001115471294, 58.51627586267704, 0.0], [8.770127264438393, 58.51635752572108, 0.0], [8.770203011253095, 58.516410656075216, 0.0], [8.770681830494231, 58.51667199581477, 0.0], [8.771143656674772, 58.516924400930606, 0.0], [8.771622817810627, 58.51715873649612, 0.0], [8.772101917197709, 58.51740216273535, 0.0], [8.772187618520158, 58.517454515661505, 0.0], [8.772315389201752, 58.51753260163437, 0.0], [8.772529342974048, 58.51766324369646, 0.0], [8.772904400196426, 58.5178684602862, 0.0], [8.772974055470158, 58.51790652300204, 0.0], [8.773521857457652, 58.51811411359669, 0.0], [8.774068979858642, 58.518303297132626, 0.0], [8.774635423912521, 58.51849323842245, 0.0], [8.774926405143052, 58.51861960995853, 0.0]]}, "properties": {"farge": "#d7191c", "elvenavn": "Barbuvassdraget"}}, {"type": "Feature", "geometry": {"type": "LineString", "coordinates": [[8.66692066115488, 58.50509228899278, 0.0], [8.66709315982464, 58.50501193928715, 0.0], [8.667162091572445, 58.50497617540044, 0.0], [8.667576161872708, 58.50474369233004, 0.0], [8.668007568460588, 58.50449333323893, 0.0], [8.668490382883098, 58.50424317691032, 0.0], [8.668955629910386, 58.504037811718476, 0.0], [8.669438009291694, 58.503841399051865, 0.0], [8.669868767313906, 58.50364495080871, 0.0], [8.67036808741559, 58.50345756952023, 0.0], [8.67053121840858, 58.503399448092274, 0.0], [8.670919063474463, 58.503261395402276, 0.0], [8.67141827862672, 58.50308310163101, 0.0], [8.671917675441813, 58.50290472499162, 0.0], [8.67239963484566, 58.50275331337055, 0.0], [8.672932786143846, 58.502610917956176, 0.0], [8.673397615245074, 58.50245045929355, 0.0], [8.673828411602138, 58.50224499441007, 0.0], [8.674293678475188, 58.502030606147706, 0.0], [8.674758956225633, 58.50183422967639, 0.0], [8.674904259962766, 58.501772789439116, 0.0], [8.6752239038409, 58.50163774527565, 0.0], [8.67572307454878, 58.501459433863744, 0.0], [8.676273913432253, 58.50127223812016, 0.0], [8.676824472932934, 58.50112087171355, 0.0], [8.677358102109757, 58.50093363107336, 0.0], [8.677805979323306, 58.50073719454631, 0.0], [8.678305428696971, 58.50052286218908, 0.0], [8.678822300770193, 58.50029966261174, 0.0], [8.678930069820986, 58.50023924446222, 0.0], [8.679253342527089, 58.50005816796111, 0.0], [8.679389070891242, 58.50000012242929, 0.0], [8.679752757374272, 58.49984391887211, 0.0], [8.680547183503089, 58.499521223741084, 0.0], [8.68083846262894, 58.49954318625407, 0.0], [8.68112325841577, 58.499478997290154, 0.0], [8.68100850483691, 58.49929391944316, 0.0], [8.681208119497317, 58.49914014019363, 0.0], [8.681427105073592, 58.4990582879362, 0.0], [8.681585194542928, 58.49899927397645, 0.0], [8.681881032343272, 58.49878891612022, 0.0], [8.682116932174173, 58.49870483652635, 0.0], [8.682173202524837, 58.498684741156225, 0.0], [8.682484166708809, 58.4986509330218, 0.0], [8.682555368416583, 58.49873217593728, 0.0], [8.682485382353025, 58.49899053148429, 0.0], [8.682250154381027, 58.49921208151836, 0.0], [8.682229590375707, 58.499413887789075, 0.0]]}, "properties": {"farge": "#fdae61", "elvenavn": null}}, {"type": "Feature", "geometry": {"type": "LineString", "coordinates": [[8.69709777996651, 58.4980358642096, 0.0], [8.697097993536408, 58.49800885611815, 0.0], [8.697135416015511, 58.49764973226683, 0.0], [8.697343278536259, 58.49742572822406, 0.0], [8.69768802241125, 58.49722882565204, 0.0], [8.69762120829336, 58.497117277447465, 0.0], [8.697569637211734, 58.497030977497595, 0.0], [8.69748591528073, 58.49679728213981, 0.0], [8.697567594659521, 58.49662055421171, 0.0], [8.69764337996647, 58.49645650463147, 0.0], [8.697869022265163, 58.49613358784564, 0.0], [8.69826511087428, 58.49596389222345, 0.0], [8.69867822155464, 58.495794223934205, 0.0], [8.698925168793702, 58.49562347970941, 0.0], [8.699092368833165, 58.49550779523378, 0.0], [8.699577092039661, 58.49500581311892, 0.0]]}, "properties": {"farge": "#fdae61", "elvenavn": null}}, {"type": "Feature", "geometry": {"type": "LineString", "coordinates": [[8.71905420854491, 58.5071659855068, 0.0], [8.718695985521023, 58.506904686320645, 0.0], [8.718234660937519, 58.50665219042625, 0.0], [8.717893844415245, 58.506337077055, 0.0], [8.717690460132, 58.506022320419305, 0.0], [8.71741734578876, 58.50584211000643, 0.0], [8.716800958171037, 58.50567907471923, 0.0], [8.716631387033717, 58.50542721863813, 0.0], [8.716358964870711, 58.505148243232604, 0.0], [8.71591501396914, 58.50487776883266, 0.0], [8.715522552547021, 58.504598475674015, 0.0], [8.71513026787657, 58.50431918980454, 0.0], [8.714858132874738, 58.504004200413064, 0.0], [8.71429295312001, 58.50387726137289, 0.0], [8.714193222552925, 58.50385290559116, 0.0], [8.713847721645807, 58.50376846495771, 0.0], [8.71349004538244, 58.50346232551756, 0.0], [8.713131745255092, 58.50317407631047, 0.0], [8.71263619728866, 58.50295743008903, 0.0], [8.712226480067688, 58.5026690812752, 0.0], [8.711863471687508, 58.5025413551241, 0.0], [8.71181686745132, 58.50252492360119, 0.0], [8.711661840061653, 58.50247028754758, 0.0], [8.711407255349645, 58.50213732980647, 0.0], [8.710997525102595, 58.501875994094675, 0.0], [8.710484690542016, 58.501650382785186, 0.0], [8.710006174585644, 58.501415740242635, 0.0], [8.709785653885348, 58.50108292328794, 0.0], [8.709788092968603, 58.50081349050855, 0.0], [8.710183634954097, 58.5006975875994, 0.0], [8.710238694478816, 58.50068894849042, 0.0], [8.710354974912189, 58.50067089256586, 0.0], [8.710501370045657, 58.50064801365722, 0.0], [8.710750618736698, 58.50060902960999, 0.0], [8.710907888340012, 58.500259133387395, 0.0], [8.710806804345632, 58.50003441236769, 0.0], [8.710596513465925, 58.49994841683353, 0.0], [8.710276762942144, 58.499817589491705, 0.0], [8.71022528716436, 58.49979956668768, 0.0], [8.710008986033891, 58.49972885498763, 0.0], [8.70921585549275, 58.49947008443344, 0.0], [8.709194572667464, 58.499463093227746, 0.0], [8.709107031633556, 58.49942555338223, 0.0], [8.708925081805264, 58.49934752379286, 0.0], [8.708446659343412, 58.49910396266581, 0.0], [8.707916578441532, 58.49889613327783, 0.0], [8.707599445105565, 58.498740300338, 0.0], [8.707560555563008, 58.498721184647785, 0.0], [8.707420955267105, 58.49865262200152, 0.0], [8.707404585649396, 58.498585711371504, 0.0], [8.707354465587063, 58.498382948340485, 0.0], [8.707385584550938, 58.498099526160814, 0.0], [8.707391817306657, 58.498041833481274, 0.0], [8.707067119122724, 58.497879322291496, 0.0], [8.70641593858714, 58.49779701466167, 0.0], [8.705782096636106, 58.49769673438579, 0.0], [8.705269270954574, 58.497462003438706, 0.0], [8.70482541630929, 58.497200585791774, 0.0], [8.70441593034105, 58.49692122540477, 0.0], [8.704040897909278, 58.49663302300688, 0.0], [8.703597025381544, 58.49638042563403, 0.0], [8.703153212786317, 58.49611891337565, 0.0], [8.702726486390926, 58.495848514331115, 0.0], [8.702420403890654, 58.49554244811057, 0.0], [8.702165627834455, 58.49522756068909, 0.0], [8.70185945476929, 58.49491248217935, 0.0], [8.701553387599581, 58.49460641415483, 0.0], [8.700971688209169, 58.4944164534517, 0.0], [8.700303097063744, 58.49435198717834, 0.0], [8.700000014467484, 58.494421709808904, 0.0], [8.699684555370737, 58.49449424416691, 0.0], [8.699545534621576, 58.49469147303098, 0.0], [8.699545207060378, 58.49470955932235, 0.0], [8.699544425274158, 58.49481723478281, 0.0]]}, "properties": {"farge": "#fdae61", "elvenavn": "Lilleelva"}}, {"type": "Feature", "geometry": {"type": "LineString", "coordinates": [[8.799460752587802, 58.499394393483755, 0.0], [8.799420597850581, 58.499252862627124, 0.0], [8.79939715436593, 58.499170497103165, 0.0], [8.799141022929865, 58.498954554448275, 0.0], [8.79862737885927, 58.498747285200395, 0.0], [8.798285604932232, 58.49853997470345, 0.0], [8.798115787233659, 58.49821645882127, 0.0], [8.797980585131631, 58.49788399524266, 0.0], [8.797764631614756, 58.49767441073138, 0.0], [8.797656316324744, 58.497569106590674, 0.0], [8.797297707060679, 58.497281098251605, 0.0], [8.797144815032816, 58.49702044901744, 0.0], [8.79721540835436, 58.49667023088479, 0.0], [8.79726895716811, 58.496320086452506, 0.0], [8.797305338843442, 58.49596973961504, 0.0], [8.797341049483476, 58.49571841980724, 0.0], [8.797358608064728, 58.49563768253218, 0.0]]}, "properties": {"farge": "#2c7fb8", "elvenavn": null}}, {"type": "Feature", "geometry": {"type": "LineString", "coordinates": [[8.721754163402426, 58.489092382055986, 0.0], [8.721788452705143, 58.4891102769123, 0.0], [8.721976331878807, 58.48919155205855, 0.0], [8.722010654037854, 58.48920062257585, 0.0], [8.722404951441893, 58.489281767384995, 0.0], [8.722627211417066, 58.48932762512327, 0.0], [8.723277787529163, 58.489454853935285, 0.0], [8.723687344540824, 58.48973415522952, 0.0], [8.724114165933624, 58.49000448604944, 0.0], [8.724506371456334, 58.490283743011986, 0.0], [8.724555916326016, 58.49053537081949, 0.0], [8.724318764463026, 58.49087424200885, 0.0], [8.723966027673113, 58.49137828213998, 0.0], [8.723879680031565, 58.491458969517545, 0.0], [8.72386220260039, 58.491476843943275, 0.0], [8.723568237172268, 58.49179959606642, 0.0], [8.723446902948448, 58.491969976360686, 0.0], [8.723429466905857, 58.492005864766284, 0.0]]}, "properties": {"farge": "#fdae61", "elvenavn": null}}, {"type": "Feature", "geometry": {"type": "LineString", "coordinates": [[8.51563056406882, 58.47178312853675, 0.0], [8.51573328662589, 58.471783658158714, 0.0], [8.515750469334442, 58.47178371955652, 0.0], [8.516200253512292, 58.47148902704506, 0.0], [8.516513145294368, 58.47117585642061, 0.0], [8.51675758953098, 58.470853446851144, 0.0], [8.5169851341839, 58.47052198242849, 0.0], [8.517109365556411, 58.47020806456324, 0.0]]}, "properties": {"farge": "#2c7fb8", "elvenavn": null}}, {"type": "Feature", "geometry": {"type": "LineString", "coordinates": [[8.517109365556411, 58.47020806456324, 0.0], [8.517178039828922, 58.47019929897721, 0.0], [8.517559117546384, 58.46991336664802, 0.0], [8.517922937059877, 58.46961845084769, 0.0], [8.518355060068707, 58.46935951720469, 0.0], [8.518753370717489, 58.46908256310308, 0.0], [8.519202861731271, 58.46880586232197, 0.0], [8.519314998811698, 58.46874795701695, 0.0], [8.519358165564817, 58.46872555595504, 0.0]]}, "properties": {"farge": "#2c7fb8", "elvenavn": null}}, {"type": "Feature", "geometry": {"type": "LineString", "coordinates": [[8.672031692794018, 58.4758268502037, 0.0], [8.672186595403492, 58.47588027288656, 0.0], [8.672313371685807, 58.47593806680545, 0.0], [8.672784201188144, 58.47616924635105, 0.0], [8.673261817744113, 58.47642192498751, 0.0], [8.673653557063817, 58.47671033881394, 0.0], [8.674062395957774, 58.476989780704976, 0.0], [8.67448865928524, 58.477260356635945, 0.0], [8.674552375114379, 58.47729413199741, 0.0], [8.674966302866258, 58.47751302938968, 0.0], [8.675496067442543, 58.47772081591503, 0.0], [8.675991108467885, 58.47794669581396, 0.0], [8.676081134530225, 58.47799095874638, 0.0], [8.676108615029332, 58.478004477154634, 0.0], [8.67646907878538, 58.47818145581701, 0.0], [8.676964259272943, 58.47841616467841, 0.0], [8.677459294695943, 58.4786688769509, 0.0], [8.677476236205026, 58.47867791085537, 0.0], [8.677595543611165, 58.478759106228075, 0.0], [8.677612595905927, 58.47877706188547, 0.0]]}, "properties": {"farge": "#fdae61", "elvenavn": null}}, {"type": "Feature", "geometry": {"type": "LineString", "coordinates": [[8.514312428387308, 58.466667780348665, 0.0], [8.514294559930262, 58.46672163981128, 0.0], [8.514224142858422, 58.46685606226184, 0.0], [8.514223636592906, 58.466882969497, 0.0], [8.514064696438247, 58.46722367707452, 0.0], [8.51399449595619, 58.46734018518687, 0.0], [8.51395946256494, 58.467393893753, 0.0]]}, "properties": {"farge": "#2c7fb8", "elvenavn": null}}, {"type": "Feature", "geometry": {"type": "LineString", "coordinates": [[8.655293955415775, 58.474524728226925, 0.0], [8.655361884236, 58.47457880765041, 0.0], [8.65537898835713, 58.47458785280267, 0.0], [8.655822172125369, 58.474849519491954, 0.0], [8.65616362014377, 58.475012105916804, 0.0], [8.656712972850878, 58.474941655279274, 0.0], [8.657246441944809, 58.47473657711839, 0.0], [8.657292544489355, 58.47472598606001, 0.0], [8.657864958557003, 58.47459453035614, 0.0], [8.658500681126467, 58.47447044695539, 0.0], [8.65913621284036, 58.4743464411192, 0.0], [8.659805266435187, 58.47430326254452, 0.0], [8.660474078232161, 58.47428708798926, 0.0], [8.661023395947561, 58.47421670772734, 0.0], [8.661658878143571, 58.47411952659538, 0.0], [8.661830890545437, 58.474039164340944, 0.0], [8.661679898223069, 58.47370645114462, 0.0], [8.661529052108182, 58.47335582203471, 0.0], [8.661429438684923, 58.473005212140556, 0.0], [8.661392032421633, 58.47294868731799, 0.0], [8.661209731368885, 58.47267224191058, 0.0], [8.661161484084582, 58.47233994102388, 0.0], [8.661319018552485, 58.471999114501806, 0.0], [8.661319508408988, 58.4719631128634, 0.0]]}, "properties": {"farge": "#fdae61", "elvenavn": null}}, {"type": "Feature", "geometry": {"type": "LineString", "coordinates": [[8.780845784756176, 58.47507900924828, 0.0], [8.780930056641097, 58.4753037455193, 0.0], [8.780927733452387, 58.47566295348345, 0.0], [8.780908596793248, 58.47601323836163, 0.0], [8.780872166504663, 58.476354396686716, 0.0], [8.780835719455602, 58.476695644265966, 0.0], [8.780841938073511, 58.476740073995906, 0.0], [8.780884991793945, 58.47704601579264, 0.0], [8.78081428847636, 58.477396223122525, 0.0], [8.780785029892767, 58.477477830558165, 0.0], [8.780692067798807, 58.47773734969239, 0.0], [8.780604457255055, 58.47806944370453, 0.0], [8.780584939988923, 58.47842862566244, 0.0], [8.78057310147466, 58.47850603761839, 0.0], [8.780566000573547, 58.47855189053387, 0.0], [8.780531248390183, 58.47877885028031, 0.0], [8.780531165392055, 58.47879676727215, 0.0], [8.78053097900452, 58.47881332840176, 0.0], [8.780531017139689, 58.47882377668714, 0.0]]}, "properties": {"farge": "#2c7fb8", "elvenavn": "Songevassdraget"}}, {"type": "Feature", "geometry": {"type": "LineString", "coordinates": [[8.629503044527887, 58.465139110295596, 0.0], [8.62912368109544, 58.46536247529335, 0.0], [8.629190632767719, 58.465515325671106, 0.0], [8.629240563774767, 58.46565021448464, 0.0], [8.629239292870984, 58.46578498200096, 0.0], [8.629169049948215, 58.465946482913516, 0.0], [8.629129210080604, 58.46598980024737, 0.0], [8.62903239913728, 58.46609572932244, 0.0]]}, "properties": {"farge": "#d7191c", "elvenavn": null}}, {"type": "Feature", "geometry": {"type": "LineString", "coordinates": [[8.62903239913728, 58.46609572932244, 0.0], [8.62887413380782, 58.46626889932362, 0.0], [8.628551058680554, 58.46655325354209, 0.0], [8.62852936928073, 58.46657234704172, 0.0], [8.62847299067574, 58.46692341057294, 0.0], [8.628522247527204, 58.46713013990875, 0.0], [8.628758193187798, 58.46741255841785, 0.0], [8.628793072985008, 58.46745428765772, 0.0], [8.628739427433379, 58.467660659119844, 0.0]]}, "properties": {"farge": "#fdae61", "elvenavn": null}}, {"type": "Feature", "geometry": {"type": "LineString", "coordinates": [[8.524653902821514, 58.46247619747257, 0.0], [8.524586890748509, 58.462368042272345, 0.0], [8.524192859710435, 58.46211693253217, 0.0], [8.524161957810097, 58.4620971706027, 0.0], [8.52365120338241, 58.461852662051655, 0.0], [8.52357004552601, 58.46151112284957, 0.0], [8.52359189929355, 58.46116093473261, 0.0], [8.523750886588354, 58.4608202215647, 0.0], [8.523793221728218, 58.460792012386385, 0.0], [8.524165858069997, 58.46054346926363, 0.0], [8.524169658570553, 58.46026496716722, 0.0], [8.52413466684715, 58.460172396674984, 0.0], [8.52403709856381, 58.45991415671821, 0.0], [8.524038997203741, 58.45978841696141, 0.0], [8.524076161415792, 58.459573128190826, 0.0], [8.523822281164255, 58.45933857965372, 0.0], [8.52336312447559, 58.4590764176086, 0.0], [8.523139430446312, 58.45898842034096, 0.0], [8.522971008372798, 58.45892223143717, 0.0], [8.522928740192963, 58.458927744538954, 0.0], [8.522301417428146, 58.45900951814634, 0.0], [8.52168273763842, 58.45913289188306, 0.0], [8.521545764508158, 58.45912351270742, 0.0], [8.52127186793865, 58.45910448619941, 0.0]]}, "properties": {"farge": "#2c7fb8", "elvenavn": null}}, {"type": "Feature", "geometry": {"type": "LineString", "coordinates": [[8.696499831465669, 58.4698776565174, 0.0], [8.696483271801789, 58.46984162538908, 0.0], [8.696348719493916, 58.46951805962786, 0.0], [8.696331918901747, 58.46949102278987, 0.0], [8.69609469688108, 58.46915815893012, 0.0], [8.695772045909282, 58.46894293383967, 0.0], [8.695702822167801, 58.468896739135886, 0.0], [8.695224966846409, 58.46864413470436, 0.0], [8.69496906425166, 58.46849083110226, 0.0], [8.694542554470354, 58.46826534426432, 0.0], [8.69421936070116, 58.46796813130346, 0.0], [8.694081188359554, 58.4676954489339, 0.0], [8.694050882474688, 58.46763550295301, 0.0], [8.693865312330916, 58.46729374503941, 0.0], [8.693650029865479, 58.46697672844438, 0.0], [8.693661248501627, 58.46695161438634, 0.0], [8.693853867778133, 58.46664698367415, 0.0], [8.694045251684473, 58.46630617685968, 0.0], [8.694031049324975, 58.46595585441021, 0.0], [8.69403141773281, 58.46592894398795, 0.0], [8.694032286676432, 58.46583135942542, 0.0], [8.69403273701517, 58.46577626357201, 0.0]]}, "properties": {"farge": "#2c7fb8", "elvenavn": null}}, {"type": "Feature", "geometry": {"type": "LineString", "coordinates": [[8.722807279620255, 58.468634741119274, 0.0], [8.722892951565079, 58.46861706494538, 0.0], [8.723357928842626, 58.46835765689349, 0.0], [8.723686158168059, 58.46804397929929, 0.0], [8.72378287625952, 58.46796263244262, 0.0], [8.724048513211647, 58.46773936198932, 0.0], [8.724290748396248, 58.46746144625037, 0.0], [8.724413582332465, 58.4671024663533, 0.0], [8.724741540062919, 58.466797869405674, 0.0], [8.724828658021972, 58.46661833562335, 0.0], [8.72481175703492, 58.466600394284136, 0.0], [8.724915203966281, 58.46651982751688, 0.0]]}, "properties": {"farge": "#2c7fb8", "elvenavn": "Biebekken"}}, {"type": "Feature", "geometry": {"type": "LineString", "coordinates": [[8.535678930715282, 58.456956967323066, 0.0], [8.535797400045134, 58.457074205497605, 0.0], [8.535814198452366, 58.457092169876894, 0.0], [8.536083971645285, 58.45742549823356, 0.0], [8.536183058236182, 58.457713257663876, 0.0], [8.535819332077027, 58.45800831146096, 0.0], [8.535758571319967, 58.458080629196594, 0.0], [8.535540693422089, 58.45833964729936, 0.0], [8.535502706263989, 58.45862695543789, 0.0], [8.535893750032258, 58.45886184432324, 0.0], [8.53597912756166, 58.45888913404203, 0.0], [8.536064351382736, 58.4589163258461, 0.0]]}, "properties": {"farge": "#fdae61", "elvenavn": null}}, {"type": "Feature", "geometry": {"type": "LineString", "coordinates": [[8.69278688401184, 58.463186632800365, 0.0], [8.692942461374326, 58.46306120056916, 0.0]]}, "properties": {"farge": "#2c7fb8", "elvenavn": "Lilleelva"}}, {"type": "Feature", "geometry": {"type": "LineString", "coordinates": [[8.58741383672275, 58.45707994079313, 0.0], [8.587293017224246, 58.45715142636081, 0.0], [8.587275742346419, 58.4571603768358, 0.0], [8.587004274992815, 58.457317972806926, 0.0], [8.586844383218743, 58.45741046445383, 0.0], [8.58632804124035, 58.457624308768345, 0.0], [8.586067260686551, 58.457919887675416, 0.0], [8.585857714320413, 58.45826046217172, 0.0], [8.585750769879972, 58.45861042177524, 0.0], [8.58552113539162, 58.458876579496874, 0.0], [8.5854726889567, 58.4589328729965, 0.0], [8.585127292046725, 58.459156288044134, 0.0], [8.585092925798682, 58.45917410764736, 0.0]]}, "properties": {"farge": "#fdae61", "elvenavn": null}}, {"type": "Feature", "geometry": {"type": "LineString", "coordinates": [[8.886520462265315, 58.47835945537218, 0.0], [8.886658012882096, 58.47825185356969, 0.0], [8.88695038021298, 58.47792869829199, 0.0], [8.887071581772089, 58.47757853771722, 0.0], [8.887158588550092, 58.4772282727456, 0.0], [8.88723948025895, 58.47714389469156, 0.0], [8.887451037658181, 58.4769233101498, 0.0], [8.887591611527508, 58.47678055369417, 0.0], [8.887760552869647, 58.476609167824314, 0.0], [8.88783691940047, 58.47647576758464, 0.0], [8.887950281389841, 58.47627705113262, 0.0], [8.887991208099654, 58.47624244886757, 0.0], [8.888311314325438, 58.4759720345142, 0.0], [8.888655124841573, 58.475684923466275, 0.0], [8.888827964595379, 58.475370728223226, 0.0], [8.888820461457948, 58.47521251710431, 0.0], [8.888811499436073, 58.47501137385929, 0.0], [8.888908852937222, 58.4747712803329, 0.0], [8.888950007383647, 58.474670234042804, 0.0], [8.889105188699745, 58.47432908082757, 0.0], [8.889500352542209, 58.474042081975874, 0.0], [8.88991264901856, 58.47378201465006, 0.0], [8.88998591726406, 58.4736959201881, 0.0], [8.890021744596643, 58.47365405001464, 0.0], [8.89018793015923, 58.47345884768583, 0.0], [8.890374964303671, 58.47327913924931, 0.0], [8.890514746346717, 58.47314471688875, 0.0], [8.890841349518675, 58.472839669982655, 0.0], [8.89106543124628, 58.47250739110454, 0.0], [8.89131189006457, 58.47229927537584, 0.0], [8.891322588797811, 58.472290151664495, 0.0], [8.891426381236995, 58.47220245374691, 0.0], [8.891544711503387, 58.47208555497101, 0.0], [8.891580996477922, 58.4720499195648, 0.0], [8.89191704102216, 58.471651042720005, 0.0]]}, "properties": {"farge": "#2c7fb8", "elvenavn": null}}, {"type": "Feature", "geometry": {"type": "LineString", "coordinates": [[8.704706010144578, 58.46236138382729, 0.0], [8.704757706723232, 58.46231655867467, 0.0], [8.704861303168641, 58.46224493060499, 0.0], [8.705257859734672, 58.461949523771516, 0.0], [8.705471597595022, 58.4618463964145, 0.0], [8.705735203082789, 58.46171915731142, 0.0], [8.706032521139617, 58.461538100709326, 0.0], [8.706049769027475, 58.461529133680955, 0.0]]}, "properties": {"farge": "#2c7fb8", "elvenavn": "Biebekken"}}, {"type": "Feature", "geometry": {"type": "LineString", "coordinates": [[8.57952688849917, 58.45741360791402, 0.0], [8.579459024603194, 58.45735056959027, 0.0], [8.579442219694252, 58.457332521278126, 0.0], [8.579240563693943, 58.45699947915268, 0.0], [8.579214350842607, 58.45691826821277, 0.0], [8.579124890263536, 58.45663986421656, 0.0], [8.578974682343832, 58.45629805860847, 0.0], [8.57884173714139, 58.45594739281795, 0.0], [8.578708609258177, 58.45561464184091, 0.0], [8.57855857941158, 58.455272844441716, 0.0], [8.578357026845064, 58.45493088843266, 0.0], [8.578275479392442, 58.454580193648106, 0.0], [8.578268274091345, 58.45449561457921, 0.0], [8.578245408725255, 58.45422992511377, 0.0], [8.578198180127151, 58.45387951448487, 0.0], [8.578099514647379, 58.4535378666904, 0.0], [8.578086636540291, 58.45318756174464, 0.0], [8.578142215178755, 58.45282844897472, 0.0], [8.57812770305883, 58.452612898879075, 0.0]]}, "properties": {"farge": "#fdae61", "elvenavn": null}}, {"type": "Feature", "geometry": {"type": "LineString", "coordinates": [[8.573218122078588, 58.454770155066136, 0.0], [8.573510063890932, 58.45472620710578, 0.0], [8.573561504257656, 58.45471744616587, 0.0], [8.573605649723778, 58.45470066207625, 0.0], [8.574095136133021, 58.45451262881091, 0.0], [8.574241304860958, 58.45431407816859, 0.0], [8.574339034402449, 58.45418109478115, 0.0], [8.574377531099545, 58.45383103092869, 0.0], [8.57443313209464, 58.453489843946514, 0.0], [8.574499058176274, 58.453233033211546, 0.0], [8.574522995371652, 58.453139842202376, 0.0], [8.574612771252943, 58.45279875316316, 0.0], [8.57463425915116, 58.452448644378855, 0.0], [8.57472411706086, 58.45209864238436, 0.0], [8.574734771397267, 58.4520695447567, 0.0], [8.574848218411178, 58.451757748896576, 0.0], [8.575040162284237, 58.45146206140909, 0.0], [8.575281317143116, 58.45136403453142, 0.0], [8.575420769678669, 58.451157939610546, 0.0], [8.575438636872072, 58.45109506760087, 0.0], [8.575438924930465, 58.45106815065822, 0.0]]}, "properties": {"farge": "#fdae61", "elvenavn": null}}, {"type": "Feature", "geometry": {"type": "LineString", "coordinates": [[8.584992606563018, 58.44439924198233, 0.0], [8.584940508058233, 58.444470933460515, 0.0], [8.58480078809057, 58.44469494682888, 0.0], [8.584591229666854, 58.44502659934469, 0.0], [8.58448432195772, 58.44537655868126, 0.0], [8.584394582593301, 58.445726569817744, 0.0], [8.584339029032527, 58.4460765869435, 0.0], [8.584232214034232, 58.44641754382434, 0.0], [8.58403961177592, 58.446767251303875, 0.0], [8.583795860057858, 58.447098806665295, 0.0], [8.583701752350024, 58.447435050653766, 0.0], [8.583623487199079, 58.44778858796179, 0.0], [8.583389708337316, 58.44812133387742, 0.0], [8.58321435873397, 58.4484620897308, 0.0], [8.582868192394928, 58.44876634093631, 0.0], [8.582729374462577, 58.448918521621565, 0.0]]}, "properties": {"farge": "#fdae61", "elvenavn": null}}, {"type": "Feature", "geometry": {"type": "LineString", "coordinates": [[8.631817827838313, 58.44538641479325, 0.0], [8.631801158497, 58.445350457462986, 0.0], [8.631784315362648, 58.445332504888746, 0.0], [8.631736473975181, 58.44497309334879, 0.0], [8.631737216679712, 58.444928276952496, 0.0]]}, "properties": {"farge": "#2c7fb8", "elvenavn": null}}, {"type": "Feature", "geometry": {"type": "LineString", "coordinates": [[8.58861191568102, 58.44693462864949, 0.0], [8.588530229614593, 58.44658420643142, 0.0], [8.58839582928585, 58.44636813511094, 0.0], [8.588360110615573, 58.446308786794674, 0.0], [8.588227726326034, 58.44608921362015, 0.0], [8.588129077593317, 58.44573856985761, 0.0], [8.587961650138567, 58.44539672239195, 0.0], [8.587914330242866, 58.44504631358, 0.0], [8.587949320540103, 58.44472777914543, 0.0], [8.587952862255339, 58.44469616202958, 0.0], [8.587715254780074, 58.44449778572702, 0.0], [8.587444878670157, 58.44418256310362, 0.0], [8.587363379054331, 58.44383214896829, 0.0], [8.587181787082146, 58.44355570062475, 0.0], [8.587144562534476, 58.44349897832272, 0.0], [8.58690871811214, 58.44316594285293, 0.0], [8.586878409317464, 58.442815576885636, 0.0], [8.58687170221984, 58.442778941564065, 0.0], [8.586814103060192, 58.44246512485573, 0.0], [8.586715656704497, 58.44209656536889, 0.0], [8.586688458316646, 58.44207849733795, 0.0]]}, "properties": {"farge": "#fdae61", "elvenavn": null}}, {"type": "Feature", "geometry": {"type": "LineString", "coordinates": [[8.586688458316646, 58.44207849733795, 0.0], [8.586674294447148, 58.44206908819592, 0.0], [8.586511583958613, 58.44196111829929, 0.0]]}, "properties": {"farge": "#2c7fb8", "elvenavn": null}}, {"type": "Feature", "geometry": {"type": "LineString", "coordinates": [[8.5492351997168, 58.43947335191179, 0.0], [8.549286730800448, 58.43945559850295, 0.0], [8.549321173250885, 58.43944670976127, 0.0]]}, "properties": {"farge": "#fdae61", "elvenavn": null}}, {"type": "Feature", "geometry": {"type": "LineString", "coordinates": [[8.82917965674548, 58.45021110121288, 0.0], [8.829214173828726, 58.45016621170218, 0.0], [8.82924630891463, 58.449999997729826, 0.0], [8.829284514692574, 58.44980706149858, 0.0], [8.829337642533229, 58.44945689555495, 0.0], [8.829330412073842, 58.449142266397374, 0.0], [8.82932905937034, 58.44908447801492, 0.0], [8.829295684084784, 58.44897822609894, 0.0], [8.829297306323008, 58.44894651625196, 0.0], [8.829307711727541, 58.4488804707266, 0.0], [8.82934634619247, 58.44872222508302, 0.0], [8.82926381180067, 58.44861810136053, 0.0], [8.829138239602862, 58.44858781227379, 0.0], [8.829044529092394, 58.448555099771255, 0.0]]}, "properties": {"farge": "#2c7fb8", "elvenavn": null}}, {"type": "Feature", "geometry": {"type": "LineString", "coordinates": [[8.640268353085983, 58.43820722753346, 0.0], [8.640234034014261, 58.43820704954337, 0.0], [8.63995881048266, 58.43832312858724, 0.0], [8.639630313393774, 58.43861857813035, 0.0], [8.639455387488884, 58.43895941379923, 0.0], [8.639402591399447, 58.439120975419975, 0.0]]}, "properties": {"farge": "#2c7fb8", "elvenavn": null}}, {"type": "Feature", "geometry": {"type": "LineString", "coordinates": [[8.560994047356997, 58.43497670872517, 0.0], [8.561192645168903, 58.435194730645804, 0.0], [8.561497153997838, 58.43550111107044, 0.0], [8.561887711689955, 58.43577192715614, 0.0], [8.56224375114765, 58.43606054726825, 0.0], [8.562361451992835, 58.436267343635485, 0.0], [8.562428076191145, 58.436384554523045, 0.0], [8.562630768863244, 58.436618694168835, 0.0], [8.563141659017798, 58.43684504150888, 0.0], [8.563497801593451, 58.43714257984355, 0.0], [8.563905180451982, 58.43743144047012, 0.0], [8.564072168857546, 58.43777330590326, 0.0], [8.56439285440133, 58.43801041685522, 0.0], [8.564462579324383, 58.43806202970302, 0.0], [8.565025314338785, 58.43826152769403, 0.0], [8.56504031539327, 58.43844116760724, 0.0], [8.565141539149419, 58.43856741616377, 0.0]]}, "properties": {"farge": "#fdae61", "elvenavn": null}}, {"type": "Feature", "geometry": {"type": "LineString", "coordinates": [[8.553354773908831, 58.43383266181768, 0.0], [8.553402565100924, 58.43364997399022, 0.0], [8.553437150857894, 58.43361406956612, 0.0], [8.55374789603353, 58.43342664341444, 0.0], [8.554366244404529, 58.43328501051535, 0.0], [8.554899525923528, 58.433089360225814, 0.0], [8.555382286917771, 58.43283954587127, 0.0], [8.55549709752055, 58.432804447737404, 0.0], [8.55584648275072, 58.43269742115884, 0.0], [8.556496744640796, 58.43273555402698, 0.0], [8.556850642951227, 58.43272747271304, 0.0], [8.557181954570854, 58.432719871974186, 0.0], [8.55784996733735, 58.43270430934942, 0.0], [8.558517274518787, 58.43275157858454, 0.0], [8.558552492028822, 58.432761822204995, 0.0], [8.559080295796097, 58.43291518189788, 0.0], [8.559487987667712, 58.43318597043893, 0.0], [8.559792546576595, 58.43350127567676, 0.0], [8.55984343304828, 58.433537529659596, 0.0]]}, "properties": {"farge": "#fdae61", "elvenavn": null}}, {"type": "Feature", "geometry": {"type": "LineString", "coordinates": [[8.622463800028981, 58.434231133360164, 0.0], [8.622405431025225, 58.43425559873966, 0.0], [8.622102570621564, 58.4343827791552, 0.0], [8.621861416950871, 58.434489803631315, 0.0], [8.62158307703677, 58.43463135762982, 0.0], [8.621495420757633, 58.43467588500185, 0.0]]}, "properties": {"farge": "#d7191c", "elvenavn": null}}, {"type": "Feature", "geometry": {"type": "LineString", "coordinates": [[8.621495420757633, 58.43467588500185, 0.0], [8.62139936644414, 58.43472467818346, 0.0], [8.621336765130513, 58.43475352517103, 0.0], [8.62123567431523, 58.43478909595242, 0.0], [8.621208247692824, 58.4348001552543, 0.0], [8.621176824917862, 58.43482848810565, 0.0], [8.620838704441354, 58.43503721728299, 0.0], [8.62074487467605, 58.43506117141517, 0.0], [8.620693254143164, 58.43509101703578, 0.0], [8.62063565944608, 58.43513956852308, 0.0], [8.6206209645835, 58.43515900961836, 0.0], [8.620523569366044, 58.43532455250091, 0.0], [8.62051721354365, 58.43535765019528, 0.0], [8.620501682966617, 58.435392090885685, 0.0], [8.620475738326164, 58.43541295143468, 0.0], [8.619926023951932, 58.43558949090516, 0.0], [8.61989837693262, 58.43560837486589, 0.0], [8.619478819874637, 58.43601001090396, 0.0], [8.619414737976642, 58.436058327863726, 0.0], [8.619384338534614, 58.43612733219571, 0.0], [8.619345560555558, 58.436170608734415, 0.0], [8.61929254066129, 58.43622893554035, 0.0], [8.619261154985711, 58.43626366469771, 0.0], [8.619236389029048, 58.436321511856356, 0.0], [8.619253669106964, 58.43641262355034, 0.0], [8.619250141948129, 58.43642919997101, 0.0], [8.619114961704945, 58.43647180250194, 0.0], [8.618581482381117, 58.436728047862914, 0.0], [8.618450982584074, 58.43679213973501, 0.0], [8.618312518710264, 58.43682349900617, 0.0], [8.618130003098692, 58.436854367876144, 0.0], [8.617895816030362, 58.436890760179665, 0.0]]}, "properties": {"farge": "#2c7fb8", "elvenavn": null}}, {"type": "Feature", "geometry": {"type": "LineString", "coordinates": [[8.617895816030362, 58.436890760179665, 0.0], [8.617657720950072, 58.43681257009213, 0.0], [8.617215291001537, 58.436550784795635, 0.0], [8.617354600610826, 58.436326722932655, 0.0], [8.617666198586948, 58.43602219477017, 0.0], [8.617581488252311, 58.43594113262074, 0.0], [8.61691373275, 58.43592126542424, 0.0], [8.616949198796057, 58.43582252206198, 0.0], [8.617567004920444, 58.43569857550874, 0.0], [8.617739180619045, 58.43560927695701, 0.0], [8.617226537542837, 58.4355089869532, 0.0], [8.616559595074364, 58.43542611045702, 0.0], [8.61597864130665, 58.435289705522344, 0.0], [8.615826505141008, 58.43511853520435, 0.0], [8.616171114196586, 58.43491302495353, 0.0], [8.616670402268417, 58.434671923567855, 0.0], [8.616981702733746, 58.43439449305057, 0.0], [8.616863528596129, 58.43424150419877, 0.0], [8.61683843716948, 58.434239709489965, 0.0], [8.616230392627639, 58.43419481132858, 0.0], [8.615597216391127, 58.43415684987823, 0.0], [8.615033725546555, 58.433993481852255, 0.0], [8.61454983136188, 58.43380418890791, 0.0], [8.614385803507822, 58.43374005361602, 0.0]]}, "properties": {"farge": "#2c7fb8", "elvenavn": null}}, {"type": "Feature", "geometry": {"type": "LineString", "coordinates": [[8.534595663809924, 58.428688137964286, 0.0], [8.53510817264582, 58.42877074941054, 0.0], [8.53515986455137, 58.428753010141804, 0.0], [8.535317083618198, 58.428694676413365, 0.0], [8.535710482787158, 58.42854831866537, 0.0], [8.53598652147574, 58.42839673813735, 0.0], [8.53605542614605, 58.42836104443965, 0.0]]}, "properties": {"farge": "#2c7fb8", "elvenavn": "elv fra Røynevatnet"}}, {"type": "Feature", "geometry": {"type": "LineString", "coordinates": [[8.599370804106035, 58.431861770791826, 0.0], [8.600023440685636, 58.431702186663415, 0.0], [8.600590268027181, 58.43154226171167, 0.0], [8.601106111773355, 58.431364287353155, 0.0], [8.601209116234465, 58.43132864798934, 0.0], [8.601415635064024, 58.43125739458501, 0.0], [8.601195277511085, 58.431050180014914, 0.0], [8.600907726503866, 58.43073484650097, 0.0], [8.600774640236729, 58.43038420071839, 0.0], [8.600607227213894, 58.4300513793234, 0.0], [8.600458038322678, 58.42983061692781, 0.0]]}, "properties": {"farge": "#2c7fb8", "elvenavn": null}}, {"type": "Feature", "geometry": {"type": "LineString", "coordinates": [[8.615696554156179, 58.4297472064019, 0.0], [8.615540521234362, 58.429926385355095, 0.0], [8.615847361716936, 58.430071066183515, 0.0], [8.61642761807358, 58.4302344600331, 0.0], [8.616409246470624, 58.43034216390395, 0.0], [8.615740483671999, 58.430438965443955, 0.0], [8.615480776448193, 58.430707623313126, 0.0], [8.61494913507929, 58.430768945251714, 0.0], [8.614695015361336, 58.43085945560612, 0.0], [8.61467390349873, 58.43086695632002, 0.0], [8.614328402062897, 58.43115311824737, 0.0], [8.613914360241983, 58.4314393640711, 0.0], [8.613944766708679, 58.43178972018327, 0.0], [8.614249882440312, 58.432078067610746, 0.0], [8.614230972181764, 58.43223969550007, 0.0], [8.613783649800618, 58.43241799606367, 0.0], [8.61357913060936, 58.432500087127536, 0.0], [8.613250336956636, 58.432631894443695, 0.0], [8.613318785423314, 58.43272673774288, 0.0], [8.613334834286213, 58.43274897679821, 0.0], [8.61328178164238, 58.432759293060634, 0.0], [8.613197631704434, 58.43277534939506, 0.0], [8.613009144328748, 58.43277492810548, 0.0]]}, "properties": {"farge": "#2c7fb8", "elvenavn": null}}, {"type": "Feature", "geometry": {"type": "LineString", "coordinates": [[8.60770301280448, 58.42769295925146, 0.0], [8.607840052890088, 58.42772873253837, 0.0], [8.608041343677202, 58.42778132277837, 0.0], [8.607934806286112, 58.42806673166607, 0.0], [8.607143820156898, 58.42807378418024, 0.0], [8.6065605980506, 58.42807898653416, 0.0], [8.606377588927671, 58.427302343207266, 0.0]]}, "properties": {"farge": "#2c7fb8", "elvenavn": null}}, {"type": "Feature", "geometry": {"type": "LineString", "coordinates": [[8.596481523519774, 58.431466505627384, 0.0], [8.59639960898322, 58.43113400245431, 0.0], [8.596283480687607, 58.43079230740582, 0.0], [8.596115933679707, 58.430477396024486, 0.0], [8.595897075144764, 58.430144418612855, 0.0], [8.595695553785767, 58.42981149970603, 0.0], [8.59549371199601, 58.429478474221035, 0.0], [8.595308998587594, 58.429163600966355, 0.0], [8.595106982606413, 58.428866413772695, 0.0], [8.594922242993677, 58.42855171857982, 0.0], [8.59468629321113, 58.428218421369635, 0.0], [8.594519027124251, 58.427876680298425, 0.0], [8.594468351282766, 58.42781370080824, 0.0], [8.594444641455132, 58.42773090776556, 0.0], [8.594418966778886, 58.42764288214064, 0.0], [8.594426765262316, 58.427544556614535, 0.0], [8.59443906281291, 58.42739142400821, 0.0], [8.594456768801487, 58.42733763982787, 0.0], [8.594751394416985, 58.4270242062644, 0.0], [8.594823345446407, 58.42671905596504, 0.0], [8.594621137883838, 58.4264399619252, 0.0], [8.594213525043411, 58.426160198894, 0.0], [8.593771121199579, 58.42590742095453, 0.0], [8.593686682388723, 58.42580834004728, 0.0], [8.593429247438703, 58.425861353142864, 0.0], [8.593344889797248, 58.42575335910399, 0.0], [8.593672187241694, 58.42558369836545, 0.0], [8.593707871817685, 58.425449212922146, 0.0]]}, "properties": {"farge": "#2c7fb8", "elvenavn": null}}, {"type": "Feature", "geometry": {"type": "LineString", "coordinates": [[8.606377588927671, 58.427302343207266, 0.0], [8.60636823136723, 58.42726224419251, 0.0], [8.606350389386497, 58.427186683409026, 0.0], [8.606328065690015, 58.42685366081311, 0.0], [8.606280388491209, 58.42652125996718, 0.0], [8.60619849851773, 58.42617966995631, 0.0], [8.606200898460749, 58.42597308152933, 0.0]]}, "properties": {"farge": "#2c7fb8", "elvenavn": null}}, {"type": "Feature", "geometry": {"type": "LineString", "coordinates": [[8.606200898460749, 58.42597308152933, 0.0], [8.606185068414948, 58.42583835597597, 0.0], [8.606156858487186, 58.42562825305204, 0.0], [8.606137936007636, 58.42548787839479, 0.0], [8.606121130850603, 58.42543398605456, 0.0], [8.606106178203566, 58.42535010340192, 0.0], [8.606081372697952, 58.425211865958794, 0.0], [8.60607269979445, 58.425164235380365, 0.0], [8.606057720729064, 58.424993704896906, 0.0], [8.606164432156648, 58.424634719677464, 0.0], [8.606390459139005, 58.42432107008944, 0.0], [8.606450750573151, 58.42421996963972, 0.0], [8.606582424337962, 58.42399832877855, 0.0], [8.606808536041807, 58.42367567603814, 0.0], [8.606817112738666, 58.4236643965631, 0.0], [8.607051803442385, 58.42335307150257, 0.0], [8.607227138911522, 58.42301220357529, 0.0], [8.607248000188505, 58.42265315226579, 0.0], [8.607182355432165, 58.4224015447697, 0.0], [8.60746443990899, 58.42222598481377, 0.0], [8.60761315939695, 58.42213327498689, 0.0], [8.60802736658004, 58.421838233099386, 0.0], [8.608082724136878, 58.42149712158787, 0.0], [8.608154668962465, 58.421164856742834, 0.0], [8.608415109307646, 58.42085148681753, 0.0], [8.608120442521061, 58.42083394105136, 0.0], [8.6079347220549, 58.420821489471734, 0.0], [8.607881698793467, 58.420756236577624, 0.0], [8.607858685374499, 58.42072797349003, 0.0], [8.607767133951208, 58.420615936994686, 0.0], [8.60735788910959, 58.42046196194475, 0.0], [8.607050160076154, 58.42032090531888, 0.0], [8.606983304377778, 58.42029017625288, 0.0], [8.606949342178762, 58.42025415913627, 0.0], [8.606762622665451, 58.42011889159161, 0.0], [8.606711595960364, 58.42009174724136, 0.0]]}, "properties": {"farge": "#2c7fb8", "elvenavn": null}}, {"type": "Feature", "geometry": {"type": "LineString", "coordinates": [[8.664489258244487, 58.421773883088186, 0.0], [8.664147381085193, 58.42171909023601, 0.0], [8.663497622841838, 58.421627580718216, 0.0], [8.662865106385608, 58.42152710657456, 0.0], [8.662319221456546, 58.421346088856986, 0.0], [8.661962312602121, 58.4210577266156, 0.0], [8.661666933285863, 58.42083276130019, 0.0], [8.661571339802487, 58.42076028669202, 0.0], [8.661574010139192, 58.42048184925059, 0.0], [8.661513825927859, 58.42044148436173, 0.0], [8.661458263092733, 58.420404050827976, 0.0], [8.661318907011106, 58.42031057967597, 0.0], [8.660790353768501, 58.42009357862894, 0.0], [8.660293002917172, 58.420005296116585, 0.0], [8.660140793466502, 58.41998404765478, 0.0], [8.659525459733352, 58.41988368848524, 0.0], [8.658945395899172, 58.419693482100186, 0.0], [8.658896580343692, 58.4196890760135, 0.0], [8.658645559330111, 58.41966652027947, 0.0], [8.658329535028589, 58.41963794303718, 0.0], [8.658054836817623, 58.41971805484135, 0.0], [8.658015571134746, 58.41971970684646, 0.0], [8.657849378296861, 58.41972649163433, 0.0], [8.65730198378588, 58.41967110650033, 0.0], [8.656718443815638, 58.41984926297621, 0.0], [8.656253801044818, 58.42009051642107, 0.0], [8.655857393322496, 58.42035884635052, 0.0], [8.6555474449697, 58.4206160707782, 0.0], [8.65551229637819, 58.42064530645353, 0.0], [8.65548075042626, 58.42064698109096, 0.0], [8.654912811851759, 58.42067963953158, 0.0], [8.654690026945762, 58.420706033922635, 0.0]]}, "properties": {"farge": "#d7191c", "elvenavn": null}}, {"type": "Feature", "geometry": {"type": "LineString", "coordinates": [[8.616955183515566, 58.41792229626289, 0.0], [8.616855521537904, 58.417634588663155, 0.0], [8.616892677961363, 58.417374258011826, 0.0], [8.617135806643473, 58.41705163161153, 0.0], [8.6171706952793, 58.41683496072067, 0.0], [8.617190895324201, 58.416710505759006, 0.0], [8.617245992723403, 58.416351366717116, 0.0], [8.617252559897821, 58.416296303148386, 0.0], [8.617260253955164, 58.416232199038774, 0.0], [8.617283498209192, 58.41603710270377, 0.0], [8.617160055665279, 58.41589735913731, 0.0], [8.617013134288198, 58.41573095207668, 0.0], [8.616979532265798, 58.41567685212479, 0.0], [8.616862104204161, 58.41545202427053, 0.0]]}, "properties": {"farge": "#2c7fb8", "elvenavn": null}}, {"type": "Feature", "geometry": {"type": "LineString", "coordinates": [[8.56706552605444, 58.414395375641874, 0.0], [8.567294731157133, 58.41215368111035, 0.0], [8.567298742481134, 58.41211488201928, 0.0], [8.567302012417496, 58.41184942390729, 0.0], [8.56730309661673, 58.41176472061197, 0.0], [8.567290432060767, 58.41140532473973, 0.0], [8.567292283379286, 58.411252655599476, 0.0], [8.567293278087053, 58.411162813680335, 0.0]]}, "properties": {"farge": "#2c7fb8", "elvenavn": null}}, {"type": "Feature", "geometry": {"type": "LineString", "coordinates": [[8.703795705334114, 58.4034497270701, 0.0], [8.703831995155861, 58.40345115698474, 0.0], [8.704480024689746, 58.403478078785575, 0.0], [8.704907264572846, 58.40352400822977, 0.0], [8.704996390822028, 58.403578207808636, 0.0], [8.705038108382707, 58.4036844660917, 0.0]]}, "properties": {"farge": "#2c7fb8", "elvenavn": null}}, {"type": "Feature", "geometry": {"type": "LineString", "coordinates": [[8.69403273701517, 58.46577626357201, 0.0], [8.693743122021006, 58.465552388108826, 0.0], [8.6934059608921, 58.46527340485365, 0.0], [8.69321203758284, 58.46482824601936, 0.0], [8.692864302363573, 58.46460813785298, 0.0], [8.692597514869247, 58.464515770221446, 0.0], [8.692491126491744, 58.464371922339595, 0.0], [8.692346607226476, 58.464335089040944, 0.0], [8.69218444348979, 58.46439638104841, 0.0], [8.69207635537013, 58.464524691181275, 0.0], [8.691961888838215, 58.46458338875118, 0.0], [8.691750403157737, 58.46449869930775, 0.0], [8.691625832613774, 58.464403452115675, 0.0], [8.691560972897662, 58.46429135266611, 0.0], [8.691469445254194, 58.46422248495555, 0.0], [8.691513416945265, 58.46413555904329, 0.0], [8.691424675195858, 58.46411736285958, 0.0]]}, "properties": {"farge": "#2c7fb8", "elvenavn": null}}, {"type": "Feature", "geometry": {"type": "LineString", "coordinates": [[8.687683889682857, 58.46265335872158, 0.0], [8.687820456952334, 58.462557305463584, 0.0], [8.68791975752792, 58.46274040750821, 0.0], [8.688087595323735, 58.46285759566814, 0.0], [8.688489158329263, 58.4630407785777, 0.0], [8.688725187129313, 58.463146485654526, 0.0], [8.689035775304147, 58.46331032328534, 0.0], [8.689421464821281, 58.46358181690831, 0.0], [8.689770588894492, 58.46384655257786, 0.0], [8.689988439389536, 58.464000857622274, 0.0], [8.690093737120723, 58.46404565735235, 0.0], [8.690251147184124, 58.46406333056371, 0.0], [8.690460667445036, 58.46405387786722, 0.0], [8.690722445050188, 58.46403486576962, 0.0]]}, "properties": {"farge": "#2c7fb8", "elvenavn": "Lilleelva"}}, {"type": "Feature", "geometry": {"type": "LineString", "coordinates": [[8.682119315655209, 58.47531256169153, 0.0], [8.68205893813617, 58.475168627849754, 0.0]]}, "properties": {"farge": "#2c7fb8", "elvenavn": "Lilleelva"}}, {"type": "Feature", "geometry": {"type": "LineString", "coordinates": [[8.73673623046039, 58.461886888911756, 0.0], [8.737243419657888, 58.46157197035732, 0.0], [8.737795490966201, 58.46143958791278, 0.0], [8.738368460599952, 58.46145927650631, 0.0], [8.73884424612189, 58.461574899393845, 0.0], [8.739112631053603, 58.46159644221705, 0.0], [8.739235629128677, 58.46153533666142, 0.0], [8.739336109620305, 58.46106193711601, 0.0], [8.739442071468877, 58.460647548689984, 0.0], [8.739523829821204, 58.460458547380135, 0.0], [8.739126725914666, 58.45990202576368, 0.0], [8.738640206991136, 58.45903902160064, 0.0], [8.738510128065128, 58.45878089864785, 0.0], [8.73830450658075, 58.45851298798907, 0.0], [8.7391708228765, 58.457680406655456, 0.0], [8.73967383787999, 58.45724578132096, 0.0]]}, "properties": {"farge": "#2c7fb8", "elvenavn": "Biebekken"}}, {"type": "Feature", "geometry": {"type": "LineString", "coordinates": [[8.63141798017905, 58.44758573207698, 0.0], [8.631320807617582, 58.44734621498653, 0.0], [8.631391476147236, 58.44713432960246, 0.0], [8.63122220133075, 58.44677954554606, 0.0], [8.631211898184539, 58.44661430792882, 0.0], [8.631369631939547, 58.44641098821088, 0.0], [8.63152662765169, 58.44630055293103, 0.0], [8.631742178910017, 58.44622260257422, 0.0], [8.631880583349119, 58.445952463319124, 0.0]]}, "properties": {"farge": "#2c7fb8", "elvenavn": null}}, {"type": "Feature", "geometry": {"type": "LineString", "coordinates": [[8.55984343304828, 58.433537529659596, 0.0], [8.560383470847272, 58.434159068592564, 0.0]]}, "properties": {"farge": "#fdae61", "elvenavn": null}}, {"type": "Feature", "geometry": {"type": "LineString", "coordinates": [[8.560383470847272, 58.434159068592564, 0.0], [8.560451467804441, 58.434204111662, 0.0], [8.560451241519328, 58.4342222048889, 0.0], [8.560635177726438, 58.43456412042266, 0.0], [8.560905411534126, 58.434879402590056, 0.0], [8.560994047356997, 58.43497670872517, 0.0]]}, "properties": {"farge": "#fdae61", "elvenavn": null}}, {"type": "Feature", "geometry": {"type": "LineString", "coordinates": [[8.504194642815385, 58.47255008563078, 0.0], [8.5047193647233, 58.47240302030868, 0.0], [8.506641614139472, 58.47063294144104, 0.0], [8.50780779867564, 58.469955534093415, 0.0], [8.508272954053316, 58.46941651501915, 0.0], [8.508434516984869, 58.46899857669172, 0.0]]}, "properties": {"farge": "#2c7fb8", "elvenavn": null}}, {"type": "Feature", "geometry": {"type": "LineString", "coordinates": [[8.554515847317909, 58.42304755545471, 0.0], [8.555462596878664, 58.42191835384563, 0.0], [8.55541946307337, 58.4209152351459, 0.0], [8.555170692672323, 58.42041412100736, 0.0], [8.554919034384827, 58.420175186930244, 0.0], [8.554226965533168, 58.41961576402373, 0.0]]}, "properties": {"farge": "#2c7fb8", "elvenavn": null}}, {"type": "Feature", "geometry": {"type": "LineString", "coordinates": [[8.552911326772897, 58.41998916790418, 0.0], [8.554226965533168, 58.41961576402373, 0.0]]}, "properties": {"farge": "#2c7fb8", "elvenavn": null}}, {"type": "Feature", "geometry": {"type": "LineString", "coordinates": [[8.817352988901508, 58.48708273317101, 0.0], [8.817421559673557, 58.486933077002966, 0.0], [8.817296776035384, 58.48495838865802, 0.0], [8.816743176179287, 58.483862542320125, 0.0], [8.817133637354319, 58.48306006895202, 0.0], [8.81817990518974, 58.48206767327337, 0.0], [8.818257032609708, 58.48178370964382, 0.0]]}, "properties": {"farge": "#d7191c", "elvenavn": null}}, {"type": "Feature", "geometry": {"type": "LineString", "coordinates": [[8.614385803507822, 58.43374005361602, 0.0], [8.614431729133049, 58.43358272104056, 0.0], [8.614540616455772, 58.43342434979093, 0.0], [8.614575494877586, 58.43333937246892, 0.0], [8.614547542573598, 58.43325347419413, 0.0], [8.614412494655353, 58.43322143298987, 0.0], [8.614081864726218, 58.43322578846884, 0.0], [8.613410376661697, 58.43328980886539, 0.0], [8.613286582089849, 58.43323288042525, 0.0], [8.613174622550885, 58.43316507089554, 0.0], [8.613103504895067, 58.43308538496303, 0.0], [8.612942463229212, 58.43283000393151, 0.0]]}, "properties": {"farge": "#2c7fb8", "elvenavn": null}}, {"type": "Feature", "geometry": {"type": "LineString", "coordinates": [[8.616862104204161, 58.41545202427053, 0.0], [8.616645207602032, 58.41538981749015, 0.0], [8.616535918259506, 58.415322269009, 0.0], [8.616277187099811, 58.415206404482596, 0.0], [8.616177713889053, 58.41513350653821, 0.0], [8.616096415226359, 58.415055561237494, 0.0], [8.616007726178498, 58.41479229192604, 0.0], [8.615781045607436, 58.41455166963525, 0.0], [8.615745307323152, 58.41446443256929, 0.0], [8.615743299687994, 58.41437484748931, 0.0], [8.61567640016788, 58.41419915213185, 0.0]]}, "properties": {"farge": "#2c7fb8", "elvenavn": null}}, {"type": "Feature", "geometry": {"type": "LineString", "coordinates": [[8.593863166808733, 58.425253923526796, 0.0], [8.594439645647297, 58.425405710132125, 0.0], [8.594765590717708, 58.425458982489126, 0.0], [8.595093507148897, 58.42550917881454, 0.0], [8.595263127937388, 58.4255196672027, 0.0], [8.595604820815904, 58.42552393038261, 0.0], [8.595946234263689, 58.42551825381981, 0.0], [8.596115243928363, 58.42550560837358, 0.0], [8.59661068690982, 58.425437125146054, 0.0], [8.597459550217405, 58.42538772019186, 0.0], [8.598131672147705, 58.42532280084711, 0.0], [8.598807550958773, 58.42526910714588, 0.0], [8.598977540482323, 58.42526038910392, 0.0], [8.59966083564396, 58.42526442004052, 0.0], [8.599999896635783, 58.42528155730376, 0.0], [8.600852179176103, 58.425319177982765, 0.0], [8.601529592607292, 58.42536756228893, 0.0]]}, "properties": {"farge": "#2c7fb8", "elvenavn": "Rore"}}, {"type": "Feature", "geometry": {"type": "LineString", "coordinates": [[8.645092538523933, 58.40386686214609, 0.0], [8.645104610585053, 58.40395785161455, 0.0], [8.645076729483474, 58.40404594833827, 0.0], [8.64498034689941, 58.40421787651148, 0.0], [8.644778686861702, 58.40446484808578, 0.0], [8.644772329432701, 58.40464312330427, 0.0], [8.644736791237642, 58.40473070271535, 0.0], [8.644576659671687, 58.404985994395915, 0.0], [8.644555017335326, 58.40507183035701, 0.0], [8.644597696622967, 58.405249678832575, 0.0], [8.644677194096825, 58.405423813482315, 0.0], [8.64468927837123, 58.405513041029074, 0.0], [8.644662579050607, 58.40560143976213, 0.0], [8.644564948357257, 58.40577411176708, 0.0], [8.64465360410411, 58.405847818647175, 0.0], [8.644891622045604, 58.40597594560517, 0.0], [8.645285581553654, 58.406147416056015, 0.0], [8.64571780719622, 58.40629131712803, 0.0], [8.646015815665994, 58.406378977059006, 0.0], [8.646177081311615, 58.406407855568325, 0.0], [8.646346867520784, 58.406417493051215, 0.0], [8.646686715876823, 58.40640138700238, 0.0], [8.6468573115043, 58.40640341120171, 0.0], [8.647164323051138, 58.406477466209324, 0.0], [8.647659464260101, 58.406546242771334, 0.0], [8.648138801240552, 58.40664136762082, 0.0], [8.648972058352255, 58.40673900528179, 0.0], [8.649311850463624, 58.40673881656756, 0.0], [8.649479948556351, 58.40675432453878, 0.0], [8.649797362372011, 58.406820167652, 0.0], [8.650000023934206, 58.40688251379354, 0.0], [8.650091184180337, 58.40691154875519, 0.0], [8.650247015919582, 58.406941582728884, 0.0], [8.65058831249053, 58.40694631812217, 0.0], [8.650756217175491, 58.406938245500946, 0.0], [8.651066740915395, 58.40686357009055, 0.0], [8.651232609545911, 58.40684261258763, 0.0], [8.651403056244067, 58.40684089990719, 0.0], [8.651734107764096, 58.406884588421406, 0.0], [8.651902654842303, 58.40689898605013, 0.0], [8.652064119430998, 58.40692782444148, 0.0], [8.65237071628755, 58.4070070299478, 0.0], [8.65265523745974, 58.40710441172441, 0.0], [8.652808090333295, 58.407144174494526, 0.0], [8.652949993649289, 58.4071941175487, 0.0], [8.653069432108197, 58.4072564603248, 0.0], [8.653155816069965, 58.4073335223667, 0.0], [8.653213187647363, 58.40751034084477, 0.0], [8.653267641838347, 58.40759524668916, 0.0], [8.653679144069551, 58.407988015280516, 0.0], [8.65378065891298, 58.40805950204782, 0.0], [8.65390223669293, 58.408122423118115, 0.0], [8.654036488932908, 58.408177828715786, 0.0], [8.654323838554784, 58.40827481737163, 0.0]]}, "properties": {"farge": "#2c7fb8", "elvenavn": "Arendalsvassdraget"}}, {"type": "Feature", "geometry": {"type": "LineString", "coordinates": [[8.733488514408561, 58.51663379034968, 0.0], [8.733360472124309, 58.51654475586231, 0.0], [8.733238724949606, 58.51648303394246, 0.0], [8.733089026671811, 58.51644196719875, 0.0], [8.733030858546346, 58.51640918217701, 0.0]]}, "properties": {"farge": "#fdae61", "elvenavn": null}}, {"type": "Feature", "geometry": {"type": "LineString", "coordinates": [[8.784825057617656, 58.491674400486254, 0.0], [8.784699969421528, 58.49161420624267, 0.0], [8.78460667517822, 58.49154001671955, 0.0], [8.784617391712914, 58.49145035288676, 0.0], [8.784662338336659, 58.49136410562407, 0.0], [8.7848820010597, 58.49119033071477, 0.0]]}, "properties": {"farge": "#2c7fb8", "elvenavn": null}}, {"type": "Feature", "geometry": {"type": "LineString", "coordinates": [[8.780531017139689, 58.47882377668714, 0.0], [8.780530201136806, 58.478988569036495, 0.0], [8.780587072890748, 58.479072941826104, 0.0], [8.78052480810134, 58.479153380926206, 0.0], [8.78044352426137, 58.47923225427016, 0.0], [8.78017041963948, 58.4794595824426, 0.0], [8.780205592970182, 58.47972733132126, 0.0], [8.780196129298083, 58.479816801097975, 0.0], [8.780176940320782, 58.479905797640804, 0.0], [8.779975938552786, 58.48034159227722, 0.0], [8.779900462306564, 58.48060753478254, 0.0], [8.779774459319668, 58.480960096021754, 0.0], [8.779653561014474, 58.481584298695424, 0.0], [8.779654139406796, 58.48167390955485, 0.0], [8.779708631984683, 58.481940989469365, 0.0], [8.779615304056644, 58.482113569074166, 0.0], [8.779602949756084, 58.48219939055043, 0.0], [8.77970623329462, 58.48246290827847, 0.0], [8.77981484497652, 58.48290753999615, 0.0], [8.779826668162151, 58.48308649273746, 0.0], [8.779788348549879, 58.483444162960346, 0.0], [8.779977903715164, 58.48369395272226, 0.0], [8.780040639911068, 58.48386998752142, 0.0], [8.780038016188843, 58.4839596613803, 0.0], [8.780017320262148, 58.4840485936712, 0.0], [8.779926913013126, 58.48422143282423, 0.0], [8.779938167504364, 58.484305632992864, 0.0], [8.780309102546214, 58.48480684795586, 0.0], [8.780373974861046, 58.48498258927241, 0.0], [8.780320584522778, 58.485056451382825, 0.0]]}, "properties": {"farge": "#2c7fb8", "elvenavn": "Songevassdraget"}}, {"type": "Feature", "geometry": {"type": "LineString", "coordinates": [[8.799874347997196, 58.48165752214827, 0.0], [8.80003839954224, 58.481663717639314, 0.0], [8.800399619968472, 58.48147018408282, 0.0], [8.800388007037226, 58.481389408969484, 0.0], [8.800335163047208, 58.48130412525128, 0.0], [8.800266111588403, 58.48122212046427, 0.0], [8.800180509937668, 58.481144487420714, 0.0], [8.799993216872133, 58.480994513961896, 0.0], [8.799786590062391, 58.48085600733108, 0.0], [8.799759062116589, 58.480497722632435, 0.0], [8.799547432194476, 58.48015883243164, 0.0], [8.799506248323148, 58.480040309403805, 0.0]]}, "properties": {"farge": "#2c7fb8", "elvenavn": "Songevassdraget"}}, {"type": "Feature", "geometry": {"type": "LineString", "coordinates": [[8.856556052814422, 58.46357297894246, 0.0], [8.85620990039171, 58.463072674226815, 0.0], [8.856066135728003, 58.46281452808793, 0.0], [8.856031941252997, 58.46272672745479, 0.0], [8.85601592173655, 58.462636774043496, 0.0], [8.85610748364099, 58.46256774426557, 0.0], [8.856241712919775, 58.46251119522524, 0.0], [8.856341667890508, 58.46244543777973, 0.0], [8.856337959803447, 58.46217663737567, 0.0], [8.856311828319761, 58.462088069113776, 0.0], [8.856198143080576, 58.46191928533856, 0.0], [8.855833401720812, 58.46161606457226, 0.0], [8.855607541620458, 58.46148138072052, 0.0], [8.854793618539322, 58.46115411998496, 0.0], [8.854413016459114, 58.46085151139943, 0.0], [8.854121918514162, 58.460644523668066, 0.0], [8.853586875782828, 58.46035075109248, 0.0], [8.852828025338448, 58.45969954549797, 0.0], [8.852146095026233, 58.45938797867505, 0.0], [8.851408215018296, 58.45908443798917, 0.0], [8.850674627018117, 58.45879539371647, 0.0], [8.850244526619441, 58.45864246251809, 0.0], [8.84999377570213, 58.458584320554074, 0.0], [8.849832014311755, 58.458554953809646, 0.0], [8.849663953870339, 58.45854058046789, 0.0], [8.848637978605298, 58.4585479134412, 0.0], [8.84846802037068, 58.458537850599015, 0.0], [8.84813211342336, 58.45850391896464, 0.0], [8.8479616655932, 58.458496092124385, 0.0], [8.847449423579008, 58.458479140622686, 0.0], [8.846935999686496, 58.458477076671684, 0.0], [8.846790891221266, 58.45844020972338, 0.0], [8.846378654304079, 58.45827995927301, 0.0], [8.845948190704997, 58.45813343663149, 0.0], [8.845389000273412, 58.4579266371574, 0.0], [8.845093983538673, 58.45783593227802, 0.0], [8.84494096158659, 58.45779582371525, 0.0], [8.844773617381396, 58.45776333490602, 0.0], [8.844700890885568, 58.457687450957955, 0.0], [8.844581722737543, 58.45751308754277, 0.0], [8.844535961220025, 58.45742388724013, 0.0], [8.844509164447881, 58.457335701348946, 0.0], [8.844508882106407, 58.45725028305034, 0.0], [8.84455088942274, 58.45716791230987, 0.0], [8.844628143770494, 58.45708741057008, 0.0], [8.84481444346617, 58.45692804913119, 0.0], [8.845161659634643, 58.4565183236445, 0.0], [8.84546601397379, 58.45619718664802, 0.0], [8.845631287247208, 58.45594256576485, 0.0], [8.845673366750642, 58.455856191021965, 0.0], [8.845648748231726, 58.45576809412914, 0.0], [8.845546555594595, 58.45559700756511, 0.0], [8.84542482980178, 58.45542941502012, 0.0], [8.845399324697242, 58.45534142122956, 0.0], [8.845337034581359, 58.45526163316504, 0.0], [8.844929524914257, 58.454973511378434, 0.0], [8.844699312972098, 58.45484090582715, 0.0], [8.84457411700846, 58.45478011145482, 0.0], [8.84401212539054, 58.454575713979885, 0.0], [8.84374927911051, 58.45445799186382, 0.0], [8.84375611659225, 58.45437328575886, 0.0], [8.84380009171959, 58.45419557106789, 0.0], [8.843784146264019, 58.45392688831618, 0.0], [8.84380326926482, 58.4536579302977, 0.0], [8.843734520605322, 58.45357921955151, 0.0], [8.843627757734662, 58.453509188730386, 0.0], [8.84337214377124, 58.453390403841574, 0.0], [8.843282002714895, 58.45331611817539, 0.0], [8.843232677931146, 58.45313885347272, 0.0], [8.843190884969003, 58.45287081516968, 0.0], [8.84308250729918, 58.45270210338883, 0.0], [8.843019324563482, 58.45256354444717, 0.0]]}, "properties": {"farge": "#d7191c", "elvenavn": null}}, {"type": "Feature", "geometry": {"type": "LineString", "coordinates": [[8.630500444503769, 58.40689961269059, 0.0], [8.630783867765635, 58.40699993206489, 0.0], [8.630935358300103, 58.40704032850067, 0.0], [8.631886920309734, 58.407240184237125, 0.0], [8.632197799129692, 58.40731451949026, 0.0], [8.63235909234677, 58.40732366091452, 0.0], [8.632527675589145, 58.407309767334375, 0.0], [8.632855927368592, 58.407260485253076, 0.0], [8.633362550528993, 58.40721015944793, 0.0], [8.633494282295645, 58.407167190139376, 0.0], [8.633707933183052, 58.40692224472191, 0.0], [8.633806208601035, 58.40684897047023, 0.0], [8.633922230455708, 58.40678531780838, 0.0], [8.634430488823412, 58.4067487912523, 0.0], [8.634548632089075, 58.406749523630324, 0.0]]}, "properties": {"farge": "#2c7fb8", "elvenavn": "Arendalsvassdraget"}}, {"type": "Feature", "geometry": {"type": "LineString", "coordinates": [[8.563539384964711, 58.41162613224592, 0.0], [8.563784495378705, 58.411367000160936, 0.0], [8.563818985424467, 58.411280166673535, 0.0], [8.56376080047378, 58.41119816054647, 0.0], [8.563599642843336, 58.41118945334534, 0.0], [8.56346329538632, 58.41124291589192, 0.0], [8.563312853096326, 58.411262025382186, 0.0], [8.563145073457793, 58.411248819592906, 0.0], [8.562980151896948, 58.4112663814914, 0.0], [8.562856732156071, 58.4113245694199, 0.0], [8.562701243950332, 58.411358321715376, 0.0], [8.562563889113054, 58.41141060034084, 0.0], [8.56240942480573, 58.41144870130795, 0.0], [8.56227226665858, 58.411407211373145, 0.0], [8.562152258339056, 58.41134496711816, 0.0], [8.561993321908602, 58.411312932134706, 0.0], [8.561827416641655, 58.41131534677182, 0.0], [8.561681134949993, 58.4113617247764, 0.0], [8.561523572582953, 58.411396157376686, 0.0], [8.56119295144224, 58.41144113929887, 0.0], [8.561024047317044, 58.411454541812034, 0.0], [8.56068308691405, 58.41146522535313, 0.0], [8.559999708466165, 58.41146644884795, 0.0], [8.55982863124696, 58.411464419658905, 0.0], [8.559673565764339, 58.41143644478332, 0.0], [8.55953797962275, 58.41138143643249, 0.0], [8.557719024875501, 58.41113406964631, 0.0]]}, "properties": {"farge": "#2c7fb8", "elvenavn": null}}, {"type": "Feature", "geometry": {"type": "LineString", "coordinates": [[8.58385615423742, 58.413732053880956, 0.0], [8.585054650862613, 58.41400888834231, 0.0], [8.585182380404545, 58.4140661770159, 0.0], [8.586054230354746, 58.41461858217668, 0.0], [8.586653615717182, 58.415054931930655, 0.0], [8.586834002475264, 58.41520717967865, 0.0], [8.586982477047762, 58.41536865569161, 0.0], [8.587184363534204, 58.41561562133687, 0.0], [8.58753439582567, 58.415923626473976, 0.0], [8.587690328034595, 58.41608314509128, 0.0], [8.587822775221946, 58.41624837591806, 0.0], [8.587939030084408, 58.416416980554516, 0.0], [8.588041230512697, 58.41658808827669, 0.0], [8.588055016430895, 58.41666741055795, 0.0], [8.587694990541793, 58.416860593765506, 0.0], [8.587252485646335, 58.41713389986621, 0.0], [8.587058968017963, 58.417281542835624, 0.0], [8.586885543319312, 58.41743599740002, 0.0], [8.586814498422402, 58.41751751686508, 0.0], [8.586762022072174, 58.417602789328576, 0.0], [8.586702062409293, 58.41777927594902, 0.0], [8.586677588615679, 58.417972158510146, 0.0]]}, "properties": {"farge": "#2c7fb8", "elvenavn": "Rore"}}, {"type": "Feature", "geometry": {"type": "LineString", "coordinates": [[8.632594584830027, 58.4458103663572, 0.0], [8.632277439064076, 58.445743303019185, 0.0], [8.632159076014593, 58.44568530331123, 0.0], [8.631817827838313, 58.44538641479325, 0.0]]}, "properties": {"farge": "#2c7fb8", "elvenavn": null}}, {"type": "Feature", "geometry": {"type": "LineString", "coordinates": [[8.52855514129123, 58.43644989885605, 0.0], [8.528485370336824, 58.43637122249975, 0.0], [8.52846504687269, 58.436283573156096, 0.0], [8.528515389117988, 58.43619769320452, 0.0], [8.528635826886273, 58.43613681385471, 0.0], [8.528790096858936, 58.436098365570636, 0.0], [8.52895760281152, 58.43608415796242, 0.0], [8.529277172235023, 58.43602504275331, 0.0], [8.529378483863175, 58.43597996279261, 0.0]]}, "properties": {"farge": "#2c7fb8", "elvenavn": null}}, {"type": "Feature", "geometry": {"type": "LineString", "coordinates": [[8.563469126991519, 58.41809756567547, 0.0], [8.562996980953072, 58.417993424606955, 0.0], [8.562876573482122, 58.4179307130784, 0.0], [8.562805238416773, 58.41784938749145, 0.0], [8.562552419071833, 58.41772887452372, 0.0], [8.562318813034896, 58.41759475356667, 0.0]]}, "properties": {"farge": "#2c7fb8", "elvenavn": null}}, {"type": "Feature", "geometry": {"type": "LineString", "coordinates": [[8.818257032609708, 58.48178370964382, 0.0], [8.818010955448736, 58.48147281809118, 0.0], [8.818416770735475, 58.480742052723464, 0.0]]}, "properties": {"farge": "#d7191c", "elvenavn": null}}, {"type": "Feature", "geometry": {"type": "LineString", "coordinates": [[8.725363588680798, 58.466166988422664, 0.0], [8.72554883927833, 58.46625402170985, 0.0]]}, "properties": {"farge": "#2c7fb8", "elvenavn": "Biebekken"}}, {"type": "Feature", "geometry": {"type": "LineString", "coordinates": [[8.722854985280106, 58.493083219423546, 0.0], [8.7228710165626, 58.493199208630344, 0.0]]}, "properties": {"farge": "#fdae61", "elvenavn": null}}, {"type": "Feature", "geometry": {"type": "LineString", "coordinates": [[8.722156533224393, 58.49462570997565, 0.0], [8.721484034320554, 58.49488982329751, 0.0]]}, "properties": {"farge": "#fdae61", "elvenavn": null}}, {"type": "Feature", "geometry": {"type": "LineString", "coordinates": [[8.614298541597744, 58.41101780606312, 0.0], [8.613977798256112, 58.409876356446375, 0.0], [8.615134362723497, 58.40928148021086, 0.0]]}, "properties": {"farge": "#2c7fb8", "elvenavn": null}}, {"type": "Feature", "geometry": {"type": "LineString", "coordinates": [[8.699544425274158, 58.49481723478281, 0.0], [8.699482518690669, 58.49491254219571, 0.0]]}, "properties": {"farge": "#fdae61", "elvenavn": "Lilleelva"}}, {"type": "Feature", "geometry": {"type": "LineString", "coordinates": [[8.546236361684931, 58.45569277532907, 0.0], [8.546041875005946, 58.45566481002665, 0.0]]}, "properties": {"farge": "#fdae61", "elvenavn": null}}, {"type": "Feature", "geometry": {"type": "LineString", "coordinates": [[8.775951819331807, 58.518767386867616, 0.0], [8.775998519376435, 58.51868112983433, 0.0], [8.776117066902707, 58.51851291568811, 0.0], [8.776278904406745, 58.51835505967351, 0.0], [8.776422302083242, 58.518262836840954, 0.0]]}, "properties": {"farge": "#d7191c", "elvenavn": "Barbuvassdraget"}}, {"type": "Feature", "geometry": {"type": "LineString", "coordinates": [[8.684472001519929, 58.499579876374796, 0.0], [8.684581898336528, 58.499410081864205, 0.0], [8.684652675794274, 58.49932846303365, 0.0], [8.684873817425743, 58.49919166683986, 0.0], [8.68506173861864, 58.49905774070657, 0.0]]}, "properties": {"farge": "#fdae61", "elvenavn": null}}, {"type": "Feature", "geometry": {"type": "LineString", "coordinates": [[8.652841301566902, 58.474599002894195, 0.0], [8.65297694921689, 58.47465726501759, 0.0], [8.653100960865304, 58.47461031365047, 0.0], [8.653286428814598, 58.47445945177996, 0.0], [8.653539890057148, 58.47433908794135, 0.0], [8.653678945605433, 58.474287746776675, 0.0], [8.653847059322228, 58.47427428092651, 0.0], [8.654016569931597, 58.474284513796086, 0.0], [8.654183506642672, 58.47430405837701, 0.0], [8.654676878695664, 58.474378405311846, 0.0], [8.65515898399809, 58.474472442058754, 0.0], [8.655293955415775, 58.474524728226925, 0.0]]}, "properties": {"farge": "#fdae61", "elvenavn": null}}, {"type": "Feature", "geometry": {"type": "LineString", "coordinates": [[8.547873745463162, 58.440115248839525, 0.0], [8.548020509526241, 58.440069425484474, 0.0], [8.548470002562365, 58.439799298335174, 0.0], [8.548727364173445, 58.43968230204647, 0.0], [8.548877431962138, 58.43963931089321, 0.0], [8.549015779478157, 58.43958908092202, 0.0], [8.5492351997168, 58.43947335191179, 0.0]]}, "properties": {"farge": "#fdae61", "elvenavn": null}}, {"type": "Feature", "geometry": {"type": "LineString", "coordinates": [[8.740215105413984, 58.520951945977856, 0.0], [8.740184259034859, 58.521040740042714, 0.0], [8.739900356302973, 58.52113744948626, 0.0], [8.739664886855248, 58.52117931542333, 0.0]]}, "properties": {"farge": "#fdae61", "elvenavn": null}}, {"type": "Feature", "geometry": {"type": "LineString", "coordinates": [[8.738979813535476, 58.504675230426145, 0.0], [8.739149968941595, 58.50481084262981, 0.0], [8.739304640678725, 58.50497022667735, 0.0], [8.73948308299738, 58.50512220069067, 0.0], [8.739603139589766, 58.505185562065634, 0.0], [8.739742923084165, 58.5052374069466, 0.0], [8.739892623808858, 58.505279833412075, 0.0], [8.740054264151754, 58.50531003604196, 0.0], [8.740360374285714, 58.505232356142194, 0.0], [8.740684160708842, 58.505174073962664, 0.0], [8.740840250915474, 58.50513721193953, 0.0], [8.740984894797055, 58.505090083854334, 0.0], [8.74145108286919, 58.50482785902388, 0.0], [8.741604105288058, 58.50478931589449, 0.0], [8.741768022634421, 58.504763293497554, 0.0], [8.742269924233215, 58.50470547701527, 0.0], [8.742607807347452, 58.50467586482761, 0.0], [8.742948519113018, 58.504656903597976, 0.0]]}, "properties": {"farge": "#d7191c", "elvenavn": "Barbuvassdraget"}}, {"type": "Feature", "geometry": {"type": "LineString", "coordinates": [[8.709291060270258, 58.473742347170436, 0.0], [8.709326991235692, 58.47364763617654, 0.0], [8.70942853719751, 58.473546740932086, 0.0], [8.709451900817031, 58.473459330373124, 0.0], [8.709379334966972, 58.473371222618226, 0.0], [8.709257743189, 58.47325654893598, 0.0], [8.709198163803807, 58.4731388891525, 0.0], [8.709247599123657, 58.47303464714908, 0.0], [8.70947579633744, 58.472779608396635, 0.0], [8.709694020028678, 58.47270153370494, 0.0]]}, "properties": {"farge": "#2c7fb8", "elvenavn": null}}, {"type": "Feature", "geometry": {"type": "LineString", "coordinates": [[8.55972073106309, 58.43924025100785, 0.0], [8.559855133932041, 58.439306001288, 0.0], [8.559955447437794, 58.43937840713366, 0.0], [8.560079410211832, 58.43943418647091, 0.0], [8.56023916056674, 58.439465964625846, 0.0], [8.560405923286572, 58.439485519333665, 0.0], [8.560744463011291, 58.43950913890638, 0.0], [8.560904010437662, 58.4395412788659, 0.0]]}, "properties": {"farge": "#fdae61", "elvenavn": null}}, {"type": "Feature", "geometry": {"type": "LineString", "coordinates": [[8.742948519113018, 58.504656903597976, 0.0], [8.743139933323368, 58.50474838323587, 0.0], [8.743542082563764, 58.50491580438428, 0.0], [8.743906307960476, 58.50510543235775, 0.0], [8.744122637386438, 58.50524431485062, 0.0], [8.744409917736112, 58.50546735382668, 0.0], [8.744518550570007, 58.50553505599325, 0.0], [8.744978621647675, 58.50565532233719, 0.0], [8.74526285967286, 58.505755362721786, 0.0], [8.745398457076307, 58.50581014205978, 0.0], [8.745776409911585, 58.50599190701964, 0.0], [8.745917538314325, 58.506042760454285, 0.0], [8.746182761165118, 58.50615619508527, 0.0]]}, "properties": {"farge": "#d7191c", "elvenavn": "Barbuvassdraget"}}, {"type": "Feature", "geometry": {"type": "LineString", "coordinates": [[8.575438924930465, 58.45106815065822, 0.0], [8.575250113795441, 58.45072132920408, 0.0], [8.575417102987778, 58.45046674054942, 0.0], [8.57544775770451, 58.45038046445069, 0.0], [8.575479289971, 58.45020211709173, 0.0], [8.57551662156929, 58.45011463842335, 0.0], [8.575633015917196, 58.44994617207533, 0.0], [8.575793827385958, 58.44978801114329, 0.0], [8.57638064948449, 58.449346816946374, 0.0], [8.57656386691144, 58.44919540532134, 0.0]]}, "properties": {"farge": "#fdae61", "elvenavn": null}}, {"type": "Feature", "geometry": {"type": "LineString", "coordinates": [[8.749609307635929, 58.47466264305597, 0.0], [8.750113529218309, 58.47437813836892, 0.0], [8.750236377583322, 58.474316571883676, 0.0], [8.750504253785689, 58.47420556514181, 0.0], [8.750656904917818, 58.47416486306775, 0.0], [8.75081754898441, 58.47413537659247, 0.0], [8.750988264064494, 58.4741298252799, 0.0], [8.751158838392364, 58.47413631388027, 0.0], [8.751305453250842, 58.474092442182354, 0.0], [8.751449639233988, 58.474044099086235, 0.0], [8.751718981790841, 58.47393351109098, 0.0], [8.751967260638066, 58.473810256468724, 0.0], [8.752368286747764, 58.47364268450871, 0.0], [8.752653314470143, 58.47354372063904, 0.0], [8.753095312439132, 58.47340730554317, 0.0], [8.75337295059987, 58.47330307175255, 0.0], [8.753524538594064, 58.473261529203114, 0.0], [8.753836769934603, 58.47318920585651, 0.0], [8.754005628832024, 58.47317477843392, 0.0], [8.754518649462106, 58.473173771127, 0.0], [8.754859122803463, 58.473192121948905, 0.0], [8.75519574582397, 58.47322453889883, 0.0], [8.755330198378552, 58.473195963687004, 0.0], [8.755878457049414, 58.47285175754468, 0.0], [8.756155125135201, 58.47262566184857, 0.0], [8.75649385735806, 58.472424621241124, 0.0], [8.756693767029114, 58.47227915562402, 0.0], [8.757035730287752, 58.47207870929719, 0.0], [8.757133237282476, 58.472005042470215, 0.0], [8.757245563500968, 58.471938591697864, 0.0], [8.757909583342983, 58.471656094187395, 0.0], [8.758034081628486, 58.47159470145457, 0.0], [8.758130907851298, 58.471528510587966, 0.0], [8.758046476456819, 58.47135392119013, 0.0], [8.757986018440626, 58.471178311549394, 0.0], [8.758004800176492, 58.471092051750496, 0.0], [8.75809697317017, 58.471017593370426, 0.0], [8.758302957200751, 58.47088057434316, 0.0], [8.75862406097198, 58.470944538249725, 0.0], [8.758790547886147, 58.470961943104406, 0.0]]}, "properties": {"farge": "#d7191c", "elvenavn": "Barbuvassdraget"}}, {"type": "Feature", "geometry": {"type": "LineString", "coordinates": [[8.537556134409023, 58.45967351981446, 0.0], [8.537665219703888, 58.45960448467252, 0.0], [8.537917948477784, 58.459483833653096, 0.0], [8.538313772109786, 58.45931266416534, 0.0], [8.538597115536135, 58.45921185480648, 0.0], [8.538699778625693, 58.45904215802555, 0.0], [8.538725125604046, 58.45895360148315, 0.0], [8.538843329088603, 58.458691928221555, 0.0], [8.538947993012378, 58.45862312699365, 0.0], [8.539067563457726, 58.45855902676068, 0.0], [8.5394529721787, 58.45838151943224, 0.0], [8.539736334792945, 58.45828112319926, 0.0], [8.54002969773467, 58.45819221223904, 0.0], [8.540328944475997, 58.45797437815222, 0.0], [8.540600106379982, 58.45774634726825, 0.0], [8.540905178038578, 58.457539093141214, 0.0], [8.54103819063361, 58.45748270675292, 0.0], [8.541152634254463, 58.45741609820337, 0.0], [8.54125689389492, 58.457345225708906, 0.0], [8.541439806888762, 58.45719364308761, 0.0], [8.541552171448462, 58.45712617248261, 0.0], [8.541646464656203, 58.457051499963065, 0.0], [8.541758721693153, 58.456984421895655, 0.0], [8.54188323313941, 58.45692368756622, 0.0], [8.541935217826207, 58.45685378441823, 0.0]]}, "properties": {"farge": "#fdae61", "elvenavn": null}}, {"type": "Feature", "geometry": {"type": "LineString", "coordinates": [[8.746182761165118, 58.50615619508527, 0.0], [8.746349813374882, 58.506293561287904, 0.0], [8.74650575923987, 58.506450088832786, 0.0], [8.746792388564726, 58.50654914911357, 0.0], [8.747057336525605, 58.50666258809361, 0.0], [8.747406246331982, 58.50686000525657, 0.0], [8.74771490361445, 58.50707501662438, 0.0], [8.747939461307329, 58.50721017305614, 0.0], [8.748322718556215, 58.50738900899505, 0.0], [8.74888632815679, 58.507592821718774, 0.0], [8.749408186861436, 58.507825271081195, 0.0], [8.749532015177246, 58.50788722701909, 0.0], [8.749751872924673, 58.5080246591813, 0.0]]}, "properties": {"farge": "#d7191c", "elvenavn": "Barbuvassdraget"}}, {"type": "Feature", "geometry": {"type": "LineString", "coordinates": [[8.542246913556689, 58.45661229104596, 0.0], [8.542414581463023, 58.456500726701165, 0.0], [8.54265672505669, 58.45637390812296, 0.0], [8.5428647647908, 58.45623182959877, 0.0], [8.543089959001287, 58.456096776365214, 0.0], [8.543231540477453, 58.45604727767552, 0.0], [8.543685356822168, 58.455917024786814, 0.0], [8.543823623015406, 58.455959618273674, 0.0], [8.544364344664356, 58.4561789553295, 0.0], [8.544675238356712, 58.456254375581004, 0.0], [8.544821944308922, 58.45624028200835, 0.0], [8.544972116003503, 58.45619836296262, 0.0], [8.545106204357612, 58.456142582821215, 0.0], [8.545395870133008, 58.456047168478825, 0.0], [8.545665847958173, 58.45593734752707, 0.0], [8.545820122107147, 58.45589920719854, 0.0], [8.54593028144497, 58.45583360963721, 0.0], [8.546041875005946, 58.45566481002665, 0.0]]}, "properties": {"farge": "#fdae61", "elvenavn": null}}, {"type": "Feature", "geometry": {"type": "LineString", "coordinates": [[8.690564868938244, 58.48558878979915, 0.0], [8.690515782591964, 58.48514187025585, 0.0], [8.690580440757499, 58.484873932239374, 0.0], [8.690546938472023, 58.48478776378238, 0.0], [8.690381033674925, 58.48453224704065, 0.0], [8.68989205428189, 58.483579804812855, 0.0], [8.689562278855913, 58.48297640814489, 0.0], [8.689405474841513, 58.482956944645764, 0.0], [8.687542013919314, 58.4828142345512, 0.0], [8.68585449345979, 58.48266331353076, 0.0], [8.685690678400714, 58.482638156464844, 0.0], [8.685532321349864, 58.48260407520469, 0.0], [8.684599282453119, 58.48237904206041, 0.0], [8.684483111632295, 58.48231473471037, 0.0], [8.683951098714664, 58.481963558138496, 0.0], [8.683873330025461, 58.48188371166879, 0.0], [8.68372253741469, 58.48162664806955, 0.0], [8.683437287891921, 58.48140421240479, 0.0], [8.683355600569278, 58.48132542645868, 0.0], [8.683216416813028, 58.48116139281672, 0.0], [8.682902906786003, 58.48091703810383, 0.0]]}, "properties": {"farge": "#fdae61", "elvenavn": "Lilleelva"}}, {"type": "Feature", "geometry": {"type": "LineString", "coordinates": [[8.784352898043354, 58.52390706876666, 0.0], [8.78276638653908, 58.52275311501866, 0.0], [8.78206580512867, 58.52249484039529, 0.0], [8.781667207157675, 58.52232523232427, 0.0], [8.781568721471183, 58.52225224575196, 0.0], [8.781491123335718, 58.522172395548566, 0.0], [8.781357514193965, 58.52200731355129, 0.0], [8.78124170157431, 58.52183834253243, 0.0], [8.780908311869114, 58.52180062268932, 0.0], [8.780581901388949, 58.5217464414287, 0.0], [8.780383742816209, 58.52165573778547, 0.0]]}, "properties": {"farge": "#d7191c", "elvenavn": null}}, {"type": "Feature", "geometry": {"type": "LineString", "coordinates": [[8.786852152342645, 58.51319694703143, 0.0], [8.786831500724588, 58.51310835089015, 0.0], [8.786775541281166, 58.51298102870259, 0.0]]}, "properties": {"farge": "#d7191c", "elvenavn": null}}, {"type": "Feature", "geometry": {"type": "LineString", "coordinates": [[8.527933862774967, 58.48298535471557, 0.0], [8.527771547422118, 58.4829747999008, 0.0], [8.527119921013028, 58.48308475968216, 0.0], [8.526844303191934, 58.48315077746701, 0.0]]}, "properties": {"farge": "#2c7fb8", "elvenavn": null}}, {"type": "Feature", "geometry": {"type": "LineString", "coordinates": [[8.682103200484205, 58.475059436740914, 0.0], [8.682209479658788, 58.474818789602644, 0.0]]}, "properties": {"farge": "#2c7fb8", "elvenavn": "Lilleelva"}}, {"type": "Feature", "geometry": {"type": "LineString", "coordinates": [[8.762107960779284, 58.46967480592963, 0.0], [8.762236075794512, 58.46963440991867, 0.0], [8.762336118052962, 58.469563017566806, 0.0], [8.762574422459918, 58.4694360704277, 0.0], [8.762681076111154, 58.46936688182049, 0.0], [8.762862474338412, 58.469215568350265, 0.0], [8.762921331050865, 58.46910679119673, 0.0]]}, "properties": {"farge": "#2c7fb8", "elvenavn": "Barbuvassdraget"}}, {"type": "Feature", "geometry": {"type": "LineString", "coordinates": [[8.690928732932774, 58.46398021066086, 0.0], [8.691056786449652, 58.4639231161604, 0.0], [8.691105430068895, 58.46374488698941, 0.0], [8.69125607409379, 58.46373293119174, 0.0], [8.691418386174773, 58.46376103559004, 0.0], [8.691650556098304, 58.463758719086215, 0.0]]}, "properties": {"farge": "#2c7fb8", "elvenavn": "Lilleelva"}}, {"type": "Feature", "geometry": {"type": "LineString", "coordinates": [[8.635207823227798, 58.450819448324964, 0.0], [8.635082800537898, 58.45065741355701, 0.0], [8.63493554774536, 58.450611410958516, 0.0], [8.634711213803586, 58.45052314712723, 0.0]]}, "properties": {"farge": "#2c7fb8", "elvenavn": null}}, {"type": "Feature", "geometry": {"type": "LineString", "coordinates": [[8.550358448927659, 58.439272997145316, 0.0], [8.550695730140804, 58.43927026692924, 0.0], [8.551018833106868, 58.4392117694642, 0.0], [8.551294731103217, 58.439148268814904, 0.0]]}, "properties": {"farge": "#fdae61", "elvenavn": null}}, {"type": "Feature", "geometry": {"type": "LineString", "coordinates": [[8.607379822309165, 58.406682772356234, 0.0], [8.607801962977026, 58.40649877144946, 0.0], [8.608610338782595, 58.40629910330164, 0.0]]}, "properties": {"farge": "#2c7fb8", "elvenavn": "Arendalsvassdraget"}}, {"type": "Feature", "geometry": {"type": "LineString", "coordinates": [[8.606711595960364, 58.42009174724136, 0.0], [8.605961773703791, 58.419959237184095, 0.0]]}, "properties": {"farge": "#2c7fb8", "elvenavn": null}}, {"type": "Feature", "geometry": {"type": "LineString", "coordinates": [[8.690722445050188, 58.46403486576962, 0.0], [8.690928732932774, 58.46398021066086, 0.0]]}, "properties": {"farge": "#2c7fb8", "elvenavn": "Lilleelva"}}, {"type": "Feature", "geometry": {"type": "LineString", "coordinates": [[8.725424440309805, 58.46589200803041, 0.0], [8.725445631721367, 58.46599440904392, 0.0], [8.725417306711176, 58.46608215208917, 0.0], [8.725363588680798, 58.466166988422664, 0.0]]}, "properties": {"farge": "#2c7fb8", "elvenavn": null}}, {"type": "Feature", "geometry": {"type": "LineString", "coordinates": [[8.701757274391344, 58.425589113064895, 0.0], [8.702044015250019, 58.42549780995274, 0.0], [8.702282977009832, 58.42540166667711, 0.0]]}, "properties": {"farge": "#2c7fb8", "elvenavn": null}}, {"type": "Feature", "geometry": {"type": "LineString", "coordinates": [[8.76830761706038, 58.52149256057449, 0.0], [8.768980940301045, 58.52116763022988, 0.0], [8.769750048994968, 58.52069285422436, 0.0], [8.769934886979295, 58.520593579500904, 0.0], [8.770082441564734, 58.52065906951556, 0.0], [8.770058004450298, 58.52084111878411, 0.0], [8.770112135699668, 58.52093954003102, 0.0], [8.770254360137484, 58.521079732190024, 0.0], [8.770430001994152, 58.52112160261157, 0.0], [8.770568032494616, 58.52106169211092, 0.0], [8.77059649713994, 58.520946470725015, 0.0], [8.771194137608145, 58.52062991773033, 0.0], [8.771214706447925, 58.520514312690736, 0.0], [8.771764793777947, 58.52024125157674, 0.0], [8.772493638530484, 58.519947739363275, 0.0], [8.772987534097378, 58.51990098742545, 0.0], [8.773662400316406, 58.51964232259479, 0.0], [8.773949996451638, 58.51968130851994, 0.0], [8.77459108234965, 58.51943348833736, 0.0], [8.775061659221278, 58.51929397443259, 0.0], [8.775265746027385, 58.51922061546517, 0.0], [8.775457536286135, 58.51917164562575, 0.0], [8.775473816802632, 58.51916316392801, 0.0]]}, "properties": {"farge": "#d7191c", "elvenavn": null}}, {"type": "Feature", "geometry": {"type": "LineString", "coordinates": [[8.757862336868945, 58.531126375509295, 0.0], [8.758258786744411, 58.530911749346814, 0.0], [8.758724213349296, 58.53065212639655, 0.0], [8.75903548287148, 58.530347337911465, 0.0], [8.759213655207423, 58.53010621077987, 0.0], [8.75926086443053, 58.53004232165307, 0.0], [8.759469107944541, 58.529719448314914, 0.0], [8.759469275243289, 58.529692439312804, 0.0]]}, "properties": {"farge": "#d7191c", "elvenavn": null}}, {"type": "Feature", "geometry": {"type": "LineString", "coordinates": [[8.759745895496948, 58.52942351320598, 0.0], [8.760039403174426, 58.52918152691111, 0.0], [8.760384887420452, 58.52887687378812, 0.0], [8.760644712798658, 58.528562999016664, 0.0], [8.760648720097342, 58.528558871718, 0.0], [8.760938733197458, 58.528258176228285, 0.0], [8.761232577651842, 58.527953344341604, 0.0], [8.761249901004886, 58.527935367232736, 0.0]]}, "properties": {"farge": "#d7191c", "elvenavn": null}}, {"type": "Feature", "geometry": {"type": "LineString", "coordinates": [[8.74958679637485, 58.52605417321364, 0.0], [8.75103932504212, 58.52657630614113, 0.0], [8.751907089187357, 58.527207954395564, 0.0], [8.752422465971616, 58.52759322931434, 0.0], [8.753244533239794, 58.52754607680812, 0.0], [8.753506266731058, 58.52783991282234, 0.0]]}, "properties": {"farge": "#d7191c", "elvenavn": null}}]}