{"type": "FeatureCollection", "features": [{"type": "Feature", "geometry": {"type": "Point", "coordinates": [7.7064635806860595, 58.15165375992144]}, "properties": {"id": "0", "stedsnavn": "Mandal ", "kommune": "Lindesnes", "vassdrag": "Trondstadvatnet bekkefelt", "regine": "022.2B0", "vurdering_raw": "Ikke hinder", "barrier_category": "Ikke hinder", "barrier_color": "#1a9641", "barrier_label": "Ikke et vandringshinder", "problem_beskrivelse": NaN, "diameter_cm": NaN, "lengde_m": 8.0, "kommentar": "Plastkulvert, helt grei. Ikke hinder. Men noe lav vannføring ", "kommentar_utfyllende": "0", "lon_opp": 7.706280692768315, "lat_opp": 58.151549994802025}}, {"type": "Feature", "geometry": {"type": "Point", "coordinates": [7.848541805204263, 58.133020447186105]}, "properties": {"id": "1", "stedsnavn": "0", "kommune": "Kristiansand", "vassdrag": NaN, "regine": "022.1B2", "vurdering_raw": "Ikke hinder", "barrier_category": "Ikke hinder", "barrier_color": "#1a9641", "barrier_label": "Ikke et vandringshinder", "problem_beskrivelse": NaN, "diameter_cm": NaN, "lengde_m": 8.0, "kommentar": "Tørt og mye vegetasjon, som blokerer inngangen noe, men bør kunne vandres igjennom. ", "kommentar_utfyllende": "0", "lon_opp": 7.84832767078219, "lat_opp": 58.13306475636125}}, {"type": "Feature", "geometry": {"type": "Point", "coordinates": [8.288955951862931, 58.21548068353875]}, "properties": {"id": "2", "stedsnavn": "0", "kommune": "Lillesand", "vassdrag": NaN, "regine": "020.2230", "vurdering_raw": "Ikke angitt", "barrier_category": "Ikke angitt", "barrier_color": "#999999", "barrier_label": "Ikke vurdert / mangler data", "problem_beskrivelse": NaN, "diameter_cm": NaN, "lengde_m": 30.0, "kommentar": "Finner ikke nedstrøms ", "kommentar_utfyllende": "bekkelukking", "lon_opp": 8.288942684159208, "lat_opp": 58.21591532324125}}, {"type": "Feature", "geometry": {"type": "Point", "coordinates": [7.986672755476401, 58.258661651931256]}, "properties": {"id": "3", "stedsnavn": "Ålefjærveien", "kommune": "Vennesla", "vassdrag": "Venneslafjorden bekkefelt", "regine": "021.A4Z", "vurdering_raw": "Absolutt", "barrier_category": "Absolutt", "barrier_color": "#d7191c", "barrier_label": "Totalt vandringshinder (absolutt)", "problem_beskrivelse": NaN, "diameter_cm": NaN, "lengde_m": 12.0, "kommentar": "Lite rør, ser tett ut, men bør ellers kunne vandres gjennom. ", "kommentar_utfyllende": "0", "lon_opp": 7.986551715212752, "lat_opp": 58.25858011189017}}, {"type": "Feature", "geometry": {"type": "Point", "coordinates": [9.040586180396705, 58.62484902404701]}, "properties": {"id": "4", "stedsnavn": "Dypvågveien (bekk Størdalstjenn)", "kommune": "Tvedestrand", "vassdrag": "Kråkvågbekken, inkl. bekkefelt", "regine": "018.61Z", "vurdering_raw": "Absolutt", "barrier_category": "Absolutt", "barrier_color": "#d7191c", "barrier_label": "Totalt vandringshinder (absolutt)", "problem_beskrivelse": NaN, "diameter_cm": NaN, "lengde_m": 6.0, "kommentar": "Små plaststikkrenner, ikke passende for fisk og passere. Heller ikke særlig habitat oppstrøms. Hovedsak drenering fra landbruk ", "kommentar_utfyllende": "0", "lon_opp": 9.041005035584694, "lat_opp": 58.62484067346484}}, {"type": "Feature", "geometry": {"type": "Point", "coordinates": [7.466412045779061, 58.177260028238926]}, "properties": {"id": "5", "stedsnavn": "Mandal ", "kommune": NaN, "vassdrag": "Mandalselva - Laudal til Øyslebø bekkefelt", "regine": "022.B1Z", "vurdering_raw": "Partiell", "barrier_category": "Partiell", "barrier_color": "#fdae61", "barrier_label": "Delvis vandringshinder (partiell)", "problem_beskrivelse": NaN, "diameter_cm": NaN, "lengde_m": 8.0, "kommentar": "Bekk veldig gjengrodd og begrenset oppstrøms mot innsjøe. Kulvert litt høy og liten. Begrenset bekk nedstrøms. Hvis der kommer ål opp, så er kulvert hinder for ål ", "kommentar_utfyllende": "0", "lon_opp": 7.466361869290596, "lat_opp": 58.17719635397226}}, {"type": "Feature", "geometry": {"type": "Point", "coordinates": [8.84552757143892, 58.57458109726584]}, "properties": {"id": "6", "stedsnavn": "Arendal", "kommune": NaN, "vassdrag": NaN, "regine": "018.C2Z", "vurdering_raw": "Partiell", "barrier_category": "Partiell", "barrier_color": "#fdae61", "barrier_label": "Delvis vandringshinder (partiell)", "problem_beskrivelse": NaN, "diameter_cm": NaN, "lengde_m": 12.0, "kommentar": "Blir delvis blokkert av kvist oppstrøms. Fint habitat, men alt for stillestående og sølete vann. Kulvert ok ", "kommentar_utfyllende": "0", "lon_opp": 8.845748164440822, "lat_opp": 58.57465720887846}}, {"type": "Feature", "geometry": {"type": "Point", "coordinates": [7.986730718291407, 58.25867469568457]}, "properties": {"id": "7", "stedsnavn": "Ålefjær ", "kommune": "Vennesla", "vassdrag": "Venneslafjorden bekkefelt", "regine": "021.A4Z", "vurdering_raw": "Partiell", "barrier_category": "Partiell", "barrier_color": "#fdae61", "barrier_label": "Delvis vandringshinder (partiell)", "problem_beskrivelse": NaN, "diameter_cm": NaN, "lengde_m": 12.0, "kommentar": "Jeg går utifra at disse 3 rørene henger sammen,  tror at fisk hvis fisk kan passere vil denne uansett fungere som hinder i en grad  ", "kommentar_utfyllende": "0", "lon_opp": 7.986551715212752, "lat_opp": 58.25858011189017}}, {"type": "Feature", "geometry": {"type": "Point", "coordinates": [8.819975228863223, 58.478525327562295]}, "properties": {"id": "8", "stedsnavn": "Kystveien ", "kommune": "Arendal", "vassdrag": "Songebekken", "regine": "019.121Z", "vurdering_raw": "Absolutt", "barrier_category": "Absolutt", "barrier_color": "#d7191c", "barrier_label": "Totalt vandringshinder (absolutt)", "problem_beskrivelse": NaN, "diameter_cm": NaN, "lengde_m": 25.0, "kommentar": "Denne er sannsynligvis vandringsbarriere grunnet lite rør, og høy stigning", "kommentar_utfyllende": "0", "lon_opp": 8.819946941067725, "lat_opp": 58.47891323932792}}, {"type": "Feature", "geometry": {"type": "Point", "coordinates": [7.853428750100054, 58.08812549012896]}, "properties": {"id": "9", "stedsnavn": "Søgne vgs ", "kommune": "Kristiansand", "vassdrag": "Søgneelva - Brennåsen til utløp", "regine": "022.1A12", "vurdering_raw": "Ikke hinder", "barrier_category": "Ikke hinder", "barrier_color": "#1a9641", "barrier_label": "Ikke et vandringshinder", "problem_beskrivelse": NaN, "diameter_cm": NaN, "lengde_m": 8.0, "kommentar": "Ubetydelig. Finner ikke 100% kulverten nedstrøms. Var tett på oppsiden, mulig gravd ned, eller fylt over. Sannsynligvis uansett ikke egnet for fisk ", "kommentar_utfyllende": "drensrør", "lon_opp": 7.853540683981846, "lat_opp": 58.08818763363021}}, {"type": "Feature", "geometry": {"type": "Point", "coordinates": [8.670512125490392, 58.51459764690054]}, "properties": {"id": "10", "stedsnavn": "Arendal ", "kommune": "Froland", "vassdrag": NaN, "regine": "019.B", "vurdering_raw": "Ikke hinder", "barrier_category": "Ikke hinder", "barrier_color": "#1a9641", "barrier_label": "Ikke et vandringshinder", "problem_beskrivelse": NaN, "diameter_cm": NaN, "lengde_m": 8.0, "kommentar": "Ikke fiskehabitat, bare drenering ", "kommentar_utfyllende": "0", "lon_opp": 8.670391571905808, "lat_opp": 58.514889205858836}}, {"type": "Feature", "geometry": {"type": "Point", "coordinates": [8.689411915035985, 58.649773628568944]}, "properties": {"id": "11", "stedsnavn": "Vegårshei ", "kommune": "Åmli", "vassdrag": "Nelaug - Flaten, bekkefelt", "regine": "019.C12", "vurdering_raw": "Ikke hinder", "barrier_category": "Ikke hinder", "barrier_color": "#1a9641", "barrier_label": "Ikke et vandringshinder", "problem_beskrivelse": NaN, "diameter_cm": NaN, "lengde_m": 10.0, "kommentar": "Meir grøft en bekk, kulvert ikke hinder. Tørt ", "kommentar_utfyllende": "0", "lon_opp": 8.689570084275555, "lat_opp": 58.649691652548086}}, {"type": "Feature", "geometry": {"type": "Point", "coordinates": [8.97109670158812, 58.54394618913483]}, "properties": {"id": "12", "stedsnavn": "Arendal", "kommune": "Arendal", "vassdrag": NaN, "regine": "018.711", "vurdering_raw": "Partiell", "barrier_category": "Partiell", "barrier_color": "#fdae61", "barrier_label": "Delvis vandringshinder (partiell)", "problem_beskrivelse": NaN, "diameter_cm": NaN, "lengde_m": 0.0, "kommentar": "Kulvert ikke hinder hvis der skulle bli nok vann ti bekken. Er veldig lite vann nedstrøms. Og helt tr", "kommentar_utfyllende": "0", "lon_opp": 8.970914217878603, "lat_opp": 58.54399612880631}}, {"type": "Feature", "geometry": {"type": "Point", "coordinates": [8.242965688586223, 58.18918512765732]}, "properties": {"id": "13", "stedsnavn": "Høvåg ", "kommune": "Lillesand", "vassdrag": "Isefjærfjorden bekkefelt", "regine": "020.41", "vurdering_raw": "Neppe fiskeførende", "barrier_category": "Neppe fiskeførende", "barrier_color": "#2c7fb8", "barrier_label": "Neppe fiskeførende bekk", "problem_beskrivelse": NaN, "diameter_cm": NaN, "lengde_m": 8.0, "kommentar": "Bør nok gjennomspyles. Kulvert i seg selv ikke hinder sannsynligvis, men bekk nedstrøms er for bratt for vandring oppover ", "kommentar_utfyllende": "0", "lon_opp": 8.242933455013194, "lat_opp": 58.189331641709714}}, {"type": "Feature", "geometry": {"type": "Point", "coordinates": [7.833230920375812, 58.10764973340267]}, "properties": {"id": "15", "stedsnavn": "Toftelandsveien (sidebekk Søgneleva)", "kommune": "Kristiansand", "vassdrag": "Søgneelva - Brennåsen til utløp", "regine": "022.1A12", "vurdering_raw": "Ikke hinder", "barrier_category": "Ikke hinder", "barrier_color": "#1a9641", "barrier_label": "Ikke et vandringshinder", "problem_beskrivelse": NaN, "diameter_cm": NaN, "lengde_m": 12.0, "kommentar": "Ikke viktig! Sannsynligvis ikke fiskeførende. Veldig høy avstand fra elv og opp, leder heller ikke til egnet gytehabitat. ", "kommentar_utfyllende": "drensrør", "lon_opp": 7.833625165136105, "lat_opp": 58.10760691864672}}, {"type": "Feature", "geometry": {"type": "Point", "coordinates": [8.031894542555984, 58.20620219927969]}, "properties": {"id": "16", "stedsnavn": "justvik", "kommune": "Kristiansand", "vassdrag": "Hemmingsvatnet", "regine": "021.122Z", "vurdering_raw": "Ikke hinder", "barrier_category": "Ikke hinder", "barrier_color": "#1a9641", "barrier_label": "Ikke et vandringshinder", "problem_beskrivelse": NaN, "diameter_cm": NaN, "lengde_m": 15.0, "kommentar": "usikker på om dette er utløp, hvis det er det, vil det være nødvendig med høyere vannstand for at fisk skal passere. tørt og Per nå 40 meter ut til innsjøen. ", "kommentar_utfyllende": "drensrør", "lon_opp": 8.032232958607993, "lat_opp": 58.206055729621994}}, {"type": "Feature", "geometry": {"type": "Point", "coordinates": [8.976070479602477, 58.54494269744493]}, "properties": {"id": "17", "stedsnavn": "Arendal ", "kommune": "Arendal", "vassdrag": NaN, "regine": "018.711", "vurdering_raw": "Partiell", "barrier_category": "Partiell", "barrier_color": "#fdae61", "barrier_label": "Delvis vandringshinder (partiell)", "problem_beskrivelse": NaN, "diameter_cm": NaN, "lengde_m": 10.0, "kommentar": "Bekk er helt tør nå, men bekkeleie nedstrøms bærer preg av at det vil være en bekk her når det er mer nedbør ", "kommentar_utfyllende": "0", "lon_opp": 8.975946321455064, "lat_opp": 58.54496933071119}}, {"type": "Feature", "geometry": {"type": "Point", "coordinates": [8.496024313758658, 58.283676567586504]}, "properties": {"id": "18", "stedsnavn": "Grimstad ", "kommune": "Grimstad", "vassdrag": "Amtedal-Penndalen, bekkefelt", "regine": "019.22Z", "vurdering_raw": "Partiell", "barrier_category": "Partiell", "barrier_color": "#fdae61", "barrier_label": "Delvis vandringshinder (partiell)", "problem_beskrivelse": NaN, "diameter_cm": NaN, "lengde_m": 12.0, "kommentar": "Kulvert vil sannsynligvis være hinder på grunn av høyde og diameter på rør. ", "kommentar_utfyllende": "0", "lon_opp": 8.495817210965901, "lat_opp": 58.28353679366229}}, {"type": "Feature", "geometry": {"type": "Point", "coordinates": [8.977387399830622, 58.54051482006215]}, "properties": {"id": "19", "stedsnavn": "Arendal ", "kommune": NaN, "vassdrag": NaN, "regine": "018.711", "vurdering_raw": "Partiell", "barrier_category": "Partiell", "barrier_color": "#fdae61", "barrier_label": "Delvis vandringshinder (partiell)", "problem_beskrivelse": NaN, "diameter_cm": NaN, "lengde_m": 18.0, "kommentar": "Selve kulvert er nok ikke vandringshinder, men bekk både oppstrøms og nedstrøms er svært redusert. Og mye potensielle hindere lengre ned i bekk. ", "kommentar_utfyllende": "0", "lon_opp": 8.976797999014021, "lat_opp": 58.54065718517206}}, {"type": "Feature", "geometry": {"type": "Point", "coordinates": [8.857419811277023, 58.83675032463096]}, "properties": {"id": "20", "stedsnavn": "Moveien (sidebekk Mellomtjenn)", "kommune": "Vegårshei", "vassdrag": "Vegårvasselva bekkefelt", "regine": "018.F", "vurdering_raw": "Absolutt", "barrier_category": "Absolutt", "barrier_color": "#d7191c", "barrier_label": "Totalt vandringshinder (absolutt)", "problem_beskrivelse": NaN, "diameter_cm": NaN, "lengde_m": 10.0, "kommentar": "Ligger 2 betongstikkrenner, under den i plast. Disse ser tette ut, og kan ikke ses oppstrøms. ", "kommentar_utfyllende": "0", "lon_opp": 8.857403343174342, "lat_opp": 58.83685408059794}}, {"type": "Feature", "geometry": {"type": "Point", "coordinates": [9.06041475653373, 58.8325242595514]}, "properties": {"id": "21", "stedsnavn": "Gjerstad ", "kommune": "Gjerstad", "vassdrag": "Sunda, bekkefelt", "regine": "018.2C", "vurdering_raw": "Partiell", "barrier_category": "Partiell", "barrier_color": "#fdae61", "barrier_label": "Delvis vandringshinder (partiell)", "problem_beskrivelse": NaN, "diameter_cm": NaN, "lengde_m": 8.0, "kommentar": "Kulvert liten, og ikke veldig fin bekk oppstrøms. ", "kommentar_utfyllende": "0", "lon_opp": 9.060268027190263, "lat_opp": 58.8325857573404}}, {"type": "Feature", "geometry": {"type": "Point", "coordinates": [7.641946932751298, 58.16809246804485]}, "properties": {"id": "22", "stedsnavn": "Mandal ", "kommune": "Lindesnes", "vassdrag": "Eidsåna", "regine": "022.AA1B", "vurdering_raw": "Partiell", "barrier_category": "Partiell", "barrier_color": "#fdae61", "barrier_label": "Delvis vandringshinder (partiell)", "problem_beskrivelse": NaN, "diameter_cm": NaN, "lengde_m": 12.0, "kommentar": "Merkelig bekkeløp nedstrøms. Usikker på om bekk er egnet for fisk. Kulvert isåfall kanskje mulig å passere, usikker", "kommentar_utfyllende": "0", "lon_opp": 7.641601414444098, "lat_opp": 58.16834349234351}}, {"type": "Feature", "geometry": {"type": "Point", "coordinates": [7.989388928449539, 58.2507534696268]}, "properties": {"id": "23", "stedsnavn": "Ålefjær", "kommune": "Vennesla", "vassdrag": "Ålefjærfjorden bekkefelt", "regine": "021.121Z", "vurdering_raw": "Ikke hinder", "barrier_category": "Ikke hinder", "barrier_color": "#1a9641", "barrier_label": "Ikke et vandringshinder", "problem_beskrivelse": NaN, "diameter_cm": NaN, "lengde_m": 17.0, "kommentar": "Enten så er denne vinklet ellerRedusert vanndybde på grunn av mye slam og sediment i kulverten. Observerte ål/fisk, regner ikke denne for et vandringshinder. Noe tør, og er mulig sediment burde vært gravd ut. ", "kommentar_utfyllende": "0", "lon_opp": 7.988686730879126, "lat_opp": 58.250679226830066}}, {"type": "Feature", "geometry": {"type": "Point", "coordinates": [8.691330614498991, 58.717320021135144]}, "properties": {"id": "24", "stedsnavn": "Vegårshei ", "kommune": "Vegårshei", "vassdrag": "Ufsvatn, bekkefelt", "regine": "019.C3", "vurdering_raw": "Ikke hinder", "barrier_category": "Ikke hinder", "barrier_color": "#1a9641", "barrier_label": "Ikke et vandringshinder", "problem_beskrivelse": NaN, "diameter_cm": NaN, "lengde_m": 10.0, "kommentar": "Kan se alle tre utløpende nedstrøms, hvor 2 av disse kan ses igjennom. Tør bekk etter pytt nedstrøms. Ser frosk og rumpetroll nedstrøms. ", "kommentar_utfyllende": "0", "lon_opp": 8.691227964485599, "lat_opp": 58.71726484682222}}, {"type": "Feature", "geometry": {"type": "Point", "coordinates": [8.610475805061494, 58.40395721516219]}, "properties": {"id": "25", "stedsnavn": "Kroken 3602 (''sidebekk'' fra Nidelva)", "kommune": "Grimstad", "vassdrag": "Nidelva Furre - Rygene kraftverk bekkefelt", "regine": "019.B1", "vurdering_raw": "Absolutt", "barrier_category": "Absolutt", "barrier_color": "#d7191c", "barrier_label": "Totalt vandringshinder (absolutt)", "problem_beskrivelse": NaN, "diameter_cm": NaN, "lengde_m": 15.0, "kommentar": "Denne vil være hinder hvis fisk kommer så langt opp. Er mye slam i stikkrenne, og denne er liten ", "kommentar_utfyllende": "0", "lon_opp": 8.610526860182523, "lat_opp": 58.403755967471206}}, {"type": "Feature", "geometry": {"type": "Point", "coordinates": [7.6943439485872736, 58.05063344553641]}, "properties": {"id": "26", "stedsnavn": "Mandal ", "kommune": "Kristiansand", "vassdrag": "Kumlefjorden bekkfelt", "regine": "022.226", "vurdering_raw": "Partiell", "barrier_category": "Partiell", "barrier_color": "#fdae61", "barrier_label": "Delvis vandringshinder (partiell)", "problem_beskrivelse": NaN, "diameter_cm": NaN, "lengde_m": 20.0, "kommentar": "Setter usikker på hinder på denne, på grunn av lengden. Men grei bekk nedstrøms. Og fisk/ål kommer seg greit til inngang til kulverter ", "kommentar_utfyllende": "0", "lon_opp": 7.694199420139459, "lat_opp": 58.05021216064361}}, {"type": "Feature", "geometry": {"type": "Point", "coordinates": [7.849617872314645, 58.08977670785859]}, "properties": {"id": "27", "stedsnavn": "Søgne vgs ", "kommune": "Kristiansand", "vassdrag": "Søgneelva - Brennåsen til utløp", "regine": "022.1A12", "vurdering_raw": "Ikke hinder", "barrier_category": "Ikke hinder", "barrier_color": "#1a9641", "barrier_label": "Ikke et vandringshinder", "problem_beskrivelse": NaN, "diameter_cm": NaN, "lengde_m": 10.0, "kommentar": "Sannsynligvis grei å vandre gjennom. Stikkrenna er lav, og vil muligens være under vannstand ved mye vann. Er mye vegetasjon som delvis sperrer kulverten. Sannsynligvis ok for gjennomvandring", "kommentar_utfyllende": "0", "lon_opp": 7.849597062021939, "lat_opp": 58.089921564061974}}, {"type": "Feature", "geometry": {"type": "Point", "coordinates": [8.965973251460088, 58.542632561748306]}, "properties": {"id": "28", "stedsnavn": "Arendal ", "kommune": "Arendal", "vassdrag": NaN, "regine": "018.711", "vurdering_raw": "Partiell", "barrier_category": "Partiell", "barrier_color": "#fdae61", "barrier_label": "Delvis vandringshinder (partiell)", "problem_beskrivelse": NaN, "diameter_cm": NaN, "lengde_m": 15.0, "kommentar": "Usikker på om kulvert ville vært hinder, ved nok vann til å støtte fisk. Sannsynligvis ok. Helt tør bekk nedstrøms og oppstrøms ", "kommentar_utfyllende": "0", "lon_opp": 8.965509278043037, "lat_opp": 58.542597258318224}}, {"type": "Feature", "geometry": {"type": "Point", "coordinates": [7.491127159147046, 58.04269700425536]}, "properties": {"id": "29", "stedsnavn": "Mandal 4 ", "kommune": "Lindesnes", "vassdrag": "Mandalselva - Øyslebø til Mandal", "regine": "022.A6", "vurdering_raw": "Ikke hinder", "barrier_category": "Ikke hinder", "barrier_color": "#1a9641", "barrier_label": "Ikke et vandringshinder", "problem_beskrivelse": NaN, "diameter_cm": NaN, "lengde_m": 8.0, "kommentar": "Ikke hinder, fin kulvert, noe lav. Grunneier ønsker bedre drenering før kulvert. ", "kommentar_utfyllende": "0", "lon_opp": 7.49087623982932, "lat_opp": 58.042707343648104}}, {"type": "Feature", "geometry": {"type": "Point", "coordinates": [7.940446214063587, 58.10848373132569]}, "properties": {"id": "30", "stedsnavn": "langenesveien", "kommune": "Kristiansand", "vassdrag": "Kristiansandsfjorden indre bekkefelt", "regine": "021.23Z", "vurdering_raw": "Partiell", "barrier_category": "Partiell", "barrier_color": "#fdae61", "barrier_label": "Delvis vandringshinder (partiell)", "problem_beskrivelse": NaN, "diameter_cm": NaN, "lengde_m": 10.0, "kommentar": "vann i røret, tørt å oversiden. sannsynligvis ikke vandringshinder. tørt etter RØR", "kommentar_utfyllende": "Ubetydelig bekk?", "lon_opp": 7.9403838317549615, "lat_opp": 58.10852716456461}}, {"type": "Feature", "geometry": {"type": "Point", "coordinates": [8.844037534098181, 58.574126795344974]}, "properties": {"id": "31", "stedsnavn": "Arendal ", "kommune": NaN, "vassdrag": NaN, "regine": "018.7B", "vurdering_raw": "Partiell", "barrier_category": "Partiell", "barrier_color": "#fdae61", "barrier_label": "Delvis vandringshinder (partiell)", "problem_beskrivelse": NaN, "diameter_cm": NaN, "lengde_m": 8.0, "kommentar": "Veldig stillestående vann, Ser ut som om det har begynt å dannes bekkeløp på siden av veien også. ", "kommentar_utfyllende": "0", "lon_opp": 8.844241644817785, "lat_opp": 58.5741767900187}}, {"type": "Feature", "geometry": {"type": "Point", "coordinates": [8.724842191975306, 58.496969651252044]}, "properties": {"id": "32", "stedsnavn": "Arendal ", "kommune": "Arendal", "vassdrag": "Assævannet, bekkefelt", "regine": "019.A1Z", "vurdering_raw": "Partiell", "barrier_category": "Partiell", "barrier_color": "#fdae61", "barrier_label": "Delvis vandringshinder (partiell)", "problem_beskrivelse": NaN, "diameter_cm": NaN, "lengde_m": 13.0, "kommentar": "Fin steinkulvert. Er registrert som usikker i forhold til hinder fordi denne er smal og det samler seg noe kvist inni kulvert. Ikke nok til å være barriere, men kan gjøre gjennomvandring noe vanskeligere ", "kommentar_utfyllende": "0", "lon_opp": 8.72497414767669, "lat_opp": 58.49705655962538}}, {"type": "Feature", "geometry": {"type": "Point", "coordinates": [7.515886163424415, 58.02717658036933]}, "properties": {"id": "33", "stedsnavn": "Mandal ", "kommune": "Lindesnes", "vassdrag": "Jåbekken bekkfelt", "regine": "022.32A", "vurdering_raw": "Ikke hinder", "barrier_category": "Ikke hinder", "barrier_color": "#1a9641", "barrier_label": "Ikke et vandringshinder", "problem_beskrivelse": NaN, "diameter_cm": NaN, "lengde_m": 12.0, "kommentar": "Sannsynligvis grei. Men ligger en del fin sand inni stikkrenne. Mudrete substrat nedstrøms.", "kommentar_utfyllende": "0", "lon_opp": 7.516027428404203, "lat_opp": 58.02706232437542}}, {"type": "Feature", "geometry": {"type": "Point", "coordinates": [8.84471802448127, 58.574292443226945]}, "properties": {"id": "34", "stedsnavn": "Arendal ", "kommune": NaN, "vassdrag": NaN, "regine": "018.7B", "vurdering_raw": "Ikke hinder", "barrier_category": "Ikke hinder", "barrier_color": "#1a9641", "barrier_label": "Ikke et vandringshinder", "problem_beskrivelse": NaN, "diameter_cm": NaN, "lengde_m": 8.0, "kommentar": "Kulvert ser ok ut. Men vassdrag bør sjekkes lengre nede ", "kommentar_utfyllende": "0", "lon_opp": 8.844948938260517, "lat_opp": 58.574351207913786}}, {"type": "Feature", "geometry": {"type": "Point", "coordinates": [8.687838960715485, 58.4779067983464]}, "properties": {"id": "35", "stedsnavn": "Arendal ", "kommune": "Arendal", "vassdrag": NaN, "regine": "019.A1Z", "vurdering_raw": "Partiell", "barrier_category": "Partiell", "barrier_color": "#fdae61", "barrier_label": "Delvis vandringshinder (partiell)", "problem_beskrivelse": NaN, "diameter_cm": NaN, "lengde_m": 17.0, "kommentar": "Usikker på hinder på grunn av lengde, men fin ingang til kulvert og fint habitat nedstrøms ", "kommentar_utfyllende": "0", "lon_opp": 8.687973030523134, "lat_opp": 58.47813538768054}}, {"type": "Feature", "geometry": {"type": "Point", "coordinates": [8.832538043912331, 58.48429261851648]}, "properties": {"id": "36", "stedsnavn": "Arendal ", "kommune": "Arendal", "vassdrag": NaN, "regine": "018.72", "vurdering_raw": "Ikke hinder", "barrier_category": "Ikke hinder", "barrier_color": "#1a9641", "barrier_label": "Ikke et vandringshinder", "problem_beskrivelse": NaN, "diameter_cm": NaN, "lengde_m": 10.0, "kommentar": "Grei kulvert, ikke hinder. ", "kommentar_utfyllende": "0", "lon_opp": 8.831432324491383, "lat_opp": 58.48410390901754}}, {"type": "Feature", "geometry": {"type": "Point", "coordinates": [9.084996644531888, 58.66463153751595]}, "properties": {"id": "37", "stedsnavn": "Lagveien (bekk Gulspettvannet)", "kommune": NaN, "vassdrag": "Elv Gulspettvannet -Størdalsvannet", "regine": "018.5Z", "vurdering_raw": "Absolutt", "barrier_category": "Absolutt", "barrier_color": "#d7191c", "barrier_label": "Totalt vandringshinder (absolutt)", "problem_beskrivelse": NaN, "diameter_cm": NaN, "lengde_m": 7.0, "kommentar": "Kulvert noe hinder, ved lav vannføring lekker kulvert vann, og bekk er helt tør nedstrøms. Mulig bedre ved høyere vannføring ", "kommentar_utfyllende": "0", "lon_opp": 9.085031103327596, "lat_opp": 58.66473039689407}}, {"type": "Feature", "geometry": {"type": "Point", "coordinates": [8.861998553366865, 58.53720851117633]}, "properties": {"id": "38", "stedsnavn": "Våjeveien (bekk mellom Molandsvann og Langangsvannet)", "kommune": NaN, "vassdrag": "Sagenebekken", "regine": "018.7A0", "vurdering_raw": "Absolutt", "barrier_category": "Absolutt", "barrier_color": "#d7191c", "barrier_label": "Totalt vandringshinder (absolutt)", "problem_beskrivelse": NaN, "diameter_cm": NaN, "lengde_m": 12.0, "kommentar": "100% barriere, ikke tydelig utløp fra kulvert, steinete utløp. I tillegg til gitter oppstrøms, gjør denne til barriere for oppvandring ", "kommentar_utfyllende": "0", "lon_opp": 8.86167970717128, "lat_opp": 58.53715019391276}}, {"type": "Feature", "geometry": {"type": "Point", "coordinates": [8.97625662679943, 58.54536564267731]}, "properties": {"id": "39", "stedsnavn": "Arendal ", "kommune": "Arendal", "vassdrag": NaN, "regine": "018.711", "vurdering_raw": "Ikke hinder", "barrier_category": "Ikke hinder", "barrier_color": "#1a9641", "barrier_label": "Ikke et vandringshinder", "problem_beskrivelse": NaN, "diameter_cm": NaN, "lengde_m": 8.0, "kommentar": "Ikke vandringshinder, men veldig stillestående vann, med preg av avrenning fra landbruk. Med grei vannføring her kan dette være en gytebekk, hvis ikke blokkert lengre nede. ", "kommentar_utfyllende": "0", "lon_opp": 8.976087383489087, "lat_opp": 58.545372805296836}}, {"type": "Feature", "geometry": {"type": "Point", "coordinates": [7.934765794440546, 58.10734783593775]}, "properties": {"id": "40", "stedsnavn": "langenesveien ", "kommune": "Kristiansand", "vassdrag": "Kristiansandsfjorden indre bekkefelt", "regine": "021.23Z", "vurdering_raw": "Partiell", "barrier_category": "Partiell", "barrier_color": "#fdae61", "barrier_label": "Delvis vandringshinder (partiell)", "problem_beskrivelse": NaN, "diameter_cm": NaN, "lengde_m": 8.0, "kommentar": "barriere ved lav vannstand, men sannsynligvis passerer noe fisk. kjempebjørnekjeks langs bekken.", "kommentar_utfyllende": "0", "lon_opp": 7.934741003405302, "lat_opp": 58.10720723092511}}, {"type": "Feature", "geometry": {"type": "Point", "coordinates": [8.187363679630682, 58.16371284120237]}, "properties": {"id": "41", "stedsnavn": "Søm", "kommune": "Lillesand", "vassdrag": "Kvåsefjorden - Kvarenesfjorden bekkefelt", "regine": "020.4231", "vurdering_raw": "Ikke angitt", "barrier_category": "Ikke angitt", "barrier_color": "#999999", "barrier_label": "Ikke vurdert / mangler data", "problem_beskrivelse": NaN, "diameter_cm": NaN, "lengde_m": 15.0, "kommentar": "Gjennfinner ikke utløp", "kommentar_utfyllende": "0", "lon_opp": 8.18688235294356, "lat_opp": 58.163981478299824}}, {"type": "Feature", "geometry": {"type": "Point", "coordinates": [8.96946687153375, 58.543643618796274]}, "properties": {"id": "42", "stedsnavn": "Arendal ", "kommune": "Arendal", "vassdrag": NaN, "regine": "018.711", "vurdering_raw": "Ikke angitt", "barrier_category": "Ikke angitt", "barrier_color": "#999999", "barrier_label": "Ikke vurdert / mangler data", "problem_beskrivelse": NaN, "diameter_cm": NaN, "lengde_m": 0.0, "kommentar": "Gjenfinnes ikke nedstrøms, mulig gravd over ", "kommentar_utfyllende": "0", "lon_opp": 8.969517140232155, "lat_opp": 58.543561002899324}}, {"type": "Feature", "geometry": {"type": "Point", "coordinates": [8.621837618726902, 58.4346229456585]}, "properties": {"id": "43", "stedsnavn": "Jernbaneveien (sidebekk Nesevja, som renner ut i Nidelva)", "kommune": "Arendal", "vassdrag": "Nidelva Furre - Rygene kraftverk bekkefelt", "regine": "019.B1", "vurdering_raw": "Absolutt", "barrier_category": "Absolutt", "barrier_color": "#d7191c", "barrier_label": "Totalt vandringshinder (absolutt)", "problem_beskrivelse": NaN, "diameter_cm": NaN, "lengde_m": 20.0, "kommentar": "Nederste del av kulvert er løsnet, resten er fylt igjen med jord. ", "kommentar_utfyllende": "0", "lon_opp": 8.621837470542038, "lat_opp": 58.43451059529082}}, {"type": "Feature", "geometry": {"type": "Point", "coordinates": [8.118916793499354, 58.22242958829019]}, "properties": {"id": "44", "stedsnavn": "Kristiansand ", "kommune": "Kristiansand", "vassdrag": NaN, "regine": "020.A12", "vurdering_raw": "Ikke hinder", "barrier_category": "Ikke hinder", "barrier_color": "#1a9641", "barrier_label": "Ikke et vandringshinder", "problem_beskrivelse": NaN, "diameter_cm": NaN, "lengde_m": 7.0, "kommentar": "Denne bør sjekkes om er anadrom strekning lengre nede, fin steinkulvert. Ikke hinder, men usikker på hvordan vannføring er her. Ikke noe vann nå ", "kommentar_utfyllende": "0", "lon_opp": 8.11913539052131, "lat_opp": 58.22244182069623}}, {"type": "Feature", "geometry": {"type": "Point", "coordinates": [8.597269456876385, 58.389026303926094]}, "properties": {"id": "45", "stedsnavn": "Grimstad ", "kommune": "Grimstad", "vassdrag": "Rore, bekkefelt", "regine": "019.AZ", "vurdering_raw": "Partiell", "barrier_category": "Partiell", "barrier_color": "#fdae61", "barrier_label": "Delvis vandringshinder (partiell)", "problem_beskrivelse": NaN, "diameter_cm": NaN, "lengde_m": 12.0, "kommentar": "En av rørene kunne nok med fordel ha vært litt lavere. Plaststikkrenne bør kunne passeres ved høyere vannføring. Er fisk nedstrøms som er fanget på grunn av lav vannstand. ", "kommentar_utfyllende": "0", "lon_opp": 8.597414670858214, "lat_opp": 58.389029158404696}}, {"type": "Feature", "geometry": {"type": "Point", "coordinates": [7.346682188910784, 58.193514453960795]}, "properties": {"id": "46", "stedsnavn": "Audnedalsveien 1445", "kommune": "Lindesnes", "vassdrag": NaN, "regine": "023.B110", "vurdering_raw": "Partiell", "barrier_category": "Partiell", "barrier_color": "#fdae61", "barrier_label": "Delvis vandringshinder (partiell)", "problem_beskrivelse": NaN, "diameter_cm": NaN, "lengde_m": 8.0, "kommentar": "Lite vann i kulvert nå", "kommentar_utfyllende": "0", "lon_opp": 7.355620203870434, "lat_opp": 58.189196544759994}}, {"type": "Feature", "geometry": {"type": "Point", "coordinates": [8.37629804713163, 58.21868425071472]}, "properties": {"id": "47", "stedsnavn": "Lillesand ", "kommune": "Lillesand", "vassdrag": "Blindleia - Nesefjorden, bekkefelt", "regine": "020.2220", "vurdering_raw": "Partiell", "barrier_category": "Partiell", "barrier_color": "#fdae61", "barrier_label": "Delvis vandringshinder (partiell)", "problem_beskrivelse": NaN, "diameter_cm": NaN, "lengde_m": 30.0, "kommentar": "Underdimensjonert kulvert med tanke på lengde. Usikker på hvordan denne er å vandre gjennom.  Brakkvann nedstrøms. ", "kommentar_utfyllende": "0", "lon_opp": 8.375663740911593, "lat_opp": 58.2188282407996}}, {"type": "Feature", "geometry": {"type": "Point", "coordinates": [8.695275777401317, 58.55731563656097]}, "properties": {"id": "48", "stedsnavn": "Bøylestadveien (grøft fra Østresolheimsvannet)", "kommune": "Froland", "vassdrag": NaN, "regine": "019.B31", "vurdering_raw": "Absolutt", "barrier_category": "Absolutt", "barrier_color": "#d7191c", "barrier_label": "Totalt vandringshinder (absolutt)", "problem_beskrivelse": NaN, "diameter_cm": NaN, "lengde_m": 0.0, "kommentar": "Kulvert er nok hinder, men ikke noe interessant habitat oppstrøms. ", "kommentar_utfyllende": "0", "lon_opp": 8.695125576833734, "lat_opp": 58.55738649321876}}, {"type": "Feature", "geometry": {"type": "Point", "coordinates": [9.268877208285879, 58.760610310839596]}, "properties": {"id": "49", "stedsnavn": "Hødnebøveien (forbindelse mellom Skarvann og Lonene)", "kommune": "Risør", "vassdrag": "Skardvatnet, utløpselv", "regine": "018.1C", "vurdering_raw": "Absolutt", "barrier_category": "Absolutt", "barrier_color": "#d7191c", "barrier_label": "Totalt vandringshinder (absolutt)", "problem_beskrivelse": NaN, "diameter_cm": NaN, "lengde_m": 10.0, "kommentar": "2 små kulverter, noe stengt av kvist oppstrøms. Grei vannføring, men noe hinder.", "kommentar_utfyllende": "0", "lon_opp": 9.26869693597084, "lat_opp": 58.76064210215092}}, {"type": "Feature", "geometry": {"type": "Point", "coordinates": [8.863482455720431, 58.83429352525444]}, "properties": {"id": "50", "stedsnavn": "Moveien (Sidebekk Vegår)", "kommune": "Vegårshei", "vassdrag": "Vegår bekkefelt", "regine": "018.F", "vurdering_raw": "Absolutt", "barrier_category": "Absolutt", "barrier_color": "#d7191c", "barrier_label": "Totalt vandringshinder (absolutt)", "problem_beskrivelse": NaN, "diameter_cm": NaN, "lengde_m": 12.0, "kommentar": "Hinder, begge stikkrennene er tett oppstrøms, vann graver seg på siden av stikkrenner. litt kvist i bekk nedstrøms. Helt tør bekk. ", "kommentar_utfyllende": "0", "lon_opp": 8.863658686497102, "lat_opp": 58.83438854960236}}, {"type": "Feature", "geometry": {"type": "Point", "coordinates": [7.661778167754324, 58.04306608624877]}, "properties": {"id": "51", "stedsnavn": "Eid 3980 (bekk renner ut i Kumlefjorden)", "kommune": "Kristiansand", "vassdrag": NaN, "regine": "022.226", "vurdering_raw": "Absolutt", "barrier_category": "Absolutt", "barrier_color": "#d7191c", "barrier_label": "Totalt vandringshinder (absolutt)", "problem_beskrivelse": NaN, "diameter_cm": NaN, "lengde_m": 14.0, "kommentar": "Denne er jeg også usikker på. Er 2 stikkrenner i forskjellig diameter. Der det er litt høyde opp mot den største. Den lille har veldig høy vannhastighet. Ser for meg at denne er krevende for nåde anadrom fisk og ål. ", "kommentar_utfyllende": "0", "lon_opp": 7.661554802989596, "lat_opp": 58.043099383246854}}, {"type": "Feature", "geometry": {"type": "Point", "coordinates": [8.814197570039612, 58.61317898412673]}, "properties": {"id": "52", "stedsnavn": "Vålandsveien (sidebekk Marendalselva)", "kommune": "Tvedestrand", "vassdrag": "Elv fra Øynesvann bekkefelt", "regine": "018.C23", "vurdering_raw": "Absolutt", "barrier_category": "Absolutt", "barrier_color": "#d7191c", "barrier_label": "Totalt vandringshinder (absolutt)", "problem_beskrivelse": NaN, "diameter_cm": NaN, "lengde_m": 14.0, "kommentar": "Tenker denne er hinder, da det er litt høyt fra vannflate til kulvert. Plus at siste del av stikkrenne ser ny ut. ", "kommentar_utfyllende": "0", "lon_opp": 8.813894287737375, "lat_opp": 58.61318952073775}}, {"type": "Feature", "geometry": {"type": "Point", "coordinates": [7.512088283313803, 58.01267548921741]}, "properties": {"id": "53", "stedsnavn": "Mandal ", "kommune": "Lindesnes", "vassdrag": "Mannefjorden bekkefelt", "regine": "022.322", "vurdering_raw": "Ikke hinder", "barrier_category": "Ikke hinder", "barrier_color": "#1a9641", "barrier_label": "Ikke et vandringshinder", "problem_beskrivelse": NaN, "diameter_cm": NaN, "lengde_m": 12.0, "kommentar": "Ser fisk nedstrøms. Kulvert ser ikke ut som hinder. Men bekk ser ut til å bære preg av avrenning fra anlegg lengre oppstrøms. ", "kommentar_utfyllende": "0", "lon_opp": 7.5121735689324245, "lat_opp": 58.01274781431081}}, {"type": "Feature", "geometry": {"type": "Point", "coordinates": [7.597104470633516, 58.289770450975674]}, "properties": {"id": "54", "stedsnavn": "Mandal Finslandsvegen", "kommune": "Kristiansand", "vassdrag": "Meåna", "regine": "022.AC5", "vurdering_raw": "Absolutt", "barrier_category": "Absolutt", "barrier_color": "#d7191c", "barrier_label": "Totalt vandringshinder (absolutt)", "problem_beskrivelse": NaN, "diameter_cm": NaN, "lengde_m": 8.0, "kommentar": "Helt tør bekk, og noe igjengrodd innløp. Skal mye vann her for st fisk skal kunne vandre. Sannsynlig bare drenering ", "kommentar_utfyllende": "0", "lon_opp": 7.596894078028777, "lat_opp": 58.289597953481135}}, {"type": "Feature", "geometry": {"type": "Point", "coordinates": [8.145803794255023, 58.251303636979316]}, "properties": {"id": "55", "stedsnavn": "Fosseveien (Einermobekken)", "kommune": "Kristiansand", "vassdrag": NaN, "regine": "020.A40", "vurdering_raw": "Absolutt", "barrier_category": "Absolutt", "barrier_color": "#d7191c", "barrier_label": "Totalt vandringshinder (absolutt)", "problem_beskrivelse": NaN, "diameter_cm": NaN, "lengde_m": 15.0, "kommentar": "Vandringsbarriere, er 300cm til der jeg tror vanstanden vil være ved grei vannføring. ", "kommentar_utfyllende": "0", "lon_opp": 8.145536832756058, "lat_opp": 58.251347122367555}}, {"type": "Feature", "geometry": {"type": "Point", "coordinates": [8.124151814546208, 58.12894294120017]}, "properties": {"id": "56", "stedsnavn": "Søm ", "kommune": "Kristiansand", "vassdrag": "Østergapet-ytre bekkefelt", "regine": "020.4240", "vurdering_raw": "Ikke hinder", "barrier_category": "Ikke hinder", "barrier_color": "#1a9641", "barrier_label": "Ikke et vandringshinder", "problem_beskrivelse": NaN, "diameter_cm": NaN, "lengde_m": 4.0, "kommentar": "Ikke under fylkesvei, på siden. Stikkrenne ligger lavt i bekken. Mye mudder og gjengrodd bekk. ", "kommentar_utfyllende": "0", "lon_opp": 8.124874802292096, "lat_opp": 58.12886586892397}}, {"type": "Feature", "geometry": {"type": "Point", "coordinates": [8.658800244910386, 58.49188305081102]}, "properties": {"id": "57", "stedsnavn": "Frolandsveien (sidebekk Mårvannet)", "kommune": "Froland", "vassdrag": NaN, "regine": "019.A1Z", "vurdering_raw": "Ikke angitt", "barrier_category": "Ikke angitt", "barrier_color": "#999999", "barrier_label": "Ikke vurdert / mangler data", "problem_beskrivelse": NaN, "diameter_cm": NaN, "lengde_m": 15.0, "kommentar": "Kulvert rast i front. Kulvert ser fin ut, lite vann. Men kan ikke se gjennom kulvert, derfor usikker på hinder. Grunneier mente denne holdt på å utbedres.", "kommentar_utfyllende": "0", "lon_opp": 8.659174382535408, "lat_opp": 58.49209251281731}}, {"type": "Feature", "geometry": {"type": "Point", "coordinates": [8.598758793038211, 58.38745449885496]}, "properties": {"id": "58", "stedsnavn": "Tauleveien (bekk fra Skrubbedalstjenn)", "kommune": "Grimstad", "vassdrag": NaN, "regine": "019.A", "vurdering_raw": "Absolutt", "barrier_category": "Absolutt", "barrier_color": "#d7191c", "barrier_label": "Totalt vandringshinder (absolutt)", "problem_beskrivelse": NaN, "diameter_cm": NaN, "lengde_m": 15.0, "kommentar": "Tenker denne er lagt noe høyt. Bekk er helt tør nedstrøms. Er noe småfisk nedstrøms, men disse er fanget. ", "kommentar_utfyllende": "0", "lon_opp": 8.598813341986068, "lat_opp": 58.38734242656702}}, {"type": "Feature", "geometry": {"type": "Point", "coordinates": [8.467244363582807, 58.27743066822811]}, "properties": {"id": "59", "stedsnavn": "Grimstad ", "kommune": "Grimstad", "vassdrag": "Vestre Bjørkesund - Sønningdalsund, bekkefelt", "regine": "020.11Z", "vurdering_raw": "Partiell", "barrier_category": "Partiell", "barrier_color": "#fdae61", "barrier_label": "Delvis vandringshinder (partiell)", "problem_beskrivelse": NaN, "diameter_cm": NaN, "lengde_m": 20.0, "kommentar": "Usikker på hinder. Liten stikkrenne. Helt tør, gjengtrodd bekk. ", "kommentar_utfyllende": "0", "lon_opp": 8.46754251912873, "lat_opp": 58.27755464693959}}, {"type": "Feature", "geometry": {"type": "Point", "coordinates": [8.034815589272762, 58.19258889759248]}, "properties": {"id": "60", "stedsnavn": "gillsvannet", "kommune": "Kristiansand", "vassdrag": NaN, "regine": "021.123Z", "vurdering_raw": "Absolutt", "barrier_category": "Absolutt", "barrier_color": "#d7191c", "barrier_label": "Totalt vandringshinder (absolutt)", "problem_beskrivelse": NaN, "diameter_cm": NaN, "lengde_m": 20.0, "kommentar": "både gitter og stålplate nedstrøms vil gjøre dette til hinder  men ikke barriere. hvorfor plate? bedre vannføring hadde gjort ok.", "kommentar_utfyllende": "Hinder, uviktig bekk", "lon_opp": 8.035303118711044, "lat_opp": 58.19231158773588}}, {"type": "Feature", "geometry": {"type": "Point", "coordinates": [8.862274064005684, 58.8359312095284]}, "properties": {"id": "62", "stedsnavn": "Vegårshei ", "kommune": "Vegårshei", "vassdrag": "Vegårvasselva", "regine": "018.G", "vurdering_raw": "Ikke hinder", "barrier_category": "Ikke hinder", "barrier_color": "#1a9641", "barrier_label": "Ikke et vandringshinder", "problem_beskrivelse": NaN, "diameter_cm": NaN, "lengde_m": 10.0, "kommentar": "Noe redusert bekk, sannsynligvis ok. ", "kommentar_utfyllende": "0", "lon_opp": 8.8624013115901, "lat_opp": 58.83596876851145}}, {"type": "Feature", "geometry": {"type": "Point", "coordinates": [8.87537120887543, 58.83441226453825]}, "properties": {"id": "63", "stedsnavn": "Vegårshei ", "kommune": "Vegårshei", "vassdrag": "Vegår bekkefelt", "regine": "018.F", "vurdering_raw": "Ikke hinder", "barrier_category": "Ikke hinder", "barrier_color": "#1a9641", "barrier_label": "Ikke et vandringshinder", "problem_beskrivelse": NaN, "diameter_cm": NaN, "lengde_m": 10.0, "kommentar": "Liten stikkrenne, men ser ok ut. ", "kommentar_utfyllende": "0", "lon_opp": 8.875358563727753, "lat_opp": 58.83449899872373}}, {"type": "Feature", "geometry": {"type": "Point", "coordinates": [8.90637405732449, 58.55767103734639]}, "properties": {"id": "64", "stedsnavn": "Langangsveien (sidebekk Langangselva)", "kommune": "Tvedestrand", "vassdrag": "Langangselva bekkefelt", "regine": "018.7AZ", "vurdering_raw": "Absolutt", "barrier_category": "Absolutt", "barrier_color": "#d7191c", "barrier_label": "Totalt vandringshinder (absolutt)", "problem_beskrivelse": NaN, "diameter_cm": NaN, "lengde_m": 10.0, "kommentar": "Er en del kvist oppstrøms, som delvis blokerer. Ser fisk nedstrøms, lite vann. Men kulvert ser ok ut.", "kommentar_utfyllende": "0", "lon_opp": 8.906273774015249, "lat_opp": 58.55756951180094}}, {"type": "Feature", "geometry": {"type": "Point", "coordinates": [8.834205642454117, 58.554007124089445]}, "properties": {"id": "65", "stedsnavn": "Arendal ", "kommune": "Arendal", "vassdrag": "Molandsvann bekkefelt", "regine": "018.7B", "vurdering_raw": "Ikke hinder", "barrier_category": "Ikke hinder", "barrier_color": "#1a9641", "barrier_label": "Ikke et vandringshinder", "problem_beskrivelse": NaN, "diameter_cm": NaN, "lengde_m": 12.0, "kommentar": "Veldig lite vann, men bør være fiskeførende ved høyere vannstand. Kulvert sannsynligvis ok ", "kommentar_utfyllende": "0", "lon_opp": 8.834303298036634, "lat_opp": 58.554054779030174}}, {"type": "Feature", "geometry": {"type": "Point", "coordinates": [8.96610710441519, 58.89803374841503]}, "properties": {"id": "66", "stedsnavn": "Gjerstad ", "kommune": "Gjerstad", "vassdrag": "Storelva (Lundvatnet - Gjerstadvatnet), bekkefelt", "regine": "018.2E4", "vurdering_raw": "Ikke hinder", "barrier_category": "Ikke hinder", "barrier_color": "#1a9641", "barrier_label": "Ikke et vandringshinder", "problem_beskrivelse": NaN, "diameter_cm": NaN, "lengde_m": 8.0, "kommentar": "Overraskende god vannkvalitet. Kulvert forsvinner under jorder på begge siders. Kulvert sannsynligvis grei, usikker på om det kommer fisk opp hit ", "kommentar_utfyllende": "0", "lon_opp": 8.966299344300891, "lat_opp": 58.898225251116195}}, {"type": "Feature", "geometry": {"type": "Point", "coordinates": [8.627417907185016, 58.41353926482426]}, "properties": {"id": "67", "stedsnavn": "Arendal ", "kommune": "Arendal", "vassdrag": "Nidelva Furre - Rygene kraftverk bekkefelt", "regine": "019.B1", "vurdering_raw": "Partiell", "barrier_category": "Partiell", "barrier_color": "#fdae61", "barrier_label": "Delvis vandringshinder (partiell)", "problem_beskrivelse": NaN, "diameter_cm": NaN, "lengde_m": 20.0, "kommentar": "Noe landbrukspreget bekk. Usikker på hinder ", "kommentar_utfyllende": "0", "lon_opp": 8.62762295582256, "lat_opp": 58.41384733524114}}, {"type": "Feature", "geometry": {"type": "Point", "coordinates": [9.032304761298798, 58.8230061853995]}, "properties": {"id": "68", "stedsnavn": "Gjerstad ", "kommune": "Gjerstad", "vassdrag": NaN, "regine": "018.2C", "vurdering_raw": "Partiell", "barrier_category": "Partiell", "barrier_color": "#fdae61", "barrier_label": "Delvis vandringshinder (partiell)", "problem_beskrivelse": NaN, "diameter_cm": NaN, "lengde_m": 10.0, "kommentar": "Mulig hinder. Lite vann og tre gjennom kulvert. ", "kommentar_utfyllende": "0", "lon_opp": 9.032295924751722, "lat_opp": 58.82313127349909}}, {"type": "Feature", "geometry": {"type": "Point", "coordinates": [7.608622175270132, 58.02206030989464]}, "properties": {"id": "69", "stedsnavn": "Tregdeveien (bekk renner ut mot myr/Lillestøltjørna)", "kommune": "Lindesnes", "vassdrag": "Harkmarkfjorden bekkfelt", "regine": "022.321", "vurdering_raw": "Absolutt", "barrier_category": "Absolutt", "barrier_color": "#d7191c", "barrier_label": "Totalt vandringshinder (absolutt)", "problem_beskrivelse": NaN, "diameter_cm": NaN, "lengde_m": 12.0, "kommentar": "Enten ligger denne veldig lavt. Ellers så er siste betongelementet løsnet. Ser ut som hinder. ", "kommentar_utfyllende": "0", "lon_opp": 7.608406019730512, "lat_opp": 58.022093996248515}}, {"type": "Feature", "geometry": {"type": "Point", "coordinates": [7.619498344514567, 58.12576929392225]}, "properties": {"id": "70", "stedsnavn": "Mandal ", "kommune": "Kristiansand", "vassdrag": "Trysfjorden bekkefelt", "regine": "022.22Z", "vurdering_raw": "Partiell", "barrier_category": "Partiell", "barrier_color": "#fdae61", "barrier_label": "Delvis vandringshinder (partiell)", "problem_beskrivelse": NaN, "diameter_cm": NaN, "lengde_m": 20.0, "kommentar": "Mulig hinder, er forskjellig rør i utløp og innløp. Så disse er koblet sammen under veien et sted. Kan være hinder. Bekk fin nedstrøms. Og der går vann gjennom kulvert. ", "kommentar_utfyllende": "0", "lon_opp": 7.619204983757321, "lat_opp": 58.12607002221308}}, {"type": "Feature", "geometry": {"type": "Point", "coordinates": [7.6237148280749585, 58.120294672364366]}, "properties": {"id": "71", "stedsnavn": "Mandal ", "kommune": "Kristiansand", "vassdrag": "Trysfjorden bekkefelt", "regine": "022.22Z", "vurdering_raw": "Partiell", "barrier_category": "Partiell", "barrier_color": "#fdae61", "barrier_label": "Delvis vandringshinder (partiell)", "problem_beskrivelse": NaN, "diameter_cm": NaN, "lengde_m": 15.0, "kommentar": "Mulig hinder, da denne ser ut til å være skjøtet på midten, betongstikkrenne i topp og plaststikkrenne i bunn. ", "kommentar_utfyllende": "0", "lon_opp": 7.623523115688831, "lat_opp": 58.12025438888574}}, {"type": "Feature", "geometry": {"type": "Point", "coordinates": [7.912752412617985, 58.07614578644947]}, "properties": {"id": "72", "stedsnavn": "Mot søgne ", "kommune": "Kristiansand", "vassdrag": "Herøyfjorden - Sandvikdalsfjorden bekkefelt", "regine": "022.110", "vurdering_raw": "Absolutt", "barrier_category": "Absolutt", "barrier_color": "#d7191c", "barrier_label": "Totalt vandringshinder (absolutt)", "problem_beskrivelse": NaN, "diameter_cm": NaN, "lengde_m": 12.0, "kommentar": "Bør utbedres. Rør er lite og samler mye rusk i åpning på grunn av vannrør. Selve stikkrenna er noe liten, og vil kunne få veldig høy vannhastighet. Demningen nedenfor kulp vil kunne være barriere. ", "kommentar_utfyllende": "0", "lon_opp": 7.912355437800416, "lat_opp": 58.07618156253351}}, {"type": "Feature", "geometry": {"type": "Point", "coordinates": [8.59412547263366, 58.37377188579858]}, "properties": {"id": "73", "stedsnavn": "Grimstad ", "kommune": "Grimstad", "vassdrag": NaN, "regine": "019.2161Z", "vurdering_raw": "Ikke hinder", "barrier_category": "Ikke hinder", "barrier_color": "#1a9641", "barrier_label": "Ikke et vandringshinder", "problem_beskrivelse": NaN, "diameter_cm": NaN, "lengde_m": 10.0, "kommentar": "Selve kulvert er nok ikke hinder, men er veldig bratt opp mot innløp. ", "kommentar_utfyllende": "0", "lon_opp": 8.594029456844474, "lat_opp": 58.37381519628206}}, {"type": "Feature", "geometry": {"type": "Point", "coordinates": [7.506108906514776, 58.060055072352746]}, "properties": {"id": "74", "stedsnavn": "Mandal 8 ", "kommune": "Lindesnes", "vassdrag": "Mandalselva - Øyslebø til Mandal", "regine": "022.A6", "vurdering_raw": "Ikke hinder", "barrier_category": "Ikke hinder", "barrier_color": "#1a9641", "barrier_label": "Ikke et vandringshinder", "problem_beskrivelse": NaN, "diameter_cm": NaN, "lengde_m": 8.0, "kommentar": "Ser fisk nedstrøms. Ikke vandringshinder, sannsynligvis ok ålehabitat oppstrøms. Men litt bratt ", "kommentar_utfyllende": "bru", "lon_opp": 7.505841620501466, "lat_opp": 58.06008682799403}}, {"type": "Feature", "geometry": {"type": "Point", "coordinates": [7.587856281762369, 58.300247771254114]}, "properties": {"id": "75", "stedsnavn": "Mandal ", "kommune": "Kristiansand", "vassdrag": "Mandalselva - Laudal til Øyslebø bekkefelt", "regine": "022.B1Z", "vurdering_raw": "Ikke hinder", "barrier_category": "Ikke hinder", "barrier_color": "#1a9641", "barrier_label": "Ikke et vandringshinder", "problem_beskrivelse": NaN, "diameter_cm": NaN, "lengde_m": 8.0, "kommentar": "Ser ikke helt utløp, sannsynligvis bare drenering fra landbruk. ", "kommentar_utfyllende": "0", "lon_opp": 7.58802083537342, "lat_opp": 58.30026628720196}}, {"type": "Feature", "geometry": {"type": "Point", "coordinates": [8.518270947722822, 58.31149975279555]}, "properties": {"id": "76", "stedsnavn": "Grimstad ", "kommune": "Grimstad", "vassdrag": "Bekker ved Hestehaven - Tjore", "regine": "019.2Z", "vurdering_raw": "Ikke hinder", "barrier_category": "Ikke hinder", "barrier_color": "#1a9641", "barrier_label": "Ikke et vandringshinder", "problem_beskrivelse": NaN, "diameter_cm": NaN, "lengde_m": 22.0, "kommentar": "Ikke hinder, men noe jord og sand i kulvert. Gjengrodd bekk, med lite vann. ", "kommentar_utfyllende": "bru", "lon_opp": 8.5185411420377, "lat_opp": 58.311213623135686}}, {"type": "Feature", "geometry": {"type": "Point", "coordinates": [7.519665212111037, 57.990017784847055]}, "properties": {"id": "77", "stedsnavn": "Dyrstadveien (bekk fra Farestadtjernet ned til fjord)", "kommune": "Lindesnes", "vassdrag": "Mannefjorden bekkefelt", "regine": "022.322", "vurdering_raw": "Absolutt", "barrier_category": "Absolutt", "barrier_color": "#d7191c", "barrier_label": "Totalt vandringshinder (absolutt)", "problem_beskrivelse": NaN, "diameter_cm": NaN, "lengde_m": 18.0, "kommentar": "Vandringshinder ved mindre det er mye mer vann en nå. Mulig kulvert skulle lagt lavere oppstrøms. ", "kommentar_utfyllende": "0", "lon_opp": 7.519421728447412, "lat_opp": 57.99012846508539}}, {"type": "Feature", "geometry": {"type": "Point", "coordinates": [7.516034273764869, 58.019362501682934]}, "properties": {"id": "78", "stedsnavn": "Mandal ", "kommune": "Lindesnes", "vassdrag": "Mannefjorden bekkefelt", "regine": "022.322", "vurdering_raw": "Ikke hinder", "barrier_category": "Ikke hinder", "barrier_color": "#1a9641", "barrier_label": "Ikke et vandringshinder", "problem_beskrivelse": NaN, "diameter_cm": NaN, "lengde_m": 7.0, "kommentar": "Ser ikke ut som hinder, men er helt tørt. ", "kommentar_utfyllende": "0", "lon_opp": 7.516116602185761, "lat_opp": 58.01943935295178}}, {"type": "Feature", "geometry": {"type": "Point", "coordinates": [8.579177014466266, 58.33692953702109]}, "properties": {"id": "79", "stedsnavn": "Grimstad ", "kommune": "Grimstad", "vassdrag": NaN, "regine": "019.216Z", "vurdering_raw": "Ikke hinder", "barrier_category": "Ikke hinder", "barrier_color": "#1a9641", "barrier_label": "Ikke et vandringshinder", "problem_beskrivelse": NaN, "diameter_cm": NaN, "lengde_m": 12.0, "kommentar": "Ikke hinder, så lenge rørene ikke tettes med kvist. Mye vegetasjon i bekk. ", "kommentar_utfyllende": "0", "lon_opp": 8.579009572586193, "lat_opp": 58.336863617701766}}, {"type": "Feature", "geometry": {"type": "Point", "coordinates": [8.608818398581906, 58.403866455466165]}, "properties": {"id": "80", "stedsnavn": "Kroken 3602 (sidebekk fra Nidelva)", "kommune": "Grimstad", "vassdrag": "Nidelva Furre - Rygene kraftverk bekkefelt", "regine": "019.B1", "vurdering_raw": "Absolutt", "barrier_category": "Absolutt", "barrier_color": "#d7191c", "barrier_label": "Totalt vandringshinder (absolutt)", "problem_beskrivelse": NaN, "diameter_cm": NaN, "lengde_m": 20.0, "kommentar": "Nederste betongelementer i kulvert er løsnet, og denne blir hinder og sannsynligvis barriere. Bør utbedres. Noe gjengrodd bekkeløp nedstrøms, men ok. ", "kommentar_utfyllende": "0", "lon_opp": 8.608402784263534, "lat_opp": 58.403664600561356}}, {"type": "Feature", "geometry": {"type": "Point", "coordinates": [7.425772971797385, 58.05559551851525]}, "properties": {"id": "81", "stedsnavn": "Hesland", "kommune": "Lindesnes", "vassdrag": NaN, "regine": "022.A21", "vurdering_raw": "Ikke hinder", "barrier_category": "Ikke hinder", "barrier_color": "#1a9641", "barrier_label": "Ikke et vandringshinder", "problem_beskrivelse": NaN, "diameter_cm": NaN, "lengde_m": 15.0, "kommentar": "0", "kommentar_utfyllende": "0", "lon_opp": 7.42599162281345, "lat_opp": 58.055654808161066}}, {"type": "Feature", "geometry": {"type": "Point", "coordinates": [7.648598047909889, 58.02832730664046]}, "properties": {"id": "82", "stedsnavn": "Harkmarksveien (bekk renner ut i Dalskilen)", "kommune": "Lindesnes", "vassdrag": NaN, "regine": "022.226", "vurdering_raw": "Absolutt", "barrier_category": "Absolutt", "barrier_color": "#d7191c", "barrier_label": "Totalt vandringshinder (absolutt)", "problem_beskrivelse": NaN, "diameter_cm": NaN, "lengde_m": 12.0, "kommentar": "Tenker denne er hinder, lav vannføring og en del høyde opp mot innløp. ", "kommentar_utfyllende": "0", "lon_opp": 7.648365970188164, "lat_opp": 58.028366093015414}}, {"type": "Feature", "geometry": {"type": "Point", "coordinates": [7.6942375004477395, 58.04943164014728]}, "properties": {"id": "83", "stedsnavn": "Mandal ", "kommune": NaN, "vassdrag": "Kumlefjorden bekkfelt", "regine": "022.226", "vurdering_raw": "Partiell", "barrier_category": "Partiell", "barrier_color": "#fdae61", "barrier_label": "Delvis vandringshinder (partiell)", "problem_beskrivelse": NaN, "diameter_cm": NaN, "lengde_m": 10.0, "kommentar": "Ser ut som om den lange kulverten under jordet lander her. Men er litt lav vannføring så er usikker. Denne er mulig hinder.  ", "kommentar_utfyllende": "0", "lon_opp": 7.6942440444930424, "lat_opp": 58.049419454425106}}, {"type": "Feature", "geometry": {"type": "Point", "coordinates": [7.643191867637708, 58.04357740233977]}, "properties": {"id": "84", "stedsnavn": "Harkmarksveien (bekk renner ut i Eidskilen)", "kommune": NaN, "vassdrag": NaN, "regine": "022.226", "vurdering_raw": "Absolutt", "barrier_category": "Absolutt", "barrier_color": "#d7191c", "barrier_label": "Totalt vandringshinder (absolutt)", "problem_beskrivelse": NaN, "diameter_cm": NaN, "lengde_m": 30.0, "kommentar": "Usikker på denne, grunneier mener denne stikkrenne stopper fisk. Gjengrodd bekk nedstrøms. ", "kommentar_utfyllende": "0", "lon_opp": 7.643773957020526, "lat_opp": 58.043691975988615}}, {"type": "Feature", "geometry": {"type": "Point", "coordinates": [8.844886141058492, 58.44819820902636]}, "properties": {"id": "85", "stedsnavn": "Hove ", "kommune": NaN, "vassdrag": NaN, "regine": "019.11", "vurdering_raw": "Partiell", "barrier_category": "Partiell", "barrier_color": "#fdae61", "barrier_label": "Delvis vandringshinder (partiell)", "problem_beskrivelse": NaN, "diameter_cm": NaN, "lengde_m": 10.0, "kommentar": "Lav kulvert, men bør kunne passeres. Mye vegetasjon foran kulvert begge sider ", "kommentar_utfyllende": "0", "lon_opp": 8.844857840677127, "lat_opp": 58.448271607008756}}, {"type": "Feature", "geometry": {"type": "Point", "coordinates": [7.553713880236974, 58.06811416324702]}, "properties": {"id": "86", "stedsnavn": "Mandal ", "kommune": "Lindesnes", "vassdrag": "Skagestadvatnet bekkefelt", "regine": "022.3C", "vurdering_raw": "Ikke hinder", "barrier_category": "Ikke hinder", "barrier_color": "#1a9641", "barrier_label": "Ikke et vandringshinder", "problem_beskrivelse": NaN, "diameter_cm": NaN, "lengde_m": 7.0, "kommentar": "Kulvert sannsynligvis ok. ", "kommentar_utfyllende": "0", "lon_opp": 7.553654952595107, "lat_opp": 58.06809322800137}}, {"type": "Feature", "geometry": {"type": "Point", "coordinates": [8.605517229679634, 58.40469892491304]}, "properties": {"id": "87", "stedsnavn": "Grimstsdb", "kommune": "Grimstad", "vassdrag": "Nidelva Furre - Rygene kraftverk bekkefelt", "regine": "019.B1", "vurdering_raw": "Ikke hinder", "barrier_category": "Ikke hinder", "barrier_color": "#1a9641", "barrier_label": "Ikke et vandringshinder", "problem_beskrivelse": NaN, "diameter_cm": NaN, "lengde_m": 18.0, "kommentar": "Kulvert ser ok ut nedstrøms. Veldig lite vann, men bekkeleie indikerer bekk med noe størrelse ved normal vannføring. ", "kommentar_utfyllende": "0", "lon_opp": 8.605703703433083, "lat_opp": 58.40485281430806}}, {"type": "Feature", "geometry": {"type": "Point", "coordinates": [8.650365984375926, 58.44438223955545]}, "properties": {"id": "88", "stedsnavn": "Løddesølveien (Hildebrandsbekken renner ned i Nordtjenna)", "kommune": "Arendal", "vassdrag": "Nidelva Furre - Rygene kraftverk bekkefelt", "regine": "019.B1", "vurdering_raw": "Absolutt", "barrier_category": "Absolutt", "barrier_color": "#d7191c", "barrier_label": "Totalt vandringshinder (absolutt)", "problem_beskrivelse": NaN, "diameter_cm": NaN, "lengde_m": 16.0, "kommentar": "Fisk vil ikke kunne komme opp til kulvert. Men er ikke mye til bekk nedstrøms uansett. ", "kommentar_utfyllende": "0", "lon_opp": 8.65020660598639, "lat_opp": 58.44447314680652}}, {"type": "Feature", "geometry": {"type": "Point", "coordinates": [8.991252668099255, 58.749208098327635]}, "properties": {"id": "89", "stedsnavn": "Gjerstad ", "kommune": "Vegårshei", "vassdrag": "Ekksjø, bekkeløp", "regine": "018.3Z", "vurdering_raw": "Partiell", "barrier_category": "Partiell", "barrier_color": "#fdae61", "barrier_label": "Delvis vandringshinder (partiell)", "problem_beskrivelse": NaN, "diameter_cm": NaN, "lengde_m": 9.0, "kommentar": "Skal mye vann til før denne kan brukes av fisk ", "kommentar_utfyllende": "0", "lon_opp": 8.991150285831434, "lat_opp": 58.749127424028515}}, {"type": "Feature", "geometry": {"type": "Point", "coordinates": [7.980658643816128, 58.26071109308313]}, "properties": {"id": "90", "stedsnavn": "Ålefjær", "kommune": "Vennesla", "vassdrag": "Venneslafjorden bekkefelt", "regine": "021.A4Z", "vurdering_raw": "Partiell", "barrier_category": "Partiell", "barrier_color": "#fdae61", "barrier_label": "Delvis vandringshinder (partiell)", "problem_beskrivelse": NaN, "diameter_cm": NaN, "lengde_m": 12.0, "kommentar": "Ikke barriere hvis det er fisk her, men mye av kulveeten er full av sediment nedstrøms. Er veldig tør og ", "kommentar_utfyllende": "drensrør", "lon_opp": 7.980309484475203, "lat_opp": 58.26065345302335}}, {"type": "Feature", "geometry": {"type": "Point", "coordinates": [8.84441133843995, 58.44832093104889]}, "properties": {"id": "91", "stedsnavn": "Hove ", "kommune": "Arendal", "vassdrag": NaN, "regine": "019.11", "vurdering_raw": "Ikke angitt", "barrier_category": "Ikke angitt", "barrier_color": "#999999", "barrier_label": "Ikke vurdert / mangler data", "problem_beskrivelse": NaN, "diameter_cm": NaN, "lengde_m": NaN, "kommentar": "Sliter med å finne ingang, bør graves ut, veldig mye vegetasjon", "kommentar_utfyllende": "0", "lon_opp": null, "lat_opp": null}}, {"type": "Feature", "geometry": {"type": "Point", "coordinates": [7.457064685291702, 58.13780157457479]}, "properties": {"id": "92", "stedsnavn": "Kårstøl", "kommune": "Lindesnes", "vassdrag": "Grundelandsvatnet bekkefelt", "regine": "023.A1D", "vurdering_raw": "Absolutt", "barrier_category": "Absolutt", "barrier_color": "#d7191c", "barrier_label": "Totalt vandringshinder (absolutt)", "problem_beskrivelse": NaN, "diameter_cm": NaN, "lengde_m": 12.0, "kommentar": "Mye vann renner utenom kulverten", "kommentar_utfyllende": "0", "lon_opp": 7.299855675109832, "lat_opp": 58.078260068707976}}, {"type": "Feature", "geometry": {"type": "Point", "coordinates": [8.293322089482723, 58.23493204278676]}, "properties": {"id": "93", "stedsnavn": "Høvåg ", "kommune": "Lillesand", "vassdrag": "Fjelldalselva, bekkefelt", "regine": "020.222Z", "vurdering_raw": "Ikke hinder", "barrier_category": "Ikke hinder", "barrier_color": "#1a9641", "barrier_label": "Ikke et vandringshinder", "problem_beskrivelse": NaN, "diameter_cm": NaN, "lengde_m": 8.0, "kommentar": "Grei kulvert, fin liten bekk. ", "kommentar_utfyllende": "0", "lon_opp": 8.293716015002465, "lat_opp": 58.2350073346817}}, {"type": "Feature", "geometry": {"type": "Point", "coordinates": [6.894750543749429, 58.28240808307062]}, "properties": {"id": "94", "stedsnavn": "Kvinesdal ", "kommune": "Kvinesdal", "vassdrag": "Fedafjorden bekkefelt frå nord", "regine": "025.33", "vurdering_raw": "Ikke hinder", "barrier_category": "Ikke hinder", "barrier_color": "#1a9641", "barrier_label": "Ikke et vandringshinder", "problem_beskrivelse": NaN, "diameter_cm": NaN, "lengde_m": 8.0, "kommentar": "Ikke hinder, men veldig begrenset bekk. Gjengrodd og mye sediment, og avrenning ", "kommentar_utfyllende": "0", "lon_opp": 6.895467927935185, "lat_opp": 58.28257795847565}}, {"type": "Feature", "geometry": {"type": "Point", "coordinates": [8.694038598394071, 58.71707961501112]}, "properties": {"id": "95", "stedsnavn": "Vegårshei ", "kommune": "Vegårshei", "vassdrag": "Ufsvatn, bekkefelt", "regine": "019.C3", "vurdering_raw": "Ikke hinder", "barrier_category": "Ikke hinder", "barrier_color": "#1a9641", "barrier_label": "Ikke et vandringshinder", "problem_beskrivelse": NaN, "diameter_cm": NaN, "lengde_m": 10.0, "kommentar": "Tør bekk, helt grei nedstøms. ", "kommentar_utfyllende": "0", "lon_opp": 8.693969367950002, "lat_opp": 58.717172090687896}}, {"type": "Feature", "geometry": {"type": "Point", "coordinates": [8.878505020159436, 58.81821472541958]}, "properties": {"id": "96", "stedsnavn": "Vegårshei ", "kommune": "Vegårshei", "vassdrag": "Vegår bekkefelt", "regine": "018.F", "vurdering_raw": "Partiell", "barrier_category": "Partiell", "barrier_color": "#fdae61", "barrier_label": "Delvis vandringshinder (partiell)", "problem_beskrivelse": NaN, "diameter_cm": NaN, "lengde_m": 14.0, "kommentar": "Er noe høyde mot kuvert, og noe kvist oppstrøms. Ser flere døde aurer nedstrøms. Noe gjengrodd bekkeløp ", "kommentar_utfyllende": "0", "lon_opp": 8.878785993499385, "lat_opp": 58.81837572083479}}, {"type": "Feature", "geometry": {"type": "Point", "coordinates": [7.499239817902442, 59.26147815095626]}, "properties": {"id": "97", "stedsnavn": "Bykle ", "kommune": "Valle", "vassdrag": "Otra - Bykil til Flåren bekkfelt", "regine": "021.F53Z", "vurdering_raw": "Partiell", "barrier_category": "Partiell", "barrier_color": "#fdae61", "barrier_label": "Delvis vandringshinder (partiell)", "problem_beskrivelse": NaN, "diameter_cm": NaN, "lengde_m": 15.0, "kommentar": "Sannsynlig kun sesongmessig bekk. Denne vil kunne være hinder, men det vil sannsynligvis aldri være fisk i denne bekken. ", "kommentar_utfyllende": "0", "lon_opp": 7.499496006656679, "lat_opp": 59.26145202162806}}, {"type": "Feature", "geometry": {"type": "Point", "coordinates": [7.432235165508993, 58.07976151110165]}, "properties": {"id": "98", "stedsnavn": "Kallåsen", "kommune": "Lindesnes", "vassdrag": "Sjølingstadbekken bekkefelt", "regine": "022.4B", "vurdering_raw": "Partiell", "barrier_category": "Partiell", "barrier_color": "#fdae61", "barrier_label": "Delvis vandringshinder (partiell)", "problem_beskrivelse": NaN, "diameter_cm": NaN, "lengde_m": 10.0, "kommentar": "Hinder, men ikke barriere", "kommentar_utfyllende": "0", "lon_opp": 7.546840584114546, "lat_opp": 58.10017244725184}}, {"type": "Feature", "geometry": {"type": "Point", "coordinates": [8.845738969761783, 58.44553813670223]}, "properties": {"id": "99", "stedsnavn": "Hoveveien (bekk som renner ut i sandumkilen)", "kommune": "Arendal", "vassdrag": NaN, "regine": "019.11", "vurdering_raw": "Absolutt", "barrier_category": "Absolutt", "barrier_color": "#d7191c", "barrier_label": "Totalt vandringshinder (absolutt)", "problem_beskrivelse": NaN, "diameter_cm": NaN, "lengde_m": 15.0, "kommentar": "Kulvert tett oppstrøms, mye vegetasjon i bekkeløp begge sider. ", "kommentar_utfyllende": "0", "lon_opp": 8.845954783233921, "lat_opp": 58.44597442697571}}, {"type": "Feature", "geometry": {"type": "Point", "coordinates": [7.600472404997521, 58.27798806468944]}, "properties": {"id": "100", "stedsnavn": "Mandal ", "kommune": "Kristiansand", "vassdrag": "Mandalselva - Laudal til Øyslebø bekkefelt", "regine": "022.B1Z", "vurdering_raw": "Ikke hinder", "barrier_category": "Ikke hinder", "barrier_color": "#1a9641", "barrier_label": "Ikke et vandringshinder", "problem_beskrivelse": NaN, "diameter_cm": NaN, "lengde_m": 15.0, "kommentar": "Veldig lav vannføring. Ikke nødvendigvis vandringshinder, hvis det kommer fisk hit ", "kommentar_utfyllende": "0", "lon_opp": 7.600182446997563, "lat_opp": 58.278128903312634}}, {"type": "Feature", "geometry": {"type": "Point", "coordinates": [9.083546033016532, 58.76162074200833]}, "properties": {"id": "101", "stedsnavn": "Risør ", "kommune": "Risør", "vassdrag": "Bekk fra Dukane", "regine": "018.21", "vurdering_raw": "Partiell", "barrier_category": "Partiell", "barrier_color": "#fdae61", "barrier_label": "Delvis vandringshinder (partiell)", "problem_beskrivelse": NaN, "diameter_cm": NaN, "lengde_m": 10.0, "kommentar": "Ser grei ut nedstrøms. Trolig greit bekkeløp. Usikker på hvor denne ender ", "kommentar_utfyllende": "0", "lon_opp": 9.084083430097012, "lat_opp": 58.761733966317856}}, {"type": "Feature", "geometry": {"type": "Point", "coordinates": [8.099683447204768, 58.151533721831264]}, "properties": {"id": "102", "stedsnavn": "Søm ", "kommune": "Kristiansand", "vassdrag": "Sukkevatnet bekkefelt", "regine": "020.424Z", "vurdering_raw": "Ikke hinder", "barrier_category": "Ikke hinder", "barrier_color": "#1a9641", "barrier_label": "Ikke et vandringshinder", "problem_beskrivelse": NaN, "diameter_cm": NaN, "lengde_m": 12.0, "kommentar": "Sannsynligvis grei for vandring. Men er veldig tør nå. Mulig noe underdimensjoner kulvert. Sikkert ok for brunaure. ", "kommentar_utfyllende": "0", "lon_opp": 8.09962366434199, "lat_opp": 58.15222310695851}}, {"type": "Feature", "geometry": {"type": "Point", "coordinates": [8.651429720799408, 58.444452864725235]}, "properties": {"id": "103", "stedsnavn": "Løddesølveien (Hildebrandsbekken renner ned i Nordtjenna)", "kommune": "Arendal", "vassdrag": "Nidelva Furre - Rygene kraftverk bekkefelt", "regine": "019.B1", "vurdering_raw": "Absolutt", "barrier_category": "Absolutt", "barrier_color": "#d7191c", "barrier_label": "Totalt vandringshinder (absolutt)", "problem_beskrivelse": NaN, "diameter_cm": NaN, "lengde_m": 20.0, "kommentar": "Usikker på om fisk noen gang vil kunne bruke denne bekken. Kulvert blokkert av kvist nedstrøms. Bekk gjengrodd ", "kommentar_utfyllende": "0", "lon_opp": 8.651468581184893, "lat_opp": 58.444557766490306}}, {"type": "Feature", "geometry": {"type": "Point", "coordinates": [8.6695860712385, 58.48238434028867]}, "properties": {"id": "104", "stedsnavn": "Froland ", "kommune": "Froland", "vassdrag": "Assævannet, bekkefelt", "regine": "019.A1Z", "vurdering_raw": "Ikke hinder", "barrier_category": "Ikke hinder", "barrier_color": "#1a9641", "barrier_label": "Ikke et vandringshinder", "problem_beskrivelse": NaN, "diameter_cm": NaN, "lengde_m": 12.0, "kommentar": "Sannsynligvis fin, men veldig gjengrodd nedstrøms. ", "kommentar_utfyllende": "0", "lon_opp": 8.669266470720077, "lat_opp": 58.48245819768666}}, {"type": "Feature", "geometry": {"type": "Point", "coordinates": [8.25867693515671, 58.18004449195707]}, "properties": {"id": "105", "stedsnavn": "Høvåg ", "kommune": "Lillesand", "vassdrag": NaN, "regine": "020.41", "vurdering_raw": "Partiell", "barrier_category": "Partiell", "barrier_color": "#fdae61", "barrier_label": "Delvis vandringshinder (partiell)", "problem_beskrivelse": NaN, "diameter_cm": NaN, "lengde_m": 6.0, "kommentar": "2 plast stikkrenner etter hverandre, mulig disse kan gjennomvandres. Veldig gjengrodd og begrenset bekk", "kommentar_utfyllende": "0", "lon_opp": 8.258665793127461, "lat_opp": 58.180047157814485}}, {"type": "Feature", "geometry": {"type": "Point", "coordinates": [8.172743366498185, 58.28264798702952]}, "properties": {"id": "106", "stedsnavn": "Rugslandsveien (sidebekk Tovdalsåna)", "kommune": "Birkenes", "vassdrag": "Topdalselva", "regine": "020.A5", "vurdering_raw": "Absolutt", "barrier_category": "Absolutt", "barrier_color": "#d7191c", "barrier_label": "Totalt vandringshinder (absolutt)", "problem_beskrivelse": NaN, "diameter_cm": NaN, "lengde_m": 80.0, "kommentar": "Liten betongkulvert, underdimensjoner. Ser ut som denne er full av jord og slam. Ikke noe vann i bekk nedstrøms. Ikke bra, avhengig av hvor mye vann der kan gå her ", "kommentar_utfyllende": "0", "lon_opp": 8.172469281957937, "lat_opp": 58.2832622759154}}, {"type": "Feature", "geometry": {"type": "Point", "coordinates": [8.221848307621224, 58.12894699138915]}, "properties": {"id": "107", "stedsnavn": "Høvåg ", "kommune": "Lillesand", "vassdrag": NaN, "regine": "020.421", "vurdering_raw": "Ikke hinder", "barrier_category": "Ikke hinder", "barrier_color": "#1a9641", "barrier_label": "Ikke et vandringshinder", "problem_beskrivelse": NaN, "diameter_cm": NaN, "lengde_m": 15.0, "kommentar": "Fin kulvert, bra substrat i bekk. Når det er så tørt som nå så vil noe saltvann flytte gjennom kulvert. Men ok. ", "kommentar_utfyllende": "0", "lon_opp": 8.221855395063102, "lat_opp": 58.12909774760286}}, {"type": "Feature", "geometry": {"type": "Point", "coordinates": [7.500393687527455, 58.05326693806374]}, "properties": {"id": "108", "stedsnavn": "Mandal 7 ", "kommune": "Lindesnes", "vassdrag": "Mandalselva - Øyslebø til Mandal", "regine": "022.A6", "vurdering_raw": "Ikke hinder", "barrier_category": "Ikke hinder", "barrier_color": "#1a9641", "barrier_label": "Ikke et vandringshinder", "problem_beskrivelse": NaN, "diameter_cm": NaN, "lengde_m": 8.0, "kommentar": "Litt høyde mot kulvert, men er kulvert i stein og fin Inngang til kulvert. Ikke vandringshinder nedstrøms.", "kommentar_utfyllende": "lang avstan mellom bekk og kulvert", "lon_opp": 7.500296399878164, "lat_opp": 58.053294916303145}}, {"type": "Feature", "geometry": {"type": "Point", "coordinates": [7.422052422518116, 58.06068679401727]}, "properties": {"id": "109", "stedsnavn": "Holtekryss", "kommune": "Lindesnes", "vassdrag": "Elv fra Skadbergvatnet", "regine": "022.4A", "vurdering_raw": "Ikke hinder", "barrier_category": "Ikke hinder", "barrier_color": "#1a9641", "barrier_label": "Ikke et vandringshinder", "problem_beskrivelse": NaN, "diameter_cm": NaN, "lengde_m": 7.0, "kommentar": "0", "kommentar_utfyllende": "0", "lon_opp": 7.422108104086109, "lat_opp": 58.060536849129164}}, {"type": "Feature", "geometry": {"type": "Point", "coordinates": [8.282087273782341, 58.1907992682735]}, "properties": {"id": "110", "stedsnavn": "Kjøbmannsvigveien (bekk til Lusekilen)", "kommune": "Lillesand", "vassdrag": NaN, "regine": "020.32", "vurdering_raw": "Absolutt", "barrier_category": "Absolutt", "barrier_color": "#d7191c", "barrier_label": "Totalt vandringshinder (absolutt)", "problem_beskrivelse": NaN, "diameter_cm": NaN, "lengde_m": 8.0, "kommentar": "Leder ikke til noe serlig bekk, mest myr ", "kommentar_utfyllende": "0", "lon_opp": 8.282302372732806, "lat_opp": 58.19054007768289}}, {"type": "Feature", "geometry": {"type": "Point", "coordinates": [8.240366832531087, 58.178718543348154]}, "properties": {"id": "111", "stedsnavn": "Høvågveien (Øreslandsbekken)", "kommune": "Lillesand", "vassdrag": "Isefjærfjorden bekkefelt", "regine": "020.41", "vurdering_raw": "Absolutt", "barrier_category": "Absolutt", "barrier_color": "#d7191c", "barrier_label": "Totalt vandringshinder (absolutt)", "problem_beskrivelse": NaN, "diameter_cm": NaN, "lengde_m": 10.0, "kommentar": "Bekk ok nedstrøms, men ser svært begrenset ut oppstrøms. Bekk burde utbedres med tanke på jordbruk og kulverter under jorder. ", "kommentar_utfyllende": "0", "lon_opp": 8.240601978286472, "lat_opp": 58.178801150202204}}, {"type": "Feature", "geometry": {"type": "Point", "coordinates": [6.916533533603561, 58.28976252963812]}, "properties": {"id": "112", "stedsnavn": "Kvinesdal ", "kommune": "Kvinesdal", "vassdrag": NaN, "regine": "025.A0", "vurdering_raw": "Ikke hinder", "barrier_category": "Ikke hinder", "barrier_color": "#1a9641", "barrier_label": "Ikke et vandringshinder", "problem_beskrivelse": NaN, "diameter_cm": NaN, "lengde_m": 10.0, "kommentar": "Veldig tør og gjenngrodd bekk, kulvert fin ", "kommentar_utfyllende": "0", "lon_opp": 6.915879639869486, "lat_opp": 58.290006324465914}}, {"type": "Feature", "geometry": {"type": "Point", "coordinates": [7.853249629498952, 58.0887835065751]}, "properties": {"id": "113", "stedsnavn": "Søgne vgs ", "kommune": "Kristiansand", "vassdrag": "Søgneelva - Brennåsen til utløp", "regine": "022.1A12", "vurdering_raw": "Ikke hinder", "barrier_category": "Ikke hinder", "barrier_color": "#1a9641", "barrier_label": "Ikke et vandringshinder", "problem_beskrivelse": NaN, "diameter_cm": NaN, "lengde_m": 7.0, "kommentar": "Ikke barriere, fin å vandre gjennom. Gode forhold nedstrømstrøms.  ", "kommentar_utfyllende": "Mulig kulvert for langt fra bekken. Mangler kulvert?", "lon_opp": 7.853378156185992, "lat_opp": 58.08882124075952}}, {"type": "Feature", "geometry": {"type": "Point", "coordinates": [7.577992525292242, 58.272399930335155]}, "properties": {"id": "114", "stedsnavn": "Mandal ", "kommune": "Kristiansand", "vassdrag": "Mandalselva - Laudal til Øyslebø bekkefelt", "regine": "022.B1Z", "vurdering_raw": "Partiell", "barrier_category": "Partiell", "barrier_color": "#fdae61", "barrier_label": "Delvis vandringshinder (partiell)", "problem_beskrivelse": NaN, "diameter_cm": NaN, "lengde_m": 20.0, "kommentar": "Veldig lav vannføring, og stillestående vann, med mye slam. Ikke bra fiskehabitat nedstrøms. Lav gjennomføring av vann ", "kommentar_utfyllende": "0", "lon_opp": 7.577678617864449, "lat_opp": 58.27253228644186}}, {"type": "Feature", "geometry": {"type": "Point", "coordinates": [9.192009696193416, 58.714824629273295]}, "properties": {"id": "115", "stedsnavn": "Risørveien (sidebekk Sørfjorden)", "kommune": "Risør", "vassdrag": NaN, "regine": "018.23", "vurdering_raw": "Absolutt", "barrier_category": "Absolutt", "barrier_color": "#d7191c", "barrier_label": "Totalt vandringshinder (absolutt)", "problem_beskrivelse": NaN, "diameter_cm": NaN, "lengde_m": 15.0, "kommentar": "Grei bekk nedstrøms. Høyt fra vannflate opp mot kulvert. Vandringshinder etter kulvert oppstrøms.", "kommentar_utfyllende": "0", "lon_opp": 9.192104353267897, "lat_opp": 58.714615103578154}}, {"type": "Feature", "geometry": {"type": "Point", "coordinates": [8.24292613599078, 58.137588171816084]}, "properties": {"id": "116", "stedsnavn": "Høvåg ", "kommune": "Lillesand", "vassdrag": "Bliksfjorden - Røynevardsfjorden, bekkefelt", "regine": "020.32", "vurdering_raw": "Partiell", "barrier_category": "Partiell", "barrier_color": "#fdae61", "barrier_label": "Delvis vandringshinder (partiell)", "problem_beskrivelse": NaN, "diameter_cm": NaN, "lengde_m": 80.0, "kommentar": "Noe hinder for ål muligens, og kunne vært dannet noe kulp nedstrøms. Men anadrom fisk bør kunne gjennomvandring med høy vannføring. ", "kommentar_utfyllende": "0", "lon_opp": 8.24235679079974, "lat_opp": 58.1372019515259}}, {"type": "Feature", "geometry": {"type": "Point", "coordinates": [8.62247464600512, 58.448179262555165]}, "properties": {"id": "117", "stedsnavn": "Arendal ", "kommune": "Arendal", "vassdrag": "Nidelva Furre - Rygene kraftverk bekkefelt", "regine": "019.B1", "vurdering_raw": "Partiell", "barrier_category": "Partiell", "barrier_color": "#fdae61", "barrier_label": "Delvis vandringshinder (partiell)", "problem_beskrivelse": NaN, "diameter_cm": NaN, "lengde_m": 22.0, "kommentar": "Så noe som vaket, enten frosk eller fisk. Er 2 kulverter, der kun den ene er i bruk. Kulvert mulig hinder siden den er lang og kan være tett. Landbrukspreget bekk ", "kommentar_utfyllende": "0", "lon_opp": 8.622279625475459, "lat_opp": 58.44835993517926}}, {"type": "Feature", "geometry": {"type": "Point", "coordinates": [7.635438482115542, 58.11371238128589]}, "properties": {"id": "118", "stedsnavn": "Brunvatneveien (sidebekk Trybekken)", "kommune": "Kristiansand", "vassdrag": "Trysfjorden bekkefelt", "regine": "022.22Z", "vurdering_raw": "Absolutt", "barrier_category": "Absolutt", "barrier_color": "#d7191c", "barrier_label": "Totalt vandringshinder (absolutt)", "problem_beskrivelse": NaN, "diameter_cm": NaN, "lengde_m": 10.0, "kommentar": "Ligger en stor stein foran utløp, som også samler kvist. Denne er hinder ", "kommentar_utfyllende": "0", "lon_opp": 7.635289344548706, "lat_opp": 58.1137334040423}}, {"type": "Feature", "geometry": {"type": "Point", "coordinates": [6.910508048825857, 58.28678137944582]}, "properties": {"id": "120", "stedsnavn": "Kvinesdal ", "kommune": "Kvinesdal", "vassdrag": NaN, "regine": "025.A0", "vurdering_raw": "Absolutt", "barrier_category": "Absolutt", "barrier_color": "#d7191c", "barrier_label": "Totalt vandringshinder (absolutt)", "problem_beskrivelse": NaN, "diameter_cm": NaN, "lengde_m": 10.0, "kommentar": "Slammete og sannsynligvis noe tett kulvert. Lite betongrør under bru. Veldig stillestående og slammete vann, ikke bra habitat nedstrøms ", "kommentar_utfyllende": "bru", "lon_opp": 6.910242464275128, "lat_opp": 58.287062173388115}}, {"type": "Feature", "geometry": {"type": "Point", "coordinates": [9.152086799330563, 58.714758632419354]}, "properties": {"id": "121", "stedsnavn": "Risør ", "kommune": "Risør", "vassdrag": "Sørfjorden-vestre, bekkefelt", "regine": "018.23", "vurdering_raw": "Ikke hinder", "barrier_category": "Ikke hinder", "barrier_color": "#1a9641", "barrier_label": "Ikke et vandringshinder", "problem_beskrivelse": NaN, "diameter_cm": NaN, "lengde_m": 25.0, "kommentar": "Denne er sannsynligvis helt ok. Litt stigning opp mot kulvert, men bør gå bra, hvis der e fisk her ", "kommentar_utfyllende": "0", "lon_opp": 9.151865666533833, "lat_opp": 58.71454657196502}}, {"type": "Feature", "geometry": {"type": "Point", "coordinates": [8.8135144268467, 58.472497537012046]}, "properties": {"id": "122", "stedsnavn": "Kystveien ", "kommune": "Arendal", "vassdrag": NaN, "regine": "019.1210", "vurdering_raw": "Partiell", "barrier_category": "Partiell", "barrier_color": "#fdae61", "barrier_label": "Delvis vandringshinder (partiell)", "problem_beskrivelse": NaN, "diameter_cm": NaN, "lengde_m": 15.0, "kommentar": "Sannsynligvis vandringshinder lengre opp, fin bekk ned mot sjøen. ", "kommentar_utfyllende": "0", "lon_opp": 8.81398186242183, "lat_opp": 58.472537185860375}}, {"type": "Feature", "geometry": {"type": "Point", "coordinates": [7.493601042735673, 58.04562805764765]}, "properties": {"id": "123", "stedsnavn": "Mandal Daleveien Årekjerrsbekken", "kommune": "Lindesnes", "vassdrag": "Mandalselva - Øyslebø til Mandal bekkefelt", "regine": "022.A3Z", "vurdering_raw": "Ikke hinder", "barrier_category": "Ikke hinder", "barrier_color": "#1a9641", "barrier_label": "Ikke et vandringshinder", "problem_beskrivelse": NaN, "diameter_cm": NaN, "lengde_m": 9.0, "kommentar": "Fint habitat nedstrøms, ikke vandringshinder. ", "kommentar_utfyllende": "0", "lon_opp": 7.493476900538562, "lat_opp": 58.045634296554184}}, {"type": "Feature", "geometry": {"type": "Point", "coordinates": [8.236123681939894, 58.140034868975086]}, "properties": {"id": "124", "stedsnavn": "Høvåg ", "kommune": "Lillesand", "vassdrag": "Bliksfjorden - Røynevardsfjorden, bekkefelt", "regine": "020.32", "vurdering_raw": "Ikke hinder", "barrier_category": "Ikke hinder", "barrier_color": "#1a9641", "barrier_label": "Ikke et vandringshinder", "problem_beskrivelse": NaN, "diameter_cm": NaN, "lengde_m": 3.0, "kommentar": "Fin kulvert, bekk kunne hatt noe gytegrus", "kommentar_utfyllende": "0", "lon_opp": 8.235686557277909, "lat_opp": 58.14021413119605}}, {"type": "Feature", "geometry": {"type": "Point", "coordinates": [8.270051730443031, 58.34299135453559]}, "properties": {"id": "125", "stedsnavn": "Birkenes ", "kommune": "Birkenes", "vassdrag": "Tovdalselva Herefossfjorden - Flakksvatn bekkefelt", "regine": "020.B2Z", "vurdering_raw": "Absolutt", "barrier_category": "Absolutt", "barrier_color": "#d7191c", "barrier_label": "Totalt vandringshinder (absolutt)", "problem_beskrivelse": NaN, "diameter_cm": NaN, "lengde_m": 40.0, "kommentar": "Kommer nytt rør med 20-40 stigning inne i kulvert. Usikker på om dette er fiskehabitat uansett. Dette er mulig hinder ", "kommentar_utfyllende": "0", "lon_opp": 8.270688981916786, "lat_opp": 58.34294890067618}}, {"type": "Feature", "geometry": {"type": "Point", "coordinates": [9.091006431293058, 58.65063222405462]}, "properties": {"id": "127", "stedsnavn": "Lagveien (bekk renner ned til Svinebutjern)", "kommune": "Tvedestrand", "vassdrag": NaN, "regine": "018.5Z", "vurdering_raw": "Absolutt", "barrier_category": "Absolutt", "barrier_color": "#d7191c", "barrier_label": "Totalt vandringshinder (absolutt)", "problem_beskrivelse": NaN, "diameter_cm": NaN, "lengde_m": 17.0, "kommentar": "Veldig mye slam og sediment i bekk, ingen vannføring. Mulig noe fisk kan passere ved veldig gode forhold, ellers hinder. ", "kommentar_utfyllende": "0", "lon_opp": 9.09164040680054, "lat_opp": 58.650905860708264}}, {"type": "Feature", "geometry": {"type": "Point", "coordinates": [7.739066821651837, 58.07617806208472]}, "properties": {"id": "128", "stedsnavn": "Søgne ", "kommune": "Kristiansand", "vassdrag": "Hundsøyfjorden bekkefelt", "regine": "022.221", "vurdering_raw": "Partiell", "barrier_category": "Partiell", "barrier_color": "#fdae61", "barrier_label": "Delvis vandringshinder (partiell)", "problem_beskrivelse": NaN, "diameter_cm": NaN, "lengde_m": 100.0, "kommentar": "Noe usikker på vandring på grunn av lengde og vannføring. Men bør gå fint ", "kommentar_utfyllende": "0", "lon_opp": 7.737607134600159, "lat_opp": 58.076464039882595}}, {"type": "Feature", "geometry": {"type": "Point", "coordinates": [7.6953207467479094, 58.05293500363445]}, "properties": {"id": "129", "stedsnavn": "Åloveien (bekk renner fra Ålotjønna ned til fjord)", "kommune": "Kristiansand", "vassdrag": "Kumlefjorden bekkfelt", "regine": "022.226", "vurdering_raw": "Absolutt", "barrier_category": "Absolutt", "barrier_color": "#d7191c", "barrier_label": "Totalt vandringshinder (absolutt)", "problem_beskrivelse": NaN, "diameter_cm": NaN, "lengde_m": 30.0, "kommentar": "Grei bekk nedstrøms. Denne vil nok ikke være hinder for anadrom fisk. Men kan være problematisk for ål, siden kulvert stikker litt ut over vannflate. ", "kommentar_utfyllende": "0", "lon_opp": 7.695367207287985, "lat_opp": 58.05302384541995}}, {"type": "Feature", "geometry": {"type": "Point", "coordinates": [7.39865017369786, 58.140139729554015]}, "properties": {"id": "130", "stedsnavn": "0", "kommune": "Lindesnes", "vassdrag": "Audna - Spilling til Melhusfossen bekkefelt", "regine": "023.A121Z", "vurdering_raw": "Partiell", "barrier_category": "Partiell", "barrier_color": "#fdae61", "barrier_label": "Delvis vandringshinder (partiell)", "problem_beskrivelse": NaN, "diameter_cm": NaN, "lengde_m": 15.0, "kommentar": "Umulig å komme trygt ned til", "kommentar_utfyllende": "0", "lon_opp": 7.398667859743713, "lat_opp": 58.13993612708159}}, {"type": "Feature", "geometry": {"type": "Point", "coordinates": [7.745313735155574, 58.13905465152776]}, "properties": {"id": "131", "stedsnavn": "Kristiansand ", "kommune": "Kristiansand", "vassdrag": "Trondstadvatnet bekkefelt", "regine": "022.2B0", "vurdering_raw": "Ikke hinder", "barrier_category": "Ikke hinder", "barrier_color": "#1a9641", "barrier_label": "Ikke et vandringshinder", "problem_beskrivelse": NaN, "diameter_cm": NaN, "lengde_m": 10.0, "kommentar": "Grei kulvert, fint habitat og mye fisk nedstrøms. Ikke hinder ", "kommentar_utfyllende": "0", "lon_opp": 7.745248614939496, "lat_opp": 58.13897780969977}}, {"type": "Feature", "geometry": {"type": "Point", "coordinates": [7.512315483274693, 58.08372401349889]}, "properties": {"id": "132", "stedsnavn": "Mandal 13", "kommune": "Lindesnes", "vassdrag": "Mandalselva - Øyslebø til Mandal", "regine": "022.A6", "vurdering_raw": "Partiell", "barrier_category": "Partiell", "barrier_color": "#fdae61", "barrier_label": "Delvis vandringshinder (partiell)", "problem_beskrivelse": NaN, "diameter_cm": NaN, "lengde_m": 10.0, "kommentar": "Mulig denne vil kunne vandres med høyere vannføring. Sannsynligvis delvis hinder ", "kommentar_utfyllende": "0", "lon_opp": 7.511973167281254, "lat_opp": 58.08378992380479}}, {"type": "Feature", "geometry": {"type": "Point", "coordinates": [8.169467765373321, 58.286957127599585]}, "properties": {"id": "133", "stedsnavn": "Birkenes ", "kommune": "Birkenes", "vassdrag": "Topdalselva", "regine": "020.A5", "vurdering_raw": "Partiell", "barrier_category": "Partiell", "barrier_color": "#fdae61", "barrier_label": "Delvis vandringshinder (partiell)", "problem_beskrivelse": NaN, "diameter_cm": NaN, "lengde_m": 17.0, "kommentar": "Veldig slammete bekkeløp, med stillestående vann. Noe bratt på oppsiden Av kulvert. Plus at rør er litt lite, gjør at denne kategoriseres som mulig hinder", "kommentar_utfyllende": "0", "lon_opp": 8.169182541335879, "lat_opp": 58.28717810204782}}, {"type": "Feature", "geometry": {"type": "Point", "coordinates": [8.344674687670066, 58.23250815874494]}, "properties": {"id": "134", "stedsnavn": "Lillesand ", "kommune": "Lillesand", "vassdrag": NaN, "regine": "020.2210", "vurdering_raw": "Ikke hinder", "barrier_category": "Ikke hinder", "barrier_color": "#1a9641", "barrier_label": "Ikke et vandringshinder", "problem_beskrivelse": NaN, "diameter_cm": NaN, "lengde_m": 25.0, "kommentar": "Ikke hinder, leder ut på jorde ", "kommentar_utfyllende": "0", "lon_opp": 8.344278501014466, "lat_opp": 58.232469030369074}}, {"type": "Feature", "geometry": {"type": "Point", "coordinates": [9.161549018413897, 58.691086620647404]}, "properties": {"id": "135", "stedsnavn": "Lyngør ", "kommune": "Risør", "vassdrag": NaN, "regine": "018.4", "vurdering_raw": "Partiell", "barrier_category": "Partiell", "barrier_color": "#fdae61", "barrier_label": "Delvis vandringshinder (partiell)", "problem_beskrivelse": NaN, "diameter_cm": NaN, "lengde_m": 15.0, "kommentar": "Ikke egnet for vandring, lite plastrør. Ikke velegnet for vandring. Dårli habitat oppstrøms. ", "kommentar_utfyllende": "0", "lon_opp": 9.161540502415168, "lat_opp": 58.690812070274795}}, {"type": "Feature", "geometry": {"type": "Point", "coordinates": [8.951162051762601, 58.55218840452822]}, "properties": {"id": "136", "stedsnavn": "Arendal ", "kommune": "Arendal", "vassdrag": "Flostadøysund, bekkefelt", "regine": "018.712", "vurdering_raw": "Partiell", "barrier_category": "Partiell", "barrier_color": "#fdae61", "barrier_label": "Delvis vandringshinder (partiell)", "problem_beskrivelse": NaN, "diameter_cm": NaN, "lengde_m": 10.0, "kommentar": "Kulvert ikke hinder, men er ikke noe serlig bekk nedstrøms, veldig mye vegetasjon", "kommentar_utfyllende": "0", "lon_opp": 8.951742898564333, "lat_opp": 58.5523102573924}}, {"type": "Feature", "geometry": {"type": "Point", "coordinates": [7.617094191686984, 58.16404328028552]}, "properties": {"id": "137", "stedsnavn": "Mandal ", "kommune": "Lindesnes", "vassdrag": "Eidsåna", "regine": "022.AA1B", "vurdering_raw": "Ikke hinder", "barrier_category": "Ikke hinder", "barrier_color": "#1a9641", "barrier_label": "Ikke et vandringshinder", "problem_beskrivelse": NaN, "diameter_cm": NaN, "lengde_m": 12.0, "kommentar": "Selve kulvert ikke hinder, men bekk nedstrøms ser begrenset ut. Ser dog noen rumpetroll. Usikker på vandring opp fra elv hit ", "kommentar_utfyllende": "0", "lon_opp": 7.617180553053935, "lat_opp": 58.164186632484665}}, {"type": "Feature", "geometry": {"type": "Point", "coordinates": [7.663819393235931, 58.05119909345874]}, "properties": {"id": "138", "stedsnavn": "Mandal ", "kommune": "Kristiansand", "vassdrag": "Kumlefjorden bekkfelt", "regine": "022.226", "vurdering_raw": "Ikke hinder", "barrier_category": "Ikke hinder", "barrier_color": "#1a9641", "barrier_label": "Ikke et vandringshinder", "problem_beskrivelse": NaN, "diameter_cm": NaN, "lengde_m": 12.0, "kommentar": "Usikker på om der kommer fisk til denne kulverten. Men den er ikke hinder. ", "kommentar_utfyllende": "0", "lon_opp": 7.663784968121694, "lat_opp": 58.05131423637173}}, {"type": "Feature", "geometry": {"type": "Point", "coordinates": [7.321456554466665, 58.092936624257995]}, "properties": {"id": "139", "stedsnavn": "Kvernsbekken", "kommune": "Lindesnes", "vassdrag": "Audna - Melhusfossen til Kittelsbekken bekkefelt", "regine": "023.A21", "vurdering_raw": "Ikke hinder", "barrier_category": "Ikke hinder", "barrier_color": "#1a9641", "barrier_label": "Ikke et vandringshinder", "problem_beskrivelse": NaN, "diameter_cm": NaN, "lengde_m": 15.0, "kommentar": "Dobbelt med rør", "kommentar_utfyllende": "0", "lon_opp": 7.321687638444616, "lat_opp": 58.09296508283296}}, {"type": "Feature", "geometry": {"type": "Point", "coordinates": [8.494726590792572, 58.27519049390094]}, "properties": {"id": "140", "stedsnavn": "Grimstad ", "kommune": "Grimstad", "vassdrag": "Bufjorden, bekkefelt", "regine": "019.220", "vurdering_raw": "Ikke hinder", "barrier_category": "Ikke hinder", "barrier_color": "#1a9641", "barrier_label": "Ikke et vandringshinder", "problem_beskrivelse": NaN, "diameter_cm": NaN, "lengde_m": 10.0, "kommentar": "Ikke hinder, kulvert ser ok ut. Greit med vann. ", "kommentar_utfyllende": "0", "lon_opp": 8.494768765279296, "lat_opp": 58.275075890854986}}, {"type": "Feature", "geometry": {"type": "Point", "coordinates": [9.2015075870404, 58.687812461117886]}, "properties": {"id": "141", "stedsnavn": "Lyngør ", "kommune": "Risør", "vassdrag": NaN, "regine": "018.4", "vurdering_raw": "Partiell", "barrier_category": "Partiell", "barrier_color": "#fdae61", "barrier_label": "Delvis vandringshinder (partiell)", "problem_beskrivelse": NaN, "diameter_cm": NaN, "lengde_m": 10.0, "kommentar": "Ikke fiskehabitat oppstrøms. Igjengrodd nedstrøms", "kommentar_utfyllende": "0", "lon_opp": 9.201346010029974, "lat_opp": 58.68770227309745}}, {"type": "Feature", "geometry": {"type": "Point", "coordinates": [8.74684350292269, 58.487697840438834]}, "properties": {"id": "142", "stedsnavn": "Arendal ", "kommune": "Arendal", "vassdrag": "Longumvatnet, bekkefelt", "regine": "019.12Z", "vurdering_raw": "Partiell", "barrier_category": "Partiell", "barrier_color": "#fdae61", "barrier_label": "Delvis vandringshinder (partiell)", "problem_beskrivelse": NaN, "diameter_cm": NaN, "lengde_m": 12.0, "kommentar": "Grei kulvert nedstrøms, og fint bekkeløp. Bekk er helt tør. Stålkulvert, som er noe ødelagt innvendig oppstrøms. Se bilder på punkt oppstrøms. ", "kommentar_utfyllende": "0", "lon_opp": 8.746636601449977, "lat_opp": 58.48763828961418}}, {"type": "Feature", "geometry": {"type": "Point", "coordinates": [9.131814734085003, 58.85739341519234]}, "properties": {"id": "143", "stedsnavn": "Gjerstad ", "kommune": "Gjerstad", "vassdrag": "Gjerstadvatnet, bekkefelt", "regine": "018.2D", "vurdering_raw": "Partiell", "barrier_category": "Partiell", "barrier_color": "#fdae61", "barrier_label": "Delvis vandringshinder (partiell)", "problem_beskrivelse": NaN, "diameter_cm": NaN, "lengde_m": 22.0, "kommentar": "Er noe høyde opp mot kulvert, men ikke så høyt at denne ikke burde kunne vandres ved litt høyere vannføring. Fint habitat nedstrøms. 2 betongkulverter på rundt 80cm invendig ", "kommentar_utfyllende": "0", "lon_opp": 9.131814701949, "lat_opp": 58.85762669295875}}, {"type": "Feature", "geometry": {"type": "Point", "coordinates": [8.869431572300067, 58.50062665284006]}, "properties": {"id": "144", "stedsnavn": "Skoleveien (bekk fra Stemmetjønn til fjord)", "kommune": "Arendal", "vassdrag": "Flostadøysund, bekkefelt", "regine": "018.712", "vurdering_raw": "Absolutt", "barrier_category": "Absolutt", "barrier_color": "#d7191c", "barrier_label": "Totalt vandringshinder (absolutt)", "problem_beskrivelse": NaN, "diameter_cm": NaN, "lengde_m": 10.0, "kommentar": "Finner ikke utløp, veldig mye vegetasjon, gravd ned? ", "kommentar_utfyllende": "0", "lon_opp": 8.869220935755544, "lat_opp": 58.50078493243331}}, {"type": "Feature", "geometry": {"type": "Point", "coordinates": [8.881476718916153, 58.81586606062901]}, "properties": {"id": "145", "stedsnavn": "Vegårshei ", "kommune": "Vegårshei", "vassdrag": "Vegår bekkefelt", "regine": "018.F", "vurdering_raw": "Ikke hinder", "barrier_category": "Ikke hinder", "barrier_color": "#1a9641", "barrier_label": "Ikke et vandringshinder", "problem_beskrivelse": NaN, "diameter_cm": NaN, "lengde_m": 20.0, "kommentar": "Litt lite vann. Fint bekk ned til tjern, noe småfisk nedstrøms. ", "kommentar_utfyllende": "0", "lon_opp": 8.881981883195644, "lat_opp": 58.815867960328184}}, {"type": "Feature", "geometry": {"type": "Point", "coordinates": [8.921428236686362, 58.66082013258417]}, "properties": {"id": "146", "stedsnavn": "0", "kommune": "Tvedestrand", "vassdrag": "Skjerka", "regine": "018.BZ", "vurdering_raw": "Ikke hinder", "barrier_category": "Ikke hinder", "barrier_color": "#1a9641", "barrier_label": "Ikke et vandringshinder", "problem_beskrivelse": NaN, "diameter_cm": NaN, "lengde_m": 10.0, "kommentar": "Sikkert grei kulvert. Lav vannføring.", "kommentar_utfyllende": "0", "lon_opp": 8.92137518623074, "lat_opp": 58.660680596385525}}, {"type": "Feature", "geometry": {"type": "Point", "coordinates": [8.701816376416373, 58.7166584361535]}, "properties": {"id": "147", "stedsnavn": "Vegårshei ", "kommune": "Vegårshei", "vassdrag": "Ufsvatn, bekkefelt", "regine": "019.C3", "vurdering_raw": "Ikke hinder", "barrier_category": "Ikke hinder", "barrier_color": "#1a9641", "barrier_label": "Ikke et vandringshinder", "problem_beskrivelse": NaN, "diameter_cm": NaN, "lengde_m": 10.0, "kommentar": "Tjern/myr nedstrøms. Ikke hinder ", "kommentar_utfyllende": "0", "lon_opp": 8.70187604484053, "lat_opp": 58.716730764265314}}, {"type": "Feature", "geometry": {"type": "Point", "coordinates": [8.712379856257819, 58.71531213580437]}, "properties": {"id": "148", "stedsnavn": "Vegårshei ", "kommune": "Vegårshei", "vassdrag": "Ufsvatn, bekkefelt", "regine": "019.C3", "vurdering_raw": "Ikke hinder", "barrier_category": "Ikke hinder", "barrier_color": "#1a9641", "barrier_label": "Ikke et vandringshinder", "problem_beskrivelse": NaN, "diameter_cm": NaN, "lengde_m": 12.0, "kommentar": "Tørt rett ved kulverter, ellers mye vann nedstrøms. Renner ikke vann gjennom kulvert. ", "kommentar_utfyllende": "0", "lon_opp": 8.712226575759779, "lat_opp": 58.7152344035088}}, {"type": "Feature", "geometry": {"type": "Point", "coordinates": [8.90956358806549, 58.55545373477709]}, "properties": {"id": "149", "stedsnavn": "Langangsveien (sidebekk Langangselva)", "kommune": "Tvedestrand", "vassdrag": "Langangselva bekkefelt", "regine": "018.7AZ", "vurdering_raw": "Absolutt", "barrier_category": "Absolutt", "barrier_color": "#d7191c", "barrier_label": "Totalt vandringshinder (absolutt)", "problem_beskrivelse": NaN, "diameter_cm": NaN, "lengde_m": 16.0, "kommentar": "Kulvert blokkert av stor stein og kvist. Helt klart hinder. Dette har gjort at siste betongelement er løsnet fra resten. Greit bekkeløp nedstrøms", "kommentar_utfyllende": "0", "lon_opp": 8.909838957875488, "lat_opp": 58.555460008605024}}, {"type": "Feature", "geometry": {"type": "Point", "coordinates": [8.905245771623552, 58.55863217630987]}, "properties": {"id": "150", "stedsnavn": "Tvedestrand ", "kommune": "Tvedestrand", "vassdrag": "Langangselva bekkefelt", "regine": "018.7AZ", "vurdering_raw": "Partiell", "barrier_category": "Partiell", "barrier_color": "#fdae61", "barrier_label": "Delvis vandringshinder (partiell)", "problem_beskrivelse": NaN, "diameter_cm": NaN, "lengde_m": 16.0, "kommentar": "Noe høyde opp mot kulvert, og kan ikke se gjennom rør. Mulig hinder. Renner ikke vann igjennom. Stillestående vann nedstrøms.", "kommentar_utfyllende": "0", "lon_opp": 8.905559768196134, "lat_opp": 58.558599356374906}}, {"type": "Feature", "geometry": {"type": "Point", "coordinates": [9.20021945320566, 58.687993436376395]}, "properties": {"id": "151", "stedsnavn": "Lyngør ", "kommune": "Risør", "vassdrag": NaN, "regine": "018.4", "vurdering_raw": "Partiell", "barrier_category": "Partiell", "barrier_color": "#fdae61", "barrier_label": "Delvis vandringshinder (partiell)", "problem_beskrivelse": NaN, "diameter_cm": NaN, "lengde_m": 30.0, "kommentar": "Plaststikkrenne, noe bregrenset habitat. Usikker på fisk, noe hinder", "kommentar_utfyllende": "0", "lon_opp": 9.199381836016677, "lat_opp": 58.68787702026446}}, {"type": "Feature", "geometry": {"type": "Point", "coordinates": [9.130230468181615, 58.68658031609687]}, "properties": {"id": "152", "stedsnavn": "Lyngør ", "kommune": "Risør", "vassdrag": NaN, "regine": "018.4", "vurdering_raw": "Ikke hinder", "barrier_category": "Ikke hinder", "barrier_color": "#1a9641", "barrier_label": "Ikke et vandringshinder", "problem_beskrivelse": NaN, "diameter_cm": NaN, "lengde_m": 8.0, "kommentar": "Grei kulvert ", "kommentar_utfyllende": "0", "lon_opp": 9.130307054425723, "lat_opp": 58.68636755731897}}, {"type": "Feature", "geometry": {"type": "Point", "coordinates": [8.62342278675177, 58.47943011256595]}, "properties": {"id": "153", "stedsnavn": "Messelveien (sidebekk Nidelva)", "kommune": "Froland", "vassdrag": "Nidelva Eivindstad - Messel bekkefelt", "regine": "019.B31", "vurdering_raw": "Absolutt", "barrier_category": "Absolutt", "barrier_color": "#d7191c", "barrier_label": "Totalt vandringshinder (absolutt)", "problem_beskrivelse": NaN, "diameter_cm": NaN, "lengde_m": 20.0, "kommentar": "Tett nedstrøms, en kombinasjon av kvist, søppel og stein. Ved høy vannføring ville nok denne vært krevende og vandre gjennom på grunn av kum i tillegg. ", "kommentar_utfyllende": "0", "lon_opp": 8.624199715072981, "lat_opp": 58.47942569000356}}, {"type": "Feature", "geometry": {"type": "Point", "coordinates": [7.6305981570604535, 58.02692590460846]}, "properties": {"id": "154", "stedsnavn": "Mandal ", "kommune": "Lindesnes", "vassdrag": NaN, "regine": "022.312", "vurdering_raw": "Ikke hinder", "barrier_category": "Ikke hinder", "barrier_color": "#1a9641", "barrier_label": "Ikke et vandringshinder", "problem_beskrivelse": NaN, "diameter_cm": NaN, "lengde_m": 10.0, "kommentar": "Kulvert ser ikke ut som hinder. Gjengrodd bekk nedstrøms. ", "kommentar_utfyllende": "0", "lon_opp": 7.630629971216818, "lat_opp": 58.0269955158809}}, {"type": "Feature", "geometry": {"type": "Point", "coordinates": [7.531772304114676, 58.040392695633784]}, "properties": {"id": "155", "stedsnavn": "Mandal ", "kommune": "Lindesnes", "vassdrag": NaN, "regine": "022.32A", "vurdering_raw": "Ikke hinder", "barrier_category": "Ikke hinder", "barrier_color": "#1a9641", "barrier_label": "Ikke et vandringshinder", "problem_beskrivelse": NaN, "diameter_cm": NaN, "lengde_m": 13.0, "kommentar": "Sannsynligvis ikke hinder. Litt gjengrodd bekk nedstrøms og litt vann ", "kommentar_utfyllende": "0", "lon_opp": 7.53159593543299, "lat_opp": 58.04040953547276}}, {"type": "Feature", "geometry": {"type": "Point", "coordinates": [7.626893065505868, 58.03159024806485]}, "properties": {"id": "156", "stedsnavn": "Mandal ", "kommune": "Lindesnes", "vassdrag": NaN, "regine": "022.312", "vurdering_raw": "Ikke hinder", "barrier_category": "Ikke hinder", "barrier_color": "#1a9641", "barrier_label": "Ikke et vandringshinder", "problem_beskrivelse": NaN, "diameter_cm": NaN, "lengde_m": 9.0, "kommentar": "Kulvert ok, ikke hinder. Veldig gjengrodd bekk nedstrøms ", "kommentar_utfyllende": "0", "lon_opp": 7.626984531230878, "lat_opp": 58.03156328807242}}, {"type": "Feature", "geometry": {"type": "Point", "coordinates": [8.646245116699376, 58.39791911908143]}, "properties": {"id": "157", "stedsnavn": "Rykeneveien 407 (sidebekk for bekk som renner fra Temse til Nidelva)", "kommune": "Grimstad", "vassdrag": "Temse, bekkefelt", "regine": "019.A23Z", "vurdering_raw": "Absolutt", "barrier_category": "Absolutt", "barrier_color": "#d7191c", "barrier_label": "Totalt vandringshinder (absolutt)", "problem_beskrivelse": NaN, "diameter_cm": NaN, "lengde_m": 40.0, "kommentar": "Betongelementer er løsnet fra hverandre i bunn. Lite vannføring. Usikker på om fisk kommer opp hit, hvis de gjør det, vil denne sannsynligvis være hinder ", "kommentar_utfyllende": "0", "lon_opp": 8.645720501406386, "lat_opp": 58.39796273919577}}, {"type": "Feature", "geometry": {"type": "Point", "coordinates": [8.163453780230478, 58.15324587090186]}, "properties": {"id": "158", "stedsnavn": "Søm ", "kommune": "Lillesand", "vassdrag": "Kvåsefjorden - Kvarenesfjorden bekkefelt", "regine": "020.4231", "vurdering_raw": "Ikke hinder", "barrier_category": "Ikke hinder", "barrier_color": "#1a9641", "barrier_label": "Ikke et vandringshinder", "problem_beskrivelse": NaN, "diameter_cm": NaN, "lengde_m": 15.0, "kommentar": "Grei kulvert, sikkert ok for Aure fra tjern til tjern. Noe tør oppstrøms. Gammel kulvert ", "kommentar_utfyllende": "0", "lon_opp": 8.163546607137919, "lat_opp": 58.15264676087466}}, {"type": "Feature", "geometry": {"type": "Point", "coordinates": [8.468968483562387, 58.27810055587646]}, "properties": {"id": "159", "stedsnavn": "Grimstad ", "kommune": "Grimstad", "vassdrag": NaN, "regine": "020.11Z", "vurdering_raw": "Partiell", "barrier_category": "Partiell", "barrier_color": "#fdae61", "barrier_label": "Delvis vandringshinder (partiell)", "problem_beskrivelse": NaN, "diameter_cm": NaN, "lengde_m": 60.0, "kommentar": "Ser grei ut nedstrøms, men er ikke noe vann. Usikker på grunn av lengde ", "kommentar_utfyllende": "0", "lon_opp": 8.469419321160883, "lat_opp": 58.278503942277666}}, {"type": "Feature", "geometry": {"type": "Point", "coordinates": [7.6412038282874235, 58.04369218801238]}, "properties": {"id": "160", "stedsnavn": "Mandal ", "kommune": "Lindesnes", "vassdrag": NaN, "regine": "022.312", "vurdering_raw": "Partiell", "barrier_category": "Partiell", "barrier_color": "#fdae61", "barrier_label": "Delvis vandringshinder (partiell)", "problem_beskrivelse": NaN, "diameter_cm": NaN, "lengde_m": 30.0, "kommentar": "Mistenker at denne er hinder. Lite vannføring gjennom kulvert. Og substrat nedstrøms bærer preg av lav vannføring. ", "kommentar_utfyllende": "0", "lon_opp": 7.6418888354465215, "lat_opp": 58.043643998846804}}, {"type": "Feature", "geometry": {"type": "Point", "coordinates": [9.034983778961912, 58.624159128033206]}, "properties": {"id": "161", "stedsnavn": "Tvedestrand ", "kommune": "Tvedestrand", "vassdrag": "Kråkvågbekken, inkl. bekkefelt", "regine": "018.61Z", "vurdering_raw": "Ikke hinder", "barrier_category": "Ikke hinder", "barrier_color": "#1a9641", "barrier_label": "Ikke et vandringshinder", "problem_beskrivelse": NaN, "diameter_cm": NaN, "lengde_m": 20.0, "kommentar": "Ok kulvert sannsynligvis, vannet er veldig stillestående og mye sediment og slam ", "kommentar_utfyllende": "0", "lon_opp": 9.035198482832348, "lat_opp": 58.62435411360836}}, {"type": "Feature", "geometry": {"type": "Point", "coordinates": [7.753585971417851, 58.075011672319164]}, "properties": {"id": "162", "stedsnavn": "Leireveien (bekk renner ut mot Stølekilen)", "kommune": "Kristiansand", "vassdrag": "Hundsøyfjorden bekkefelt", "regine": "022.221", "vurdering_raw": "Absolutt", "barrier_category": "Absolutt", "barrier_color": "#d7191c", "barrier_label": "Totalt vandringshinder (absolutt)", "problem_beskrivelse": NaN, "diameter_cm": NaN, "lengde_m": 12.0, "kommentar": "Tenker vandringshinder siden det er mye mellomrom mellom betongelementer i kulvert, vil derfor lekke mye vann. Kulvert veldig tør ", "kommentar_utfyllende": "0", "lon_opp": 7.753672631548995, "lat_opp": 58.07523683173513}}, {"type": "Feature", "geometry": {"type": "Point", "coordinates": [7.695716359971504, 58.05384578237432]}, "properties": {"id": "163", "stedsnavn": "Mandal ", "kommune": "Kristiansand", "vassdrag": "Kumlefjorden bekkfelt", "regine": "022.226", "vurdering_raw": "Ikke hinder", "barrier_category": "Ikke hinder", "barrier_color": "#1a9641", "barrier_label": "Ikke et vandringshinder", "problem_beskrivelse": NaN, "diameter_cm": NaN, "lengde_m": 16.0, "kommentar": "God vannføring nå. Kulvert ikke hinder. Grei bekk nedstrøms. ", "kommentar_utfyllende": "0", "lon_opp": 7.695731913166102, "lat_opp": 58.05415924180784}}, {"type": "Feature", "geometry": {"type": "Point", "coordinates": [7.986191518814867, 58.25889271421503]}, "properties": {"id": "165", "stedsnavn": "Ålefjær", "kommune": "Vennesla", "vassdrag": "Venneslafjorden bekkefelt", "regine": "021.A4Z", "vurdering_raw": "Ikke hinder", "barrier_category": "Ikke hinder", "barrier_color": "#1a9641", "barrier_label": "Ikke et vandringshinder", "problem_beskrivelse": NaN, "diameter_cm": NaN, "lengde_m": 10.0, "kommentar": "Lite vann, noe sedimenter i bunnen av kulvert. Ikke barriere. ", "kommentar_utfyllende": "0", "lon_opp": 7.986399043220583, "lat_opp": 58.25883236419148}}, {"type": "Feature", "geometry": {"type": "Point", "coordinates": [7.98300725805101, 58.25936669919785]}, "properties": {"id": "166", "stedsnavn": "Ålefjær", "kommune": "Vennesla", "vassdrag": "Venneslafjorden bekkefelt", "regine": "021.A4Z", "vurdering_raw": "Partiell", "barrier_category": "Partiell", "barrier_color": "#fdae61", "barrier_label": "Delvis vandringshinder (partiell)", "problem_beskrivelse": NaN, "diameter_cm": NaN, "lengde_m": 15.0, "kommentar": "Lite vann og veldig mye stigning vil gjøre veien opp mot røret vanskelig. Ikke mulighet for serlig hopping heller. Sannsynlig hinder mulig barriere ", "kommentar_utfyllende": "0", "lon_opp": 7.98322563802211, "lat_opp": 58.2591078865252}}, {"type": "Feature", "geometry": {"type": "Point", "coordinates": [8.030508994005675, 58.21274871594591]}, "properties": {"id": "167", "stedsnavn": "Ålefjørveien (bekk renner ut i Hemningsvannet)", "kommune": "Kristiansand", "vassdrag": "Hemmingsvatnet, bekkefelt", "regine": "021.122Z", "vurdering_raw": "Absolutt", "barrier_category": "Absolutt", "barrier_color": "#d7191c", "barrier_label": "Totalt vandringshinder (absolutt)", "problem_beskrivelse": NaN, "diameter_cm": NaN, "lengde_m": 17.0, "kommentar": "Det renner ikke vann gjennom rør, røret er tett oppstrøms inni. burde ryddes. mye søppel nedstrøms, ellers fin  kantvegetasjon. mye søppel nedstrøms. vandringsbarriere nå", "kommentar_utfyllende": "Liten bekk", "lon_opp": 8.030784814004715, "lat_opp": 58.21280951795322}}, {"type": "Feature", "geometry": {"type": "Point", "coordinates": [8.133715809900265, 58.119725979559625]}, "properties": {"id": "168", "stedsnavn": "Stangenesveien (bekk mellom Stangenestjørna og Stølekilen)", "kommune": "Kristiansand", "vassdrag": "Østergapet-ytre bekkefelt", "regine": "020.4240", "vurdering_raw": "Absolutt", "barrier_category": "Absolutt", "barrier_color": "#d7191c", "barrier_label": "Totalt vandringshinder (absolutt)", "problem_beskrivelse": NaN, "diameter_cm": NaN, "lengde_m": 60.0, "kommentar": "Noe kvist nedstrøms, kort avstand til sjøen, litt lang, og rist foran. Rist er hinder ", "kommentar_utfyllende": "0", "lon_opp": 8.134605134640008, "lat_opp": 58.119678313151915}}, {"type": "Feature", "geometry": {"type": "Point", "coordinates": [7.520490718852117, 58.11142706860016]}, "properties": {"id": "169", "stedsnavn": "Mandal ", "kommune": "Lindesnes", "vassdrag": "Mandalselva - Øyslebø til Mandal bekkefelt", "regine": "022.A3Z", "vurdering_raw": "Partiell", "barrier_category": "Partiell", "barrier_color": "#fdae61", "barrier_label": "Delvis vandringshinder (partiell)", "problem_beskrivelse": NaN, "diameter_cm": NaN, "lengde_m": 20.0, "kommentar": "Kulvert noe høyt over vannflate. Død fisk i vannet? Denne vil være hinder for ål. Noe anadrom fisk kan nok passere ", "kommentar_utfyllende": "0", "lon_opp": 7.520284978406475, "lat_opp": 58.111428121032326}}, {"type": "Feature", "geometry": {"type": "Point", "coordinates": [7.453182948858924, 58.23971228889951]}, "properties": {"id": "170", "stedsnavn": "Mandal ", "kommune": "Lindesnes", "vassdrag": "Mandalselva - Laudal til Øyslebø bekkefelt", "regine": "022.B1Z", "vurdering_raw": "Ikke hinder", "barrier_category": "Ikke hinder", "barrier_color": "#1a9641", "barrier_label": "Ikke et vandringshinder", "problem_beskrivelse": NaN, "diameter_cm": NaN, "lengde_m": 10.0, "kommentar": "Grei kulvert, vandring fra innsjø til innsjø. ", "kommentar_utfyllende": "0", "lon_opp": 7.453355811000756, "lat_opp": 58.23978517817706}}, {"type": "Feature", "geometry": {"type": "Point", "coordinates": [7.6612364421386046, 58.04319143643856]}, "properties": {"id": "171", "stedsnavn": "Mandal ", "kommune": "Kristiansand", "vassdrag": NaN, "regine": "022.226", "vurdering_raw": "Partiell", "barrier_category": "Partiell", "barrier_color": "#fdae61", "barrier_label": "Delvis vandringshinder (partiell)", "problem_beskrivelse": NaN, "diameter_cm": NaN, "lengde_m": 10.0, "kommentar": "Usikker på denne. Bekk burde nok også vært rensket. ", "kommentar_utfyllende": "0", "lon_opp": 7.660848175365507, "lat_opp": 58.04322166873708}}, {"type": "Feature", "geometry": {"type": "Point", "coordinates": [8.89684309541206, 58.53768238895748]}, "properties": {"id": "172", "stedsnavn": "Tvedestrand ", "kommune": "Arendal", "vassdrag": "Bekk til Strengereidvannet", "regine": "018.712", "vurdering_raw": "Partiell", "barrier_category": "Partiell", "barrier_color": "#fdae61", "barrier_label": "Delvis vandringshinder (partiell)", "problem_beskrivelse": NaN, "diameter_cm": NaN, "lengde_m": 10.0, "kommentar": "Usikker på hinder, siden man ikke ser gjennom kulvert. Mistenker at denne er delvis fylt med sand og jord på grunn av vannhastighet. Og siden den ligger så dypt. Fin bekk nedstrøms, men noe kvist i bekk. ", "kommentar_utfyllende": "0", "lon_opp": 8.897003808688726, "lat_opp": 58.53782993698207}}, {"type": "Feature", "geometry": {"type": "Point", "coordinates": [9.032354260675932, 58.62328531029381]}, "properties": {"id": "173", "stedsnavn": "Dypvågveien (bekk mellom Størdalstjennog Krogvågkilen)", "kommune": "Tvedestrand", "vassdrag": "Kråkvågbekken, inkl. bekkefelt", "regine": "018.61Z", "vurdering_raw": "Absolutt", "barrier_category": "Absolutt", "barrier_color": "#d7191c", "barrier_label": "Totalt vandringshinder (absolutt)", "problem_beskrivelse": NaN, "diameter_cm": NaN, "lengde_m": 50.0, "kommentar": "Innløp oppstrøms muligens hinder, ble ikke funnet. Kulp som hjelper hopping opp kulvert. Noe usikker på hvor grei kulvert er invendig med tanke på hvordan den ligger. Men bør være ok for anadrom fisk, barriere for ål ", "kommentar_utfyllende": "0", "lon_opp": 9.033052485804017, "lat_opp": 58.62326584125049}}, {"type": "Feature", "geometry": {"type": "Point", "coordinates": [8.242533102134125, 58.32489568559747]}, "properties": {"id": "174", "stedsnavn": "Birkenes ", "kommune": "Birkenes", "vassdrag": NaN, "regine": "020.A7", "vurdering_raw": "Ikke hinder", "barrier_category": "Ikke hinder", "barrier_color": "#1a9641", "barrier_label": "Ikke et vandringshinder", "problem_beskrivelse": NaN, "diameter_cm": NaN, "lengde_m": 17.0, "kommentar": "Helt stillestående vann, men andemat? På toppen. Vannkvaliteten ser dårlig ut. Kulverter sannnsynligvis fine. ", "kommentar_utfyllende": "0", "lon_opp": 8.242489863090116, "lat_opp": 58.32466781814883}}, {"type": "Feature", "geometry": {"type": "Point", "coordinates": [7.505401879363638, 57.99411524636856]}, "properties": {"id": "175", "stedsnavn": "Mandal ", "kommune": "Lindesnes", "vassdrag": NaN, "regine": "022.322", "vurdering_raw": "Ikke hinder", "barrier_category": "Ikke hinder", "barrier_color": "#1a9641", "barrier_label": "Ikke et vandringshinder", "problem_beskrivelse": NaN, "diameter_cm": NaN, "lengde_m": 14.0, "kommentar": "Sølete vann, men kulvert ser ikke ut som hinder ", "kommentar_utfyllende": "0", "lon_opp": 7.5055216168872345, "lat_opp": 57.9942428698772}}, {"type": "Feature", "geometry": {"type": "Point", "coordinates": [7.582341252776178, 58.008818602310484]}, "properties": {"id": "176", "stedsnavn": "Mandal ", "kommune": "Lindesnes", "vassdrag": NaN, "regine": "022.322", "vurdering_raw": "Ikke hinder", "barrier_category": "Ikke hinder", "barrier_color": "#1a9641", "barrier_label": "Ikke et vandringshinder", "problem_beskrivelse": NaN, "diameter_cm": NaN, "lengde_m": 12.0, "kommentar": "Kulvert ser ok ut nedstrøms. Står noe fisk nedenfor kulvert. ", "kommentar_utfyllende": "0", "lon_opp": 7.582488814139422, "lat_opp": 58.00892778465588}}, {"type": "Feature", "geometry": {"type": "Point", "coordinates": [7.517665339282005, 58.07386364930315]}, "properties": {"id": "177", "stedsnavn": "Marnarveien", "kommune": NaN, "vassdrag": "Mandalselva - Øyslebø til Mandal", "regine": "022.A6", "vurdering_raw": "Absolutt", "barrier_category": "Absolutt", "barrier_color": "#d7191c", "barrier_label": "Totalt vandringshinder (absolutt)", "problem_beskrivelse": NaN, "diameter_cm": NaN, "lengde_m": 3.0, "kommentar": "Vannet renner under steiner som er rast nedi, denne vil være hinder og bør ryddes ut ", "kommentar_utfyllende": "0", "lon_opp": 7.517693682732794, "lat_opp": 58.073810205240626}}, {"type": "Feature", "geometry": {"type": "Point", "coordinates": [9.019554522693054, 58.619161751212204]}, "properties": {"id": "178", "stedsnavn": "Dypvågveien (bekk ut i fjord)", "kommune": NaN, "vassdrag": "Østeråbekken", "regine": "018.62AZ", "vurdering_raw": "Absolutt", "barrier_category": "Absolutt", "barrier_color": "#d7191c", "barrier_label": "Totalt vandringshinder (absolutt)", "problem_beskrivelse": NaN, "diameter_cm": NaN, "lengde_m": 15.0, "kommentar": "Denne er vandringshinder, flere meter uten vann opp mot kulvert. Tenker denne er barriere for all oppstrøms vandring ", "kommentar_utfyllende": "0", "lon_opp": 9.019075579821342, "lat_opp": 58.619111016586594}}, {"type": "Feature", "geometry": {"type": "Point", "coordinates": [7.535192707905344, 58.06779542822172]}, "properties": {"id": "179", "stedsnavn": "Mandal ", "kommune": "Lindesnes", "vassdrag": NaN, "regine": "022.A12", "vurdering_raw": "Ikke hinder", "barrier_category": "Ikke hinder", "barrier_color": "#1a9641", "barrier_label": "Ikke et vandringshinder", "problem_beskrivelse": NaN, "diameter_cm": NaN, "lengde_m": 22.0, "kommentar": "Skjønner ikke hvilken vei vannet går her ", "kommentar_utfyllende": "0", "lon_opp": 7.53496088656655, "lat_opp": 58.06762776668862}}, {"type": "Feature", "geometry": {"type": "Point", "coordinates": [7.612655085706813, 58.200808597761764]}, "properties": {"id": "180", "stedsnavn": "Brelandsveien (bekk renner fra Stemmetjørna til Høyevatnet)", "kommune": NaN, "vassdrag": "Høyevatnet bekkefelt", "regine": "022.ABZ", "vurdering_raw": "Absolutt", "barrier_category": "Absolutt", "barrier_color": "#d7191c", "barrier_label": "Totalt vandringshinder (absolutt)", "problem_beskrivelse": NaN, "diameter_cm": NaN, "lengde_m": 8.0, "kommentar": "Veldig gammel kulvert, usikker på om det vil kunne komme nok vann til at fisk og ål skal kunne vandre her. ", "kommentar_utfyllende": "0", "lon_opp": 7.612870412916682, "lat_opp": 58.20081215911999}}, {"type": "Feature", "geometry": {"type": "Point", "coordinates": [8.902130435909793, 58.61413121162234]}, "properties": {"id": "181", "stedsnavn": "Tvedestrand ", "kommune": NaN, "vassdrag": "Kvåstadkilen, bekkefelt", "regine": "018.63Z", "vurdering_raw": "Partiell", "barrier_category": "Partiell", "barrier_color": "#fdae61", "barrier_label": "Delvis vandringshinder (partiell)", "problem_beskrivelse": NaN, "diameter_cm": NaN, "lengde_m": 60.0, "kommentar": "Kunstig bekkeløp? Er helt tørt. Noe høyde opp mot kulvert. Usikker på denne, kommer Ann på hvor stor vannføringen kan bli. ", "kommentar_utfyllende": "kunstig tørrlagt", "lon_opp": 8.903084750400843, "lat_opp": 58.61416415866478}}, {"type": "Feature", "geometry": {"type": "Point", "coordinates": [7.537413106982285, 58.06805782268833]}, "properties": {"id": "182", "stedsnavn": "Mandal ", "kommune": "Lindesnes", "vassdrag": NaN, "regine": "022.A12", "vurdering_raw": "Ikke hinder", "barrier_category": "Ikke hinder", "barrier_color": "#1a9641", "barrier_label": "Ikke et vandringshinder", "problem_beskrivelse": NaN, "diameter_cm": NaN, "lengde_m": 20.0, "kommentar": "Ikke hinder. Men veldig tørt. ", "kommentar_utfyllende": "0", "lon_opp": 7.537656067568802, "lat_opp": 58.06810720835191}}, {"type": "Feature", "geometry": {"type": "Point", "coordinates": [7.50059057191317, 58.17259365939231]}, "properties": {"id": "183", "stedsnavn": "Mandal Spillingsveien (Fidjebekken som renner ut i Heptetjønn)", "kommune": "Lindesnes", "vassdrag": "Mandalselva - Laudal til Øyslebø bekkefelt", "regine": "022.B1Z", "vurdering_raw": "Absolutt", "barrier_category": "Absolutt", "barrier_color": "#d7191c", "barrier_label": "Totalt vandringshinder (absolutt)", "problem_beskrivelse": NaN, "diameter_cm": NaN, "lengde_m": 10.0, "kommentar": "En terskel før innløp til kulverter. Hinder for både anadrom fisk og ål. Mulig ål kunne gjennomvandret med noe tau eller annet de kunne klatret på. Men blir bratt mot kulvert.", "kommentar_utfyllende": "0", "lon_opp": 7.500105548226876, "lat_opp": 58.172629982515474}}, {"type": "Feature", "geometry": {"type": "Point", "coordinates": [8.66038961979674, 58.42805474694941]}, "properties": {"id": "184", "stedsnavn": "Arendal ", "kommune": "Arendal", "vassdrag": "Nidelva, Bekkefelt Helle", "regine": "019.A12Z", "vurdering_raw": "Partiell", "barrier_category": "Partiell", "barrier_color": "#fdae61", "barrier_label": "Delvis vandringshinder (partiell)", "problem_beskrivelse": NaN, "diameter_cm": NaN, "lengde_m": 18.0, "kommentar": "Småfisk i bekk nedstrøms. Usikker på om denne er hinder. Kan se ut som at ved lav vannføring renner vann ikke gjennom selve kulverten. Plus at betongelement er delvis løsnet oppstrøms. ", "kommentar_utfyllende": "0", "lon_opp": 8.660596070351014, "lat_opp": 58.42815250962431}}, {"type": "Feature", "geometry": {"type": "Point", "coordinates": [7.535783488828138, 58.06785772833461]}, "properties": {"id": "185", "stedsnavn": "Mandal ", "kommune": "Lindesnes", "vassdrag": NaN, "regine": "022.A12", "vurdering_raw": "Ikke hinder", "barrier_category": "Ikke hinder", "barrier_color": "#1a9641", "barrier_label": "Ikke et vandringshinder", "problem_beskrivelse": NaN, "diameter_cm": NaN, "lengde_m": 10.0, "kommentar": "Ikke hinder, veldig tør nedstrøms. ", "kommentar_utfyllende": "0", "lon_opp": 7.535959173631796, "lat_opp": 58.067911383488926}}, {"type": "Feature", "geometry": {"type": "Point", "coordinates": [9.0036393090078, 58.689004335042966]}, "properties": {"id": "186", "stedsnavn": "Songeveien ", "kommune": "Tvedestrand", "vassdrag": "Songebekken, inkl. bekkefelt", "regine": "018.32Z", "vurdering_raw": "Ikke hinder", "barrier_category": "Ikke hinder", "barrier_color": "#1a9641", "barrier_label": "Ikke et vandringshinder", "problem_beskrivelse": NaN, "diameter_cm": NaN, "lengde_m": 12.0, "kommentar": "Ser fisk nedstrøms. Håper derfor at vandring under e 18 går greit. 2 store kulverten. Bra substrat og habitat for fisk nedstrøms. Ikke hinder ", "kommentar_utfyllende": "0", "lon_opp": 9.003760292951622, "lat_opp": 58.68938574909598}}, {"type": "Feature", "geometry": {"type": "Point", "coordinates": [8.586659272543683, 58.44209057565346]}, "properties": {"id": "187", "stedsnavn": "Arendal", "kommune": "Arendal", "vassdrag": "Mørløsvatnet - Nidelva", "regine": "019.B20", "vurdering_raw": "Partiell", "barrier_category": "Partiell", "barrier_color": "#fdae61", "barrier_label": "Delvis vandringshinder (partiell)", "problem_beskrivelse": NaN, "diameter_cm": NaN, "lengde_m": 16.0, "kommentar": "Noe høyde opp mot kulvert, men kulvert så dyp at denne bør kunne passeres (ikke ål) ved høyere vannføring. Er flere fisk nedstrøms, disse kommer ikke ned til elv ved lav vannføring. ", "kommentar_utfyllende": "0", "lon_opp": 8.586736926093472, "lat_opp": 58.4422319168466}}, {"type": "Feature", "geometry": {"type": "Point", "coordinates": [8.700453325497566, 58.440866293146655]}, "properties": {"id": "188", "stedsnavn": "Arendal ", "kommune": "Arendal", "vassdrag": "Lillelv oppstrøms dam", "regine": "019.A1Z", "vurdering_raw": "Ikke hinder", "barrier_category": "Ikke hinder", "barrier_color": "#1a9641", "barrier_label": "Ikke et vandringshinder", "problem_beskrivelse": NaN, "diameter_cm": NaN, "lengde_m": 8.0, "kommentar": "Stillestående vann, gjengrodd bekkeløp. Ellers kulvert ikke hinder. ", "kommentar_utfyllende": "0", "lon_opp": 8.700606463702616, "lat_opp": 58.441041179002085}}, {"type": "Feature", "geometry": {"type": "Point", "coordinates": [9.033576309562845, 58.89101134417822]}, "properties": {"id": "189", "stedsnavn": "Gjerstad ", "kommune": "Gjerstad", "vassdrag": "Storelva (Lundvatnet - Gjerstadvatnet), bekkefelt", "regine": "018.2E4", "vurdering_raw": "Ikke hinder", "barrier_category": "Ikke hinder", "barrier_color": "#1a9641", "barrier_label": "Ikke et vandringshinder", "problem_beskrivelse": NaN, "diameter_cm": NaN, "lengde_m": 10.0, "kommentar": "Veldig gjengrodd bekk, men stillestående vann. Men kulvert ser grei ut. ", "kommentar_utfyllende": "0", "lon_opp": 9.033907133629922, "lat_opp": 58.89098713541475}}, {"type": "Feature", "geometry": {"type": "Point", "coordinates": [8.113736407119504, 58.143250105819256]}, "properties": {"id": "190", "stedsnavn": "Frikstadkrysset", "kommune": "Kristiansand", "vassdrag": "Sukkevatnet bekkefelt", "regine": "020.424Z", "vurdering_raw": "Ikke hinder", "barrier_category": "Ikke hinder", "barrier_color": "#1a9641", "barrier_label": "Ikke et vandringshinder", "problem_beskrivelse": NaN, "diameter_cm": NaN, "lengde_m": 12.0, "kommentar": "gjengrodd og grumsete", "kommentar_utfyllende": "0", "lon_opp": 8.114262775014613, "lat_opp": 58.143089906287486}}, {"type": "Feature", "geometry": {"type": "Point", "coordinates": [8.111807069536573, 58.144290223655254]}, "properties": {"id": "191", "stedsnavn": "Søm ", "kommune": "Kristiansand", "vassdrag": "Sukkevatnet bekkefelt", "regine": "020.424Z", "vurdering_raw": "Partiell", "barrier_category": "Partiell", "barrier_color": "#fdae61", "barrier_label": "Delvis vandringshinder (partiell)", "problem_beskrivelse": NaN, "diameter_cm": NaN, "lengde_m": 15.0, "kommentar": "Tør noe igjengrod bekk, bør renskes. oppstrøms og nedstrøms må byttes omm. ", "kommentar_utfyllende": "0", "lon_opp": 8.110869461028932, "lat_opp": 58.144245418026}}, {"type": "Feature", "geometry": {"type": "Point", "coordinates": [8.870250841150197, 58.59936392016403]}, "properties": {"id": "192", "stedsnavn": "Holtsveien / Langangsveien (sidebekk Strengelva)", "kommune": "Tvedestrand", "vassdrag": "Strengselva", "regine": "018.C2Z", "vurdering_raw": "Absolutt", "barrier_category": "Absolutt", "barrier_color": "#d7191c", "barrier_label": "Totalt vandringshinder (absolutt)", "problem_beskrivelse": NaN, "diameter_cm": NaN, "lengde_m": 0.0, "kommentar": "Tror dette er utløp. Ser ut til å være blokkert eller rast over.", "kommentar_utfyllende": "0", "lon_opp": 8.870571134874748, "lat_opp": 58.59902435770383}}, {"type": "Feature", "geometry": {"type": "Point", "coordinates": [7.570964522501473, 58.171618110729526]}, "properties": {"id": "193", "stedsnavn": "Mandal Skjævesland 3976 (Trebekken)", "kommune": "Lindesnes", "vassdrag": "Høyeåna - Høyevatnet til Øyslebø bekkefelt", "regine": "022.AA12", "vurdering_raw": "Absolutt", "barrier_category": "Absolutt", "barrier_color": "#d7191c", "barrier_label": "Totalt vandringshinder (absolutt)", "problem_beskrivelse": NaN, "diameter_cm": NaN, "lengde_m": 9.0, "kommentar": "Veldig høy på oppsiden, vandringshinder, ikke nødvendigvis barriere. ", "kommentar_utfyllende": "0", "lon_opp": 7.570968472683927, "lat_opp": 58.171745112413}}, {"type": "Feature", "geometry": {"type": "Point", "coordinates": [8.10087655295413, 58.15027203459614]}, "properties": {"id": "194", "stedsnavn": "Søm ", "kommune": "Kristiansand", "vassdrag": "Sukkevatnet bekkefelt", "regine": "020.424Z", "vurdering_raw": "Ikke hinder", "barrier_category": "Ikke hinder", "barrier_color": "#1a9641", "barrier_label": "Ikke et vandringshinder", "problem_beskrivelse": NaN, "diameter_cm": NaN, "lengde_m": 12.0, "kommentar": "Usikker på egnetheten av habitat oppstrøms. Jord som substrat i bekk, ikke hinder ", "kommentar_utfyllende": "0", "lon_opp": 8.101795537330242, "lat_opp": 58.150543352172036}}, {"type": "Feature", "geometry": {"type": "Point", "coordinates": [7.473339807296744, 58.03380730738967]}, "properties": {"id": "195", "stedsnavn": "Mandal 1", "kommune": "Lindesnes", "vassdrag": NaN, "regine": "022.A21", "vurdering_raw": "Ikke hinder", "barrier_category": "Ikke hinder", "barrier_color": "#1a9641", "barrier_label": "Ikke et vandringshinder", "problem_beskrivelse": NaN, "diameter_cm": NaN, "lengde_m": 8.0, "kommentar": "Ikke vandringshinder. Men er bru ", "kommentar_utfyllende": "bru", "lon_opp": 7.47327897269264, "lat_opp": 58.033938391327375}}, {"type": "Feature", "geometry": {"type": "Point", "coordinates": [8.263275779376572, 58.34555853582882]}, "properties": {"id": "196", "stedsnavn": "Birkenes ", "kommune": "Birkenes", "vassdrag": "Tovdalselva Herefossfjorden - Flakksvatn bekkefelt", "regine": "020.B2Z", "vurdering_raw": "Ikke hinder", "barrier_category": "Ikke hinder", "barrier_color": "#1a9641", "barrier_label": "Ikke et vandringshinder", "problem_beskrivelse": NaN, "diameter_cm": NaN, "lengde_m": 10.0, "kommentar": "Fisk bør kunne hoppe opp ved grei vannføring. Ser en Aure på 15cm nedstrøms. ", "kommentar_utfyllende": "0", "lon_opp": 8.263817476811678, "lat_opp": 58.34538766382263}}, {"type": "Feature", "geometry": {"type": "Point", "coordinates": [7.350874103732731, 58.25979642174855]}, "properties": {"id": "197", "stedsnavn": "Viblemo nord", "kommune": "Lyngdal", "vassdrag": "Audna - Helle til Tryland bekkefelt", "regine": "023.B110", "vurdering_raw": "Absolutt", "barrier_category": "Absolutt", "barrier_color": "#d7191c", "barrier_label": "Totalt vandringshinder (absolutt)", "problem_beskrivelse": NaN, "diameter_cm": NaN, "lengde_m": 14.0, "kommentar": "Mangler sikring og er kommentert underdimensjonert av en nabo", "kommentar_utfyllende": "0", "lon_opp": 7.353258119041271, "lat_opp": 58.267729051170484}}, {"type": "Feature", "geometry": {"type": "Point", "coordinates": [8.649693740710005, 58.44139982124821]}, "properties": {"id": "198", "stedsnavn": "Arendal ", "kommune": "Arendal", "vassdrag": "Nidelva Furre - Rygene kraftverk bekkefelt", "regine": "019.B1", "vurdering_raw": "Ikke hinder", "barrier_category": "Ikke hinder", "barrier_color": "#1a9641", "barrier_label": "Ikke et vandringshinder", "problem_beskrivelse": NaN, "diameter_cm": NaN, "lengde_m": 12.0, "kommentar": "Grei bekk nedstrøms, kulvert ikke hinder ", "kommentar_utfyllende": "0", "lon_opp": 8.649367147823032, "lat_opp": 58.44132292717417}}, {"type": "Feature", "geometry": {"type": "Point", "coordinates": [7.517644636178003, 58.07362643860687]}, "properties": {"id": "199", "stedsnavn": "Mandal ", "kommune": "Lindesnes", "vassdrag": "Mandalselva - Øyslebø til Mandal", "regine": "022.A6", "vurdering_raw": "Ikke hinder", "barrier_category": "Ikke hinder", "barrier_color": "#1a9641", "barrier_label": "Ikke et vandringshinder", "problem_beskrivelse": NaN, "diameter_cm": NaN, "lengde_m": 17.0, "kommentar": "Fin gammel steinkulvert. Ikke vandringshinder. ", "kommentar_utfyllende": "0", "lon_opp": 7.517940028418348, "lat_opp": 58.07359290049077}}, {"type": "Feature", "geometry": {"type": "Point", "coordinates": [7.439926995526945, 58.06266452694089]}, "properties": {"id": "200", "stedsnavn": "Dåletjønna", "kommune": "Lindesnes", "vassdrag": "Elv fra Skadbergvatnet", "regine": "022.4A", "vurdering_raw": "Absolutt", "barrier_category": "Absolutt", "barrier_color": "#d7191c", "barrier_label": "Totalt vandringshinder (absolutt)", "problem_beskrivelse": NaN, "diameter_cm": NaN, "lengde_m": 6.0, "kommentar": "Langt strekke", "kommentar_utfyllende": "0", "lon_opp": 7.444381034336732, "lat_opp": 58.05884722376211}}, {"type": "Feature", "geometry": {"type": "Point", "coordinates": [7.557821705165201, 58.00987919592345]}, "properties": {"id": "201", "stedsnavn": "Mandal ", "kommune": "Lindesnes", "vassdrag": "Buøysund indre bekkfelt", "regine": "022.322", "vurdering_raw": "Ikke hinder", "barrier_category": "Ikke hinder", "barrier_color": "#1a9641", "barrier_label": "Ikke et vandringshinder", "problem_beskrivelse": NaN, "diameter_cm": NaN, "lengde_m": 14.0, "kommentar": "Grei gammel kulvert. Lite vann, men ikke hinder. Gjengrodd bekk nedstrøms. ", "kommentar_utfyllende": "0", "lon_opp": 7.557858889574516, "lat_opp": 58.01007776173247}}, {"type": "Feature", "geometry": {"type": "Point", "coordinates": [8.236123681939894, 58.140034868975086]}, "properties": {"id": "202", "stedsnavn": "Høvåg ", "kommune": "Lillesand", "vassdrag": "Bliksfjorden - Røynevardsfjorden, bekkefelt", "regine": "020.32", "vurdering_raw": "Ikke hinder", "barrier_category": "Ikke hinder", "barrier_color": "#1a9641", "barrier_label": "Ikke et vandringshinder", "problem_beskrivelse": NaN, "diameter_cm": NaN, "lengde_m": 5.0, "kommentar": "Fin kulvert, bekk kunne hatt noe gytegrus", "kommentar_utfyllende": "0", "lon_opp": 8.235993829069614, "lat_opp": 58.14005327726394}}, {"type": "Feature", "geometry": {"type": "Point", "coordinates": [7.3396379119183655, 58.196569670589255]}, "properties": {"id": "203", "stedsnavn": "Lølandsveien", "kommune": "Lindesnes", "vassdrag": "Audna - Tryland til Spilling bekkefelt", "regine": "023.A22", "vurdering_raw": "Ikke hinder", "barrier_category": "Ikke hinder", "barrier_color": "#1a9641", "barrier_label": "Ikke et vandringshinder", "problem_beskrivelse": NaN, "diameter_cm": NaN, "lengde_m": 10.0, "kommentar": "Stillestående vann", "kommentar_utfyllende": "0", "lon_opp": 7.3431247355146745, "lat_opp": 58.198890661904386}}, {"type": "Feature", "geometry": {"type": "Point", "coordinates": [8.359992588713274, 58.24019868473823]}, "properties": {"id": "204", "stedsnavn": "Lillesand ", "kommune": "Lillesand", "vassdrag": "Tingsakerfjorden, bekkefelt", "regine": "020.2210", "vurdering_raw": "Absolutt", "barrier_category": "Absolutt", "barrier_color": "#d7191c", "barrier_label": "Totalt vandringshinder (absolutt)", "problem_beskrivelse": NaN, "diameter_cm": NaN, "lengde_m": 100.0, "kommentar": "Hvis kulvert går som på kartet, er utløpet gravd ned and kvist og kvast. Ser åpning lenger nede fra kulvert inder sykkelsti. Bør utbedres hvis dette stemmer. Sannsynligvis vandringshinder ", "kommentar_utfyllende": "0", "lon_opp": 8.35842986944833, "lat_opp": 58.2407365651964}}, {"type": "Feature", "geometry": {"type": "Point", "coordinates": [8.309869137384483, 58.220752405451805]}, "properties": {"id": "205", "stedsnavn": "Lillesand ", "kommune": "Lillesand", "vassdrag": "Blindleia - Nesefjorden, bekkefelt", "regine": "020.2220", "vurdering_raw": "Partiell", "barrier_category": "Partiell", "barrier_color": "#fdae61", "barrier_label": "Delvis vandringshinder (partiell)", "problem_beskrivelse": NaN, "diameter_cm": NaN, "lengde_m": 50.0, "kommentar": "Kulvert ligger helt under vann, ser ikke utløp. Mulig vanskelig å vandre gjennom. Vann renner gjennom. Mulig hinder ", "kommentar_utfyllende": "bru", "lon_opp": 8.309872447142297, "lat_opp": 58.22076606703975}}, {"type": "Feature", "geometry": {"type": "Point", "coordinates": [7.51214968240048, 58.01628815660423]}, "properties": {"id": "206", "stedsnavn": "Mandal ", "kommune": NaN, "vassdrag": "Mannefjorden bekkefelt", "regine": "022.322", "vurdering_raw": "Partiell", "barrier_category": "Partiell", "barrier_color": "#fdae61", "barrier_label": "Delvis vandringshinder (partiell)", "problem_beskrivelse": NaN, "diameter_cm": NaN, "lengde_m": 14.0, "kommentar": "Gjenfinnes ikke oppstrøms. Mer grøft en bekk, usikker på om denne er hinder. ", "kommentar_utfyllende": "0", "lon_opp": 7.5117011035856684, "lat_opp": 58.01613047267264}}, {"type": "Feature", "geometry": {"type": "Point", "coordinates": [7.5898253256968555, 58.309167243511546]}, "properties": {"id": "207", "stedsnavn": "Mandal ", "kommune": "Kristiansand", "vassdrag": "Mandalselva - Laudal til Øyslebø bekkefelt", "regine": "022.B1Z", "vurdering_raw": "Ikke hinder", "barrier_category": "Ikke hinder", "barrier_color": "#1a9641", "barrier_label": "Ikke et vandringshinder", "problem_beskrivelse": NaN, "diameter_cm": NaN, "lengde_m": 10.0, "kommentar": "Kulvert sannsynligvis grei. Fint habitat nedstrøms ", "kommentar_utfyllende": "0", "lon_opp": 7.590028933907759, "lat_opp": 58.309168275340625}}, {"type": "Feature", "geometry": {"type": "Point", "coordinates": [7.406013682484901, 58.41843238830794]}, "properties": {"id": "208", "stedsnavn": "Rekebekken", "kommune": "Lyngdal", "vassdrag": "Øydnavatnet Øvre bekkefelt", "regine": "023.E1A", "vurdering_raw": "Partiell", "barrier_category": "Partiell", "barrier_color": "#fdae61", "barrier_label": "Delvis vandringshinder (partiell)", "problem_beskrivelse": NaN, "diameter_cm": NaN, "lengde_m": 6.0, "kommentar": "Hinder, ikke barriere. Det er ikke helt ideelt. Bekken renner rett over i ny kulvert, ca 3,5 meter mellom utløp av første kulvert til innløp av neste.", "kommentar_utfyllende": "0", "lon_opp": 7.362855233177656, "lat_opp": 58.3743942944741}}, {"type": "Feature", "geometry": {"type": "Point", "coordinates": [7.483458490006153, 58.03846722894089]}, "properties": {"id": "209", "stedsnavn": "Mandal 3", "kommune": "Lindesnes", "vassdrag": NaN, "regine": "022.A21", "vurdering_raw": "Ikke hinder", "barrier_category": "Ikke hinder", "barrier_color": "#1a9641", "barrier_label": "Ikke et vandringshinder", "problem_beskrivelse": NaN, "diameter_cm": NaN, "lengde_m": 8.0, "kommentar": "Ikke hinder. Kan samle seg slam, og er mye vegetasjon oppstrøms. Savner en litt tydeligere bekk oppstrøms. Med mer kantvegetasjon og tydeligere bekk. Mye landbruksavrenning. ", "kommentar_utfyllende": "0", "lon_opp": 7.483577284369611, "lat_opp": 58.03849593552202}}, {"type": "Feature", "geometry": {"type": "Point", "coordinates": [7.390124493619871, 58.27786350807201]}, "properties": {"id": "210", "stedsnavn": "Mosvatnet", "kommune": "Lyngdal", "vassdrag": "Audna - Helle til Tryland bekkefelt", "regine": "023.B110", "vurdering_raw": "Ikke hinder", "barrier_category": "Ikke hinder", "barrier_color": "#1a9641", "barrier_label": "Ikke et vandringshinder", "problem_beskrivelse": NaN, "diameter_cm": NaN, "lengde_m": 10.0, "kommentar": "0", "kommentar_utfyllende": "0", "lon_opp": 7.390005918761208, "lat_opp": 58.27782941455967}}, {"type": "Feature", "geometry": {"type": "Point", "coordinates": [7.743275938980388, 58.139272309226484]}, "properties": {"id": "211", "stedsnavn": "Kristiansand ", "kommune": "Kristiansand", "vassdrag": "Trondstadvatnet bekkefelt", "regine": "022.2B0", "vurdering_raw": "Ikke hinder", "barrier_category": "Ikke hinder", "barrier_color": "#1a9641", "barrier_label": "Ikke et vandringshinder", "problem_beskrivelse": NaN, "diameter_cm": NaN, "lengde_m": 12.0, "kommentar": "Grei kulvert, noe bratt bekk oppstrøms. Ser fisk på begge sider av kulvert.", "kommentar_utfyllende": "0", "lon_opp": 7.742879089099091, "lat_opp": 58.13929199605122}}, {"type": "Feature", "geometry": {"type": "Point", "coordinates": [7.742538068438953, 58.075208936344694]}, "properties": {"id": "212", "stedsnavn": "Søgne ", "kommune": "Kristiansand", "vassdrag": "Hundsøyfjorden bekkefelt", "regine": "022.221", "vurdering_raw": "Ikke hinder", "barrier_category": "Ikke hinder", "barrier_color": "#1a9641", "barrier_label": "Ikke et vandringshinder", "problem_beskrivelse": NaN, "diameter_cm": NaN, "lengde_m": 15.0, "kommentar": "Ikke hinder nødvendigvis, men veldig gjengrodd bekk, stillestående vann ", "kommentar_utfyllende": "0", "lon_opp": 7.742675956392685, "lat_opp": 58.07541075069086}}, {"type": "Feature", "geometry": {"type": "Point", "coordinates": [7.3499789977595285, 58.24696208690157]}, "properties": {"id": "213", "stedsnavn": "Listadveien", "kommune": "Lyngdal", "vassdrag": "Audna - Helle til Tryland bekkefelt", "regine": "023.B110", "vurdering_raw": "Ikke hinder", "barrier_category": "Ikke hinder", "barrier_color": "#1a9641", "barrier_label": "Ikke et vandringshinder", "problem_beskrivelse": NaN, "diameter_cm": NaN, "lengde_m": 12.0, "kommentar": "0", "kommentar_utfyllende": "0", "lon_opp": 7.3393754778008, "lat_opp": 58.19659092538951}}, {"type": "Feature", "geometry": {"type": "Point", "coordinates": [7.518051925248216, 58.090263894318056]}, "properties": {"id": "214", "stedsnavn": "Mandal Daleveien Hovmoen", "kommune": "Lindesnes", "vassdrag": NaN, "regine": "022.A410", "vurdering_raw": "Absolutt", "barrier_category": "Absolutt", "barrier_color": "#d7191c", "barrier_label": "Totalt vandringshinder (absolutt)", "problem_beskrivelse": NaN, "diameter_cm": NaN, "lengde_m": 60.0, "kommentar": "Ser ikke utløp, vandring blir begrenset av lengde sannsynligvis ", "kommentar_utfyllende": "bekkelukking", "lon_opp": 7.516627624587945, "lat_opp": 58.08989402813384}}, {"type": "Feature", "geometry": {"type": "Point", "coordinates": [8.980299816541553, 58.75080850711761]}, "properties": {"id": "215", "stedsnavn": "Aklandsveien (sidebekk Ekjsø)", "kommune": "Vegårshei", "vassdrag": "Ekksjø, bekkeløp", "regine": "018.3Z", "vurdering_raw": "Absolutt", "barrier_category": "Absolutt", "barrier_color": "#d7191c", "barrier_label": "Totalt vandringshinder (absolutt)", "problem_beskrivelse": NaN, "diameter_cm": NaN, "lengde_m": 15.0, "kommentar": "Gitter oppstrøms, som kan fange kvist. Noe høyt opp mot kulvert ved lav vannstand. Rett ut i innsjø nedstrøms. ", "kommentar_utfyllende": "0", "lon_opp": 8.979933449359116, "lat_opp": 58.75055422560581}}, {"type": "Feature", "geometry": {"type": "Point", "coordinates": [8.425017056533424, 58.403349929022355]}, "properties": {"id": "216", "stedsnavn": "Grimstad ", "kommune": "Grimstad", "vassdrag": "Storåna (Rjukanfossen - Vrålstadvatnet)", "regine": "019.AZ", "vurdering_raw": "Partiell", "barrier_category": "Partiell", "barrier_color": "#fdae61", "barrier_label": "Delvis vandringshinder (partiell)", "problem_beskrivelse": NaN, "diameter_cm": NaN, "lengde_m": 8.0, "kommentar": "Kulvert nesten gravd ned, og helt under vann. Vil kunne være tungvind å vandre gjennom, sannsynlig hinder.", "kommentar_utfyllende": "0", "lon_opp": 8.425117218876196, "lat_opp": 58.403560469040116}}, {"type": "Feature", "geometry": {"type": "Point", "coordinates": [7.516876102314973, 58.127250642732015]}, "properties": {"id": "217", "stedsnavn": "Bjørkenes", "kommune": "Lindesnes", "vassdrag": "Mandalselva - Øyslebø til Mandal bekkefelt", "regine": "022.A3Z", "vurdering_raw": "Ikke hinder", "barrier_category": "Ikke hinder", "barrier_color": "#1a9641", "barrier_label": "Ikke et vandringshinder", "problem_beskrivelse": NaN, "diameter_cm": NaN, "lengde_m": 6.0, "kommentar": "0", "kommentar_utfyllende": "0", "lon_opp": 7.51282704280584, "lat_opp": 58.13370629819425}}, {"type": "Feature", "geometry": {"type": "Point", "coordinates": [7.639312154279591, 58.20803760431459]}, "properties": {"id": "218", "stedsnavn": "Brelandsveien (bekk renner ned til Nedre Smørtjenn)", "kommune": "Lindesnes", "vassdrag": "Høyevatnet bekkefelt", "regine": "022.ABZ", "vurdering_raw": "Absolutt", "barrier_category": "Absolutt", "barrier_color": "#d7191c", "barrier_label": "Totalt vandringshinder (absolutt)", "problem_beskrivelse": NaN, "diameter_cm": NaN, "lengde_m": 8.0, "kommentar": "Vandringshinder for ål, ligger en flat stein foran utløp til kulvert. Og rør stikker ut av vegg ", "kommentar_utfyllende": "0", "lon_opp": 7.639093822725412, "lat_opp": 58.207976152161834}}, {"type": "Feature", "geometry": {"type": "Point", "coordinates": [8.685491652293852, 58.514351551469026]}, "properties": {"id": "219", "stedsnavn": "Froland ", "kommune": "Froland", "vassdrag": "Solheimsvannet - Hurvjeevja bekkefelt", "regine": "019.B31", "vurdering_raw": "Partiell", "barrier_category": "Partiell", "barrier_color": "#fdae61", "barrier_label": "Delvis vandringshinder (partiell)", "problem_beskrivelse": NaN, "diameter_cm": NaN, "lengde_m": 8.0, "kommentar": "Usikker på om denne er hinder da den ligger dypt, og er vanskelig å se. Men mulig ok. Bekk er kalket nedstrøms ", "kommentar_utfyllende": "0", "lon_opp": 8.685620493180808, "lat_opp": 58.51459509195349}}, {"type": "Feature", "geometry": {"type": "Point", "coordinates": [8.234934955059794, 58.18525243080428]}, "properties": {"id": "220", "stedsnavn": "Høvåg ", "kommune": "Lillesand", "vassdrag": "Isefjærfjorden bekkefelt", "regine": "020.41", "vurdering_raw": "Ikke hinder", "barrier_category": "Ikke hinder", "barrier_color": "#1a9641", "barrier_label": "Ikke et vandringshinder", "problem_beskrivelse": NaN, "diameter_cm": NaN, "lengde_m": 12.0, "kommentar": "Kulvert helt grei. Tør bekk nedstrøms. Vandring mulig ved høyere vannstand. ", "kommentar_utfyllende": "0", "lon_opp": 8.235186654858495, "lat_opp": 58.185340104795564}}, {"type": "Feature", "geometry": {"type": "Point", "coordinates": [7.546672226763155, 58.10008705572643]}, "properties": {"id": "221", "stedsnavn": "Nøding", "kommune": "Lindesnes", "vassdrag": "Mandalselva - Øyslebø til Mandal bekkefelt", "regine": "022.A3Z", "vurdering_raw": "Absolutt", "barrier_category": "Absolutt", "barrier_color": "#d7191c", "barrier_label": "Totalt vandringshinder (absolutt)", "problem_beskrivelse": NaN, "diameter_cm": NaN, "lengde_m": 10.0, "kommentar": "Renner ut i annen bekk", "kommentar_utfyllende": "0", "lon_opp": 7.553828256481834, "lat_opp": 58.14861255298232}}, {"type": "Feature", "geometry": {"type": "Point", "coordinates": [8.598056174273784, 58.40784410971806]}, "properties": {"id": "222", "stedsnavn": "Grimstad ", "kommune": "Grimstad", "vassdrag": "Nidelva Furre - Rygene kraftverk bekkefelt", "regine": "019.B1", "vurdering_raw": "Ikke hinder", "barrier_category": "Ikke hinder", "barrier_color": "#1a9641", "barrier_label": "Ikke et vandringshinder", "problem_beskrivelse": NaN, "diameter_cm": NaN, "lengde_m": 16.0, "kommentar": "Kulvert ser ok ut. Men bekk svært tør og redusert. Nesten vanskelig å se bekk. ", "kommentar_utfyllende": "0", "lon_opp": 8.597872169896917, "lat_opp": 58.407721356109306}}, {"type": "Feature", "geometry": {"type": "Point", "coordinates": [8.254976240765174, 58.22823019558021]}, "properties": {"id": "223", "stedsnavn": "Høvåg ", "kommune": "Lillesand", "vassdrag": "Vallesværelva, bekkefelt", "regine": "020.223Z", "vurdering_raw": "Ikke hinder", "barrier_category": "Ikke hinder", "barrier_color": "#1a9641", "barrier_label": "Ikke et vandringshinder", "problem_beskrivelse": NaN, "diameter_cm": NaN, "lengde_m": 5.0, "kommentar": "Kulvert sannsynligvis grei, veldig tør. Men usikker på stigning på bekk lengre nede. ", "kommentar_utfyllende": "0", "lon_opp": 8.254716587307355, "lat_opp": 58.22832811255564}}, {"type": "Feature", "geometry": {"type": "Point", "coordinates": [8.906068634891309, 58.55804174994046]}, "properties": {"id": "224", "stedsnavn": "Tvedestrand ", "kommune": "Tvedestrand", "vassdrag": "Langangselva bekkefelt", "regine": "018.7AZ", "vurdering_raw": "Ikke hinder", "barrier_category": "Ikke hinder", "barrier_color": "#1a9641", "barrier_label": "Ikke et vandringshinder", "problem_beskrivelse": NaN, "diameter_cm": NaN, "lengde_m": 12.0, "kommentar": "Denne ser fin ut, er støpt. Ser fisk nedstrøms, og det er noe vannføring. ", "kommentar_utfyllende": "0", "lon_opp": 8.906174968205628, "lat_opp": 58.55787337490152}}, {"type": "Feature", "geometry": {"type": "Point", "coordinates": [8.62760161463895, 58.48523524026446]}, "properties": {"id": "225", "stedsnavn": "Messelveien (sidebekk Nidelva)", "kommune": "Froland", "vassdrag": NaN, "regine": "019.B31", "vurdering_raw": "Absolutt", "barrier_category": "Absolutt", "barrier_color": "#d7191c", "barrier_label": "Totalt vandringshinder (absolutt)", "problem_beskrivelse": NaN, "diameter_cm": NaN, "lengde_m": 0.0, "kommentar": "Veldig bratt opp til åpning, og kulvert er nok bratt også. Plus naturlig hinder oppstrøms. ", "kommentar_utfyllende": "0", "lon_opp": 8.628067343331464, "lat_opp": 58.48542966513976}}, {"type": "Feature", "geometry": {"type": "Point", "coordinates": [7.929134295473486, 58.10047938286904]}, "properties": {"id": "226", "stedsnavn": "Mot søgne", "kommune": "Kristiansand", "vassdrag": NaN, "regine": "022.110", "vurdering_raw": "Partiell", "barrier_category": "Partiell", "barrier_color": "#fdae61", "barrier_label": "Delvis vandringshinder (partiell)", "problem_beskrivelse": NaN, "diameter_cm": NaN, "lengde_m": 15.0, "kommentar": "Ikke hinder, men noe avstand fra kulp til stikkrenne. Vandring bør være ok. Litt mye vegetasjon foran stikkrenne. ", "kommentar_utfyllende": "partiell, ubetydelig bekk", "lon_opp": 7.928682204568286, "lat_opp": 58.10044983962129}}, {"type": "Feature", "geometry": {"type": "Point", "coordinates": [9.016691312529248, 58.90102546965707]}, "properties": {"id": "227", "stedsnavn": "Gjerstad ", "kommune": "Gjerstad", "vassdrag": "Storelva (Lundvatnet - Gjerstadvatnet), bekkefelt", "regine": "018.2E4", "vurdering_raw": "Ikke hinder", "barrier_category": "Ikke hinder", "barrier_color": "#1a9641", "barrier_label": "Ikke et vandringshinder", "problem_beskrivelse": NaN, "diameter_cm": NaN, "lengde_m": 10.0, "kommentar": "Ikke hinder, ved riktig vannføring. Bekk helt tør. Kulverter ok.", "kommentar_utfyllende": "0", "lon_opp": 9.016587561952313, "lat_opp": 58.901213594510054}}, {"type": "Feature", "geometry": {"type": "Point", "coordinates": [9.063032355044758, 58.629398827687794]}, "properties": {"id": "228", "stedsnavn": "Normannvikveien (bekk Dypvågkilen)", "kommune": NaN, "vassdrag": NaN, "regine": "018.52", "vurdering_raw": "Absolutt", "barrier_category": "Absolutt", "barrier_color": "#d7191c", "barrier_label": "Totalt vandringshinder (absolutt)", "problem_beskrivelse": NaN, "diameter_cm": NaN, "lengde_m": 20.0, "kommentar": "Kulvert lander på en sandstrand, mulig denne kan vandres ved veldig mye høyere vann, men tenker det er usannsynlig ", "kommentar_utfyllende": "0", "lon_opp": 9.063251540652795, "lat_opp": 58.62956810494591}}, {"type": "Feature", "geometry": {"type": "Point", "coordinates": [8.236655038236279, 58.15314083354057]}, "properties": {"id": "229", "stedsnavn": "Ramsdalen", "kommune": "Lillesand", "vassdrag": NaN, "regine": "020.421", "vurdering_raw": "Ikke hinder", "barrier_category": "Ikke hinder", "barrier_color": "#1a9641", "barrier_label": "Ikke et vandringshinder", "problem_beskrivelse": NaN, "diameter_cm": NaN, "lengde_m": 8.0, "kommentar": "Ikke egnet habitat for ferskvannsfisk, noe rumpetroll nedstrøms. Ikke relevandt ", "kommentar_utfyllende": "0", "lon_opp": 8.236730182760768, "lat_opp": 58.15280543003027}}, {"type": "Feature", "geometry": {"type": "Point", "coordinates": [7.787432684489318, 58.079723501760085]}, "properties": {"id": "230", "stedsnavn": "Søgne ", "kommune": "Kristiansand", "vassdrag": "Høllefjorden bekkefelt", "regine": "022.21", "vurdering_raw": "Ikke hinder", "barrier_category": "Ikke hinder", "barrier_color": "#1a9641", "barrier_label": "Ikke et vandringshinder", "problem_beskrivelse": NaN, "diameter_cm": NaN, "lengde_m": 10.0, "kommentar": "Fin kulvert, ikke vandringshinder. Grei vannføring ", "kommentar_utfyllende": "0", "lon_opp": 7.787920338826621, "lat_opp": 58.0798550871876}}, {"type": "Feature", "geometry": {"type": "Point", "coordinates": [7.343058526147382, 58.198747837215755]}, "properties": {"id": "231", "stedsnavn": "Styggedalen", "kommune": "Lindesnes", "vassdrag": "Audna - Tryland til Spilling bekkefelt", "regine": "023.A22", "vurdering_raw": "Ikke hinder", "barrier_category": "Ikke hinder", "barrier_color": "#1a9641", "barrier_label": "Ikke et vandringshinder", "problem_beskrivelse": NaN, "diameter_cm": NaN, "lengde_m": 10.0, "kommentar": "Stillestående vann gjennom kulvert ", "kommentar_utfyllende": "0", "lon_opp": 7.346900779516384, "lat_opp": 58.193660759601414}}, {"type": "Feature", "geometry": {"type": "Point", "coordinates": [8.869747575511184, 58.64275055752179]}, "properties": {"id": "232", "stedsnavn": "Tvedestrand ", "kommune": "Tvedestrand", "vassdrag": "Storelva Ubergsvann - Songevann bekkefelt", "regine": "018.C12", "vurdering_raw": "Absolutt", "barrier_category": "Absolutt", "barrier_color": "#d7191c", "barrier_label": "Totalt vandringshinder (absolutt)", "problem_beskrivelse": NaN, "diameter_cm": NaN, "lengde_m": 12.0, "kommentar": "Vann renner ikke gjennom kulvert, men på siden. Kulvert er derfor hinder. Noe blokkering av kvist og stein nedstrøms. ", "kommentar_utfyllende": "0", "lon_opp": 8.870160292804611, "lat_opp": 58.642687055652814}}, {"type": "Feature", "geometry": {"type": "Point", "coordinates": [8.160035432206536, 58.140618721575336]}, "properties": {"id": "233", "stedsnavn": "Søm", "kommune": "Kristiansand", "vassdrag": "Eftevågbekken", "regine": "020.423Z", "vurdering_raw": "Ikke hinder", "barrier_category": "Ikke hinder", "barrier_color": "#1a9641", "barrier_label": "Ikke et vandringshinder", "problem_beskrivelse": NaN, "diameter_cm": NaN, "lengde_m": 12.0, "kommentar": "Noe igjengrodd bekk, men kulvert er grei, fin gammel steinkulvert. ", "kommentar_utfyllende": "0", "lon_opp": 8.160239285667718, "lat_opp": 58.140603734037136}}, {"type": "Feature", "geometry": {"type": "Point", "coordinates": [8.8062940087741, 58.54370235272559]}, "properties": {"id": "234", "stedsnavn": "Arendal ", "kommune": "Arendal", "vassdrag": "Molandsvann bekkefelt", "regine": "018.7B", "vurdering_raw": "Partiell", "barrier_category": "Partiell", "barrier_color": "#fdae61", "barrier_label": "Delvis vandringshinder (partiell)", "problem_beskrivelse": NaN, "diameter_cm": NaN, "lengde_m": 15.0, "kommentar": "Selve kulvert er nok ikke hinder. Men er veldig bratt opp mot kulvert, uten veldig tydelig bekkeløp. ", "kommentar_utfyllende": "0", "lon_opp": 8.805791751366172, "lat_opp": 58.54370737842513}}, {"type": "Feature", "geometry": {"type": "Point", "coordinates": [7.989431288387861, 58.25699647951102]}, "properties": {"id": "235", "stedsnavn": "Ålefjær", "kommune": "Vennesla", "vassdrag": "Venneslafjorden bekkefelt", "regine": "021.A4Z", "vurdering_raw": "Ikke hinder", "barrier_category": "Ikke hinder", "barrier_color": "#1a9641", "barrier_label": "Ikke et vandringshinder", "problem_beskrivelse": NaN, "diameter_cm": NaN, "lengde_m": 8.0, "kommentar": "Ikke vandringshinder hvis fisken kommer hit ", "kommentar_utfyllende": "0", "lon_opp": 7.989542655373178, "lat_opp": 58.256944301504554}}, {"type": "Feature", "geometry": {"type": "Point", "coordinates": [7.438250296197044, 58.152266953672004]}, "properties": {"id": "236", "stedsnavn": "Utløp Bjødneråsen", "kommune": "Lindesnes", "vassdrag": "Audna - Spilling til Melhusfossen bekkefelt", "regine": "023.A121Z", "vurdering_raw": "Ikke hinder", "barrier_category": "Ikke hinder", "barrier_color": "#1a9641", "barrier_label": "Ikke et vandringshinder", "problem_beskrivelse": NaN, "diameter_cm": NaN, "lengde_m": 6.0, "kommentar": "Blir litt dypere i kulpen", "kommentar_utfyllende": "0", "lon_opp": 7.438281167016742, "lat_opp": 58.152184837842086}}, {"type": "Feature", "geometry": {"type": "Point", "coordinates": [8.551275757123824, 58.318878612966586]}, "properties": {"id": "237", "stedsnavn": "Mollandsveien (bekk leder mot Morvigfjorden)", "kommune": "Grimstad", "vassdrag": "Morvigbekken, bekkefelt", "regine": "019.218Z", "vurdering_raw": "Absolutt", "barrier_category": "Absolutt", "barrier_color": "#d7191c", "barrier_label": "Totalt vandringshinder (absolutt)", "problem_beskrivelse": NaN, "diameter_cm": NaN, "lengde_m": 20.0, "kommentar": "Fisk nedstrøms. Kulvert er fulstending blokkert for vandring oppstrøms av kvist, og delvis nedstrøms av stein, sand og kvist. Denne bør ryddes, nåværende hinder ", "kommentar_utfyllende": "0", "lon_opp": 8.551130294129795, "lat_opp": 58.319263257148364}}, {"type": "Feature", "geometry": {"type": "Point", "coordinates": [8.55351947652032, 58.319970798192074]}, "properties": {"id": "238", "stedsnavn": "Grimstad ", "kommune": "Grimstad", "vassdrag": "Morvigbekken, bekkefelt", "regine": "019.218Z", "vurdering_raw": "Ikke hinder", "barrier_category": "Ikke hinder", "barrier_color": "#1a9641", "barrier_label": "Ikke et vandringshinder", "problem_beskrivelse": NaN, "diameter_cm": NaN, "lengde_m": 20.0, "kommentar": "Ikke hinder, kulvert sannsynligvis ok. Fin bekk nedstrøms. Ser fisk. Kommer inn en liten stikkrenne ved utløp, vet ikke hvor denne kommer fra ", "kommentar_utfyllende": "0", "lon_opp": 8.554021924047735, "lat_opp": 58.31985488977132}}, {"type": "Feature", "geometry": {"type": "Point", "coordinates": [8.678479028972605, 58.38635087109407]}, "properties": {"id": "239", "stedsnavn": "Grimstad ", "kommune": "Grimstad", "vassdrag": "Allemannsbekken", "regine": "019.212Z", "vurdering_raw": "Ikke hinder", "barrier_category": "Ikke hinder", "barrier_color": "#1a9641", "barrier_label": "Ikke et vandringshinder", "problem_beskrivelse": NaN, "diameter_cm": NaN, "lengde_m": 14.0, "kommentar": "Ikke vandringshinder. Men veldig stillestående vann. Noe fisk lengre nedstrøms. ", "kommentar_utfyllende": "0", "lon_opp": 8.678304503833353, "lat_opp": 58.38631447076093}}, {"type": "Feature", "geometry": {"type": "Point", "coordinates": [8.59284111135731, 58.36990815154954]}, "properties": {"id": "240", "stedsnavn": "Grimstad ", "kommune": "Grimstad", "vassdrag": "Vikkilen, bekkefelt", "regine": "019.2161Z", "vurdering_raw": "Ikke hinder", "barrier_category": "Ikke hinder", "barrier_color": "#1a9641", "barrier_label": "Ikke et vandringshinder", "problem_beskrivelse": NaN, "diameter_cm": NaN, "lengde_m": 9.0, "kommentar": "Denne ser ok ut. En del stillestående vann nedstrøms. Men grei bekk. ", "kommentar_utfyllende": "0", "lon_opp": 8.592678890137432, "lat_opp": 58.36989119934285}}, {"type": "Feature", "geometry": {"type": "Point", "coordinates": [8.629023127613484, 58.46609340299915]}, "properties": {"id": "241", "stedsnavn": "Riseveien / Jernbaneveien (bekk del av Riseevja som renner ut i Nidelva)", "kommune": "Arendal", "vassdrag": "Messelbekken", "regine": "019.B1", "vurdering_raw": "Absolutt", "barrier_category": "Absolutt", "barrier_color": "#d7191c", "barrier_label": "Totalt vandringshinder (absolutt)", "problem_beskrivelse": NaN, "diameter_cm": NaN, "lengde_m": 18.0, "kommentar": "Demning blokkerer foran kulverter. Selve kulvert sannsynligvis ok. ", "kommentar_utfyllende": "0", "lon_opp": 8.629155316720421, "lat_opp": 58.465939177972984}}, {"type": "Feature", "geometry": {"type": "Point", "coordinates": [8.242769907294406, 58.13186898062706]}, "properties": {"id": "242", "stedsnavn": "Skottevigveien (bekk renner ut i Bjåviga)", "kommune": "Lillesand", "vassdrag": NaN, "regine": "020.421", "vurdering_raw": "Absolutt", "barrier_category": "Absolutt", "barrier_color": "#d7191c", "barrier_label": "Totalt vandringshinder (absolutt)", "problem_beskrivelse": NaN, "diameter_cm": NaN, "lengde_m": 12.0, "kommentar": "Kulvert igjengrodd og fylt igjen med jord/slam nedstrøms. Bekkeløp er tørt og fult med kvist og jord. Bekk må graves ut for at denne skal kunne vandres og kulvert må graves ut og utbedres ", "kommentar_utfyllende": "0", "lon_opp": 8.242532258941049, "lat_opp": 58.13189616876743}}, {"type": "Feature", "geometry": {"type": "Point", "coordinates": [8.170255349121987, 58.3096440622158]}, "properties": {"id": "243", "stedsnavn": "Birkenes ", "kommune": "Birkenes", "vassdrag": NaN, "regine": "020.A6", "vurdering_raw": "Partiell", "barrier_category": "Partiell", "barrier_color": "#fdae61", "barrier_label": "Delvis vandringshinder (partiell)", "problem_beskrivelse": NaN, "diameter_cm": NaN, "lengde_m": 12.0, "kommentar": "Litt kvist og stein i fremkant av kulvert. Bør være fin. Men noe høyde opp. Usikker på normal vannføring her ", "kommentar_utfyllende": "0", "lon_opp": 8.170051872761023, "lat_opp": 58.30974809265114}}, {"type": "Feature", "geometry": {"type": "Point", "coordinates": [8.828254703603386, 58.743561986964735]}, "properties": {"id": "244", "stedsnavn": "Vegårshei ", "kommune": "Vegårshei", "vassdrag": "Storelva - Hauglandselva bekkefelt", "regine": "018.E", "vurdering_raw": "Ikke hinder", "barrier_category": "Ikke hinder", "barrier_color": "#1a9641", "barrier_label": "Ikke et vandringshinder", "problem_beskrivelse": NaN, "diameter_cm": NaN, "lengde_m": 12.0, "kommentar": "Ikke hinder, men veldig bratt oppstrøms. ", "kommentar_utfyllende": "0", "lon_opp": 8.82802232245783, "lat_opp": 58.74374028283411}}, {"type": "Feature", "geometry": {"type": "Point", "coordinates": [8.834467979416603, 58.53257044769011]}, "properties": {"id": "245", "stedsnavn": "Arendal ", "kommune": "Arendal", "vassdrag": "Molandsvann bekkefelt", "regine": "018.7B", "vurdering_raw": "Ikke angitt", "barrier_category": "Ikke angitt", "barrier_color": "#999999", "barrier_label": "Ikke vurdert / mangler data", "problem_beskrivelse": NaN, "diameter_cm": NaN, "lengde_m": 14.0, "kommentar": "Kulvert sannsynligvis fin, bekk er nok mest egnet som leder for vann fra jordbruk. Veldig igjengrodd og sølete stillestående vann. ", "kommentar_utfyllende": "0", "lon_opp": 8.834538181728645, "lat_opp": 58.53239978531598}}, {"type": "Feature", "geometry": {"type": "Point", "coordinates": [8.890287972039681, 58.62556409156132]}, "properties": {"id": "246", "stedsnavn": "Tvedestrand ", "kommune": "Tvedestrand", "vassdrag": "Storelva Ubergsvann - Songevann bekkefelt", "regine": "018.C12", "vurdering_raw": "Partiell", "barrier_category": "Partiell", "barrier_color": "#fdae61", "barrier_label": "Delvis vandringshinder (partiell)", "problem_beskrivelse": NaN, "diameter_cm": NaN, "lengde_m": 30.0, "kommentar": "Usikker på hinder, da dette er en lang kulvert. Og mulig det er kummer langs vei som renner ned i denne. Ved dagens vannføring lekker vann ut mellom to betongelementer før bekk. Ser ikke fisk, en del rumpetroll. ", "kommentar_utfyllende": "0", "lon_opp": 8.890637928338274, "lat_opp": 58.62516932543143}}, {"type": "Feature", "geometry": {"type": "Point", "coordinates": [8.60440124710822, 58.3690754260321]}, "properties": {"id": "247", "stedsnavn": "Grimstad ", "kommune": "Grimstad", "vassdrag": "Vikkilen, bekkefelt", "regine": "019.2161Z", "vurdering_raw": "Absolutt", "barrier_category": "Absolutt", "barrier_color": "#d7191c", "barrier_label": "Totalt vandringshinder (absolutt)", "problem_beskrivelse": NaN, "diameter_cm": NaN, "lengde_m": 20.0, "kommentar": "Potensielt vandringshinder. Terskel inni kulvert, der det lekker vann i tillegg, vil børe krevende og passere. Fin bekk nedstrøms. ", "kommentar_utfyllende": "0", "lon_opp": 8.604193590668848, "lat_opp": 58.36922159813254}}, {"type": "Feature", "geometry": {"type": "Point", "coordinates": [8.98956433051795, 58.67681176600949]}, "properties": {"id": "248", "stedsnavn": "Songeveien ", "kommune": "Tvedestrand", "vassdrag": NaN, "regine": "018.322", "vurdering_raw": "Absolutt", "barrier_category": "Absolutt", "barrier_color": "#d7191c", "barrier_label": "Totalt vandringshinder (absolutt)", "problem_beskrivelse": NaN, "diameter_cm": NaN, "lengde_m": 80.0, "kommentar": "Veldig høy stigning i noe uegnet bekk, med underdimensjoner plaststikrenne. Gjør denne til hinder og sannsynligvis barriere ", "kommentar_utfyllende": "0", "lon_opp": 8.989109179422298, "lat_opp": 58.67714938169081}}, {"type": "Feature", "geometry": {"type": "Point", "coordinates": [9.079139664166139, 58.76008073148538]}, "properties": {"id": "249", "stedsnavn": "Risør ", "kommune": "Risør", "vassdrag": "Bekk fra Dukane", "regine": "018.21", "vurdering_raw": "Ikke hinder", "barrier_category": "Ikke hinder", "barrier_color": "#1a9641", "barrier_label": "Ikke et vandringshinder", "problem_beskrivelse": NaN, "diameter_cm": NaN, "lengde_m": 8.0, "kommentar": "Kulverter ser ok ut. 3 betongkulverter der 2 er like store. Ikke mange meter ut i fjorden etter kulvert. ", "kommentar_utfyllende": "0", "lon_opp": 9.07927415278275, "lat_opp": 58.76018216097207}}, {"type": "Feature", "geometry": {"type": "Point", "coordinates": [9.127453689593281, 58.85557258414866]}, "properties": {"id": "250", "stedsnavn": "Gjerstad", "kommune": "Gjerstad", "vassdrag": "Gjerstadvatnet, bekkefelt", "regine": "018.2D", "vurdering_raw": "Ikke hinder", "barrier_category": "Ikke hinder", "barrier_color": "#1a9641", "barrier_label": "Ikke et vandringshinder", "problem_beskrivelse": NaN, "diameter_cm": NaN, "lengde_m": 16.0, "kommentar": "Greie betongkulverter. Ikke hinder.", "kommentar_utfyllende": "0", "lon_opp": 9.127586448068381, "lat_opp": 58.855644156290644}}, {"type": "Feature", "geometry": {"type": "Point", "coordinates": [9.026871693931998, 58.89447342777988]}, "properties": {"id": "251", "stedsnavn": "Indre vei (sidebekk storeelva)", "kommune": "Gjerstad", "vassdrag": "Storelva (Lundvatnet - Gjerstadvatnet), bekkefelt", "regine": "018.2E4", "vurdering_raw": "Absolutt", "barrier_category": "Absolutt", "barrier_color": "#d7191c", "barrier_label": "Totalt vandringshinder (absolutt)", "problem_beskrivelse": NaN, "diameter_cm": NaN, "lengde_m": 12.0, "kommentar": "Det er mye kvist foran inngang, og der ligger et gammel sauegjerde foran. Vet ikke hvor mye fisk som kommer hit, men vil være hinder.", "kommentar_utfyllende": "0", "lon_opp": 9.027190823702307, "lat_opp": 58.894557636828935}}, {"type": "Feature", "geometry": {"type": "Point", "coordinates": [8.906967291949679, 58.92611433922579]}, "properties": {"id": "252", "stedsnavn": "Gjerstad ", "kommune": "Gjerstad", "vassdrag": "Solemelva, bekkefelt", "regine": "018.2F", "vurdering_raw": "Ikke hinder", "barrier_category": "Ikke hinder", "barrier_color": "#1a9641", "barrier_label": "Ikke et vandringshinder", "problem_beskrivelse": NaN, "diameter_cm": NaN, "lengde_m": 100.0, "kommentar": "Stillestående bekk, veldig mørt vannfarge. Kulvert ikke hinder. ", "kommentar_utfyllende": "0", "lon_opp": 8.907093280237804, "lat_opp": 58.926257798525064}}, {"type": "Feature", "geometry": {"type": "Point", "coordinates": [8.921547920935417, 58.92300310038926]}, "properties": {"id": "253", "stedsnavn": "Gjerstad ", "kommune": "Gjerstad", "vassdrag": "Solemelva, bekkefelt", "regine": "018.2F", "vurdering_raw": "Ikke hinder", "barrier_category": "Ikke hinder", "barrier_color": "#1a9641", "barrier_label": "Ikke et vandringshinder", "problem_beskrivelse": NaN, "diameter_cm": NaN, "lengde_m": 8.0, "kommentar": "Kulvert ikke hinder, helt tørt. Mulig bekk er for bratt til å vandres. Men må mye nedbør til før det skal kunne være aktuelt ", "kommentar_utfyllende": "0", "lon_opp": 8.921660819755031, "lat_opp": 58.9230968919872}}, {"type": "Feature", "geometry": {"type": "Point", "coordinates": [8.093615955901452, 58.153992411085376]}, "properties": {"id": "254", "stedsnavn": "Søm", "kommune": "Kristiansand", "vassdrag": NaN, "regine": "020.424Z", "vurdering_raw": "Absolutt", "barrier_category": "Absolutt", "barrier_color": "#d7191c", "barrier_label": "Totalt vandringshinder (absolutt)", "problem_beskrivelse": NaN, "diameter_cm": NaN, "lengde_m": 12.0, "kommentar": "Rør ser ut til å være slammet igjen. Usikker på hvor egnet habitat på oversiden er uansett. Men ser fisk nedstrøms ", "kommentar_utfyllende": "0", "lon_opp": 8.093762161308788, "lat_opp": 58.1541986511056}}, {"type": "Feature", "geometry": {"type": "Point", "coordinates": [8.970944840754163, 58.75255214990917]}, "properties": {"id": "255", "stedsnavn": "Gjerstad ", "kommune": "Vegårshei", "vassdrag": "Ekksjø, bekkeløp", "regine": "018.3Z", "vurdering_raw": "Partiell", "barrier_category": "Partiell", "barrier_color": "#fdae61", "barrier_label": "Delvis vandringshinder (partiell)", "problem_beskrivelse": NaN, "diameter_cm": NaN, "lengde_m": 15.0, "kommentar": "Usikker på hinder, mulig denne kan vandres ved god vannføring. ", "kommentar_utfyllende": "0", "lon_opp": 8.970636472452897, "lat_opp": 58.75258115153719}}, {"type": "Feature", "geometry": {"type": "Point", "coordinates": [8.119047925535723, 58.11450579848257]}, "properties": {"id": "256", "stedsnavn": "Søm", "kommune": "Kristiansand", "vassdrag": NaN, "regine": "020.4240", "vurdering_raw": "Ikke hinder", "barrier_category": "Ikke hinder", "barrier_color": "#1a9641", "barrier_label": "Ikke et vandringshinder", "problem_beskrivelse": NaN, "diameter_cm": NaN, "lengde_m": 12.0, "kommentar": "Ser ikke gjennom kulvert. Veldig stillestående vann. Sikkert ok, mulig hinder lengre nedstrøms. Mye vegetasjon i bekk.", "kommentar_utfyllende": "0", "lon_opp": 8.119128232739936, "lat_opp": 58.11466783823933}}, {"type": "Feature", "geometry": {"type": "Point", "coordinates": [8.620781881706577, 58.444955752915426]}, "properties": {"id": "257", "stedsnavn": "Arendal ", "kommune": "Arendal", "vassdrag": "Nidelva Furre - Rygene kraftverk bekkefelt", "regine": "019.B1", "vurdering_raw": "Partiell", "barrier_category": "Partiell", "barrier_color": "#fdae61", "barrier_label": "Delvis vandringshinder (partiell)", "problem_beskrivelse": NaN, "diameter_cm": NaN, "lengde_m": 20.0, "kommentar": "Renner omtrent ikke noe vann gjennom denne. Grei bekk nedstrøms. ", "kommentar_utfyllende": "0", "lon_opp": 8.62120081651813, "lat_opp": 58.44508371118588}}, {"type": "Feature", "geometry": {"type": "Point", "coordinates": [8.393060909118288, 58.411300376327546]}, "properties": {"id": "258", "stedsnavn": "Grimstad ", "kommune": "Grimstad", "vassdrag": "Kilandsvatnet, bekkefelt", "regine": "019.AD", "vurdering_raw": "Ikke hinder", "barrier_category": "Ikke hinder", "barrier_color": "#1a9641", "barrier_label": "Ikke et vandringshinder", "problem_beskrivelse": NaN, "diameter_cm": NaN, "lengde_m": 10.0, "kommentar": "Sannsynligvis grei ved normal vannstand, sannsynligvis ikke hinder ", "kommentar_utfyllende": "0", "lon_opp": 8.392914859398681, "lat_opp": 58.41113166395687}}, {"type": "Feature", "geometry": {"type": "Point", "coordinates": [8.799950630321632, 58.53159968996475]}, "properties": {"id": "259", "stedsnavn": "Arendal", "kommune": "Arendal", "vassdrag": "Molandsvann bekkefelt", "regine": "018.7B", "vurdering_raw": "Partiell", "barrier_category": "Partiell", "barrier_color": "#fdae61", "barrier_label": "Delvis vandringshinder (partiell)", "problem_beskrivelse": NaN, "diameter_cm": NaN, "lengde_m": 40.0, "kommentar": "Sannsynligvis ikke hinder. Greit bekkeløp nedstrøms, men vanskelig å finne oppstrøms.", "kommentar_utfyllende": "0", "lon_opp": 8.799194436618523, "lat_opp": 58.53181457378672}}, {"type": "Feature", "geometry": {"type": "Point", "coordinates": [9.073793016664919, 58.81522759380546]}, "properties": {"id": "260", "stedsnavn": "Gjerstad ", "kommune": "Gjerstad", "vassdrag": "Sunda, bekkefelt", "regine": "018.2C", "vurdering_raw": "Ikke hinder", "barrier_category": "Ikke hinder", "barrier_color": "#1a9641", "barrier_label": "Ikke et vandringshinder", "problem_beskrivelse": NaN, "diameter_cm": NaN, "lengde_m": 22.0, "kommentar": "Ikke hinder, men vannkvalitet ser ikke bra ut, oljete skinnende vann. Og gjengrodd bekk, med lite vann. ", "kommentar_utfyllende": "0", "lon_opp": 9.073363845954319, "lat_opp": 58.815024196305586}}, {"type": "Feature", "geometry": {"type": "Point", "coordinates": [8.18276017073767, 58.152931912870876]}, "properties": {"id": "261", "stedsnavn": "Søm ", "kommune": "Lillesand", "vassdrag": NaN, "regine": "020.4231", "vurdering_raw": "Partiell", "barrier_category": "Partiell", "barrier_color": "#fdae61", "barrier_label": "Delvis vandringshinder (partiell)", "problem_beskrivelse": NaN, "diameter_cm": NaN, "lengde_m": 25.0, "kommentar": "Usikker på vandring gjennom selve kulvert, er litt liten ", "kommentar_utfyllende": "0", "lon_opp": 8.18182527095657, "lat_opp": 58.15295923595653}}, {"type": "Feature", "geometry": {"type": "Point", "coordinates": [9.084887624399412, 58.78362139760052]}, "properties": {"id": "262", "stedsnavn": "Søndeledveien (bekk renner mot Brøbøvann)", "kommune": "Risør", "vassdrag": NaN, "regine": "018.2A21", "vurdering_raw": "Absolutt", "barrier_category": "Absolutt", "barrier_color": "#d7191c", "barrier_label": "Totalt vandringshinder (absolutt)", "problem_beskrivelse": NaN, "diameter_cm": NaN, "lengde_m": 20.0, "kommentar": "Naturstein i bunn. Setter denne som hinder fordi denne sannsynligvis ikke er veldig fin oppstrøms. Plus noe høyde opp mot kulvert. Lite vann, men fin bekk nedstrøms", "kommentar_utfyllende": "0", "lon_opp": 9.084433412673041, "lat_opp": 58.783685298722375}}, {"type": "Feature", "geometry": {"type": "Point", "coordinates": [7.61716958636998, 58.03402872765904]}, "properties": {"id": "263", "stedsnavn": "Mandal ", "kommune": "Lindesnes", "vassdrag": "Harkmarkfjorden bekkfelt", "regine": "022.321", "vurdering_raw": "Ikke hinder", "barrier_category": "Ikke hinder", "barrier_color": "#1a9641", "barrier_label": "Ikke et vandringshinder", "problem_beskrivelse": NaN, "diameter_cm": NaN, "lengde_m": 14.0, "kommentar": "Grei bekk nedstrøms, kulvert ikke hinder ", "kommentar_utfyllende": "0", "lon_opp": 7.616962516813561, "lat_opp": 58.03404080633702}}, {"type": "Feature", "geometry": {"type": "Point", "coordinates": [8.59439102595579, 58.37402582026712]}, "properties": {"id": "264", "stedsnavn": "Tauleveien (bekk fra Holletjenn)", "kommune": "Grimstad", "vassdrag": NaN, "regine": "019.2161Z", "vurdering_raw": "Absolutt", "barrier_category": "Absolutt", "barrier_color": "#d7191c", "barrier_label": "Totalt vandringshinder (absolutt)", "problem_beskrivelse": NaN, "diameter_cm": NaN, "lengde_m": 20.0, "kommentar": "Kulvert tett innvendig. Hinder hvis fisk kommer hit, ellers bør dette utbedres uansett på grunn av potensialet for erosjon langs vei. ", "kommentar_utfyllende": "0", "lon_opp": 8.594302477319358, "lat_opp": 58.37412755313311}}, {"type": "Feature", "geometry": {"type": "Point", "coordinates": [7.528644316432391, 58.014470773230485]}, "properties": {"id": "265", "stedsnavn": "Mandal ", "kommune": "Lindesnes", "vassdrag": "Mannefjorden bekkefelt", "regine": "022.322", "vurdering_raw": "Ikke hinder", "barrier_category": "Ikke hinder", "barrier_color": "#1a9641", "barrier_label": "Ikke et vandringshinder", "problem_beskrivelse": NaN, "diameter_cm": NaN, "lengde_m": 16.0, "kommentar": "Sannsynligvis ikke hinder. Litt stillestående vann rett ved kulvert. Og steinkulvert går inn i rør lengre oppstrøms. ", "kommentar_utfyllende": "0", "lon_opp": 7.528441247504931, "lat_opp": 58.01473243635975}}, {"type": "Feature", "geometry": {"type": "Point", "coordinates": [7.513181012353841, 58.028994024541205]}, "properties": {"id": "266", "stedsnavn": "Mandal ", "kommune": "Lindesnes", "vassdrag": "Jåbekken bekkfelt", "regine": "022.32A", "vurdering_raw": "Ikke hinder", "barrier_category": "Ikke hinder", "barrier_color": "#1a9641", "barrier_label": "Ikke et vandringshinder", "problem_beskrivelse": NaN, "diameter_cm": NaN, "lengde_m": 10.0, "kommentar": "Denne er sannsynligvis ikke vandringshinder. Men med tanke på erosjon oppstrøms, burde rør nummer to vært rensket. Noe grøftepreget bekkeløp. ", "kommentar_utfyllende": "0", "lon_opp": 7.513269800330671, "lat_opp": 58.02892296131883}}, {"type": "Feature", "geometry": {"type": "Point", "coordinates": [7.730369770880405, 58.15016273618322]}, "properties": {"id": "267", "stedsnavn": "Mandal ", "kommune": "Kristiansand", "vassdrag": "Trondstadvatnet bekkefelt", "regine": "022.2B0", "vurdering_raw": "Partiell", "barrier_category": "Partiell", "barrier_color": "#fdae61", "barrier_label": "Delvis vandringshinder (partiell)", "problem_beskrivelse": NaN, "diameter_cm": NaN, "lengde_m": 20.0, "kommentar": "Tenker denne er grei å passere for fisk, ved litt høyere vannføring. Sannsynligvis hinder for ål, hvis det er ål her. ", "kommentar_utfyllende": "0", "lon_opp": 7.729971642029142, "lat_opp": 58.14989653756902}}, {"type": "Feature", "geometry": {"type": "Point", "coordinates": [7.738189617930071, 58.1433825440839]}, "properties": {"id": "268", "stedsnavn": "Mandal ", "kommune": "Kristiansand", "vassdrag": "Trondstadvatnet bekkefelt", "regine": "022.2B0", "vurdering_raw": "Ikke hinder", "barrier_category": "Ikke hinder", "barrier_color": "#1a9641", "barrier_label": "Ikke et vandringshinder", "problem_beskrivelse": NaN, "diameter_cm": NaN, "lengde_m": 10.0, "kommentar": "Grei stikkrenne, ikke hinder.", "kommentar_utfyllende": "0", "lon_opp": 7.737971213558237, "lat_opp": 58.143321905134755}}, {"type": "Feature", "geometry": {"type": "Point", "coordinates": [7.750628059148548, 58.12704274559841]}, "properties": {"id": "269", "stedsnavn": "Kristiansandn", "kommune": "Kristiansand", "vassdrag": "Tverråna – Tronstadvannet til Lundeelva bekkefelt", "regine": "022.2A", "vurdering_raw": "Ikke hinder", "barrier_category": "Ikke hinder", "barrier_color": "#1a9641", "barrier_label": "Ikke et vandringshinder", "problem_beskrivelse": NaN, "diameter_cm": NaN, "lengde_m": 12.0, "kommentar": "Se kart, er det demning lengre oppstrøms? Men kulverter ok, ene med vannføring lekker litt, men bør kunne passeres ", "kommentar_utfyllende": "0", "lon_opp": 7.751248510047094, "lat_opp": 58.126895935733714}}, {"type": "Feature", "geometry": {"type": "Point", "coordinates": [7.552717476918768, 58.06832845028225]}, "properties": {"id": "270", "stedsnavn": "Mandal ", "kommune": "Lindesnes", "vassdrag": "Skagestadvatnet bekkefelt", "regine": "022.3C", "vurdering_raw": "Ikke hinder", "barrier_category": "Ikke hinder", "barrier_color": "#1a9641", "barrier_label": "Ikke et vandringshinder", "problem_beskrivelse": NaN, "diameter_cm": NaN, "lengde_m": 14.0, "kommentar": "Kulvert ikke hinder. ", "kommentar_utfyllende": "0", "lon_opp": 7.552640923701906, "lat_opp": 58.068431399507254}}, {"type": "Feature", "geometry": {"type": "Point", "coordinates": [7.848416581967283, 58.13742159493274]}, "properties": {"id": "271", "stedsnavn": "Birkelandveien", "kommune": "Kristiansand", "vassdrag": "Songdalselva - Samløp Sogna og Gumpedalselva til Brennåsen", "regine": "022.A21", "vurdering_raw": "Ikke hinder", "barrier_category": "Ikke hinder", "barrier_color": "#1a9641", "barrier_label": "Ikke et vandringshinder", "problem_beskrivelse": NaN, "diameter_cm": NaN, "lengde_m": 15.0, "kommentar": "Ikke vandringshinder, ser fisk nedstrøms. Sannsynligvis mindre avstand mot røret når vannet er høyere. ", "kommentar_utfyllende": "0", "lon_opp": 7.8482160962798275, "lat_opp": 58.13738322509319}}, {"type": "Feature", "geometry": {"type": "Point", "coordinates": [7.58889446272599, 58.01005989210443]}, "properties": {"id": "272", "stedsnavn": "Tredgeveien (bekk renner ned til Skogøysundet)", "kommune": "Lindesnes", "vassdrag": NaN, "regine": "022.322", "vurdering_raw": "Absolutt", "barrier_category": "Absolutt", "barrier_color": "#d7191c", "barrier_label": "Totalt vandringshinder (absolutt)", "problem_beskrivelse": NaN, "diameter_cm": NaN, "lengde_m": 20.0, "kommentar": "Tenker denne er hinder både på grunn av høyde mot inngang, der det i tillegg ligger et vannføring. Plus stigningen på stikkrennen. ", "kommentar_utfyllende": "0", "lon_opp": 7.588859450378111, "lat_opp": 58.010299679601225}}, {"type": "Feature", "geometry": {"type": "Point", "coordinates": [8.017798323072963, 58.24237561485157]}, "properties": {"id": "273", "stedsnavn": "Ålefjær", "kommune": "Kristiansand", "vassdrag": "Ålefjærfjorden bekkefelt", "regine": "021.121Z", "vurdering_raw": "Ikke hinder", "barrier_category": "Ikke hinder", "barrier_color": "#1a9641", "barrier_label": "Ikke et vandringshinder", "problem_beskrivelse": NaN, "diameter_cm": NaN, "lengde_m": 15.0, "kommentar": "Bra bunnforhold og vegetasjon. Kulvert ikke vandringshinder, bra ", "kommentar_utfyllende": "0", "lon_opp": 8.01759486542905, "lat_opp": 58.2425740236636}}, {"type": "Feature", "geometry": {"type": "Point", "coordinates": [8.140725778480167, 58.152925099367586]}, "properties": {"id": "274", "stedsnavn": "Søm ", "kommune": "Kristiansand", "vassdrag": "Drangsvatna bekkefelt", "regine": "020.4260", "vurdering_raw": "Ikke hinder", "barrier_category": "Ikke hinder", "barrier_color": "#1a9641", "barrier_label": "Ikke et vandringshinder", "problem_beskrivelse": NaN, "diameter_cm": NaN, "lengde_m": 10.0, "kommentar": "Selve kulvert ok. Mye sediment og planter i bekk. Mye landbruksavrenning", "kommentar_utfyllende": "0", "lon_opp": 8.14057110076584, "lat_opp": 58.15299446962802}}, {"type": "Feature", "geometry": {"type": "Point", "coordinates": [8.131451558915899, 58.151555374850254]}, "properties": {"id": "275", "stedsnavn": "Søm", "kommune": "Kristiansand", "vassdrag": "Drangsvatna bekkefelt", "regine": "020.4260", "vurdering_raw": "Partiell", "barrier_category": "Partiell", "barrier_color": "#fdae61", "barrier_label": "Delvis vandringshinder (partiell)", "problem_beskrivelse": NaN, "diameter_cm": NaN, "lengde_m": 10.0, "kommentar": "Ikke nødvendigvis vandringshinder selve kulverten. Men kommer hinder lengre nedstrøms sannsynligvis. Ny liten betongstikkrenne.", "kommentar_utfyllende": "0", "lon_opp": 8.131583860318631, "lat_opp": 58.15136160217874}}, {"type": "Feature", "geometry": {"type": "Point", "coordinates": [7.741707971789674, 58.07480959779506]}, "properties": {"id": "276", "stedsnavn": "Trynesveien (bekk renner ned fra Oftenestjønna)", "kommune": "Kristiansand", "vassdrag": "Hundsøyfjorden bekkefelt", "regine": "022.221", "vurdering_raw": "Ikke hinder", "barrier_category": "Ikke hinder", "barrier_color": "#1a9641", "barrier_label": "Ikke et vandringshinder", "problem_beskrivelse": NaN, "diameter_cm": NaN, "lengde_m": 12.0, "kommentar": "Kulvert helt under vann, mye gjengroing og rør fylt av slam. Burde spyles ", "kommentar_utfyllende": "0", "lon_opp": 7.741879826014155, "lat_opp": 58.07480771987507}}, {"type": "Feature", "geometry": {"type": "Point", "coordinates": [7.441778676619203, 58.16330647546796]}, "properties": {"id": "277", "stedsnavn": "Vågestad", "kommune": "Lindesnes", "vassdrag": "Mandalselva - Laudal til Øyslebø bekkefelt", "regine": "022.B1Z", "vurdering_raw": "Ikke hinder", "barrier_category": "Ikke hinder", "barrier_color": "#1a9641", "barrier_label": "Ikke et vandringshinder", "problem_beskrivelse": NaN, "diameter_cm": NaN, "lengde_m": 7.0, "kommentar": "0", "kommentar_utfyllende": "0", "lon_opp": 7.441515693095678, "lat_opp": 58.16324482689891}}, {"type": "Feature", "geometry": {"type": "Point", "coordinates": [7.499790109583622, 58.0631821914519]}, "properties": {"id": "278", "stedsnavn": "Mandal 9 ", "kommune": "Lindesnes", "vassdrag": "Mandalselva - Øyslebø til Mandal bekkefelt", "regine": "022.A3Z", "vurdering_raw": "Partiell", "barrier_category": "Partiell", "barrier_color": "#fdae61", "barrier_label": "Delvis vandringshinder (partiell)", "problem_beskrivelse": NaN, "diameter_cm": NaN, "lengde_m": 8.0, "kommentar": "Bratt, mulig ål vandrer. Lite vann nå ", "kommentar_utfyllende": "0", "lon_opp": 7.499698462367386, "lat_opp": 58.0630782528883}}, {"type": "Feature", "geometry": {"type": "Point", "coordinates": [7.512798616303046, 58.133735530392066]}, "properties": {"id": "279", "stedsnavn": "Kyrredalen", "kommune": "Lindesnes", "vassdrag": "Mandalselva - Øyslebø til Mandal bekkefelt", "regine": "022.A3Z", "vurdering_raw": "Partiell", "barrier_category": "Partiell", "barrier_color": "#fdae61", "barrier_label": "Delvis vandringshinder (partiell)", "problem_beskrivelse": NaN, "diameter_cm": NaN, "lengde_m": 5.0, "kommentar": "Kulvert er grunn, Max 5cm vann", "kommentar_utfyllende": "0", "lon_opp": 7.336017904190824, "lat_opp": 58.115720682297436}}, {"type": "Feature", "geometry": {"type": "Point", "coordinates": [8.579975370519996, 58.32873943771987]}, "properties": {"id": "280", "stedsnavn": "Gross ", "kommune": "Grimstad", "vassdrag": "Groosfjorden, bekkefelt", "regine": "019.216Z", "vurdering_raw": "Ikke hinder", "barrier_category": "Ikke hinder", "barrier_color": "#1a9641", "barrier_label": "Ikke et vandringshinder", "problem_beskrivelse": NaN, "diameter_cm": NaN, "lengde_m": 12.0, "kommentar": "Kulvert sannsynligvis grei. Noe slam og finkornet sediment nedstrøms. Går småkulverten in fra siden, med vann av ukjent kvalitet. ", "kommentar_utfyllende": "0", "lon_opp": 8.57968450420466, "lat_opp": 58.32877945728735}}, {"type": "Feature", "geometry": {"type": "Point", "coordinates": [8.584000062145229, 58.44241287456844]}, "properties": {"id": "281", "stedsnavn": "Arendal ", "kommune": "Arendal", "vassdrag": "Mørløsvatnet - Nidelva", "regine": "019.B20", "vurdering_raw": "Partiell", "barrier_category": "Partiell", "barrier_color": "#fdae61", "barrier_label": "Delvis vandringshinder (partiell)", "problem_beskrivelse": NaN, "diameter_cm": NaN, "lengde_m": 22.0, "kommentar": "2 betongkulverter under bru. Vann passerer i kulverter ved lav vannføring.  Disse er tilbøyelige til å tettes oppstrøms. Ligger 3 sykler i bekk nedstrøms. ", "kommentar_utfyllende": "bru", "lon_opp": 8.583873860341019, "lat_opp": 58.44250193916894}}, {"type": "Feature", "geometry": {"type": "Point", "coordinates": [7.586493561545234, 58.00970004798012]}, "properties": {"id": "282", "stedsnavn": "Tredgeveien (bekk renner ned til Skogøysundet)", "kommune": NaN, "vassdrag": NaN, "regine": "022.322", "vurdering_raw": "Absolutt", "barrier_category": "Absolutt", "barrier_color": "#d7191c", "barrier_label": "Totalt vandringshinder (absolutt)", "problem_beskrivelse": NaN, "diameter_cm": NaN, "lengde_m": 8.0, "kommentar": "Mulig hinder, noe høyde opp mot kulvert og ikke veldig god plass til å hoppe fra. Sannsynligvis hinder for ål. ", "kommentar_utfyllende": "0", "lon_opp": 7.5866483544461545, "lat_opp": 58.00975671782485}}, {"type": "Feature", "geometry": {"type": "Point", "coordinates": [8.513354475048382, 58.302349377458]}, "properties": {"id": "283", "stedsnavn": "Grimstad ", "kommune": "Grimstad", "vassdrag": "Bufjorden, bekkefelt", "regine": "019.220", "vurdering_raw": "Partiell", "barrier_category": "Partiell", "barrier_color": "#fdae61", "barrier_label": "Delvis vandringshinder (partiell)", "problem_beskrivelse": NaN, "diameter_cm": NaN, "lengde_m": 20.0, "kommentar": "Hele innløpet til kulverten ligger under saltvann. ", "kommentar_utfyllende": "0", "lon_opp": 8.513121362890123, "lat_opp": 58.30259101620496}}, {"type": "Feature", "geometry": {"type": "Point", "coordinates": [8.185753744675813, 58.29207785128936]}, "properties": {"id": "284", "stedsnavn": "Birkenes ", "kommune": "Birkenes", "vassdrag": NaN, "regine": "020.A6", "vurdering_raw": "Ikke hinder", "barrier_category": "Ikke hinder", "barrier_color": "#1a9641", "barrier_label": "Ikke et vandringshinder", "problem_beskrivelse": NaN, "diameter_cm": NaN, "lengde_m": 6.0, "kommentar": "Fint habitat og kulvert ikke vandringshinder. Kulvert lekker noe vann, men ikke betydelig. Denne er grei. Men bekk er veldig tør nedstrøms. Mye fisk nedstrøms, en på rundt 20cm.", "kommentar_utfyllende": "0", "lon_opp": 8.186115495945108, "lat_opp": 58.292088641964185}}, {"type": "Feature", "geometry": {"type": "Point", "coordinates": [8.90029550599602, 58.50049860646099]}, "properties": {"id": "285", "stedsnavn": "Tromøy", "kommune": "Arendal", "vassdrag": NaN, "regine": "019.11", "vurdering_raw": "Partiell", "barrier_category": "Partiell", "barrier_color": "#fdae61", "barrier_label": "Delvis vandringshinder (partiell)", "problem_beskrivelse": NaN, "diameter_cm": NaN, "lengde_m": 10.0, "kommentar": "Ikke barriere, noe hinder. mye vegetasjon og igjengrod bekk. Selve kulvert mulig litt liten. Noe fisk bør passere.", "kommentar_utfyllende": "0", "lon_opp": 8.90023789877216, "lat_opp": 58.50030182517371}}, {"type": "Feature", "geometry": {"type": "Point", "coordinates": [8.239396035487497, 58.1887179287928]}, "properties": {"id": "286", "stedsnavn": "Høvågveien (bekk mellom Bragetjønn og Kjøstveittjønna)", "kommune": "Lillesand", "vassdrag": "Isefjærfjorden bekkefelt", "regine": "020.41", "vurdering_raw": "Absolutt", "barrier_category": "Absolutt", "barrier_color": "#d7191c", "barrier_label": "Totalt vandringshinder (absolutt)", "problem_beskrivelse": NaN, "diameter_cm": NaN, "lengde_m": 15.0, "kommentar": "Denne ser ut til å ligge litt for dypt, og regner med det er mye slam og kvist innvendig, regner med denne er vanskelig å vandre gjennom ", "kommentar_utfyllende": "0", "lon_opp": 8.239103488014848, "lat_opp": 58.188802692449315}}, {"type": "Feature", "geometry": {"type": "Point", "coordinates": [7.486532612066435, 59.29984303624831]}, "properties": {"id": "287", "stedsnavn": "Bykle ", "kommune": "Valle", "vassdrag": "Vasstølåni bekkfelt", "regine": "021.F7A52", "vurdering_raw": "Ikke hinder", "barrier_category": "Ikke hinder", "barrier_color": "#1a9641", "barrier_label": "Ikke et vandringshinder", "problem_beskrivelse": NaN, "diameter_cm": NaN, "lengde_m": 15.0, "kommentar": "Litt stinging opp mot kulvert. Sannsynligvis ikke hinder, hvis fisk skulle komme så langt opp. ", "kommentar_utfyllende": "0", "lon_opp": 7.487080769582298, "lat_opp": 59.30004059817149}}, {"type": "Feature", "geometry": {"type": "Point", "coordinates": [8.859094919539697, 58.471246505277186]}, "properties": {"id": "288", "stedsnavn": "Tromøy", "kommune": "Arendal", "vassdrag": NaN, "regine": "019.11", "vurdering_raw": "Partiell", "barrier_category": "Partiell", "barrier_color": "#fdae61", "barrier_label": "Delvis vandringshinder (partiell)", "problem_beskrivelse": NaN, "diameter_cm": NaN, "lengde_m": 25.0, "kommentar": "Sannsynligvis ikke fiskeførende. ", "kommentar_utfyllende": "0", "lon_opp": 8.85955350445802, "lat_opp": 58.4700664747951}}, {"type": "Feature", "geometry": {"type": "Point", "coordinates": [8.818840107597856, 58.562168447971466]}, "properties": {"id": "289", "stedsnavn": "Arendal ", "kommune": NaN, "vassdrag": "Brekkeelva", "regine": "018.7C", "vurdering_raw": "Partiell", "barrier_category": "Partiell", "barrier_color": "#fdae61", "barrier_label": "Delvis vandringshinder (partiell)", "problem_beskrivelse": NaN, "diameter_cm": NaN, "lengde_m": 40.0, "kommentar": "Usikker på vandringshinder på grunn av lengde på hvordan kulvert går. Noe høyde opp mot kulvert, greit for anadrom fisk, sannsynligvis problematisk for ål.", "kommentar_utfyllende": "0", "lon_opp": 8.81859392938045, "lat_opp": 58.56249296258892}}, {"type": "Feature", "geometry": {"type": "Point", "coordinates": [8.9064688699196, 58.48191381209199]}, "properties": {"id": "290", "stedsnavn": "Tromøy ", "kommune": "Arendal", "vassdrag": NaN, "regine": "019.11", "vurdering_raw": "Ikke hinder", "barrier_category": "Ikke hinder", "barrier_color": "#1a9641", "barrier_label": "Ikke et vandringshinder", "problem_beskrivelse": NaN, "diameter_cm": NaN, "lengde_m": 8.0, "kommentar": "Liten kulvert, liten vannføring. Kulvert nesten helt under vann. ", "kommentar_utfyllende": "0", "lon_opp": 8.906383679991231, "lat_opp": 58.481963300237815}}, {"type": "Feature", "geometry": {"type": "Point", "coordinates": [8.900173117032153, 58.486236188232326]}, "properties": {"id": "291", "stedsnavn": "Tromøy ", "kommune": NaN, "vassdrag": NaN, "regine": "019.11", "vurdering_raw": "Partiell", "barrier_category": "Partiell", "barrier_color": "#fdae61", "barrier_label": "Delvis vandringshinder (partiell)", "problem_beskrivelse": NaN, "diameter_cm": NaN, "lengde_m": 10.0, "kommentar": "Veldig igjengrodd bekkeløp, ser ikke utløp", "kommentar_utfyllende": "0", "lon_opp": 8.899757841310386, "lat_opp": 58.48603127785499}}, {"type": "Feature", "geometry": {"type": "Point", "coordinates": [8.89755683805069, 58.484858332741474]}, "properties": {"id": "292", "stedsnavn": "Tromøy ", "kommune": "Arendal", "vassdrag": NaN, "regine": "019.11", "vurdering_raw": "Ikke hinder", "barrier_category": "Ikke hinder", "barrier_color": "#1a9641", "barrier_label": "Ikke et vandringshinder", "problem_beskrivelse": NaN, "diameter_cm": NaN, "lengde_m": 7.0, "kommentar": "Grei kulvert. Mye slam i bekkeløp. ", "kommentar_utfyllende": "0", "lon_opp": 8.897349434977373, "lat_opp": 58.484783468922146}}, {"type": "Feature", "geometry": {"type": "Point", "coordinates": [8.880672133702504, 58.584832652280845]}, "properties": {"id": "293", "stedsnavn": "Tvedestrand ", "kommune": NaN, "vassdrag": "Langangselva bekkefelt", "regine": "018.7AZ", "vurdering_raw": "Ikke hinder", "barrier_category": "Ikke hinder", "barrier_color": "#1a9641", "barrier_label": "Ikke et vandringshinder", "problem_beskrivelse": NaN, "diameter_cm": NaN, "lengde_m": 6.0, "kommentar": "Grei kulvert, noe redusert bekk. Men er noe vann ", "kommentar_utfyllende": "0", "lon_opp": 8.880661875399689, "lat_opp": 58.584900567851314}}, {"type": "Feature", "geometry": {"type": "Point", "coordinates": [8.60410500918624, 58.369276435611525]}, "properties": {"id": "294", "stedsnavn": "Grimstad ", "kommune": NaN, "vassdrag": "Vikkilen, bekkefelt", "regine": "019.2161Z", "vurdering_raw": "Ikke hinder", "barrier_category": "Ikke hinder", "barrier_color": "#1a9641", "barrier_label": "Ikke et vandringshinder", "problem_beskrivelse": NaN, "diameter_cm": NaN, "lengde_m": 20.0, "kommentar": "Gammel kulvert i stein, denne ser ok ut, men er noe større stokker foran kulvert. Men bør være ok. ", "kommentar_utfyllende": "0", "lon_opp": 8.604141066278698, "lat_opp": 58.36940422988687}}, {"type": "Feature", "geometry": {"type": "Point", "coordinates": [8.899461986612511, 58.4858219600634]}, "properties": {"id": "295", "stedsnavn": "Tromøy ", "kommune": "Arendal", "vassdrag": NaN, "regine": "019.11", "vurdering_raw": "Ikke hinder", "barrier_category": "Ikke hinder", "barrier_color": "#1a9641", "barrier_label": "Ikke et vandringshinder", "problem_beskrivelse": NaN, "diameter_cm": NaN, "lengde_m": 14.0, "kommentar": "Ikke hinder, men bekkeløp burde vært renska/gravd ut ", "kommentar_utfyllende": "0", "lon_opp": 8.899246998561292, "lat_opp": 58.48567931993956}}, {"type": "Feature", "geometry": {"type": "Point", "coordinates": [7.529447888121876, 58.013872357168616]}, "properties": {"id": "296", "stedsnavn": "Mandal ", "kommune": NaN, "vassdrag": "Mannefjorden bekkefelt", "regine": "022.322", "vurdering_raw": "Ikke hinder", "barrier_category": "Ikke hinder", "barrier_color": "#1a9641", "barrier_label": "Ikke et vandringshinder", "problem_beskrivelse": NaN, "diameter_cm": NaN, "lengde_m": 6.0, "kommentar": "Kulvert ser ikke ut som hinder. Men det er mye vegetasjon i bekkeløp. ", "kommentar_utfyllende": "0", "lon_opp": 7.529380982616961, "lat_opp": 58.013916347948054}}, {"type": "Feature", "geometry": {"type": "Point", "coordinates": [8.64397711804937, 58.42043318469958]}, "properties": {"id": "297", "stedsnavn": "Arendal ", "kommune": "Arendal", "vassdrag": "Nidelva, Bekkefelt Helle", "regine": "019.A12Z", "vurdering_raw": "Partiell", "barrier_category": "Partiell", "barrier_color": "#fdae61", "barrier_label": "Delvis vandringshinder (partiell)", "problem_beskrivelse": NaN, "diameter_cm": NaN, "lengde_m": 14.0, "kommentar": "Klein vannkvalitet nedstrøms. Mulig hinder, er litt høyde opp mot kulvert og bekk i stinging før dette. Ingen kulp og hoppe fra. ", "kommentar_utfyllende": "0", "lon_opp": 8.643617402054291, "lat_opp": 58.420315470063784}}, {"type": "Feature", "geometry": {"type": "Point", "coordinates": [8.852861289762389, 58.62648226003348]}, "properties": {"id": "298", "stedsnavn": "Tvedestrand ", "kommune": "Tvedestrand", "vassdrag": "Storelva Ubergsvann - Songevann bekkefelt", "regine": "018.C12", "vurdering_raw": "Ikke hinder", "barrier_category": "Ikke hinder", "barrier_color": "#1a9641", "barrier_label": "Ikke et vandringshinder", "problem_beskrivelse": NaN, "diameter_cm": NaN, "lengde_m": 8.0, "kommentar": "Lav vannføring. Men ser ikke på kulverter som hinder ved normal vannføring. ", "kommentar_utfyllende": "0", "lon_opp": 8.852688792542065, "lat_opp": 58.62640643211374}}, {"type": "Feature", "geometry": {"type": "Point", "coordinates": [8.835048708263653, 58.531315121373446]}, "properties": {"id": "299", "stedsnavn": "Arendal ", "kommune": "Arendal", "vassdrag": "Molandsvann bekkefelt", "regine": "018.7B", "vurdering_raw": "Partiell", "barrier_category": "Partiell", "barrier_color": "#fdae61", "barrier_label": "Delvis vandringshinder (partiell)", "problem_beskrivelse": NaN, "diameter_cm": NaN, "lengde_m": 7.0, "kommentar": "Kulvert er nok ikke noe mer hinder en det selve bekken er. Tvilsomt at denne bekken fører fisk ", "kommentar_utfyllende": "0", "lon_opp": 8.8349013731152, "lat_opp": 58.53115240610953}}, {"type": "Feature", "geometry": {"type": "Point", "coordinates": [7.382402691861449, 58.35108567354539]}, "properties": {"id": "300", "stedsnavn": "Øygarden", "kommune": "Lyngdal", "vassdrag": "Øydnavatnet Ytre bekkefelt", "regine": "023.C3Z", "vurdering_raw": "Absolutt", "barrier_category": "Absolutt", "barrier_color": "#d7191c", "barrier_label": "Totalt vandringshinder (absolutt)", "problem_beskrivelse": NaN, "diameter_cm": NaN, "lengde_m": 12.0, "kommentar": "Vandringshinder i to etasjer", "kommentar_utfyllende": "0", "lon_opp": 7.350395935574696, "lat_opp": 58.24698870748077}}, {"type": "Feature", "geometry": {"type": "Point", "coordinates": [8.899100163715929, 58.4855923008111]}, "properties": {"id": "301", "stedsnavn": "Tromøy ", "kommune": "Arendal", "vassdrag": NaN, "regine": "019.11", "vurdering_raw": "Partiell", "barrier_category": "Partiell", "barrier_color": "#fdae61", "barrier_label": "Delvis vandringshinder (partiell)", "problem_beskrivelse": NaN, "diameter_cm": NaN, "lengde_m": 8.0, "kommentar": "Kulvert under jorde, mye vegetasjon som vil kunne sperre ", "kommentar_utfyllende": "0", "lon_opp": 8.898933417042993, "lat_opp": 58.48545177277087}}, {"type": "Feature", "geometry": {"type": "Point", "coordinates": [7.435834463275665, 58.07747529349678]}, "properties": {"id": "302", "stedsnavn": "Hageland kryss", "kommune": "Lindesnes", "vassdrag": "Sjølingstadbekken bekkefelt", "regine": "022.4B", "vurdering_raw": "Ikke hinder", "barrier_category": "Ikke hinder", "barrier_color": "#1a9641", "barrier_label": "Ikke et vandringshinder", "problem_beskrivelse": NaN, "diameter_cm": NaN, "lengde_m": 8.0, "kommentar": "Kunne hatt terskeler i kulverten", "kommentar_utfyllende": "0", "lon_opp": 7.436076112443772, "lat_opp": 58.077551861478256}}, {"type": "Feature", "geometry": {"type": "Point", "coordinates": [7.444652449897531, 58.05884830198937]}, "properties": {"id": "303", "stedsnavn": "0", "kommune": "Lindesnes", "vassdrag": "Elv fra Skadbergvatnet", "regine": "022.4A", "vurdering_raw": "Ikke hinder", "barrier_category": "Ikke hinder", "barrier_color": "#1a9641", "barrier_label": "Ikke et vandringshinder", "problem_beskrivelse": NaN, "diameter_cm": NaN, "lengde_m": 45.0, "kommentar": "0", "kommentar_utfyllende": "0", "lon_opp": 7.441054051872205, "lat_opp": 58.06281149802601}}, {"type": "Feature", "geometry": {"type": "Point", "coordinates": [8.836178276097563, 58.44934039168829]}, "properties": {"id": "304", "stedsnavn": "Tromøy kirkevei (bekk som renner ut i Hovekilen))", "kommune": NaN, "vassdrag": NaN, "regine": "019.11", "vurdering_raw": "Absolutt", "barrier_category": "Absolutt", "barrier_color": "#d7191c", "barrier_label": "Totalt vandringshinder (absolutt)", "problem_beskrivelse": NaN, "diameter_cm": NaN, "lengde_m": 10.0, "kommentar": "Mulig utløp, vil være barriere ", "kommentar_utfyllende": "0", "lon_opp": 8.83627440006554, "lat_opp": 58.44949363891735}}, {"type": "Feature", "geometry": {"type": "Point", "coordinates": [6.891581780317789, 58.28306504381001]}, "properties": {"id": "305", "stedsnavn": "Kvinesdal ", "kommune": "Kvinesdal", "vassdrag": "Fedafjorden bekkefelt frå nord", "regine": "025.33", "vurdering_raw": "Ikke hinder", "barrier_category": "Ikke hinder", "barrier_color": "#1a9641", "barrier_label": "Ikke et vandringshinder", "problem_beskrivelse": NaN, "diameter_cm": NaN, "lengde_m": 9.0, "kommentar": "Fin kulvert, ser fisk nedstrøms. Litt gjengrodd, men grei bekk. ", "kommentar_utfyllende": "0", "lon_opp": 6.892018438872251, "lat_opp": 58.283194226514155}}, {"type": "Feature", "geometry": {"type": "Point", "coordinates": [8.234325132367099, 58.14072119474504]}, "properties": {"id": "306", "stedsnavn": "Høvåg ", "kommune": "Lillesand", "vassdrag": "Bliksfjorden - Røynevardsfjorden, bekkefelt", "regine": "020.32", "vurdering_raw": "Partiell", "barrier_category": "Partiell", "barrier_color": "#fdae61", "barrier_label": "Delvis vandringshinder (partiell)", "problem_beskrivelse": NaN, "diameter_cm": NaN, "lengde_m": 8.0, "kommentar": "Grei kulvert, ikke hinder. Mye vegetasjon, kunne hatt grus ", "kommentar_utfyllende": "0", "lon_opp": 8.234233057876162, "lat_opp": 58.140730585324}}, {"type": "Feature", "geometry": {"type": "Point", "coordinates": [9.11208076596102, 58.68589510233379]}, "properties": {"id": "307", "stedsnavn": "Lyngør ", "kommune": "Risør", "vassdrag": "Sandnesfjorden, bekkefelt", "regine": "018.4", "vurdering_raw": "Ikke hinder", "barrier_category": "Ikke hinder", "barrier_color": "#1a9641", "barrier_label": "Ikke et vandringshinder", "problem_beskrivelse": NaN, "diameter_cm": NaN, "lengde_m": 12.0, "kommentar": "Grei kulvert. Greit habitat nedstrøms. God vannføring.", "kommentar_utfyllende": "0", "lon_opp": 9.111794600400257, "lat_opp": 58.68601717057806}}, {"type": "Feature", "geometry": {"type": "Point", "coordinates": [9.145474667569651, 58.67876351764758]}, "properties": {"id": "308", "stedsnavn": "Nipeveien (bekk mellom Hudalstjenna og Nipekilen", "kommune": "Risør", "vassdrag": "Lyngørfjorden-østre, bekkefelt", "regine": "018.51Z", "vurdering_raw": "Absolutt", "barrier_category": "Absolutt", "barrier_color": "#d7191c", "barrier_label": "Totalt vandringshinder (absolutt)", "problem_beskrivelse": NaN, "diameter_cm": NaN, "lengde_m": 80.0, "kommentar": "Hinder på grunn av lengde, mulig barriere. Fin bekk nedstrøms. Veldig lang ", "kommentar_utfyllende": "0", "lon_opp": 9.144919491570837, "lat_opp": 58.679670975037354}}, {"type": "Feature", "geometry": {"type": "Point", "coordinates": [9.109252612251748, 58.684978963943394]}, "properties": {"id": "309", "stedsnavn": "Lyngør ", "kommune": "Risør", "vassdrag": "Sandnesfjorden, bekkefelt", "regine": "018.4", "vurdering_raw": "Ikke hinder", "barrier_category": "Ikke hinder", "barrier_color": "#1a9641", "barrier_label": "Ikke et vandringshinder", "problem_beskrivelse": NaN, "diameter_cm": NaN, "lengde_m": 8.0, "kommentar": "Fin, litt avstand opp mot kulvert, men er ikke bratt og vann renner fint opp. Fungerer bra for vandring ", "kommentar_utfyllende": "0", "lon_opp": 9.109764902579007, "lat_opp": 58.684526931999294}}, {"type": "Feature", "geometry": {"type": "Point", "coordinates": [9.000628285970874, 58.69134030983781]}, "properties": {"id": "310", "stedsnavn": "Songeveien ", "kommune": "Tvedestrand", "vassdrag": "Songebekken, inkl. bekkefelt", "regine": "018.32Z", "vurdering_raw": "Partiell", "barrier_category": "Partiell", "barrier_color": "#fdae61", "barrier_label": "Delvis vandringshinder (partiell)", "problem_beskrivelse": NaN, "diameter_cm": NaN, "lengde_m": 10.0, "kommentar": "Er noe kvist som blokerer ene rør ved innløp, og mye kvist invendig i andre rør. Ville ryddet opp. Ellers fint habitat, noe lav vannstand nå. Ser fisk nedstrøms. ", "kommentar_utfyllende": "0", "lon_opp": 9.00059392213504, "lat_opp": 58.69141958597546}}, {"type": "Feature", "geometry": {"type": "Point", "coordinates": [8.844921467745158, 58.448178842865374]}, "properties": {"id": "311", "stedsnavn": "Tromøy kirkevei (bekk som renner ut i sandumkilen)", "kommune": NaN, "vassdrag": NaN, "regine": "019.11", "vurdering_raw": "Absolutt", "barrier_category": "Absolutt", "barrier_color": "#d7191c", "barrier_label": "Totalt vandringshinder (absolutt)", "problem_beskrivelse": NaN, "diameter_cm": NaN, "lengde_m": 10.0, "kommentar": "Sliter med å finne ingang på grunn av vegetasjon, hinder ", "kommentar_utfyllende": "0", "lon_opp": 8.844857840677127, "lat_opp": 58.448271607008756}}, {"type": "Feature", "geometry": {"type": "Point", "coordinates": [7.369003372955681, 58.14142089482193]}, "properties": {"id": "312", "stedsnavn": "0", "kommune": "Lindesnes", "vassdrag": "Audna - Spilling til Melhusfossen bekkefelt", "regine": "023.A121Z", "vurdering_raw": "Absolutt", "barrier_category": "Absolutt", "barrier_color": "#d7191c", "barrier_label": "Totalt vandringshinder (absolutt)", "problem_beskrivelse": NaN, "diameter_cm": NaN, "lengde_m": 8.0, "kommentar": "0", "kommentar_utfyllende": "0", "lon_opp": 7.369057132525681, "lat_opp": 58.14130775286858}}, {"type": "Feature", "geometry": {"type": "Point", "coordinates": [8.356862987170434, 58.353931515949036]}, "properties": {"id": "313", "stedsnavn": "Grimstad ", "kommune": "Grimstad", "vassdrag": "Stigselva, bekkefelt", "regine": "020.1C", "vurdering_raw": "Ikke hinder", "barrier_category": "Ikke hinder", "barrier_color": "#1a9641", "barrier_label": "Ikke et vandringshinder", "problem_beskrivelse": NaN, "diameter_cm": NaN, "lengde_m": 8.0, "kommentar": "Grei kulvert, noe landbrukspreget bekk. Stillestående vann nedstrøms. Kulvert ligger under vann oppstrøms ser det ut til. ", "kommentar_utfyllende": "0", "lon_opp": 8.35737388456381, "lat_opp": 58.354077933862044}}, {"type": "Feature", "geometry": {"type": "Point", "coordinates": [8.766675309019705, 58.5144336542119]}, "properties": {"id": "314", "stedsnavn": "Arendal ", "kommune": "Arendal", "vassdrag": "Longumvatnet, bekkefelt", "regine": "019.12Z", "vurdering_raw": "Ikke hinder", "barrier_category": "Ikke hinder", "barrier_color": "#1a9641", "barrier_label": "Ikke et vandringshinder", "problem_beskrivelse": NaN, "diameter_cm": NaN, "lengde_m": 7.0, "kommentar": "Noe stillestående og slammete vann. Litt gjengrodd foran kulvert. Men ok for vandring. ", "kommentar_utfyllende": "0", "lon_opp": 8.766535494330078, "lat_opp": 58.51437018926262}}, {"type": "Feature", "geometry": {"type": "Point", "coordinates": [8.671562117850797, 58.47962053340804]}, "properties": {"id": "315", "stedsnavn": "Froland ", "kommune": "Froland", "vassdrag": "Assævannet, bekkefelt", "regine": "019.A1Z", "vurdering_raw": "Ikke hinder", "barrier_category": "Ikke hinder", "barrier_color": "#1a9641", "barrier_label": "Ikke et vandringshinder", "problem_beskrivelse": NaN, "diameter_cm": NaN, "lengde_m": 12.0, "kommentar": "Stor fin kulvert, grei vannføring med tanke på hvor tørt det er. Ikke hinder ", "kommentar_utfyllende": "0", "lon_opp": 8.671833647703817, "lat_opp": 58.4797978122222}}, {"type": "Feature", "geometry": {"type": "Point", "coordinates": [7.523333950665145, 58.08896110100066]}, "properties": {"id": "316", "stedsnavn": "Mandal 17", "kommune": "Lindesnes", "vassdrag": "Mandalselva - Øyslebø til Mandal bekkefelt", "regine": "022.A3Z", "vurdering_raw": "Ikke hinder", "barrier_category": "Ikke hinder", "barrier_color": "#1a9641", "barrier_label": "Ikke et vandringshinder", "problem_beskrivelse": NaN, "diameter_cm": NaN, "lengde_m": 20.0, "kommentar": "Bør ikke være vandringshinder ved normal vannføring. Fin gammel kulvert. Ok for ål og anadrom fisk ", "kommentar_utfyllende": "0", "lon_opp": 7.523888785853588, "lat_opp": 58.08904335728184}}, {"type": "Feature", "geometry": {"type": "Point", "coordinates": [8.620717894573207, 58.44493053221199]}, "properties": {"id": "317", "stedsnavn": "Arendal ", "kommune": "Arendal", "vassdrag": "Nidelva Furre - Rygene kraftverk bekkefelt", "regine": "019.B1", "vurdering_raw": "Partiell", "barrier_category": "Partiell", "barrier_color": "#fdae61", "barrier_label": "Delvis vandringshinder (partiell)", "problem_beskrivelse": NaN, "diameter_cm": NaN, "lengde_m": 0.0, "kommentar": "Grei bekk nedstrøms, renner 2 forskjellige kulverter ut her. Litt lav vannstand, men renner en del vann igjennom. ", "kommentar_utfyllende": "0", "lon_opp": 8.620907650054571, "lat_opp": 58.44528621332743}}, {"type": "Feature", "geometry": {"type": "Point", "coordinates": [8.184393100750448, 58.15747753900473]}, "properties": {"id": "318", "stedsnavn": "Høvåg ", "kommune": "Lillesand", "vassdrag": "Kvåsefjorden - Kvarenesfjorden bekkefelt", "regine": "020.4231", "vurdering_raw": "Partiell", "barrier_category": "Partiell", "barrier_color": "#fdae61", "barrier_label": "Delvis vandringshinder (partiell)", "problem_beskrivelse": NaN, "diameter_cm": NaN, "lengde_m": 20.0, "kommentar": "Noe hinder, kvist oppstrøms. Grei kulvert. Noe hopp opp til kulvert nå, men renger med denne er grei ved høyere vannstand. Ser en del fisk nedstrøms ", "kommentar_utfyllende": "0", "lon_opp": 8.183995538037818, "lat_opp": 58.15744510415537}}, {"type": "Feature", "geometry": {"type": "Point", "coordinates": [8.27285248844256, 58.342015576941286]}, "properties": {"id": "319", "stedsnavn": "Birkenes ", "kommune": "Birkenes", "vassdrag": "Tovdalselva Herefossfjorden - Flakksvatn bekkefelt", "regine": "020.B2Z", "vurdering_raw": "Ikke hinder", "barrier_category": "Ikke hinder", "barrier_color": "#1a9641", "barrier_label": "Ikke et vandringshinder", "problem_beskrivelse": NaN, "diameter_cm": NaN, "lengde_m": 20.0, "kommentar": "Hvis kulvert ikke er tett, er denne fin. Gjengrodd bekk og veldig stillestående vann. Ser overraskende nok fisk nedstrøms, størrelse 10cm. ", "kommentar_utfyllende": "0", "lon_opp": 8.273180750532784, "lat_opp": 58.34190140414131}}, {"type": "Feature", "geometry": {"type": "Point", "coordinates": [9.273554422095065, 58.77474928825874]}, "properties": {"id": "320", "stedsnavn": "Risør ", "kommune": "Risør", "vassdrag": "Leivann, bekkefelt", "regine": "018.1C", "vurdering_raw": "Ikke hinder", "barrier_category": "Ikke hinder", "barrier_color": "#1a9641", "barrier_label": "Ikke et vandringshinder", "problem_beskrivelse": NaN, "diameter_cm": NaN, "lengde_m": 5.0, "kommentar": "Grei gammel kulvert, noe tømmerstokker invendig, som hindrer vandring ved veldig lav vannstand, men ellers ok. ", "kommentar_utfyllende": "0", "lon_opp": 9.273809126553259, "lat_opp": 58.775069576487766}}, {"type": "Feature", "geometry": {"type": "Point", "coordinates": [7.48459539297347, 59.30377488973769]}, "properties": {"id": "321", "stedsnavn": "Bykle ", "kommune": "Valle", "vassdrag": "Vasstølåni bekkfelt", "regine": "021.F7A52", "vurdering_raw": "Ikke hinder", "barrier_category": "Ikke hinder", "barrier_color": "#1a9641", "barrier_label": "Ikke et vandringshinder", "problem_beskrivelse": NaN, "diameter_cm": NaN, "lengde_m": 8.0, "kommentar": "Fin bekk, kulvert ikke hinder. Men er bratt ned til elv. ", "kommentar_utfyllende": "0", "lon_opp": 7.484834778281634, "lat_opp": 59.30386349468921}}, {"type": "Feature", "geometry": {"type": "Point", "coordinates": [7.581434284676165, 58.27186055248073]}, "properties": {"id": "322", "stedsnavn": "Mandal ", "kommune": "Kristiansand", "vassdrag": "Mandalselva - Laudal til Øyslebø bekkefelt", "regine": "022.B1Z", "vurdering_raw": "Ikke hinder", "barrier_category": "Ikke hinder", "barrier_color": "#1a9641", "barrier_label": "Ikke et vandringshinder", "problem_beskrivelse": NaN, "diameter_cm": NaN, "lengde_m": 14.0, "kommentar": "Bedre bekk her en lengre oppstrøms. Sandete bunn, ser fisk. Grei å vandre gjennom ", "kommentar_utfyllende": "0", "lon_opp": 7.581057770275496, "lat_opp": 58.27183988100147}}, {"type": "Feature", "geometry": {"type": "Point", "coordinates": [7.692661811242215, 58.16610267988892]}, "properties": {"id": "323", "stedsnavn": "Eiksåveien (bekk fra Røyrvatnet til Auslandsvatnet)", "kommune": "Lindesnes", "vassdrag": "Trondstadvatnet bekkefelt", "regine": "022.2B0", "vurdering_raw": "Absolutt", "barrier_category": "Absolutt", "barrier_color": "#d7191c", "barrier_label": "Totalt vandringshinder (absolutt)", "problem_beskrivelse": NaN, "diameter_cm": NaN, "lengde_m": 10.0, "kommentar": "Tenker disse er hinder for ål, mulig Aure kan passere kulvert, selv om disse vil slite med demning på andre siden ", "kommentar_utfyllende": "0", "lon_opp": 7.692611581234405, "lat_opp": 58.16623330593702}}, {"type": "Feature", "geometry": {"type": "Point", "coordinates": [7.657807599532747, 58.05229861195517]}, "properties": {"id": "324", "stedsnavn": "Mandal ", "kommune": "Kristiansand", "vassdrag": "Kumlefjorden bekkfelt", "regine": "022.226", "vurdering_raw": "Ikke hinder", "barrier_category": "Ikke hinder", "barrier_color": "#1a9641", "barrier_label": "Ikke et vandringshinder", "problem_beskrivelse": NaN, "diameter_cm": NaN, "lengde_m": 12.0, "kommentar": "Kulvert går rett ut i saltvann. Denne er ikke hinder. Bra at denne ikke er for bratt. ", "kommentar_utfyllende": "0", "lon_opp": 7.65796459129973, "lat_opp": 58.052443214017266}}, {"type": "Feature", "geometry": {"type": "Point", "coordinates": [7.452688227821519, 58.042752680731226]}, "properties": {"id": "325", "stedsnavn": "Skjønnefjellveien", "kommune": "Lindesnes", "vassdrag": "Mandalselva - Mandal til utløp bekkefelt", "regine": "022.A21", "vurdering_raw": "Absolutt", "barrier_category": "Absolutt", "barrier_color": "#d7191c", "barrier_label": "Totalt vandringshinder (absolutt)", "problem_beskrivelse": NaN, "diameter_cm": NaN, "lengde_m": 30.0, "kommentar": "0", "kommentar_utfyllende": "0", "lon_opp": 7.451889374162241, "lat_opp": 58.04285953857846}}, {"type": "Feature", "geometry": {"type": "Point", "coordinates": [7.64490014073039, 58.109342916595075]}, "properties": {"id": "326", "stedsnavn": "Mandal ", "kommune": "Kristiansand", "vassdrag": "Trysfjorden bekkefelt", "regine": "022.22Z", "vurdering_raw": "Partiell", "barrier_category": "Partiell", "barrier_color": "#fdae61", "barrier_label": "Delvis vandringshinder (partiell)", "problem_beskrivelse": NaN, "diameter_cm": NaN, "lengde_m": 14.0, "kommentar": "Kulvert ikke hinder, fin bekk nedstrøms. Veldig bratt oppstrøms. ", "kommentar_utfyllende": "0", "lon_opp": 7.644963077845442, "lat_opp": 58.10921349371755}}, {"type": "Feature", "geometry": {"type": "Point", "coordinates": [7.9373089177096245, 58.10763559326234]}, "properties": {"id": "327", "stedsnavn": "langenesveien ", "kommune": "Kristiansand", "vassdrag": "Kristiansandsfjorden indre bekkefelt", "regine": "021.23Z", "vurdering_raw": "Ikke hinder", "barrier_category": "Ikke hinder", "barrier_color": "#1a9641", "barrier_label": "Ikke et vandringshinder", "problem_beskrivelse": NaN, "diameter_cm": NaN, "lengde_m": 17.0, "kommentar": "ikke barriere, god for vandring, ligger stein som terskler nedstrøms. ", "kommentar_utfyllende": "Fungerer godt", "lon_opp": 7.937088492809662, "lat_opp": 58.10773768400894}}, {"type": "Feature", "geometry": {"type": "Point", "coordinates": [8.232659645601826, 58.32745879229939]}, "properties": {"id": "328", "stedsnavn": "Birkenes ", "kommune": "Birkenes", "vassdrag": NaN, "regine": "020.A7", "vurdering_raw": "Partiell", "barrier_category": "Partiell", "barrier_color": "#fdae61", "barrier_label": "Delvis vandringshinder (partiell)", "problem_beskrivelse": NaN, "diameter_cm": NaN, "lengde_m": 20.0, "kommentar": "Noe hinder, Noe høyde opp mot kulvert, plus begrenses til betongrør inni kulvert, med 20-30cm høyde fra vannflate. Vandring for anadrom fisk bør gå bra, men er noe høyt. Mulig noe tiltak burde gjøres. Og gjerne rydde litt i utløp fra kulvert. ", "kommentar_utfyllende": "0", "lon_opp": 8.233113494605902, "lat_opp": 58.32716450664485}}, {"type": "Feature", "geometry": {"type": "Point", "coordinates": [8.557356477344047, 58.321585075441455]}, "properties": {"id": "329", "stedsnavn": "Mollandsveien (bekk leder muligens mot Morvigfjorden)", "kommune": "Grimstad", "vassdrag": "Morvigbekken, bekkefelt", "regine": "019.218Z", "vurdering_raw": "Absolutt", "barrier_category": "Absolutt", "barrier_color": "#d7191c", "barrier_label": "Totalt vandringshinder (absolutt)", "problem_beskrivelse": NaN, "diameter_cm": NaN, "lengde_m": 20.0, "kommentar": "Setter disse som hinder. Disse er veldig nye, men ligger høyere oppe en det som ser optimalt ut. Siden det er to rør burde de kunne hatt forskjellig høyde feks. Vann renner ikke gjennom kulvert nå. Men på siden. ", "kommentar_utfyllende": "0", "lon_opp": 8.557107794848529, "lat_opp": 58.32177651358373}}, {"type": "Feature", "geometry": {"type": "Point", "coordinates": [8.622369161975815, 58.39176986372012]}, "properties": {"id": "330", "stedsnavn": "Grimstad ", "kommune": "Grimstad", "vassdrag": "Temse, bekkefelt", "regine": "019.A23Z", "vurdering_raw": "Ikke hinder", "barrier_category": "Ikke hinder", "barrier_color": "#1a9641", "barrier_label": "Ikke et vandringshinder", "problem_beskrivelse": NaN, "diameter_cm": NaN, "lengde_m": 15.0, "kommentar": "Ikke hinder, men lite vann i bekk. Fin bekk nedstrøms. ", "kommentar_utfyllende": "0", "lon_opp": 8.622421206655432, "lat_opp": 58.39188089480373}}, {"type": "Feature", "geometry": {"type": "Point", "coordinates": [8.319141985898476, 58.246663689225194]}, "properties": {"id": "331", "stedsnavn": "Lillesand ", "kommune": "Lillesand", "vassdrag": "Glamslandvatnet med bekkefelt", "regine": "020.221Z", "vurdering_raw": "Partiell", "barrier_category": "Partiell", "barrier_color": "#fdae61", "barrier_label": "Delvis vandringshinder (partiell)", "problem_beskrivelse": NaN, "diameter_cm": NaN, "lengde_m": 12.0, "kommentar": "Fin kulvert, fint bekkeløp", "kommentar_utfyllende": "0", "lon_opp": 8.318752348045187, "lat_opp": 58.24681815078902}}, {"type": "Feature", "geometry": {"type": "Point", "coordinates": [8.2585168601973, 58.19444486934075]}, "properties": {"id": "332", "stedsnavn": "0", "kommune": "Lillesand", "vassdrag": "Holtevannsbekken", "regine": "020.3Z", "vurdering_raw": "Ikke angitt", "barrier_category": "Ikke angitt", "barrier_color": "#999999", "barrier_label": "Ikke vurdert / mangler data", "problem_beskrivelse": NaN, "diameter_cm": NaN, "lengde_m": 12.0, "kommentar": "Grei kulvert, et av de 2 rørene er litt tett nedstrøms. Veldig fint bekkeløp og ser laks/sjøørret nedstrøms(smolt) ", "kommentar_utfyllende": "0", "lon_opp": 8.25807935494612, "lat_opp": 58.19423698764856}}, {"type": "Feature", "geometry": {"type": "Point", "coordinates": [8.792178633039095, 58.71307021147432]}, "properties": {"id": "333", "stedsnavn": "Vegårshei ", "kommune": "Vegårshei", "vassdrag": "Storelva - Hauglandselva bekkefelt", "regine": "018.E", "vurdering_raw": "Absolutt", "barrier_category": "Absolutt", "barrier_color": "#d7191c", "barrier_label": "Totalt vandringshinder (absolutt)", "problem_beskrivelse": NaN, "diameter_cm": NaN, "lengde_m": 14.0, "kommentar": "Bekk ser blokkert ut lengre nedstrøms, og det er litt for høyt opp mot kulvert. ", "kommentar_utfyllende": "0", "lon_opp": 8.792531738860509, "lat_opp": 58.71326698098824}}, {"type": "Feature", "geometry": {"type": "Point", "coordinates": [8.815726942733551, 58.736733118477666]}, "properties": {"id": "334", "stedsnavn": "Vegårshei ", "kommune": "Vegårshei", "vassdrag": "Storelva - Hauglandselva bekkefelt", "regine": "018.E", "vurdering_raw": "Ikke hinder", "barrier_category": "Ikke hinder", "barrier_color": "#1a9641", "barrier_label": "Ikke et vandringshinder", "problem_beskrivelse": NaN, "diameter_cm": NaN, "lengde_m": 16.0, "kommentar": "Tenker denne er grei, ved høyere vannføring. Er fisk nedstrøms. Kulvert ok. ", "kommentar_utfyllende": "0", "lon_opp": 8.815211531935036, "lat_opp": 58.73668161994207}}, {"type": "Feature", "geometry": {"type": "Point", "coordinates": [8.912343638058891, 58.75884637402804]}, "properties": {"id": "335", "stedsnavn": "Gjerstad ", "kommune": "Vegårshei", "vassdrag": "Ljøstadvann bekkefelt", "regine": "018.E", "vurdering_raw": "Partiell", "barrier_category": "Partiell", "barrier_color": "#fdae61", "barrier_label": "Delvis vandringshinder (partiell)", "problem_beskrivelse": NaN, "diameter_cm": NaN, "lengde_m": 14.0, "kommentar": "Sannsynligvis grei, men lite vann, og noe høyde opp mot kulvert. ", "kommentar_utfyllende": "0", "lon_opp": 8.912354800438258, "lat_opp": 58.75885473393281}}, {"type": "Feature", "geometry": {"type": "Point", "coordinates": [8.672963101347241, 58.71824013579323]}, "properties": {"id": "336", "stedsnavn": "Vegårshei ", "kommune": "Vegårshei", "vassdrag": "Ufsvatn, bekkefelt", "regine": "019.C3", "vurdering_raw": "Partiell", "barrier_category": "Partiell", "barrier_color": "#fdae61", "barrier_label": "Delvis vandringshinder (partiell)", "problem_beskrivelse": NaN, "diameter_cm": NaN, "lengde_m": 22.0, "kommentar": "Mulig hinder, ligger et par plank og noe stein foran kulvert. ", "kommentar_utfyllende": "0", "lon_opp": 8.67284895806817, "lat_opp": 58.71800684023811}}, {"type": "Feature", "geometry": {"type": "Point", "coordinates": [7.356691362756765, 59.56872028681659]}, "properties": {"id": "337", "stedsnavn": "Skisentervegen (sidebekk Otra)", "kommune": "Bykle", "vassdrag": "Otra - Lislevatn til Hartevatn bekkefelt", "regine": "021.K3", "vurdering_raw": "Absolutt", "barrier_category": "Absolutt", "barrier_color": "#d7191c", "barrier_label": "Totalt vandringshinder (absolutt)", "problem_beskrivelse": NaN, "diameter_cm": NaN, "lengde_m": 15.0, "kommentar": "Kulvert ok nedstrøms. Men rist og demning oppstrøms gjør denne til hinder. ", "kommentar_utfyllende": "0", "lon_opp": 7.356904460356406, "lat_opp": 59.56890946523825}}, {"type": "Feature", "geometry": {"type": "Point", "coordinates": [9.063710127791493, 58.754280471663584]}, "properties": {"id": "338", "stedsnavn": "Søndeledveien (sidebekk Søndeleddfjorden)", "kommune": "Risør", "vassdrag": "Søndeledfjorden, bekkefelt", "regine": "018.2210", "vurdering_raw": "Absolutt", "barrier_category": "Absolutt", "barrier_color": "#d7191c", "barrier_label": "Totalt vandringshinder (absolutt)", "problem_beskrivelse": NaN, "diameter_cm": NaN, "lengde_m": 100.0, "kommentar": "Både terskel oppstrøms og habitat oppstrøms er hinder. Ser fisk nedstrøms. ", "kommentar_utfyllende": "0", "lon_opp": 9.062644407183571, "lat_opp": 58.753485385563614}}, {"type": "Feature", "geometry": {"type": "Point", "coordinates": [8.831305413154455, 58.50999291553177]}, "properties": {"id": "339", "stedsnavn": "Dalenveien (sidebekk Totjern)", "kommune": "Arendal", "vassdrag": "Mørfjærbekken inkl. bekkefelt", "regine": "018.72", "vurdering_raw": "Absolutt", "barrier_category": "Absolutt", "barrier_color": "#d7191c", "barrier_label": "Totalt vandringshinder (absolutt)", "problem_beskrivelse": NaN, "diameter_cm": NaN, "lengde_m": 12.0, "kommentar": "Vandringshinder, er gitter oppstrøms. Noe hjemmelaget. Bekk stillestående og vannkvaliteten ser dårlig ut. ", "kommentar_utfyllende": "0", "lon_opp": 8.831182581582004, "lat_opp": 58.50988905541186}}, {"type": "Feature", "geometry": {"type": "Point", "coordinates": [8.950055383173778, 58.55088695147993]}, "properties": {"id": "340", "stedsnavn": "Arendal ", "kommune": "Arendal", "vassdrag": "Flostadøysund, bekkefelt", "regine": "018.712", "vurdering_raw": "Ikke hinder", "barrier_category": "Ikke hinder", "barrier_color": "#1a9641", "barrier_label": "Ikke et vandringshinder", "problem_beskrivelse": NaN, "diameter_cm": NaN, "lengde_m": 12.0, "kommentar": "Naturstein nedstrøms som strupes ned til stort betongrør 120cm oppstrøms. Veldig mye vegetasjon i bekk, men bør være grei ved nok vannføring. Bør sjekkes for hindere lengre ned ", "kommentar_utfyllende": "0", "lon_opp": 8.94980303421831, "lat_opp": 58.55108366884511}}, {"type": "Feature", "geometry": {"type": "Point", "coordinates": [8.374156478049565, 58.42378354902303]}, "properties": {"id": "341", "stedsnavn": "Grimstad nord ", "kommune": "Grimstad", "vassdrag": "Rosevatnet, utløpselv", "regine": "019.AD", "vurdering_raw": "Ikke hinder", "barrier_category": "Ikke hinder", "barrier_color": "#1a9641", "barrier_label": "Ikke et vandringshinder", "problem_beskrivelse": NaN, "diameter_cm": NaN, "lengde_m": 15.0, "kommentar": "Sannsynligvis grei for gjennomvandring ved normal vannstand. Noe bøy på rør invendig. Et av 2 rør er mulig tett. Men ok.", "kommentar_utfyllende": "0", "lon_opp": 8.373668678416047, "lat_opp": 58.42387250151902}}, {"type": "Feature", "geometry": {"type": "Point", "coordinates": [8.864617760992804, 58.46147794256946]}, "properties": {"id": "342", "stedsnavn": "Tromøy kirkevei (sidebekk Gjerstadvannet)", "kommune": "Arendal", "vassdrag": NaN, "regine": "019.11", "vurdering_raw": "Absolutt", "barrier_category": "Absolutt", "barrier_color": "#d7191c", "barrier_label": "Totalt vandringshinder (absolutt)", "problem_beskrivelse": NaN, "diameter_cm": NaN, "lengde_m": 10.0, "kommentar": "Mye vegetasjon som fungerer som hinder nedstrøms. Mye vegetasjon som blokerer ", "kommentar_utfyllende": "0", "lon_opp": 8.864728316211494, "lat_opp": 58.46160052075618}}, {"type": "Feature", "geometry": {"type": "Point", "coordinates": [7.629667500523489, 58.041036774756265]}, "properties": {"id": "343", "stedsnavn": "Mandal ", "kommune": "Lindesnes", "vassdrag": "Harkmarkfjorden bekkfelt", "regine": "022.321", "vurdering_raw": "Partiell", "barrier_category": "Partiell", "barrier_color": "#fdae61", "barrier_label": "Delvis vandringshinder (partiell)", "problem_beskrivelse": NaN, "diameter_cm": NaN, "lengde_m": 10.0, "kommentar": "Kulvert ikke hinder, grei bekk nedstrøms. Flere fisk nedstrøms. ", "kommentar_utfyllende": "0", "lon_opp": 7.62981867825243, "lat_opp": 58.04097761297974}}, {"type": "Feature", "geometry": {"type": "Point", "coordinates": [7.532682485501724, 58.037855562853956]}, "properties": {"id": "344", "stedsnavn": "Mandal ", "kommune": "Lindesnes", "vassdrag": "Jåbekken bekkfelt", "regine": "022.32A", "vurdering_raw": "Ikke hinder", "barrier_category": "Ikke hinder", "barrier_color": "#1a9641", "barrier_label": "Ikke et vandringshinder", "problem_beskrivelse": NaN, "diameter_cm": NaN, "lengde_m": 15.0, "kommentar": "Veldig gjengrodd bekk nedstrøms, stillestående vann. Kulvert ikke hinder ", "kommentar_utfyllende": "0", "lon_opp": 7.532838006430955, "lat_opp": 58.03788421529111}}, {"type": "Feature", "geometry": {"type": "Point", "coordinates": [7.610598848525817, 58.02495353856777]}, "properties": {"id": "345", "stedsnavn": "Mandal ", "kommune": "Lindesnes", "vassdrag": "Harkmarkfjorden bekkfelt", "regine": "022.321", "vurdering_raw": "Ikke hinder", "barrier_category": "Ikke hinder", "barrier_color": "#1a9641", "barrier_label": "Ikke et vandringshinder", "problem_beskrivelse": NaN, "diameter_cm": NaN, "lengde_m": 12.0, "kommentar": "Grei betongstikkrenne. Denne er ikke hinder. ", "kommentar_utfyllende": "0", "lon_opp": 7.610407405649621, "lat_opp": 58.02499924816405}}, {"type": "Feature", "geometry": {"type": "Point", "coordinates": [7.608802999796502, 58.017360494714886]}, "properties": {"id": "346", "stedsnavn": "Mandal ", "kommune": "Lindesnes", "vassdrag": "Harkmarkfjorden bekkfelt", "regine": "022.321", "vurdering_raw": "Partiell", "barrier_category": "Partiell", "barrier_color": "#fdae61", "barrier_label": "Delvis vandringshinder (partiell)", "problem_beskrivelse": NaN, "diameter_cm": NaN, "lengde_m": 14.0, "kommentar": "Kulvert ikke hinder. Fin bekk nedstrøms. ", "kommentar_utfyllende": "0", "lon_opp": 7.608395395451804, "lat_opp": 58.01744916715107}}, {"type": "Feature", "geometry": {"type": "Point", "coordinates": [8.122854377499065, 58.22553488993612]}, "properties": {"id": "347", "stedsnavn": "Kristiansand ", "kommune": "Kristiansand", "vassdrag": NaN, "regine": "020.A6", "vurdering_raw": "Ikke hinder", "barrier_category": "Ikke hinder", "barrier_color": "#1a9641", "barrier_label": "Ikke et vandringshinder", "problem_beskrivelse": NaN, "diameter_cm": NaN, "lengde_m": 12.0, "kommentar": "Stor fin steinkulvert, ikke hinder nedstrøms. ", "kommentar_utfyllende": "0", "lon_opp": 8.123182071583681, "lat_opp": 58.22543838032781}}, {"type": "Feature", "geometry": {"type": "Point", "coordinates": [7.7433557606601155, 58.07147655120509]}, "properties": {"id": "348", "stedsnavn": "Søgne ", "kommune": "Kristiansand", "vassdrag": "Hundsøyfjorden bekkefelt", "regine": "022.221", "vurdering_raw": "Ikke hinder", "barrier_category": "Ikke hinder", "barrier_color": "#1a9641", "barrier_label": "Ikke et vandringshinder", "problem_beskrivelse": NaN, "diameter_cm": NaN, "lengde_m": 12.0, "kommentar": "Grei kulvert, ikke hinder ", "kommentar_utfyllende": "0", "lon_opp": 7.74299537350762, "lat_opp": 58.07151633815374}}, {"type": "Feature", "geometry": {"type": "Point", "coordinates": [7.922737938538751, 58.087192374103566]}, "properties": {"id": "349", "stedsnavn": "Holskogveien (bekk renner fra Tjuviktjønna ned til Sandvigdalsfjorden", "kommune": "Kristiansand", "vassdrag": "Ytre Sandvikdalsfjord bekkefelt", "regine": "022.11Z", "vurdering_raw": "Absolutt", "barrier_category": "Absolutt", "barrier_color": "#d7191c", "barrier_label": "Totalt vandringshinder (absolutt)", "problem_beskrivelse": NaN, "diameter_cm": NaN, "lengde_m": 15.0, "kommentar": "Det renner ikke vann igjennom kulvert, dette vil kunne være vandringshinder. Usikker på vandring, men mulig ved høyere vannføring", "kommentar_utfyllende": "relevant for ål, må sjekkes", "lon_opp": 7.922276089625283, "lat_opp": 58.08734650931775}}, {"type": "Feature", "geometry": {"type": "Point", "coordinates": [7.434888095949213, 58.04697305339617]}, "properties": {"id": "350", "stedsnavn": "Rugland", "kommune": "Lindesnes", "vassdrag": "Mandalselva - Mandal til utløp bekkefelt", "regine": "022.A21", "vurdering_raw": "Ikke hinder", "barrier_category": "Ikke hinder", "barrier_color": "#1a9641", "barrier_label": "Ikke et vandringshinder", "problem_beskrivelse": NaN, "diameter_cm": NaN, "lengde_m": 10.0, "kommentar": "0", "kommentar_utfyllende": "0", "lon_opp": 7.434999724626526, "lat_opp": 58.04712164647409}}, {"type": "Feature", "geometry": {"type": "Point", "coordinates": [7.3554772013052006, 58.18912975212479]}, "properties": {"id": "351", "stedsnavn": "Ekland", "kommune": "Lindesnes", "vassdrag": "Audna - Tryland til Spilling bekkefelt", "regine": "023.A22", "vurdering_raw": "Partiell", "barrier_category": "Partiell", "barrier_color": "#fdae61", "barrier_label": "Delvis vandringshinder (partiell)", "problem_beskrivelse": NaN, "diameter_cm": NaN, "lengde_m": 13.0, "kommentar": "Fisk observert", "kommentar_utfyllende": "bru", "lon_opp": 7.337891606493021, "lat_opp": 58.214765259395826}}, {"type": "Feature", "geometry": {"type": "Point", "coordinates": [9.064508601894662, 58.833977820066615]}, "properties": {"id": "352", "stedsnavn": "Gjerstad ", "kommune": "Gjerstad", "vassdrag": "Sunda, bekkefelt", "regine": "018.2C", "vurdering_raw": "Ikke hinder", "barrier_category": "Ikke hinder", "barrier_color": "#1a9641", "barrier_label": "Ikke et vandringshinder", "problem_beskrivelse": NaN, "diameter_cm": NaN, "lengde_m": 8.0, "kommentar": "Kulvert ser fin ut. Sannsynligvis fisk nedstrøms. Ikke mye vannflyt ut fra kulp", "kommentar_utfyllende": "0", "lon_opp": 9.064368988169962, "lat_opp": 58.8339431876021}}, {"type": "Feature", "geometry": {"type": "Point", "coordinates": [7.666621006040305, 58.25810100045253]}, "properties": {"id": "353", "stedsnavn": "Mandal ", "kommune": "Kristiansand", "vassdrag": "Gumpedalselva", "regine": "022.1BZ", "vurdering_raw": "Ikke hinder", "barrier_category": "Ikke hinder", "barrier_color": "#1a9641", "barrier_label": "Ikke et vandringshinder", "problem_beskrivelse": NaN, "diameter_cm": NaN, "lengde_m": 12.0, "kommentar": "Ok kulverter. Bekk noe gjengrodd. Stillestående vann. Men bør kunne passeres av fisk ", "kommentar_utfyllende": "0", "lon_opp": 7.666244754645903, "lat_opp": 58.25813956290388}}, {"type": "Feature", "geometry": {"type": "Point", "coordinates": [7.489522834942836, 58.26013928554659]}, "properties": {"id": "354", "stedsnavn": "Mandal Øygårdsveien (sidebekk Logåna)", "kommune": "Lindesnes", "vassdrag": "Mandalselva - Laudal til Øyslebø bekkefelt", "regine": "022.B1Z", "vurdering_raw": "Absolutt", "barrier_category": "Absolutt", "barrier_color": "#d7191c", "barrier_label": "Totalt vandringshinder (absolutt)", "problem_beskrivelse": NaN, "diameter_cm": NaN, "lengde_m": 60.0, "kommentar": "Ser stor Aure nedstrøms, men er terskel før kulvert. Og innløp mot kulvert er grodd igjen. Blir hinder for ål og fisk. Men sannsynligvis ikke 100% barriere ", "kommentar_utfyllende": "0", "lon_opp": 7.489596744378734, "lat_opp": 58.26077449913122}}, {"type": "Feature", "geometry": {"type": "Point", "coordinates": [7.612485787998667, 58.200975583345794]}, "properties": {"id": "355", "stedsnavn": "Brelandsveien (bekk renner fra Stemmetjørna til Høyevatnet)", "kommune": "Lindesnes", "vassdrag": "Høyevatnet bekkefelt", "regine": "022.ABZ", "vurdering_raw": "Absolutt", "barrier_category": "Absolutt", "barrier_color": "#d7191c", "barrier_label": "Totalt vandringshinder (absolutt)", "problem_beskrivelse": NaN, "diameter_cm": NaN, "lengde_m": 15.0, "kommentar": "Veldig høyt opp mot kulvert, plus at denne lekker foran slik at vann ikke passerer gjennom kulvert. Hinder for ål og fisk ", "kommentar_utfyllende": "0", "lon_opp": 7.612629886543927, "lat_opp": 58.20079461596542}}, {"type": "Feature", "geometry": {"type": "Point", "coordinates": [9.123923733349097, 58.64832456416781]}, "properties": {"id": "356", "stedsnavn": "Tvedestrand ", "kommune": NaN, "vassdrag": NaN, "regine": "018.52", "vurdering_raw": "Partiell", "barrier_category": "Partiell", "barrier_color": "#fdae61", "barrier_label": "Delvis vandringshinder (partiell)", "problem_beskrivelse": NaN, "diameter_cm": NaN, "lengde_m": 15.0, "kommentar": "Kulvert ikke bra, men heller ikke hinder. Liten og dårlig vannkvalitet nedstrøms. Lite habitat oppstrøms. Sannsynligvis ok. ", "kommentar_utfyllende": "0", "lon_opp": 9.123555151932328, "lat_opp": 58.64823992989502}}, {"type": "Feature", "geometry": {"type": "Point", "coordinates": [8.87204547914573, 58.59614507085392]}, "properties": {"id": "357", "stedsnavn": "Tvedestrand ", "kommune": "Tvedestrand", "vassdrag": NaN, "regine": "018.C2Z", "vurdering_raw": "Ikke hinder", "barrier_category": "Ikke hinder", "barrier_color": "#1a9641", "barrier_label": "Ikke et vandringshinder", "problem_beskrivelse": NaN, "diameter_cm": NaN, "lengde_m": 12.0, "kommentar": "Kulvert ok. Begynner å bli mindre vann i bekk, sammenlignet med nedstrøms. Ikke like landbrukspreget som punkt lengre nedstrøms. ", "kommentar_utfyllende": "0", "lon_opp": 8.871903912558691, "lat_opp": 58.59608554607381}}, {"type": "Feature", "geometry": {"type": "Point", "coordinates": [8.871924978892306, 58.596610645203974]}, "properties": {"id": "358", "stedsnavn": "Tvedestrand ", "kommune": "Tvedestrand", "vassdrag": NaN, "regine": "018.C2Z", "vurdering_raw": "Ikke hinder", "barrier_category": "Ikke hinder", "barrier_color": "#1a9641", "barrier_label": "Ikke et vandringshinder", "problem_beskrivelse": NaN, "diameter_cm": NaN, "lengde_m": 20.0, "kommentar": "Ser en liten fisk. Slammete bekk sammenlignet med lengre nedstrøms. Noe vannføring. Ser ikke ut som hinder. ", "kommentar_utfyllende": "0", "lon_opp": 8.87203733382621, "lat_opp": 58.5962884659189}}, {"type": "Feature", "geometry": {"type": "Point", "coordinates": [8.87748570342269, 58.619644212278686]}, "properties": {"id": "359", "stedsnavn": "Tvedestrand ", "kommune": "Tvedestrand", "vassdrag": "Strengselva", "regine": "018.C2Z", "vurdering_raw": "Partiell", "barrier_category": "Partiell", "barrier_color": "#fdae61", "barrier_label": "Delvis vandringshinder (partiell)", "problem_beskrivelse": NaN, "diameter_cm": NaN, "lengde_m": 25.0, "kommentar": "Kulvert sannsynligvis ok. Men er veldig mye vegetasjon fra ny bekk, til eksisterende bekk. ", "kommentar_utfyllende": "0", "lon_opp": 8.878369918694094, "lat_opp": 58.619677563189974}}, {"type": "Feature", "geometry": {"type": "Point", "coordinates": [8.699881704013265, 58.42696577725355]}, "properties": {"id": "360", "stedsnavn": "Rykeneveien (Rannekleivbekken ned til Nidelva)", "kommune": "Arendal", "vassdrag": "Nidelva, Bekkefelt Helle", "regine": "019.A12Z", "vurdering_raw": "Absolutt", "barrier_category": "Absolutt", "barrier_color": "#d7191c", "barrier_label": "Totalt vandringshinder (absolutt)", "problem_beskrivelse": NaN, "diameter_cm": NaN, "lengde_m": 180.0, "kommentar": "Mye søppel. Det er lav vannstand, men kulvert er veldig høy. Denne vil sannsynligvis by på problemer for både ål og anadrom fisk. Bekk ut fra kulvert burde vært lagt slik at vandring er greiere. ", "kommentar_utfyllende": "0", "lon_opp": 8.69775769073558, "lat_opp": 58.42846065399869}}, {"type": "Feature", "geometry": {"type": "Point", "coordinates": [8.874757531280254, 58.59256295706427]}, "properties": {"id": "361", "stedsnavn": "Tvedestrand ", "kommune": "Tvedestrand", "vassdrag": NaN, "regine": "018.C2Z", "vurdering_raw": "Partiell", "barrier_category": "Partiell", "barrier_color": "#fdae61", "barrier_label": "Delvis vandringshinder (partiell)", "problem_beskrivelse": NaN, "diameter_cm": NaN, "lengde_m": 90.0, "kommentar": "Denne er veldig lang og kan ikke ses igjenom. Er en del kvist i bekk nedstrøms og veldig lite vann. Usikker på hinder", "kommentar_utfyllende": "0", "lon_opp": 8.875257781714527, "lat_opp": 58.591710801554306}}, {"type": "Feature", "geometry": {"type": "Point", "coordinates": [7.485696184243163, 58.064576982365985]}, "properties": {"id": "362", "stedsnavn": "Mandal 10 ", "kommune": NaN, "vassdrag": "Mandalselva - Øyslebø til Mandal bekkefelt", "regine": "022.A3Z", "vurdering_raw": "Ikke hinder", "barrier_category": "Ikke hinder", "barrier_color": "#1a9641", "barrier_label": "Ikke et vandringshinder", "problem_beskrivelse": NaN, "diameter_cm": NaN, "lengde_m": 5.0, "kommentar": "Bra kulvert, litt stigning opp mot åpning, men greit med normal vannstand, ser fisk nedstrøms. Fint bunnforhold ", "kommentar_utfyllende": "0", "lon_opp": 7.485576347456817, "lat_opp": 58.06420326078198}}, {"type": "Feature", "geometry": {"type": "Point", "coordinates": [8.249891481548078, 58.19909016572596]}, "properties": {"id": "363", "stedsnavn": "Høvåg ", "kommune": NaN, "vassdrag": "Holtevannsbekken", "regine": "020.3Z", "vurdering_raw": "Ikke hinder", "barrier_category": "Ikke hinder", "barrier_color": "#1a9641", "barrier_label": "Ikke et vandringshinder", "problem_beskrivelse": NaN, "diameter_cm": NaN, "lengde_m": 10.0, "kommentar": "Fine kulverter ikke fylkesvei ", "kommentar_utfyllende": "0", "lon_opp": 8.249805640805155, "lat_opp": 58.198765371147346}}, {"type": "Feature", "geometry": {"type": "Point", "coordinates": [7.751587434379991, 58.13970705046126]}, "properties": {"id": "364", "stedsnavn": "Kristiansand ", "kommune": NaN, "vassdrag": "Trondstadvatnet bekkefelt", "regine": "022.2B0", "vurdering_raw": "Ikke hinder", "barrier_category": "Ikke hinder", "barrier_color": "#1a9641", "barrier_label": "Ikke et vandringshinder", "problem_beskrivelse": NaN, "diameter_cm": NaN, "lengde_m": 8.0, "kommentar": "Noe lav vannføring nå, men regner med denne er fin med meir vann. ", "kommentar_utfyllende": "0", "lon_opp": 7.7514454139923945, "lat_opp": 58.13966391716394}}, {"type": "Feature", "geometry": {"type": "Point", "coordinates": [7.7687418587051456, 58.0991911249148]}, "properties": {"id": "365", "stedsnavn": "Søgne ", "kommune": NaN, "vassdrag": "Lundeelva bekkefelt", "regine": "022.2A", "vurdering_raw": "Ikke hinder", "barrier_category": "Ikke hinder", "barrier_color": "#1a9641", "barrier_label": "Ikke et vandringshinder", "problem_beskrivelse": NaN, "diameter_cm": NaN, "lengde_m": 8.0, "kommentar": "Ikke hinder, men ligger noe tegl inni kulvert, som blokerer noe, ellers ok.", "kommentar_utfyllende": "0", "lon_opp": 7.768736404548064, "lat_opp": 58.09930310606499}}, {"type": "Feature", "geometry": {"type": "Point", "coordinates": [7.769688149445476, 58.09835156553523]}, "properties": {"id": "366", "stedsnavn": "Søgne ", "kommune": NaN, "vassdrag": "Lundeelva bekkefelt", "regine": "022.2A", "vurdering_raw": "Ikke angitt", "barrier_category": "Ikke angitt", "barrier_color": "#999999", "barrier_label": "Ikke vurdert / mangler data", "problem_beskrivelse": NaN, "diameter_cm": NaN, "lengde_m": 6.0, "kommentar": "Grei kulvert nedstrøms, ok oppstrøms ", "kommentar_utfyllende": "0", "lon_opp": 7.769586315945369, "lat_opp": 58.098404856716016}}, {"type": "Feature", "geometry": {"type": "Point", "coordinates": [8.819746109283544, 58.61615302100803]}, "properties": {"id": "367", "stedsnavn": "Tvedestrand ", "kommune": NaN, "vassdrag": "Elv fra Øynesvann bekkefelt", "regine": "018.C23", "vurdering_raw": "Ikke hinder", "barrier_category": "Ikke hinder", "barrier_color": "#1a9641", "barrier_label": "Ikke et vandringshinder", "problem_beskrivelse": NaN, "diameter_cm": NaN, "lengde_m": 8.0, "kommentar": "Litt stillestående vann, sannsynligvis ikke hinder. Mye vegetasjon ", "kommentar_utfyllende": "0", "lon_opp": 8.819616206645414, "lat_opp": 58.61614661494618}}, {"type": "Feature", "geometry": {"type": "Point", "coordinates": [8.757737716530869, 58.61322669297157]}, "properties": {"id": "368", "stedsnavn": "Froland ", "kommune": NaN, "vassdrag": "Nidelva (Eivindstad - Bøylefoss), bekkefelt", "regine": "019.B6", "vurdering_raw": "Ikke hinder", "barrier_category": "Ikke hinder", "barrier_color": "#1a9641", "barrier_label": "Ikke et vandringshinder", "problem_beskrivelse": NaN, "diameter_cm": NaN, "lengde_m": 15.0, "kommentar": "Ser grei ut nedstrøms, litt stillestående vann. Er et par store aurer. ", "kommentar_utfyllende": "0", "lon_opp": 8.757866823452, "lat_opp": 58.61325290077992}}, {"type": "Feature", "geometry": {"type": "Point", "coordinates": [7.336263163549256, 58.115776194897904]}, "properties": {"id": "369", "stedsnavn": "Nedre Foss", "kommune": NaN, "vassdrag": "Øydnavatnet Ytre bekkefelt", "regine": "023.C3Z", "vurdering_raw": "Ikke hinder", "barrier_category": "Ikke hinder", "barrier_color": "#1a9641", "barrier_label": "Ikke et vandringshinder", "problem_beskrivelse": NaN, "diameter_cm": NaN, "lengde_m": 5.0, "kommentar": "0 mellom kulvert og vannflate, men 50cm med grunt vann over sten. Ikke kulp men ganske stille vann", "kommentar_utfyllende": "0", "lon_opp": 7.51653599152255, "lat_opp": 58.12722464135235}}, {"type": "Feature", "geometry": {"type": "Point", "coordinates": [7.511135404602684, 58.03026625782066]}, "properties": {"id": "370", "stedsnavn": "Mandal ", "kommune": "Lindesnes", "vassdrag": "Jåbekken bekkfelt", "regine": "022.32A", "vurdering_raw": "Partiell", "barrier_category": "Partiell", "barrier_color": "#fdae61", "barrier_label": "Delvis vandringshinder (partiell)", "problem_beskrivelse": NaN, "diameter_cm": NaN, "lengde_m": 65.0, "kommentar": "Usikker på om denne er hinder. Stikkrennen er lang og ser ut til å være bratt noen steder innvendig. Noe mudrete vann nedstrøms. ", "kommentar_utfyllende": "0", "lon_opp": 7.512045727233644, "lat_opp": 58.02997229500846}}, {"type": "Feature", "geometry": {"type": "Point", "coordinates": [7.846441747208069, 58.09120213848618]}, "properties": {"id": "371", "stedsnavn": "Søgne vgs ", "kommune": "Kristiansand", "vassdrag": "Søgneelva - Brennåsen til utløp bekkefelt", "regine": "022.1A2", "vurdering_raw": "Ikke hinder", "barrier_category": "Ikke hinder", "barrier_color": "#1a9641", "barrier_label": "Ikke et vandringshinder", "problem_beskrivelse": NaN, "diameter_cm": NaN, "lengde_m": 10.0, "kommentar": "Ikke vandringshinder, mulig kulvert er noe lav i forhold til vannstand. Sannsynligvis helt ok. ", "kommentar_utfyllende": "0", "lon_opp": 7.8465620198480845, "lat_opp": 58.09133379108655}}, {"type": "Feature", "geometry": {"type": "Point", "coordinates": [7.770160330343655, 58.09548899212476]}, "properties": {"id": "372", "stedsnavn": "Søgne ", "kommune": "Kristiansand", "vassdrag": "Lundeelva bekkefelt", "regine": "022.2A", "vurdering_raw": "Ikke hinder", "barrier_category": "Ikke hinder", "barrier_color": "#1a9641", "barrier_label": "Ikke et vandringshinder", "problem_beskrivelse": NaN, "diameter_cm": NaN, "lengde_m": 12.0, "kommentar": "Noe tett oppstrøms Veldig lav vannstand, men grei kulvert ", "kommentar_utfyllende": "0", "lon_opp": 7.770146538832654, "lat_opp": 58.09566689875852}}, {"type": "Feature", "geometry": {"type": "Point", "coordinates": [8.570369989235916, 58.33132856582257]}, "properties": {"id": "373", "stedsnavn": "Terje Løvås vei (Støyterbekken)", "kommune": "Grimstad", "vassdrag": "Groosfjorden, bekkefelt", "regine": "019.216Z", "vurdering_raw": "Absolutt", "barrier_category": "Absolutt", "barrier_color": "#d7191c", "barrier_label": "Totalt vandringshinder (absolutt)", "problem_beskrivelse": NaN, "diameter_cm": NaN, "lengde_m": 120.0, "kommentar": "Vet ikke hvor denne kommer fra, ser fisk nedstrøms. Kan ikke se igjennom kulvert. Mudrete sediment, mye slam og sand. ", "kommentar_utfyllende": "0", "lon_opp": 8.568403778657336, "lat_opp": 58.331688897788524}}, {"type": "Feature", "geometry": {"type": "Point", "coordinates": [8.628629146299138, 58.43945411601284]}, "properties": {"id": "374", "stedsnavn": "Arendal ", "kommune": "Arendal", "vassdrag": "Nidelva Furre - Rygene kraftverk bekkefelt", "regine": "019.B1", "vurdering_raw": "Ikke hinder", "barrier_category": "Ikke hinder", "barrier_color": "#1a9641", "barrier_label": "Ikke et vandringshinder", "problem_beskrivelse": NaN, "diameter_cm": NaN, "lengde_m": 10.0, "kommentar": "Noe gjengrodd foran åpning oppstrøms. Stillestående vann og relativt gjødselpreget. ", "kommentar_utfyllende": "0", "lon_opp": 8.629103470106806, "lat_opp": 58.43973528104014}}, {"type": "Feature", "geometry": {"type": "Point", "coordinates": [8.828814247905806, 58.5135570369774]}, "properties": {"id": "375", "stedsnavn": "Arendal ", "kommune": "Arendal", "vassdrag": "Mørfjærbekken inkl. bekkefelt", "regine": "018.72", "vurdering_raw": "Partiell", "barrier_category": "Partiell", "barrier_color": "#fdae61", "barrier_label": "Delvis vandringshinder (partiell)", "problem_beskrivelse": NaN, "diameter_cm": NaN, "lengde_m": 8.0, "kommentar": "Noe merkelig vannføring nedstrøms ut av kulvert, slik som vannmengden er nå. Kulvert bør ryddes for kvist. Tenker denne er hinder i lav grad, men ikke barriere. ", "kommentar_utfyllende": "0", "lon_opp": 8.82868030199318, "lat_opp": 58.513651243300345}}, {"type": "Feature", "geometry": {"type": "Point", "coordinates": [8.154686258677074, 58.258403995193014]}, "properties": {"id": "376", "stedsnavn": "Fosseveien (Hengefoss ned til Tovdalsåna)", "kommune": "Kristiansand", "vassdrag": "Elv fra Stemtjønn", "regine": "020.A40", "vurdering_raw": "Absolutt", "barrier_category": "Absolutt", "barrier_color": "#d7191c", "barrier_label": "Totalt vandringshinder (absolutt)", "problem_beskrivelse": NaN, "diameter_cm": NaN, "lengde_m": 25.0, "kommentar": "Vandringshinder, men ikke barriere sannsynligvis. Noe høyde opp mot kulvert. Kunne gjerne hatt finere ingang. Mye stor Aure nedstrøms. Og fint bekkeløp. ", "kommentar_utfyllende": "0", "lon_opp": 8.153999650530695, "lat_opp": 58.25860649940143}}, {"type": "Feature", "geometry": {"type": "Point", "coordinates": [8.334032014239524, 58.238349893046376]}, "properties": {"id": "377", "stedsnavn": "Lillesand ", "kommune": "Lillesand", "vassdrag": "Glamslandvatnet med bekkefelt", "regine": "020.221Z", "vurdering_raw": "Ikke hinder", "barrier_category": "Ikke hinder", "barrier_color": "#1a9641", "barrier_label": "Ikke et vandringshinder", "problem_beskrivelse": NaN, "diameter_cm": NaN, "lengde_m": 20.0, "kommentar": "Stor grei kulvert, ikke vandringshinder. Lite vegetasjon langs bekk, men bekk ok ", "kommentar_utfyllende": "0", "lon_opp": 8.333596571356956, "lat_opp": 58.23818973737265}}, {"type": "Feature", "geometry": {"type": "Point", "coordinates": [7.530611861042293, 58.095767770493715]}, "properties": {"id": "378", "stedsnavn": "Mandal 16", "kommune": "Lindesnes", "vassdrag": "Mandalselva - Øyslebø til Mandal", "regine": "022.A6", "vurdering_raw": "Ikke hinder", "barrier_category": "Ikke hinder", "barrier_color": "#1a9641", "barrier_label": "Ikke et vandringshinder", "problem_beskrivelse": NaN, "diameter_cm": NaN, "lengde_m": 15.0, "kommentar": "Noe tør, men fin kulvert med naturlig substrat, ikke hinder. ", "kommentar_utfyllende": "0", "lon_opp": 7.531063121561669, "lat_opp": 58.09574773904998}}, {"type": "Feature", "geometry": {"type": "Point", "coordinates": [7.594042334665379, 58.17450715480465]}, "properties": {"id": "379", "stedsnavn": "Mandal ", "kommune": "Lindesnes", "vassdrag": "Høyeåna - Høyevatnet til Øyslebø bekkefelt", "regine": "022.AA12", "vurdering_raw": "Neppe fiskeførende", "barrier_category": "Neppe fiskeførende", "barrier_color": "#2c7fb8", "barrier_label": "Neppe fiskeførende bekk", "problem_beskrivelse": NaN, "diameter_cm": NaN, "lengde_m": 8.0, "kommentar": "Fin kulvert, ikke hinder. Mye fisk nedstrøms (Aure/sjøaure)", "kommentar_utfyllende": "0", "lon_opp": 7.594136405243496, "lat_opp": 58.174435806119405}}, {"type": "Feature", "geometry": {"type": "Point", "coordinates": [7.5521647196091735, 58.30907485011165]}, "properties": {"id": "380", "stedsnavn": "Mandal ", "kommune": "Kristiansand", "vassdrag": "Mannflåvatnet bekkefelt", "regine": "022.C2", "vurdering_raw": "Partiell", "barrier_category": "Partiell", "barrier_color": "#fdae61", "barrier_label": "Delvis vandringshinder (partiell)", "problem_beskrivelse": NaN, "diameter_cm": NaN, "lengde_m": 8.0, "kommentar": "Mesteparten av vannet går gjennom en mindre kulvert, som ser ut som vandringshinder siden den er tett.", "kommentar_utfyllende": "0", "lon_opp": 7.552105209222632, "lat_opp": 58.309016272718864}}, {"type": "Feature", "geometry": {"type": "Point", "coordinates": [7.923924867766549, 58.09201961417111]}, "properties": {"id": "381", "stedsnavn": "Mot søgne ", "kommune": "Kristiansand", "vassdrag": "Indre Sandvikdalsfjord bekkefelt", "regine": "022.110", "vurdering_raw": "Ikke hinder", "barrier_category": "Ikke hinder", "barrier_color": "#1a9641", "barrier_label": "Ikke et vandringshinder", "problem_beskrivelse": NaN, "diameter_cm": NaN, "lengde_m": 15.0, "kommentar": "Noe tørt nedstrøms. Ikke høyt mot kulvert i forhold til hopp. Bør fungere bra for vandring. Lite vannføring for øyeblikket. Bra ", "kommentar_utfyllende": "0", "lon_opp": 7.923441318488147, "lat_opp": 58.0921973475604}}, {"type": "Feature", "geometry": {"type": "Point", "coordinates": [7.499705393424672, 58.24714790138261]}, "properties": {"id": "382", "stedsnavn": "Konsmoheiveien (sidebekk Logåna)", "kommune": "Lindesnes", "vassdrag": "Mandalselva - Laudal til Øyslebø bekkefelt", "regine": "022.B1Z", "vurdering_raw": "Absolutt", "barrier_category": "Absolutt", "barrier_color": "#d7191c", "barrier_label": "Totalt vandringshinder (absolutt)", "problem_beskrivelse": NaN, "diameter_cm": NaN, "lengde_m": 20.0, "kommentar": "Høyt opp mot kulvert, men bør kunne vandres av anadrom fisk. Mye Aure nedstrøms, som er fanget i kulp ved vannstand som er nå. Vanskelig for ål opp mot kulvert ", "kommentar_utfyllende": "0", "lon_opp": 7.499415895435854, "lat_opp": 58.24695043132757}}, {"type": "Feature", "geometry": {"type": "Point", "coordinates": [9.180630404236782, 58.71102235801755]}, "properties": {"id": "383", "stedsnavn": "Risør ", "kommune": "Risør", "vassdrag": "Sørfjorden-østre, bekkefelt", "regine": "018.23", "vurdering_raw": "Ikke hinder", "barrier_category": "Ikke hinder", "barrier_color": "#1a9641", "barrier_label": "Ikke et vandringshinder", "problem_beskrivelse": NaN, "diameter_cm": NaN, "lengde_m": 20.0, "kommentar": "Usikker på om det er fisk her. Kulvert sikkert grei ved høyere vannstand ", "kommentar_utfyllende": "0", "lon_opp": 9.180013902921745, "lat_opp": 58.7107525312345}}, {"type": "Feature", "geometry": {"type": "Point", "coordinates": [7.502533798111708, 58.17184016172329]}, "properties": {"id": "384", "stedsnavn": "Mandal ", "kommune": "Lindesnes", "vassdrag": "Mandalselva - Laudal til Øyslebø bekkefelt", "regine": "022.B1Z", "vurdering_raw": "Ikke hinder", "barrier_category": "Ikke hinder", "barrier_color": "#1a9641", "barrier_label": "Ikke et vandringshinder", "problem_beskrivelse": NaN, "diameter_cm": NaN, "lengde_m": 6.0, "kommentar": "Ser mye fisk nedstrøms. Men noe brakk bekk. Usikker i forhold til ål. Fisk sannsynligvis ok.", "kommentar_utfyllende": "0", "lon_opp": 7.50239623672292, "lat_opp": 58.17191454494711}}, {"type": "Feature", "geometry": {"type": "Point", "coordinates": [9.143438745302182, 58.68996746113755]}, "properties": {"id": "385", "stedsnavn": "Åkvågveien (Hopetjenn til Sadnesfjorden)", "kommune": "Risør", "vassdrag": "Sandnesfjorden, bekkefelt", "regine": "018.4", "vurdering_raw": "Absolutt", "barrier_category": "Absolutt", "barrier_color": "#d7191c", "barrier_label": "Totalt vandringshinder (absolutt)", "problem_beskrivelse": NaN, "diameter_cm": NaN, "lengde_m": 160.0, "kommentar": "Mulig hinderbarriere på grunn av lengde. Noe underdimensjonert rør sannsynligvis. Mudrete vann nedstrøms", "kommentar_utfyllende": "0", "lon_opp": 9.143061865889445, "lat_opp": 58.68911331126279}}, {"type": "Feature", "geometry": {"type": "Point", "coordinates": [8.583171266349872, 58.34496845463159]}, "properties": {"id": "386", "stedsnavn": "Tønnevoldsgate / Frivoldveien (Vossbekken som renner ut i Groosefjorrden)", "kommune": "Grimstad", "vassdrag": "Groosfjorden, bekkefelt", "regine": "019.216Z", "vurdering_raw": "Absolutt", "barrier_category": "Absolutt", "barrier_color": "#d7191c", "barrier_label": "Totalt vandringshinder (absolutt)", "problem_beskrivelse": NaN, "diameter_cm": NaN, "lengde_m": 80.0, "kommentar": "Bør utbedres. Uegnet grunnet lengde og habitat nedstrøms. To rør under vei, sand som sediment, dette streket er sannsynligvis uegnet for fisk. ", "kommentar_utfyllende": "0", "lon_opp": 8.583858862436417, "lat_opp": 58.346079550813826}}, {"type": "Feature", "geometry": {"type": "Point", "coordinates": [8.709345550713191, 58.47379631488178]}, "properties": {"id": "387", "stedsnavn": "Arendal ", "kommune": "Arendal", "vassdrag": "Biebekken - Solbergvassdraget ", "regine": "019.124Z", "vurdering_raw": "Ikke hinder", "barrier_category": "Ikke hinder", "barrier_color": "#1a9641", "barrier_label": "Ikke et vandringshinder", "problem_beskrivelse": NaN, "diameter_cm": NaN, "lengde_m": 20.0, "kommentar": "Grei kulvert, ikke vandringshinder. ", "kommentar_utfyllende": "0", "lon_opp": 8.709844373592793, "lat_opp": 58.47386001752232}}, {"type": "Feature", "geometry": {"type": "Point", "coordinates": [7.667792137102544, 58.0322168543872]}, "properties": {"id": "388", "stedsnavn": "Mandal ", "kommune": "Lindesnes", "vassdrag": "Hundsøyfjorden bekkefelt", "regine": "022.221", "vurdering_raw": "Ikke hinder", "barrier_category": "Ikke hinder", "barrier_color": "#1a9641", "barrier_label": "Ikke et vandringshinder", "problem_beskrivelse": NaN, "diameter_cm": NaN, "lengde_m": 10.0, "kommentar": "Fin gammel kulvert. Ikke hinder. Fin bekk, ser ut som om denne er ryddet kvist utav tidligere. Bra. ", "kommentar_utfyllende": "0", "lon_opp": 7.667649371738721, "lat_opp": 58.03232392073256}}, {"type": "Feature", "geometry": {"type": "Point", "coordinates": [7.362956571337033, 58.37433734315121]}, "properties": {"id": "389", "stedsnavn": "Naglestadveien", "kommune": "Lyngdal", "vassdrag": "Øydnavatnet Ytre bekkefelt", "regine": "023.C3Z", "vurdering_raw": "Ikke hinder", "barrier_category": "Ikke hinder", "barrier_color": "#1a9641", "barrier_label": "Ikke et vandringshinder", "problem_beskrivelse": NaN, "diameter_cm": NaN, "lengde_m": 6.0, "kommentar": "0", "kommentar_utfyllende": "0", "lon_opp": 7.382499113832648, "lat_opp": 58.35100289047146}}, {"type": "Feature", "geometry": {"type": "Point", "coordinates": [8.385976725412757, 58.34626737735075]}, "properties": {"id": "390", "stedsnavn": "Nygrenda 3596 (mulig bekk ender i Reddalsvannet)", "kommune": "Grimstad", "vassdrag": "Reddalsåna, bekkefelt", "regine": "019.2D", "vurdering_raw": "Absolutt", "barrier_category": "Absolutt", "barrier_color": "#d7191c", "barrier_label": "Totalt vandringshinder (absolutt)", "problem_beskrivelse": NaN, "diameter_cm": NaN, "lengde_m": 10.0, "kommentar": "Hinder slik som vannstand er nå, mulig denne kan passeres ved mer nedbør. ", "kommentar_utfyllende": "0", "lon_opp": 8.385803546657884, "lat_opp": 58.34695064503245}}, {"type": "Feature", "geometry": {"type": "Point", "coordinates": [8.1889814241079, 58.29411092128701]}, "properties": {"id": "392", "stedsnavn": "Birkenes ", "kommune": "Birkenes", "vassdrag": NaN, "regine": "020.A6", "vurdering_raw": "Partiell", "barrier_category": "Partiell", "barrier_color": "#fdae61", "barrier_label": "Delvis vandringshinder (partiell)", "problem_beskrivelse": NaN, "diameter_cm": NaN, "lengde_m": 17.0, "kommentar": "Ikke vandringshinder for anadrom fisk. Skal gå fint å hoppe opp mot kulvert. Fin kulp nedstrøms. Ser en del Aure nedstrøms ", "kommentar_utfyllende": "0", "lon_opp": 8.189008699873222, "lat_opp": 58.29449507645057}}, {"type": "Feature", "geometry": {"type": "Point", "coordinates": [9.117475352142126, 58.68670076703532]}, "properties": {"id": "393", "stedsnavn": "Lyngør ", "kommune": "Risør", "vassdrag": "Sandnesfjorden, bekkefelt", "regine": "018.4", "vurdering_raw": "Ikke hinder", "barrier_category": "Ikke hinder", "barrier_color": "#1a9641", "barrier_label": "Ikke et vandringshinder", "problem_beskrivelse": NaN, "diameter_cm": NaN, "lengde_m": 15.0, "kommentar": "Kulvert noe redusert invendig. Ikke hinder. Noe slam fra veiarbeid nedstrøms i bekk. Og noe ras fra arbeid. Men ok. ", "kommentar_utfyllende": "0", "lon_opp": 9.117007906667103, "lat_opp": 58.68654452632448}}, {"type": "Feature", "geometry": {"type": "Point", "coordinates": [8.611830562595907, 58.52084515185264]}, "properties": {"id": "394", "stedsnavn": "Froland ", "kommune": "Froland", "vassdrag": "Songeelva, bekkefelt", "regine": "019.B4Z", "vurdering_raw": "Ikke hinder", "barrier_category": "Ikke hinder", "barrier_color": "#1a9641", "barrier_label": "Ikke et vandringshinder", "problem_beskrivelse": NaN, "diameter_cm": NaN, "lengde_m": 8.0, "kommentar": "Noe grus foran kulvert. Og er veldig tør. Men ikke hinder. ", "kommentar_utfyllende": "0", "lon_opp": 8.611743417073903, "lat_opp": 58.520790820312776}}, {"type": "Feature", "geometry": {"type": "Point", "coordinates": [8.874438136258181, 58.593327747250086]}, "properties": {"id": "395", "stedsnavn": "Tvedestrand ", "kommune": "Tvedestrand", "vassdrag": NaN, "regine": "018.C2Z", "vurdering_raw": "Ikke hinder", "barrier_category": "Ikke hinder", "barrier_color": "#1a9641", "barrier_label": "Ikke et vandringshinder", "problem_beskrivelse": NaN, "diameter_cm": NaN, "lengde_m": 18.0, "kommentar": "Betongstikkrenne, ikke hinder. Men er velsig lite vann nedstrøms, og de fiskene som er her, er fanget på grunn av lav vannstand. ", "kommentar_utfyllende": "0", "lon_opp": 8.87449089959644, "lat_opp": 58.59314981781123}}, {"type": "Feature", "geometry": {"type": "Point", "coordinates": [8.670283328269704, 58.4817943106299]}, "properties": {"id": "396", "stedsnavn": "Froland ", "kommune": "Froland", "vassdrag": "Assævannet, bekkefelt", "regine": "019.A1Z", "vurdering_raw": "Ikke hinder", "barrier_category": "Ikke hinder", "barrier_color": "#1a9641", "barrier_label": "Ikke et vandringshinder", "problem_beskrivelse": NaN, "diameter_cm": NaN, "lengde_m": 25.0, "kommentar": " Denne ser fin ut, ser fisk nedstrøms. ", "kommentar_utfyllende": "0", "lon_opp": 8.669818964702952, "lat_opp": 58.48210201537482}}, {"type": "Feature", "geometry": {"type": "Point", "coordinates": [7.595873275156915, 58.16487465662383]}, "properties": {"id": "397", "stedsnavn": "Mandal ", "kommune": "Lindesnes", "vassdrag": "Eidsåna", "regine": "022.AA1A", "vurdering_raw": "Partiell", "barrier_category": "Partiell", "barrier_color": "#fdae61", "barrier_label": "Delvis vandringshinder (partiell)", "problem_beskrivelse": NaN, "diameter_cm": NaN, "lengde_m": 10.0, "kommentar": "Grei kulvert, bør ikke være hinder ", "kommentar_utfyllende": "0", "lon_opp": 7.595782124664556, "lat_opp": 58.16473849502167}}, {"type": "Feature", "geometry": {"type": "Point", "coordinates": [7.742618010655964, 58.142291289501514]}, "properties": {"id": "398", "stedsnavn": "Mandal ", "kommune": "Kristiansand", "vassdrag": "Trondstadvatnet bekkefelt", "regine": "022.2B0", "vurdering_raw": "Ikke hinder", "barrier_category": "Ikke hinder", "barrier_color": "#1a9641", "barrier_label": "Ikke et vandringshinder", "problem_beskrivelse": NaN, "diameter_cm": NaN, "lengde_m": 15.0, "kommentar": "Ser fisk nedstrøms, noe stillestående vann. Fint substrat, ikke hinder ", "kommentar_utfyllende": "0", "lon_opp": 7.742898094293758, "lat_opp": 58.142887921804146}}, {"type": "Feature", "geometry": {"type": "Point", "coordinates": [7.3377515877892545, 58.214875693714276]}, "properties": {"id": "399", "stedsnavn": "Nonåsen", "kommune": "Lindesnes", "vassdrag": "Audna - Helle til Tryland bekkefelt", "regine": "023.B110", "vurdering_raw": "Absolutt", "barrier_category": "Absolutt", "barrier_color": "#d7191c", "barrier_label": "Totalt vandringshinder (absolutt)", "problem_beskrivelse": NaN, "diameter_cm": NaN, "lengde_m": 7.0, "kommentar": "0", "kommentar_utfyllende": "0", "lon_opp": 7.351082198995373, "lat_opp": 58.25980417359182}}, {"type": "Feature", "geometry": {"type": "Point", "coordinates": [8.88024572333639, 58.81681377598572]}, "properties": {"id": "400", "stedsnavn": "Vegårshei ", "kommune": "Vegårshei", "vassdrag": "Vegår bekkefelt", "regine": "018.F", "vurdering_raw": "Ikke hinder", "barrier_category": "Ikke hinder", "barrier_color": "#1a9641", "barrier_label": "Ikke et vandringshinder", "problem_beskrivelse": NaN, "diameter_cm": NaN, "lengde_m": 14.0, "kommentar": "Tør rett ved kulvert, ellers landbrukspreget bekk nedstrøms. Ikke hinder ", "kommentar_utfyllende": "0", "lon_opp": 8.8803608133405, "lat_opp": 58.81692806598409}}, {"type": "Feature", "geometry": {"type": "Point", "coordinates": [8.675246803219116, 58.72274673668874]}, "properties": {"id": "401", "stedsnavn": "Vegårshei ", "kommune": "Vegårshei", "vassdrag": "Ufsvatn, bekkefelt", "regine": "019.C3", "vurdering_raw": "Ikke hinder", "barrier_category": "Ikke hinder", "barrier_color": "#1a9641", "barrier_label": "Ikke et vandringshinder", "problem_beskrivelse": NaN, "diameter_cm": NaN, "lengde_m": 9.0, "kommentar": "Ikke hinder, grei bekk. Så en liten fisk ", "kommentar_utfyllende": "0", "lon_opp": 8.675572941315139, "lat_opp": 58.72271582779781}}, {"type": "Feature", "geometry": {"type": "Point", "coordinates": [7.532194180234023, 58.01221526030391]}, "properties": {"id": "402", "stedsnavn": "Mandal ", "kommune": "Lindesnes", "vassdrag": "Mannefjorden bekkefelt", "regine": "022.322", "vurdering_raw": "Ikke hinder", "barrier_category": "Ikke hinder", "barrier_color": "#1a9641", "barrier_label": "Ikke et vandringshinder", "problem_beskrivelse": NaN, "diameter_cm": NaN, "lengde_m": 8.0, "kommentar": "God vannføring, grei bekk. Ser ikke ut som hinder. ", "kommentar_utfyllende": "0", "lon_opp": 7.532116529246956, "lat_opp": 58.01228166771683}}, {"type": "Feature", "geometry": {"type": "Point", "coordinates": [7.682259372876952, 58.1074227791924]}, "properties": {"id": "403", "stedsnavn": "Søgne ", "kommune": NaN, "vassdrag": "Trysfjorden bekkefelt", "regine": "022.22Z", "vurdering_raw": "Ikke hinder", "barrier_category": "Ikke hinder", "barrier_color": "#1a9641", "barrier_label": "Ikke et vandringshinder", "problem_beskrivelse": NaN, "diameter_cm": NaN, "lengde_m": 8.0, "kommentar": "Grei kulvert, ikke hinder ", "kommentar_utfyllende": "0", "lon_opp": 7.682636578322677, "lat_opp": 58.107472509158555}}, {"type": "Feature", "geometry": {"type": "Point", "coordinates": [8.7489141632245, 58.607999356340855]}, "properties": {"id": "404", "stedsnavn": "Tvedestrand ", "kommune": NaN, "vassdrag": "Nidelva (Eivindstad - Bøylefoss), bekkefelt", "regine": "019.B6", "vurdering_raw": "Partiell", "barrier_category": "Partiell", "barrier_color": "#fdae61", "barrier_label": "Delvis vandringshinder (partiell)", "problem_beskrivelse": NaN, "diameter_cm": NaN, "lengde_m": 30.0, "kommentar": "Mulig hinder på grunn av lengde og vannføring, er en del fisk nedstrøms", "kommentar_utfyllende": "0", "lon_opp": 8.748886338046152, "lat_opp": 58.6082628114344}}, {"type": "Feature", "geometry": {"type": "Point", "coordinates": [7.553926555334216, 58.068054027740295]}, "properties": {"id": "405", "stedsnavn": "Mandal ", "kommune": NaN, "vassdrag": "Skagestadvatnet bekkefelt", "regine": "022.3C", "vurdering_raw": "Ikke hinder", "barrier_category": "Ikke hinder", "barrier_color": "#1a9641", "barrier_label": "Ikke et vandringshinder", "problem_beskrivelse": NaN, "diameter_cm": NaN, "lengde_m": 10.0, "kommentar": "Ser ikke ut som hinder, helt ok bekk. ", "kommentar_utfyllende": "0", "lon_opp": 7.553760031888703, "lat_opp": 58.06809218430606}}, {"type": "Feature", "geometry": {"type": "Point", "coordinates": [9.074247198018814, 58.81990517216883]}, "properties": {"id": "406", "stedsnavn": "Gjerstadveien (E18, Bekk renner ut mot Nybøtjerna)", "kommune": NaN, "vassdrag": "Sunda, bekkefelt", "regine": "018.2C", "vurdering_raw": "Absolutt", "barrier_category": "Absolutt", "barrier_color": "#d7191c", "barrier_label": "Totalt vandringshinder (absolutt)", "problem_beskrivelse": NaN, "diameter_cm": NaN, "lengde_m": 100.0, "kommentar": "Hinder fordi man blokkerer til utløp mot bekk. Selv om småfisk sannsynligvis passerer. Dårlig vannkvalitet, ser fisk nedstrøms. Dette er også en svært lang kulvert, som også renner under E18", "kommentar_utfyllende": "0", "lon_opp": 9.07600587679568, "lat_opp": 58.8217745111298}}, {"type": "Feature", "geometry": {"type": "Point", "coordinates": [8.838389898322776, 58.549121351556195]}, "properties": {"id": "407", "stedsnavn": "Arendal ", "kommune": "Arendal", "vassdrag": "Molandsvann bekkefelt", "regine": "018.7B", "vurdering_raw": "Ikke hinder", "barrier_category": "Ikke hinder", "barrier_color": "#1a9641", "barrier_label": "Ikke et vandringshinder", "problem_beskrivelse": NaN, "diameter_cm": NaN, "lengde_m": 12.0, "kommentar": "Tenker selve kulverten ikke er hinder. Men bekk gjengrodd både oppstrøms og nedstrøms. Men er fortsatt noe vann i bekk. ", "kommentar_utfyllende": "0", "lon_opp": 8.838530693470418, "lat_opp": 58.54916062414557}}, {"type": "Feature", "geometry": {"type": "Point", "coordinates": [9.075829363708863, 58.822714887983274]}, "properties": {"id": "408", "stedsnavn": "Gjerstad ", "kommune": "Gjerstad", "vassdrag": "Sunda, bekkefelt", "regine": "018.2C", "vurdering_raw": "Partiell", "barrier_category": "Partiell", "barrier_color": "#fdae61", "barrier_label": "Delvis vandringshinder (partiell)", "problem_beskrivelse": NaN, "diameter_cm": NaN, "lengde_m": 100.0, "kommentar": "Usikker på hinder, selve kulvert ser fin ut. Ser fisk nedstrøms. Men vannet bærer preg av å ligge så nærme riksvei. Slammete og noe oljeflekker i vann. Usikker på hinder på grunn av lengden og usikker på hvordan denne er innvendig ", "kommentar_utfyllende": "0", "lon_opp": 9.075019447691096, "lat_opp": 58.82348858034628}}, {"type": "Feature", "geometry": {"type": "Point", "coordinates": [7.523489821496871, 58.117801096267776]}, "properties": {"id": "409", "stedsnavn": "Mandal ", "kommune": "Lindesnes", "vassdrag": "Mandalselva - Øyslebø til Mandal bekkefelt", "regine": "022.A3Z", "vurdering_raw": "Partiell", "barrier_category": "Partiell", "barrier_color": "#fdae61", "barrier_label": "Delvis vandringshinder (partiell)", "problem_beskrivelse": NaN, "diameter_cm": NaN, "lengde_m": 12.0, "kommentar": "Veldig lav vannføring. Kulvert kun sannsynlig hinder for ål. Mulig noe tau hadde vært fint ", "kommentar_utfyllende": "0", "lon_opp": 7.523327245000303, "lat_opp": 58.11772139170736}}, {"type": "Feature", "geometry": {"type": "Point", "coordinates": [8.180151863407522, 58.19727460613342]}, "properties": {"id": "410", "stedsnavn": "Høvåg ", "kommune": "Lillesand", "vassdrag": "Elv Drangsholtvatnet - Isefjærfjorden bekkefelt", "regine": "020.4A", "vurdering_raw": "Ikke hinder", "barrier_category": "Ikke hinder", "barrier_color": "#1a9641", "barrier_label": "Ikke et vandringshinder", "problem_beskrivelse": NaN, "diameter_cm": NaN, "lengde_m": 16.0, "kommentar": "Grei kulvert. Ok bekk. Ser ut som mye avrenning fra pukkverk i vannet. Så en fisk nedstrøms. ", "kommentar_utfyllende": "0", "lon_opp": 8.179753456944638, "lat_opp": 58.19759260345642}}, {"type": "Feature", "geometry": {"type": "Point", "coordinates": [7.492321353955631, 59.25011050750119]}, "properties": {"id": "411", "stedsnavn": "Bykle ", "kommune": "Valle", "vassdrag": "Otra - Bykil til Flåren bekkfelt", "regine": "021.F53Z", "vurdering_raw": "Ikke hinder", "barrier_category": "Ikke hinder", "barrier_color": "#1a9641", "barrier_label": "Ikke et vandringshinder", "problem_beskrivelse": NaN, "diameter_cm": NaN, "lengde_m": 10.0, "kommentar": "Usikker på høyde og vanndybde. Men er hinder i bekk, da bekkeløp er fylt med kvist. Er også veldig bratt oppstrøms. ", "kommentar_utfyllende": "0", "lon_opp": 7.492712912172079, "lat_opp": 59.25010102279213}}, {"type": "Feature", "geometry": {"type": "Point", "coordinates": [8.879081843593935, 58.619823029010135]}, "properties": {"id": "412", "stedsnavn": "Tvedestrand ", "kommune": "Tvedestrand", "vassdrag": "Strengselva", "regine": "018.C2Z", "vurdering_raw": "Ikke hinder", "barrier_category": "Ikke hinder", "barrier_color": "#1a9641", "barrier_label": "Ikke et vandringshinder", "problem_beskrivelse": NaN, "diameter_cm": NaN, "lengde_m": 30.0, "kommentar": "Sannsynligvis fin, men er veldig tørt nedstrøms. ", "kommentar_utfyllende": "0", "lon_opp": 8.879359337124272, "lat_opp": 58.61955317132481}}, {"type": "Feature", "geometry": {"type": "Point", "coordinates": [8.261239650595781, 58.34764673363842]}, "properties": {"id": "413", "stedsnavn": "Birkenes ", "kommune": "Birkenes", "vassdrag": "Tovdalselva Herefossfjorden - Flakksvatn bekkefelt", "regine": "020.B2Z", "vurdering_raw": "Ikke hinder", "barrier_category": "Ikke hinder", "barrier_color": "#1a9641", "barrier_label": "Ikke et vandringshinder", "problem_beskrivelse": NaN, "diameter_cm": NaN, "lengde_m": 15.0, "kommentar": "Helt tør mot kulvert, noe vann etter et par meter. Selve kulverten er fin. Bekkeløp noe gjengrodd. ", "kommentar_utfyllende": "0", "lon_opp": 8.261253818884796, "lat_opp": 58.347651387184605}}, {"type": "Feature", "geometry": {"type": "Point", "coordinates": [8.342778538976937, 58.3639776264141]}, "properties": {"id": "414", "stedsnavn": "Birkenes ", "kommune": "Grimstad", "vassdrag": "Stigselva, bekkefelt", "regine": "020.1C", "vurdering_raw": "Partiell", "barrier_category": "Partiell", "barrier_color": "#fdae61", "barrier_label": "Delvis vandringshinder (partiell)", "problem_beskrivelse": NaN, "diameter_cm": NaN, "lengde_m": 12.0, "kommentar": "Usikker på vandring, litt høyt mot kulvert, og ikke veldig stor Plass å hoppe fra. Men bør gå fint ved mer nedbør. Grei bekk nedstrøms.", "kommentar_utfyllende": "0", "lon_opp": 8.343104869368558, "lat_opp": 58.36398365698363}}, {"type": "Feature", "geometry": {"type": "Point", "coordinates": [8.256123973458125, 58.2096592458779]}, "properties": {"id": "415", "stedsnavn": "Vallesverdveien (bekk går opp mot Masseskjerr og Steindalsbekken og ut i Vallesverdfjorden))", "kommune": "Lillesand", "vassdrag": "Steindalsbekken", "regine": "020.311Z", "vurdering_raw": "Absolutt", "barrier_category": "Absolutt", "barrier_color": "#d7191c", "barrier_label": "Totalt vandringshinder (absolutt)", "problem_beskrivelse": NaN, "diameter_cm": NaN, "lengde_m": 20.0, "kommentar": "Bør renskes oppstrøms. Mulig vandringshinder hvis der e mye dropp. Mulig ok. Lang og stor og ser ut til å beholde naturlig bunn ihvertfall en stund ", "kommentar_utfyllende": "0", "lon_opp": 8.256035105541294, "lat_opp": 58.21007507519814}}, {"type": "Feature", "geometry": {"type": "Point", "coordinates": [8.865695184570544, 58.64146734086809]}, "properties": {"id": "416", "stedsnavn": "Tvedestrand ", "kommune": "Tvedestrand", "vassdrag": NaN, "regine": "018.C12", "vurdering_raw": "Ikke hinder", "barrier_category": "Ikke hinder", "barrier_color": "#1a9641", "barrier_label": "Ikke et vandringshinder", "problem_beskrivelse": NaN, "diameter_cm": NaN, "lengde_m": 10.0, "kommentar": "Bekk helt tør, sannsynligvis ikke hinder. ", "kommentar_utfyllende": "0", "lon_opp": 8.865445830991366, "lat_opp": 58.641451956141275}}, {"type": "Feature", "geometry": {"type": "Point", "coordinates": [7.747668913897062, 58.13946879386482]}, "properties": {"id": "417", "stedsnavn": "Kristiansand ", "kommune": "Kristiansand", "vassdrag": "Trondstadvatnet bekkefelt", "regine": "022.2B0", "vurdering_raw": "Ikke angitt", "barrier_category": "Ikke angitt", "barrier_color": "#999999", "barrier_label": "Ikke vurdert / mangler data", "problem_beskrivelse": NaN, "diameter_cm": NaN, "lengde_m": 15.0, "kommentar": "Noe høyde mot kulvert, men bør gå bra for fisk, men kan være hinder for ål. Mye fisk nedstrøms. ", "kommentar_utfyllende": "0", "lon_opp": 7.746787669055172, "lat_opp": 58.139331737508414}}, {"type": "Feature", "geometry": {"type": "Point", "coordinates": [8.075842750597486, 58.14110939405105]}, "properties": {"id": "418", "stedsnavn": "Dvergsnesveien (bekk fra sukkevann og Korsviktjønna, ned mot fjord) ", "kommune": "Kristiansand", "vassdrag": "Sukkevatnet utløp til Østergapet-indre", "regine": "020.424Z", "vurdering_raw": "Absolutt", "barrier_category": "Absolutt", "barrier_color": "#d7191c", "barrier_label": "Totalt vandringshinder (absolutt)", "problem_beskrivelse": NaN, "diameter_cm": NaN, "lengde_m": 100.0, "kommentar": "Denne gjenfinnes ikke nedstrøms, men er sannsynligvis problematisk. Både på grunn av lengde, usikkerhet i forhold til utløp og innvendig løp. ", "kommentar_utfyllende": "0", "lon_opp": 8.078630150941832, "lat_opp": 58.141020647902444}}, {"type": "Feature", "geometry": {"type": "Point", "coordinates": [7.3599634882717995, 59.56799014995074]}, "properties": {"id": "419", "stedsnavn": "Skisentervegen (sidebekk Otra)", "kommune": "Bykle", "vassdrag": "Otra - Lislevatn til Hartevatn bekkefelt", "regine": "021.K3", "vurdering_raw": "Partiell", "barrier_category": "Partiell", "barrier_color": "#fdae61", "barrier_label": "Delvis vandringshinder (partiell)", "problem_beskrivelse": NaN, "diameter_cm": NaN, "lengde_m": 50.0, "kommentar": "Rist oppstrøms, sannsynligvis ikke problematisk. Fin bekk, kulvert ikke hinder. God vannføring. ", "kommentar_utfyllende": "0", "lon_opp": 7.360881912427339, "lat_opp": 59.567950967586384}}, {"type": "Feature", "geometry": {"type": "Point", "coordinates": [8.353985336375283, 58.35561976405019]}, "properties": {"id": "420", "stedsnavn": "Grimstad ", "kommune": "Grimstad", "vassdrag": "Stigselva, bekkefelt", "regine": "020.1C", "vurdering_raw": "Ikke hinder", "barrier_category": "Ikke hinder", "barrier_color": "#1a9641", "barrier_label": "Ikke et vandringshinder", "problem_beskrivelse": NaN, "diameter_cm": NaN, "lengde_m": 10.0, "kommentar": "Grei kulvert, veldig stillestående vann. Ikke hinder ", "kommentar_utfyllende": "0", "lon_opp": 8.35437573726865, "lat_opp": 58.35592366562876}}, {"type": "Feature", "geometry": {"type": "Point", "coordinates": [8.850461255892583, 58.64593363106808]}, "properties": {"id": "421", "stedsnavn": "Tvedestrand ", "kommune": "Tvedestrand", "vassdrag": "Storelva Ubergsvann - oppstrøms Hammerdammen", "regine": "018.C23", "vurdering_raw": "Ikke hinder", "barrier_category": "Ikke hinder", "barrier_color": "#1a9641", "barrier_label": "Ikke et vandringshinder", "problem_beskrivelse": NaN, "diameter_cm": NaN, "lengde_m": 18.0, "kommentar": "Kulvert ikke vandringshinder. Men bekk er helt tør. Noe kvist som blokkerer elv nedstrøms. ", "kommentar_utfyllende": "0", "lon_opp": 8.851014589262197, "lat_opp": 58.646002466669195}}, {"type": "Feature", "geometry": {"type": "Point", "coordinates": [7.632037530605466, 58.16558790758742]}, "properties": {"id": "422", "stedsnavn": "Birkeland", "kommune": "Lindesnes", "vassdrag": "Eidsåna", "regine": "022.AA1B", "vurdering_raw": "Partiell", "barrier_category": "Partiell", "barrier_color": "#fdae61", "barrier_label": "Delvis vandringshinder (partiell)", "problem_beskrivelse": NaN, "diameter_cm": NaN, "lengde_m": 75.0, "kommentar": "0", "kommentar_utfyllende": "0", "lon_opp": 7.406373847898166, "lat_opp": 58.419006786897455}}, {"type": "Feature", "geometry": {"type": "Point", "coordinates": [7.998354800601997, 58.247551657517484]}, "properties": {"id": "423", "stedsnavn": "Ålefjør", "kommune": "Kristiansand", "vassdrag": "Ålefjærfjorden bekkefelt", "regine": "021.121Z", "vurdering_raw": "Ikke hinder", "barrier_category": "Ikke hinder", "barrier_color": "#1a9641", "barrier_label": "Ikke et vandringshinder", "problem_beskrivelse": NaN, "diameter_cm": NaN, "lengde_m": 12.0, "kommentar": "Noe lav vannstand, men ikke problematisk. Bra kantvegetasjon, ikke vandringshinder, bra bunnforhold i rør. ", "kommentar_utfyllende": "Fungerer godt", "lon_opp": 7.998395772918696, "lat_opp": 58.24762842715272}}, {"type": "Feature", "geometry": {"type": "Point", "coordinates": [8.406469115640013, 58.40633753629836]}, "properties": {"id": "424", "stedsnavn": "Grimstad ", "kommune": "Grimstad", "vassdrag": "Kilandsvatnet", "regine": "019.AD", "vurdering_raw": "Ikke hinder", "barrier_category": "Ikke hinder", "barrier_color": "#1a9641", "barrier_label": "Ikke et vandringshinder", "problem_beskrivelse": NaN, "diameter_cm": NaN, "lengde_m": 10.0, "kommentar": "Grei kulvert, ikke hinder ", "kommentar_utfyllende": "0", "lon_opp": 8.405856889258661, "lat_opp": 58.405804204417805}}, {"type": "Feature", "geometry": {"type": "Point", "coordinates": [7.7695278093651785, 58.09849965358403]}, "properties": {"id": "425", "stedsnavn": "Søgne ", "kommune": "Kristiansand", "vassdrag": "Lundeelva bekkefelt", "regine": "022.2A", "vurdering_raw": "Partiell", "barrier_category": "Partiell", "barrier_color": "#fdae61", "barrier_label": "Delvis vandringshinder (partiell)", "problem_beskrivelse": NaN, "diameter_cm": NaN, "lengde_m": 15.0, "kommentar": "Grei kulvert, fisk nedstrøms. Ikke hinder. Lav vannføring nå, mulig noe lekk i kulvert ", "kommentar_utfyllende": "0", "lon_opp": 7.769542671133114, "lat_opp": 58.09846863563412}}, {"type": "Feature", "geometry": {"type": "Point", "coordinates": [7.6843846855586415, 58.10693789685541]}, "properties": {"id": "426", "stedsnavn": "Søgne ", "kommune": "Kristiansand", "vassdrag": "Trysfjorden bekkefelt", "regine": "022.22Z", "vurdering_raw": "Ikke hinder", "barrier_category": "Ikke hinder", "barrier_color": "#1a9641", "barrier_label": "Ikke et vandringshinder", "problem_beskrivelse": NaN, "diameter_cm": NaN, "lengde_m": 15.0, "kommentar": "Grei kulvert, ikke hinder ", "kommentar_utfyllende": "0", "lon_opp": 7.6843454437508605, "lat_opp": 58.10685237838785}}, {"type": "Feature", "geometry": {"type": "Point", "coordinates": [7.5887658807898415, 58.30299454340418]}, "properties": {"id": "427", "stedsnavn": "Mandal ", "kommune": "Kristiansand", "vassdrag": "Mandalselva - Laudal til Øyslebø bekkefelt", "regine": "022.B1Z", "vurdering_raw": "Ikke hinder", "barrier_category": "Ikke hinder", "barrier_color": "#1a9641", "barrier_label": "Ikke et vandringshinder", "problem_beskrivelse": NaN, "diameter_cm": NaN, "lengde_m": 12.0, "kommentar": "Grei kulvert, ikke hinder. Blir fin bekk nedstrøms. Igjengrodd bekk oppstrøms ", "kommentar_utfyllende": "0", "lon_opp": 7.589380869466124, "lat_opp": 58.30317502892793}}, {"type": "Feature", "geometry": {"type": "Point", "coordinates": [8.547929271498619, 58.32620579952028]}, "properties": {"id": "428", "stedsnavn": "Grimstad ", "kommune": "Grimstad", "vassdrag": "Morvigbekken, bekkefelt", "regine": "019.218Z", "vurdering_raw": "Ikke hinder", "barrier_category": "Ikke hinder", "barrier_color": "#1a9641", "barrier_label": "Ikke et vandringshinder", "problem_beskrivelse": NaN, "diameter_cm": NaN, "lengde_m": 60.0, "kommentar": "Kulvert ser ikke ut som hinder. Er kvist som hinder lengre nede i bekk. Se bilde 2. Noe stillestående vann. ", "kommentar_utfyllende": "0", "lon_opp": 8.547423378424492, "lat_opp": 58.3264624514018}}, {"type": "Feature", "geometry": {"type": "Point", "coordinates": [8.453410249481552, 58.39731203456199]}, "properties": {"id": "429", "stedsnavn": "Grimstad ", "kommune": "Grimstad", "vassdrag": "Storåna (Rjukanfossen - Vrålstadvatnet)", "regine": "019.AZ", "vurdering_raw": "Ikke hinder", "barrier_category": "Ikke hinder", "barrier_color": "#1a9641", "barrier_label": "Ikke et vandringshinder", "problem_beskrivelse": NaN, "diameter_cm": NaN, "lengde_m": 15.0, "kommentar": "Grei kulvert, ikke hinder ", "kommentar_utfyllende": "0", "lon_opp": 8.453541453218435, "lat_opp": 58.397528630425796}}, {"type": "Feature", "geometry": {"type": "Point", "coordinates": [8.697638548460485, 58.4099611145295]}, "properties": {"id": "430", "stedsnavn": "Arendal ", "kommune": "Arendal", "vassdrag": "Nidelva-ytre bekkefelt", "regine": "019.2120", "vurdering_raw": "Partiell", "barrier_category": "Partiell", "barrier_color": "#fdae61", "barrier_label": "Delvis vandringshinder (partiell)", "problem_beskrivelse": NaN, "diameter_cm": NaN, "lengde_m": 35.0, "kommentar": "Kulvert ikke direkte hinder, men er noe kvist og en stein som burde ryddes. Denne bør også sjekkes da det renner mye vann som sannsynligvis har veldig dårlig kvalitet inn i bekk. Ser ikke bra ut. ", "kommentar_utfyllende": "0", "lon_opp": 8.69730233769853, "lat_opp": 58.41008761615248}}, {"type": "Feature", "geometry": {"type": "Point", "coordinates": [8.674909609021755, 58.723539303946986]}, "properties": {"id": "431", "stedsnavn": "Vegårshei ", "kommune": "Vegårshei", "vassdrag": "Ufsvatn, bekkefelt", "regine": "019.C3", "vurdering_raw": "Ikke hinder", "barrier_category": "Ikke hinder", "barrier_color": "#1a9641", "barrier_label": "Ikke et vandringshinder", "problem_beskrivelse": NaN, "diameter_cm": NaN, "lengde_m": 10.0, "kommentar": "Ikke hinder, fin bekk nedstrøms. Ser noe fisk. ", "kommentar_utfyllende": "bru", "lon_opp": 8.67511732378986, "lat_opp": 58.72358725686545}}, {"type": "Feature", "geometry": {"type": "Point", "coordinates": [8.747764117374917, 58.74291923102515]}, "properties": {"id": "432", "stedsnavn": "Skeimoveien (Dalbekken)", "kommune": "Vegårshei", "vassdrag": "Vegår bekkefelt", "regine": "018.F", "vurdering_raw": "Absolutt", "barrier_category": "Absolutt", "barrier_color": "#d7191c", "barrier_label": "Totalt vandringshinder (absolutt)", "problem_beskrivelse": NaN, "diameter_cm": NaN, "lengde_m": 16.0, "kommentar": "Tørre nedstrøms. Hinder siden disse er blokkert oppstrøms. ", "kommentar_utfyllende": "bru", "lon_opp": 8.747047172924312, "lat_opp": 58.7429633603963}}, {"type": "Feature", "geometry": {"type": "Point", "coordinates": [8.863893443260418, 58.75437006720007]}, "properties": {"id": "433", "stedsnavn": "Vegårshei ", "kommune": "Vegårshei", "vassdrag": "Storelva - Hauglandselva bekkefelt", "regine": "018.E", "vurdering_raw": "Ikke hinder", "barrier_category": "Ikke hinder", "barrier_color": "#1a9641", "barrier_label": "Ikke et vandringshinder", "problem_beskrivelse": NaN, "diameter_cm": NaN, "lengde_m": 18.0, "kommentar": "Kulverter ikke hinder, veldig menneskepåvirket bekk. ", "kommentar_utfyllende": "0", "lon_opp": 8.863556350051663, "lat_opp": 58.75437231548875}}, {"type": "Feature", "geometry": {"type": "Point", "coordinates": [7.622259821226204, 58.094736072269455]}, "properties": {"id": "434", "stedsnavn": "Mandal ", "kommune": "Lindesnes", "vassdrag": "Skagestadvatnet bekkefelt", "regine": "022.3C", "vurdering_raw": "Partiell", "barrier_category": "Partiell", "barrier_color": "#fdae61", "barrier_label": "Delvis vandringshinder (partiell)", "problem_beskrivelse": NaN, "diameter_cm": NaN, "lengde_m": 12.0, "kommentar": "Tørt bekkeløp. Plasttersker innvendig. Kulp holder ikke på vann og vann lekker. Ikke vann i bekk. ", "kommentar_utfyllende": "0", "lon_opp": 7.6224872017345975, "lat_opp": 58.094785332081884}}, {"type": "Feature", "geometry": {"type": "Point", "coordinates": [7.7669036851928395, 58.07748503495701]}, "properties": {"id": "435", "stedsnavn": "Søgne ", "kommune": "Kristiansand", "vassdrag": "Torvefjorden bekkefelt", "regine": "022.221", "vurdering_raw": "Ikke hinder", "barrier_category": "Ikke hinder", "barrier_color": "#1a9641", "barrier_label": "Ikke et vandringshinder", "problem_beskrivelse": NaN, "diameter_cm": NaN, "lengde_m": 15.0, "kommentar": "Veldig stillestående vann, kulvert ok. Fisk oppstrøms ", "kommentar_utfyllende": "0", "lon_opp": 7.766835565574627, "lat_opp": 58.07750636567727}}, {"type": "Feature", "geometry": {"type": "Point", "coordinates": [7.482498882749487, 58.03705471844423]}, "properties": {"id": "436", "stedsnavn": "Mandal Daleveien 1", "kommune": "Lindesnes", "vassdrag": "Mandalselva - Mandal til utløp bekkefelt", "regine": "022.A21", "vurdering_raw": "Ikke hinder", "barrier_category": "Ikke hinder", "barrier_color": "#1a9641", "barrier_label": "Ikke et vandringshinder", "problem_beskrivelse": NaN, "diameter_cm": NaN, "lengde_m": 10.0, "kommentar": "Ikke vandringshinder for ål eller annen fisk. Grei størrelse, bra vannføring selv om det er tørt. Grei dimensjon på rør. ", "kommentar_utfyllende": "0", "lon_opp": 7.482326537627199, "lat_opp": 58.037113903684464}}, {"type": "Feature", "geometry": {"type": "Point", "coordinates": [6.95027830627081, 58.30415156647628]}, "properties": {"id": "437", "stedsnavn": "Kvinesdal", "kommune": "Kvinesdal", "vassdrag": "Noneskardknuten, bekkefelt", "regine": "025.A0", "vurdering_raw": "Ikke hinder", "barrier_category": "Ikke hinder", "barrier_color": "#1a9641", "barrier_label": "Ikke et vandringshinder", "problem_beskrivelse": NaN, "diameter_cm": NaN, "lengde_m": 20.0, "kommentar": "Grei kulvert, ikke hinder. Noe gjengrodd nedstrøms.", "kommentar_utfyllende": "0", "lon_opp": 6.949250804407925, "lat_opp": 58.30428653880627}}, {"type": "Feature", "geometry": {"type": "Point", "coordinates": [8.164811564930387, 58.26742399493589]}, "properties": {"id": "438", "stedsnavn": "Kristiansand ", "kommune": "Kristiansand", "vassdrag": NaN, "regine": "020.A6", "vurdering_raw": "Partiell", "barrier_category": "Partiell", "barrier_color": "#fdae61", "barrier_label": "Delvis vandringshinder (partiell)", "problem_beskrivelse": NaN, "diameter_cm": NaN, "lengde_m": 12.0, "kommentar": "Plastkulvert, stor og bred. Mye vann nedstrøms. Skal gå greit å hoppe, men mulig man kunne tilrettelagt noe.", "kommentar_utfyllende": "020-433-R", "lon_opp": 8.164389316348263, "lat_opp": 58.26749658642472}}, {"type": "Feature", "geometry": {"type": "Point", "coordinates": [8.925219316171981, 58.607813751547894]}, "properties": {"id": "439", "stedsnavn": "Tvedestrand ", "kommune": "Tvedestrand", "vassdrag": "Tvedestrandfjorden, bekkefelt", "regine": "018.630", "vurdering_raw": "Partiell", "barrier_category": "Partiell", "barrier_color": "#fdae61", "barrier_label": "Delvis vandringshinder (partiell)", "problem_beskrivelse": NaN, "diameter_cm": NaN, "lengde_m": 60.0, "kommentar": "Noe usikker i forhold til vandring med tanke på lengde av kulvert. Men menneskeskapt bekkeløp nedstrøms er fint. Veldig tørt nå. Ikke noe vann ", "kommentar_utfyllende": "0", "lon_opp": 8.925345381456497, "lat_opp": 58.60690994788393}}, {"type": "Feature", "geometry": {"type": "Point", "coordinates": [7.511121879803269, 58.011397045908936]}, "properties": {"id": "440", "stedsnavn": "Mandal ", "kommune": "Lindesnes", "vassdrag": "Mannefjorden bekkefelt", "regine": "022.322", "vurdering_raw": "Ikke hinder", "barrier_category": "Ikke hinder", "barrier_color": "#1a9641", "barrier_label": "Ikke et vandringshinder", "problem_beskrivelse": NaN, "diameter_cm": NaN, "lengde_m": 8.0, "kommentar": "En del vegetasjon langs bekk. Litt lav vannhøyde. Men kulvert er ikke hinder. ", "kommentar_utfyllende": "bru", "lon_opp": 7.511188510323925, "lat_opp": 58.01147625029935}}, {"type": "Feature", "geometry": {"type": "Point", "coordinates": [8.955940122657362, 58.62683806401452]}, "properties": {"id": "441", "stedsnavn": "Tvedestrand ", "kommune": "Tvedestrand", "vassdrag": "Østeråbekken", "regine": "018.62B", "vurdering_raw": "Ikke hinder", "barrier_category": "Ikke hinder", "barrier_color": "#1a9641", "barrier_label": "Ikke et vandringshinder", "problem_beskrivelse": NaN, "diameter_cm": NaN, "lengde_m": 10.0, "kommentar": "Grei kulvert, mye slam i sediment. Ikke hinder ser fisk oppstrøms. Mulig noe ålehinder med stigningen opp mot kulvert. ", "kommentar_utfyllende": "bru", "lon_opp": 8.956249789973487, "lat_opp": 58.62694530605667}}, {"type": "Feature", "geometry": {"type": "Point", "coordinates": [7.8547792714465325, 58.12874802049513]}, "properties": {"id": "442", "stedsnavn": "Søgne ", "kommune": "Kristiansand", "vassdrag": "Rossevannsbekken - Rossevannet til Songdalselva", "regine": "022.1AA", "vurdering_raw": "Partiell", "barrier_category": "Partiell", "barrier_color": "#fdae61", "barrier_label": "Delvis vandringshinder (partiell)", "problem_beskrivelse": NaN, "diameter_cm": NaN, "lengde_m": 40.0, "kommentar": "Ikke barriere, men regner med denne vil fungere som delvis hinder grunnet lengde, avhengig av vannføring. Noe demningsdannelse nedstrøms av greiner. Denne vil sannsynligvis kunne passeres av fisk. ", "kommentar_utfyllende": "delvis hinder", "lon_opp": 7.855788792336945, "lat_opp": 58.12908938740541}}, {"type": "Feature", "geometry": {"type": "Point", "coordinates": [8.487475775090857, 58.39521972995696]}, "properties": {"id": "443", "stedsnavn": "Opplandsveien (bekk mellom Holvannet og Syndle)", "kommune": "Grimstad", "vassdrag": "Holvatnet, utløpselv", "regine": "019.AC", "vurdering_raw": "Absolutt", "barrier_category": "Absolutt", "barrier_color": "#d7191c", "barrier_label": "Totalt vandringshinder (absolutt)", "problem_beskrivelse": NaN, "diameter_cm": NaN, "lengde_m": 10.0, "kommentar": "Hinder oppstrøms, fin nedstrøms hopper greit opp til utløp. Bør utbedres oppstrøms. ", "kommentar_utfyllende": "0", "lon_opp": 8.487451026564877, "lat_opp": 58.39546573733233}}, {"type": "Feature", "geometry": {"type": "Point", "coordinates": [8.729360309685028, 58.46428469690495]}, "properties": {"id": "444", "stedsnavn": "Arendal ", "kommune": "Arendal", "vassdrag": "Biebekken - Solbergvassdraget ", "regine": "019.124Z", "vurdering_raw": "Ikke hinder", "barrier_category": "Ikke hinder", "barrier_color": "#1a9641", "barrier_label": "Ikke et vandringshinder", "problem_beskrivelse": NaN, "diameter_cm": NaN, "lengde_m": 16.0, "kommentar": "Grei bekk nedstrøms. Ikke hinder. Litt lav vannføring. Men grei kulvert. ", "kommentar_utfyllende": "0", "lon_opp": 8.729272342739625, "lat_opp": 58.46444115664358}}, {"type": "Feature", "geometry": {"type": "Point", "coordinates": [7.686873116808069, 58.07223711077624]}, "properties": {"id": "445", "stedsnavn": "Mandal ", "kommune": "Kristiansand", "vassdrag": "Trysfjorden bekkefelt", "regine": "022.22Z", "vurdering_raw": "Ikke hinder", "barrier_category": "Ikke hinder", "barrier_color": "#1a9641", "barrier_label": "Ikke et vandringshinder", "problem_beskrivelse": NaN, "diameter_cm": NaN, "lengde_m": 25.0, "kommentar": "Litt usikker på vanndybde, men er dypt. Kulvert ikke hinder, og det er en Fin inngang opp mot kulvert. ", "kommentar_utfyllende": "0", "lon_opp": 7.686426404380708, "lat_opp": 58.07234769420203}}, {"type": "Feature", "geometry": {"type": "Point", "coordinates": [8.676241946123694, 58.478032920758764]}, "properties": {"id": "446", "stedsnavn": "Froland ", "kommune": "Arendal", "vassdrag": "Assævannet, bekkefelt", "regine": "019.A1Z", "vurdering_raw": "Ikke hinder", "barrier_category": "Ikke hinder", "barrier_color": "#1a9641", "barrier_label": "Ikke et vandringshinder", "problem_beskrivelse": NaN, "diameter_cm": NaN, "lengde_m": 17.0, "kommentar": "Stor kulvert i stål med betong i bunn, fin ikke vandringshinder ", "kommentar_utfyllende": "bru", "lon_opp": 8.675741025922857, "lat_opp": 58.47790288899138}}, {"type": "Feature", "geometry": {"type": "Point", "coordinates": [8.313234300613056, 58.352303697406334]}, "properties": {"id": "447", "stedsnavn": "Håbbeslandsveien (bekk fra Beislandsvannet til Stigselva)", "kommune": "Birkenes", "vassdrag": "Stigselva, bekkefelt", "regine": "020.1C", "vurdering_raw": "Absolutt", "barrier_category": "Absolutt", "barrier_color": "#d7191c", "barrier_label": "Totalt vandringshinder (absolutt)", "problem_beskrivelse": NaN, "diameter_cm": NaN, "lengde_m": 10.0, "kommentar": "Noe tett oppstrøms. Kulvert fin, veldig fin bekk. Kommer en stigning under kulvert på 20-30cm, dette bør kunne bestiges. Ser småfisk under kulvert. Ok, men mulig man skulle tilrettelagt litt under kulvert. ", "kommentar_utfyllende": "bru", "lon_opp": 8.31407905978982, "lat_opp": 58.35218994407448}}, {"type": "Feature", "geometry": {"type": "Point", "coordinates": [8.741885295080156, 58.44628492375854]}, "properties": {"id": "448", "stedsnavn": "Arendal ", "kommune": "Arendal", "vassdrag": "Biebekken - Solbergvassdraget ", "regine": "019.124Z", "vurdering_raw": "Ikke hinder", "barrier_category": "Ikke hinder", "barrier_color": "#1a9641", "barrier_label": "Ikke et vandringshinder", "problem_beskrivelse": NaN, "diameter_cm": NaN, "lengde_m": 25.0, "kommentar": "Veldig lite vann, men ikke hinder ved høyere vannføring. Ok. ", "kommentar_utfyllende": "bru", "lon_opp": 8.741752581261512, "lat_opp": 58.44639420350623}}, {"type": "Feature", "geometry": {"type": "Point", "coordinates": [7.525391138838336, 58.18122620811562]}, "properties": {"id": "449", "stedsnavn": "Mandal ", "kommune": "Lindesnes", "vassdrag": "Mandalselva - Laudal til Øyslebø bekkefelt", "regine": "022.B1Z", "vurdering_raw": "Ikke hinder", "barrier_category": "Ikke hinder", "barrier_color": "#1a9641", "barrier_label": "Ikke et vandringshinder", "problem_beskrivelse": NaN, "diameter_cm": NaN, "lengde_m": 8.0, "kommentar": "Samme som forigge, støpt fin slak ingang til kulvert. Ikke hinder ", "kommentar_utfyllende": "bru", "lon_opp": 7.525374236361603, "lat_opp": 58.181160867248664}}, {"type": "Feature", "geometry": {"type": "Point", "coordinates": [7.824695147766892, 58.104078659127346]}, "properties": {"id": "450", "stedsnavn": "søgne", "kommune": "Kristiansand", "vassdrag": "Søgneelva - Brennåsen til utløp bekkefelt", "regine": "022.1A2", "vurdering_raw": "Partiell", "barrier_category": "Partiell", "barrier_color": "#fdae61", "barrier_label": "Delvis vandringshinder (partiell)", "problem_beskrivelse": NaN, "diameter_cm": NaN, "lengde_m": 50.0, "kommentar": "sannsynligvis noe vandringsbarriere, på grunn av rist oppstrøms. er fin nedstrøms. langt RØR, SER IKKE gjennom. er fisk nedstrøms", "kommentar_utfyllende": "bru", "lon_opp": 7.82338697599444, "lat_opp": 58.10445797726874}}, {"type": "Feature", "geometry": {"type": "Point", "coordinates": [8.44398242652977, 58.398950245973325]}, "properties": {"id": "451", "stedsnavn": "Grimstad ", "kommune": "Grimstad", "vassdrag": "Storåna (Rjukanfossen - Vrålstadvatnet)", "regine": "019.AZ", "vurdering_raw": "Ikke hinder", "barrier_category": "Ikke hinder", "barrier_color": "#1a9641", "barrier_label": "Ikke et vandringshinder", "problem_beskrivelse": NaN, "diameter_cm": NaN, "lengde_m": 12.0, "kommentar": "Ikke hinder, grei kulvert. Greit Aure habitat. ", "kommentar_utfyllende": "0", "lon_opp": 8.443757338239308, "lat_opp": 58.39910036787695}}, {"type": "Feature", "geometry": {"type": "Point", "coordinates": [9.120201404425352, 58.716852274322925]}, "properties": {"id": "452", "stedsnavn": "Risørveien (Gartebekk til Sørfjorden)", "kommune": "Risør", "vassdrag": "Sørfjorden-vestre, bekkefelt", "regine": "018.23", "vurdering_raw": "Absolutt", "barrier_category": "Absolutt", "barrier_color": "#d7191c", "barrier_label": "Totalt vandringshinder (absolutt)", "problem_beskrivelse": NaN, "diameter_cm": NaN, "lengde_m": 12.0, "kommentar": "Små stikkrennene før kulvert vil kunne være problematiske siden de er så små. Er 5 rør på 20cm. Hinder, kanskje barriere.", "kommentar_utfyllende": "0", "lon_opp": 9.12055050715645, "lat_opp": 58.716713191002505}}, {"type": "Feature", "geometry": {"type": "Point", "coordinates": [8.821098291227331, 58.61670674965553]}, "properties": {"id": "453", "stedsnavn": "Tvedestrand ", "kommune": "Tvedestrand", "vassdrag": "Elv fra Øynesvann bekkefelt", "regine": "018.C23", "vurdering_raw": "Ikke hinder", "barrier_category": "Ikke hinder", "barrier_color": "#1a9641", "barrier_label": "Ikke et vandringshinder", "problem_beskrivelse": NaN, "diameter_cm": NaN, "lengde_m": 10.0, "kommentar": "Ser grei ut nedstrøms, men det ut som om kulvert er lagt feil. Ser ut som om denne ligger på siden ", "kommentar_utfyllende": "0", "lon_opp": 8.820944504339613, "lat_opp": 58.61665418426139}}, {"type": "Feature", "geometry": {"type": "Point", "coordinates": [9.084372009504936, 58.83330002576947]}, "properties": {"id": "454", "stedsnavn": "Gjerstadveien (bekk renner ut til Sunda)", "kommune": "Gjerstad", "vassdrag": "Sunda, bekkefelt", "regine": "018.2C", "vurdering_raw": "Absolutt", "barrier_category": "Absolutt", "barrier_color": "#d7191c", "barrier_label": "Totalt vandringshinder (absolutt)", "problem_beskrivelse": NaN, "diameter_cm": NaN, "lengde_m": 12.0, "kommentar": "Hinder i form av kvist oppstrøms. Kulvert ser fin ut. Noe høyde opp mot innløp nedstrøms, men er en jevn overgang og bør kunne forses hvis fisk kommer opp hit. ", "kommentar_utfyllende": "0", "lon_opp": 9.084131544226342, "lat_opp": 58.83322142927016}}, {"type": "Feature", "geometry": {"type": "Point", "coordinates": [9.088332631264642, 58.83459094809623]}, "properties": {"id": "455", "stedsnavn": "Gjerstad ", "kommune": "Gjerstad", "vassdrag": "Sunda, bekkefelt", "regine": "018.2C", "vurdering_raw": "Partiell", "barrier_category": "Partiell", "barrier_color": "#fdae61", "barrier_label": "Delvis vandringshinder (partiell)", "problem_beskrivelse": NaN, "diameter_cm": NaN, "lengde_m": 80.0, "kommentar": "Egentlig grei kulvert, settes som usikker på grunn av åpent gitter oppstrøms. Ser en fisk nedstrøms. God vannføring ", "kommentar_utfyllende": "0", "lon_opp": 9.085926274771646, "lat_opp": 58.83404407306345}}, {"type": "Feature", "geometry": {"type": "Point", "coordinates": [7.666846511152013, 58.208499818422744]}, "properties": {"id": "456", "stedsnavn": "Mandal ", "kommune": "Lindesnes", "vassdrag": "Høyevatnet bekkefelt", "regine": "022.ABZ", "vurdering_raw": "Partiell", "barrier_category": "Partiell", "barrier_color": "#fdae61", "barrier_label": "Delvis vandringshinder (partiell)", "problem_beskrivelse": NaN, "diameter_cm": NaN, "lengde_m": 80.0, "kommentar": "Fin kulvert, noe usikker på vandring på grunn av lengde ", "kommentar_utfyllende": "0", "lon_opp": 7.667851750530181, "lat_opp": 58.20906288895428}}, {"type": "Feature", "geometry": {"type": "Point", "coordinates": [9.002212511569176, 58.69042966488603]}, "properties": {"id": "457", "stedsnavn": "Songeveien ", "kommune": "Tvedestrand", "vassdrag": "Songebekken, inkl. bekkefelt", "regine": "018.32Z", "vurdering_raw": "Ikke hinder", "barrier_category": "Ikke hinder", "barrier_color": "#1a9641", "barrier_label": "Ikke et vandringshinder", "problem_beskrivelse": NaN, "diameter_cm": NaN, "lengde_m": 10.0, "kommentar": "Mye vann rett ved utløp, men bekk tør lengre nede. Ser fisk på begge sider. Vannstand stopper fisk fra å vandre lengre ned nå. Men grei kulvert. Bra habitat, fint substrat.", "kommentar_utfyllende": "0", "lon_opp": 9.00182967113902, "lat_opp": 58.69037358405267}}, {"type": "Feature", "geometry": {"type": "Point", "coordinates": [8.887243202260223, 58.57427480017026]}, "properties": {"id": "458", "stedsnavn": "Langangsveien (Grøvene)", "kommune": "Tvedestrand", "vassdrag": "Langangselva bekkefelt", "regine": "018.7AZ", "vurdering_raw": "Absolutt", "barrier_category": "Absolutt", "barrier_color": "#d7191c", "barrier_label": "Totalt vandringshinder (absolutt)", "problem_beskrivelse": NaN, "diameter_cm": NaN, "lengde_m": 10.0, "kommentar": "Bekk renner ikke gjennom  , men i åpning på siden. Denne åpningen er tett invendig, blir hinder for fisk. ", "kommentar_utfyllende": "0", "lon_opp": 8.88719351266746, "lat_opp": 58.574338622245584}}, {"type": "Feature", "geometry": {"type": "Point", "coordinates": [7.5295367089850735, 58.2651693205314]}, "properties": {"id": "459", "stedsnavn": "Sogndalsveien (sidebekk Mandalsåni)", "kommune": "Lindesnes", "vassdrag": "Mandalselva - Mannflåvatnet til Laudal bekkefelt", "regine": "022.B12", "vurdering_raw": "Ikke angitt", "barrier_category": "Ikke angitt", "barrier_color": "#999999", "barrier_label": "Ikke vurdert / mangler data", "problem_beskrivelse": NaN, "diameter_cm": NaN, "lengde_m": 15.0, "kommentar": "Det er usikkert om denne kan vandres gjennom, potensielt naturlig hinder som følge av stigning i bekk nedstrøms. Skal være mye større vannføring for vandring her. Veldig bratt", "kommentar_utfyllende": "0", "lon_opp": 7.529927273488087, "lat_opp": 58.26500276806115}}, {"type": "Feature", "geometry": {"type": "Point", "coordinates": [8.901291431470682, 58.542294070760306]}, "properties": {"id": "460", "stedsnavn": "Tvedestrand ", "kommune": "Arendal", "vassdrag": NaN, "regine": "018.71Z", "vurdering_raw": "Ikke hinder", "barrier_category": "Ikke hinder", "barrier_color": "#1a9641", "barrier_label": "Ikke et vandringshinder", "problem_beskrivelse": NaN, "diameter_cm": NaN, "lengde_m": 12.0, "kommentar": "Gammel stålkulvert, noe rusten. Men ser ikke ut som hinder. Veldig gjengrodd bekk nedstrøms. ", "kommentar_utfyllende": "0", "lon_opp": 8.901091498021177, "lat_opp": 58.542444721888195}}, {"type": "Feature", "geometry": {"type": "Point", "coordinates": [9.015215624735726, 58.82228641284917]}, "properties": {"id": "461", "stedsnavn": "Gjerstad ", "kommune": "Gjerstad", "vassdrag": "Bjorvatn til Ekksjø, bekkefelt", "regine": "018.3Z", "vurdering_raw": "Ikke hinder", "barrier_category": "Ikke hinder", "barrier_color": "#1a9641", "barrier_label": "Ikke et vandringshinder", "problem_beskrivelse": NaN, "diameter_cm": NaN, "lengde_m": 8.0, "kommentar": "Ikke hinder. Noe gjengrodd ", "kommentar_utfyllende": "0", "lon_opp": 9.015249104428728, "lat_opp": 58.8224200266453}}, {"type": "Feature", "geometry": {"type": "Point", "coordinates": [8.034515780974305, 58.19923374421458]}, "properties": {"id": "462", "stedsnavn": "joker justvik", "kommune": "Kristiansand", "vassdrag": "Hemmingsvannet utløp til Ålefjærfjorden", "regine": "021.122Z", "vurdering_raw": "Ikke hinder", "barrier_category": "Ikke hinder", "barrier_color": "#1a9641", "barrier_label": "Ikke et vandringshinder", "problem_beskrivelse": NaN, "diameter_cm": NaN, "lengde_m": 12.0, "kommentar": "bra kantvegetasjo, ikke hinder. bra vannføring. og ligger steiner i vannet, som skaper dynamikk i bekken ", "kommentar_utfyllende": "Fungerer godt", "lon_opp": 8.034322064279646, "lat_opp": 58.19930400321399}}, {"type": "Feature", "geometry": {"type": "Point", "coordinates": [9.084971723406374, 58.66505216674455]}, "properties": {"id": "463", "stedsnavn": "Tvedestrand ", "kommune": "Tvedestrand", "vassdrag": "Elv Gulspettvannet -Størdalsvannet", "regine": "018.5Z", "vurdering_raw": "Partiell", "barrier_category": "Partiell", "barrier_color": "#fdae61", "barrier_label": "Delvis vandringshinder (partiell)", "problem_beskrivelse": NaN, "diameter_cm": NaN, "lengde_m": 25.0, "kommentar": "Selve kulvert ok, grei vannføring og stor i diameter. Se annet punkt, er demning lengre nede ", "kommentar_utfyllende": "0", "lon_opp": 9.085216800398173, "lat_opp": 58.66529065107456}}, {"type": "Feature", "geometry": {"type": "Point", "coordinates": [7.608865115537062, 58.04096126961567]}, "properties": {"id": "464", "stedsnavn": "Mandal", "kommune": "Lindesnes", "vassdrag": "Harkmarkfjorden bekkfelt", "regine": "022.321", "vurdering_raw": "Ikke hinder", "barrier_category": "Ikke hinder", "barrier_color": "#1a9641", "barrier_label": "Ikke et vandringshinder", "problem_beskrivelse": NaN, "diameter_cm": NaN, "lengde_m": 9.0, "kommentar": "Fin kulvert ikke hinder. Fin bekk nedstrøms. ", "kommentar_utfyllende": "0", "lon_opp": 7.6086694834770725, "lat_opp": 58.04085749643121}}, {"type": "Feature", "geometry": {"type": "Point", "coordinates": [8.692595782634065, 58.65424968431004]}, "properties": {"id": "465", "stedsnavn": "Flaten (bekk renner potensiet fra Mjonevatnet til Åpåltjønn)", "kommune": "Åmli", "vassdrag": "Nelaug - Flaten, bekkefelt", "regine": "019.C12", "vurdering_raw": "Absolutt", "barrier_category": "Absolutt", "barrier_color": "#d7191c", "barrier_label": "Totalt vandringshinder (absolutt)", "problem_beskrivelse": NaN, "diameter_cm": NaN, "lengde_m": 10.0, "kommentar": "Gjengrodd rett før kulvert, så lite vann rett ved kulvert. Ok bekk nedstrøms. Blokkert av kvist oppstrøms. ", "kommentar_utfyllende": "0", "lon_opp": 8.692866710507815, "lat_opp": 58.65414358058472}}, {"type": "Feature", "geometry": {"type": "Point", "coordinates": [8.697227271803118, 58.65845713743961]}, "properties": {"id": "466", "stedsnavn": "Vegårshei ", "kommune": "Åmli", "vassdrag": "Nelaug - Flaten, bekkefelt", "regine": "019.C12", "vurdering_raw": "Ikke hinder", "barrier_category": "Ikke hinder", "barrier_color": "#1a9641", "barrier_label": "Ikke et vandringshinder", "problem_beskrivelse": NaN, "diameter_cm": NaN, "lengde_m": 10.0, "kommentar": "Fin kulvert, ikke hinder. Lite vann i bekk. ", "kommentar_utfyllende": "0", "lon_opp": 8.697424457502125, "lat_opp": 58.65840200752379}}, {"type": "Feature", "geometry": {"type": "Point", "coordinates": [8.833747490480116, 58.55426984554257]}, "properties": {"id": "467", "stedsnavn": "Arendal ", "kommune": "Arendal", "vassdrag": "Molandsvann bekkefelt", "regine": "018.7B", "vurdering_raw": "Ikke hinder", "barrier_category": "Ikke hinder", "barrier_color": "#1a9641", "barrier_label": "Ikke et vandringshinder", "problem_beskrivelse": NaN, "diameter_cm": NaN, "lengde_m": 20.0, "kommentar": "Ser fisk og frosk nedstrøms. Kulvert ikke hinder, men krever mer vannføring for å kunne passeres ", "kommentar_utfyllende": "0", "lon_opp": 8.83401584911832, "lat_opp": 58.55449667360179}}, {"type": "Feature", "geometry": {"type": "Point", "coordinates": [7.834323022445393, 58.093234714431155]}, "properties": {"id": "468", "stedsnavn": "Søgne vgs ", "kommune": "Kristiansand", "vassdrag": "Søgneelva - Brennåsen til utløp bekkefelt", "regine": "022.1A2", "vurdering_raw": "Ikke hinder", "barrier_category": "Ikke hinder", "barrier_color": "#1a9641", "barrier_label": "Ikke et vandringshinder", "problem_beskrivelse": NaN, "diameter_cm": NaN, "lengde_m": 9.0, "kommentar": "Ikke hinder, noe lav vannføring, ikke problematisk og vandre gjennom. God størrelse ", "kommentar_utfyllende": "0", "lon_opp": 7.834672802758246, "lat_opp": 58.09321568104541}}, {"type": "Feature", "geometry": {"type": "Point", "coordinates": [8.023335903543341, 58.233753044852584]}, "properties": {"id": "469", "stedsnavn": "Ålefjær", "kommune": "Kristiansand", "vassdrag": "Ålefjærfjorden bekkefelt", "regine": "021.121Z", "vurdering_raw": "Ikke hinder", "barrier_category": "Ikke hinder", "barrier_color": "#1a9641", "barrier_label": "Ikke et vandringshinder", "problem_beskrivelse": NaN, "diameter_cm": NaN, "lengde_m": 12.0, "kommentar": "Bra habitat ikke hinder, hindrer ikke vandring. Ser fisk. God vegetasjon. ", "kommentar_utfyllende": "Fungerer godt", "lon_opp": 8.023179276824083, "lat_opp": 58.2338491347353}}, {"type": "Feature", "geometry": {"type": "Point", "coordinates": [8.033599217495187, 58.18350400500596]}, "properties": {"id": "470", "stedsnavn": "gillsvannet", "kommune": "Kristiansand", "vassdrag": "Gillsvatnet utløp til Topdalsfjorden", "regine": "021.123Z", "vurdering_raw": "Ikke hinder", "barrier_category": "Ikke hinder", "barrier_color": "#1a9641", "barrier_label": "Ikke et vandringshinder", "problem_beskrivelse": NaN, "diameter_cm": NaN, "lengde_m": 30.0, "kommentar": "ikke vandringshinder, observerer noe småfisk. fin god vannføring", "kommentar_utfyllende": "Fungerer godt", "lon_opp": 8.032265587658365, "lat_opp": 58.183848291315115}}, {"type": "Feature", "geometry": {"type": "Point", "coordinates": [9.106923255782146, 58.71774653333367]}, "properties": {"id": "471", "stedsnavn": "Risørveien (Båssviktjenna til Sørfjorden)", "kommune": "Risør", "vassdrag": "Bossvikbekken", "regine": "018.222Z", "vurdering_raw": "Absolutt", "barrier_category": "Absolutt", "barrier_color": "#d7191c", "barrier_label": "Totalt vandringshinder (absolutt)", "problem_beskrivelse": NaN, "diameter_cm": NaN, "lengde_m": 7.0, "kommentar": "Er over 250 cm brei, ikke vandringshinder. Stor demning litt lenger nedstrøms, som kan være vandringshinder.", "kommentar_utfyllende": "bru", "lon_opp": 9.106721869373532, "lat_opp": 58.71758487972954}}, {"type": "Feature", "geometry": {"type": "Point", "coordinates": [8.718112790310599, 58.467866382306156]}, "properties": {"id": "472", "stedsnavn": "Arendal ", "kommune": "Arendal", "vassdrag": "Biebekken - Solbergvassdraget ", "regine": "019.124Z", "vurdering_raw": "Ikke hinder", "barrier_category": "Ikke hinder", "barrier_color": "#1a9641", "barrier_label": "Ikke et vandringshinder", "problem_beskrivelse": NaN, "diameter_cm": NaN, "lengde_m": 30.0, "kommentar": "Usikker på vanndybde. Helt grønt stillestående vann. Kulvert ser grei ut. ", "kommentar_utfyllende": "bru", "lon_opp": 8.718783688713385, "lat_opp": 58.46779665871327}}, {"type": "Feature", "geometry": {"type": "Point", "coordinates": [8.161338367245405, 58.136302954074]}, "properties": {"id": "473", "stedsnavn": "Søm", "kommune": "Kristiansand", "vassdrag": "Eftevågbekken", "regine": "020.423Z", "vurdering_raw": "Ikke hinder", "barrier_category": "Ikke hinder", "barrier_color": "#1a9641", "barrier_label": "Ikke et vandringshinder", "problem_beskrivelse": NaN, "diameter_cm": NaN, "lengde_m": 12.0, "kommentar": "Fin kulvert. Selve kulvert er ikke hinder. Bra ", "kommentar_utfyllende": "bru", "lon_opp": 8.160995236553974, "lat_opp": 58.13635502224166}}, {"type": "Feature", "geometry": {"type": "Point", "coordinates": [7.797263650393517, 58.095033876041924]}, "properties": {"id": "474", "stedsnavn": "Søgne ", "kommune": "Kristiansand", "vassdrag": "Lundeelva bekkefelt", "regine": "022.2A", "vurdering_raw": "Ikke hinder", "barrier_category": "Ikke hinder", "barrier_color": "#1a9641", "barrier_label": "Ikke et vandringshinder", "problem_beskrivelse": NaN, "diameter_cm": NaN, "lengde_m": 15.0, "kommentar": "Burde sjekkes lengre opp i forhold til bebyggelse. Ser fisk, ikke vandringshinder. Er sannsynligvis bro i forhold til bredde >250cm. Sannsynligvis over 3 meter bred. ", "kommentar_utfyllende": "0", "lon_opp": 7.797995196221251, "lat_opp": 58.095367077736995}}, {"type": "Feature", "geometry": {"type": "Point", "coordinates": [7.52448106354542, 58.18070000464351]}, "properties": {"id": "475", "stedsnavn": "Mandal ", "kommune": "Lindesnes", "vassdrag": "Mandalselva - Laudal til Øyslebø bekkefelt", "regine": "022.B1Z", "vurdering_raw": "Ikke hinder", "barrier_category": "Ikke hinder", "barrier_color": "#1a9641", "barrier_label": "Ikke et vandringshinder", "problem_beskrivelse": NaN, "diameter_cm": NaN, "lengde_m": 12.0, "kommentar": "Denne er fin, og ål bør kunne klatre opp til kulvert. Siden det er en slakk Bakke opp. Ikke hinder ", "kommentar_utfyllende": "bru", "lon_opp": 7.524554188501202, "lat_opp": 58.18068689927233}}, {"type": "Feature", "geometry": {"type": "Point", "coordinates": [7.5301752972121045, 58.09781048817772]}, "properties": {"id": "476", "stedsnavn": "Mandal 15 Daleveien (Holumsbekken renner fra Holmetjørna til Mandalsåni)", "kommune": "Lindesnes", "vassdrag": "Mandalselva - Øyslebø til Mandal", "regine": "022.A6", "vurdering_raw": "Absolutt", "barrier_category": "Absolutt", "barrier_color": "#d7191c", "barrier_label": "Totalt vandringshinder (absolutt)", "problem_beskrivelse": NaN, "diameter_cm": NaN, "lengde_m": 22.0, "kommentar": "Bør utbedres, flere bassenger, som vil kunne være vanskelig for ål og passere. Bør gå for anadrom fisk, selv om det vil være krevende", "kommentar_utfyllende": "bru", "lon_opp": 7.530066341640597, "lat_opp": 58.09815884044252}}, {"type": "Feature", "geometry": {"type": "Point", "coordinates": [6.938332630164311, 58.29890990338732]}, "properties": {"id": "477", "stedsnavn": "Kvinesdal ", "kommune": "Kvinesdal", "vassdrag": "Noneskardknuten, bekkefelt", "regine": "025.A0", "vurdering_raw": "Ikke hinder", "barrier_category": "Ikke hinder", "barrier_color": "#1a9641", "barrier_label": "Ikke et vandringshinder", "problem_beskrivelse": NaN, "diameter_cm": NaN, "lengde_m": 17.0, "kommentar": "Grei kulvert, flat og brei. Noe gjengroing og slam i bekk.", "kommentar_utfyllende": "bru", "lon_opp": 6.938096627375597, "lat_opp": 58.29916786243072}}, {"type": "Feature", "geometry": {"type": "Point", "coordinates": [9.18605217758037, 58.71413138969592]}, "properties": {"id": "478", "stedsnavn": "Risørveien (sidebekk Sørfjorden)", "kommune": "Risør", "vassdrag": "Sørfjorden-østre, bekkefelt", "regine": "018.23", "vurdering_raw": "Absolutt", "barrier_category": "Absolutt", "barrier_color": "#d7191c", "barrier_label": "Totalt vandringshinder (absolutt)", "problem_beskrivelse": NaN, "diameter_cm": NaN, "lengde_m": 70.0, "kommentar": "Veldig lang kulvert, må være hinder, mulig barriere. Mulig man kan sette terskler invendig ved høy vannhastighet. ", "kommentar_utfyllende": "0", "lon_opp": 9.18440722200148, "lat_opp": 58.713124308950455}}, {"type": "Feature", "geometry": {"type": "Point", "coordinates": [8.234073772258522, 58.317429100135385]}, "properties": {"id": "479", "stedsnavn": "Tveideveien (bekk mellom Valetjønn og Vassbotntjønn)", "kommune": "Birkenes", "vassdrag": NaN, "regine": "020.A7", "vurdering_raw": "Absolutt", "barrier_category": "Absolutt", "barrier_color": "#d7191c", "barrier_label": "Totalt vandringshinder (absolutt)", "problem_beskrivelse": NaN, "diameter_cm": NaN, "lengde_m": 12.0, "kommentar": "Kulvert grei, men med noe kvist invendig. Kulp stengt av grein og plank ved utløp, dette er hinder. Lav vannføring ", "kommentar_utfyllende": "0", "lon_opp": 8.234287201408678, "lat_opp": 58.317727393155735}}, {"type": "Feature", "geometry": {"type": "Point", "coordinates": [8.25027334501559, 58.22236123315087]}, "properties": {"id": "480", "stedsnavn": "Høvåg ", "kommune": "Lillesand", "vassdrag": "Steindalsbekken", "regine": "020.311Z", "vurdering_raw": "Ikke hinder", "barrier_category": "Ikke hinder", "barrier_color": "#1a9641", "barrier_label": "Ikke et vandringshinder", "problem_beskrivelse": NaN, "diameter_cm": NaN, "lengde_m": 12.0, "kommentar": "Fin kulvert, god vannføring og fin bekk. Ikke hinder ", "kommentar_utfyllende": "0", "lon_opp": 8.249766319306039, "lat_opp": 58.222630521123385}}, {"type": "Feature", "geometry": {"type": "Point", "coordinates": [7.52678921496555, 58.12030859513825]}, "properties": {"id": "481", "stedsnavn": "Mandal Daleveien Kjølemonen", "kommune": NaN, "vassdrag": "Mandalselva - Øyslebø til Mandal bekkefelt", "regine": "022.A3Z", "vurdering_raw": "Ikke hinder", "barrier_category": "Ikke hinder", "barrier_color": "#1a9641", "barrier_label": "Ikke et vandringshinder", "problem_beskrivelse": NaN, "diameter_cm": NaN, "lengde_m": 8.0, "kommentar": "Fin steinkulvert. Ikke hinder for ål eller anadrom fisk. Ser fisk nedstrøms ", "kommentar_utfyllende": "0", "lon_opp": 7.526792318053743, "lat_opp": 58.12045018819564}}, {"type": "Feature", "geometry": {"type": "Point", "coordinates": [8.174744421903952, 58.316087722381724]}, "properties": {"id": "482", "stedsnavn": "Birkenes ", "kommune": "Birkenes", "vassdrag": NaN, "regine": "020.A6", "vurdering_raw": "Partiell", "barrier_category": "Partiell", "barrier_color": "#fdae61", "barrier_label": "Delvis vandringshinder (partiell)", "problem_beskrivelse": NaN, "diameter_cm": NaN, "lengde_m": 15.0, "kommentar": "Denne bør gå bra å hoppe opp. Ser fisk nedstrøms. Tror fisk hadde hatt godt av noe kantvegetasjon i kulp. Er lagt en stein for å fremme vandring oppover. Grei kulvert ", "kommentar_utfyllende": "0", "lon_opp": 8.17435423133033, "lat_opp": 58.31592673518105}}, {"type": "Feature", "geometry": {"type": "Point", "coordinates": [8.175904703406532, 58.316117251855076]}, "properties": {"id": "483", "stedsnavn": "Birkenes ", "kommune": "Birkenes", "vassdrag": NaN, "regine": "020.A6", "vurdering_raw": "Ikke hinder", "barrier_category": "Ikke hinder", "barrier_color": "#1a9641", "barrier_label": "Ikke et vandringshinder", "problem_beskrivelse": NaN, "diameter_cm": NaN, "lengde_m": 15.0, "kommentar": "Fin stor betongkulvert. Fint habitat nedstrøms. Noe rotete i forkant av kulvert oppstrøms. Men dette holder vann, sikkert greit ", "kommentar_utfyllende": "0", "lon_opp": 8.175756045173818, "lat_opp": 58.31620095881253}}, {"type": "Feature", "geometry": {"type": "Point", "coordinates": [7.954222489881604, 58.11420496914976]}, "properties": {"id": "484", "stedsnavn": "skjosbukten", "kommune": "Kristiansand", "vassdrag": "Kristiansandsfjorden indre bekkefelt", "regine": "021.23Z", "vurdering_raw": "Ikke hinder", "barrier_category": "Ikke hinder", "barrier_color": "#1a9641", "barrier_label": "Ikke et vandringshinder", "problem_beskrivelse": NaN, "diameter_cm": NaN, "lengde_m": 15.0, "kommentar": "ikke vandringssHinder, ser mye fisk ", "kommentar_utfyllende": "Ikke hinder", "lon_opp": 7.95391483050143, "lat_opp": 58.11420510394444}}, {"type": "Feature", "geometry": {"type": "Point", "coordinates": [7.85689217656384, 58.138772848120745]}, "properties": {"id": "485", "stedsnavn": "Nodeland e39", "kommune": "Kristiansand", "vassdrag": "Møllebekken inkl. Mjåvann, Farvannet og Øygardsvannene", "regine": "022.1B1D", "vurdering_raw": "Ikke hinder", "barrier_category": "Ikke hinder", "barrier_color": "#1a9641", "barrier_label": "Ikke et vandringshinder", "problem_beskrivelse": NaN, "diameter_cm": NaN, "lengde_m": 20.0, "kommentar": "Ikke vandringshinder, burde gå bra og svømme gjennom. Noe redusert vegetasjon nedstrøms, men helt greit bra. ", "kommentar_utfyllende": "0", "lon_opp": 7.857187227822611, "lat_opp": 58.13900973272299}}, {"type": "Feature", "geometry": {"type": "Point", "coordinates": [8.689968317146345, 58.49141420893717]}, "properties": {"id": "486", "stedsnavn": "Froland ", "kommune": NaN, "vassdrag": "Assævannet, bekkefelt", "regine": "019.A1Z", "vurdering_raw": "Ikke hinder", "barrier_category": "Ikke hinder", "barrier_color": "#1a9641", "barrier_label": "Ikke et vandringshinder", "problem_beskrivelse": NaN, "diameter_cm": NaN, "lengde_m": 8.0, "kommentar": "Stor fin plastkulvert, ikke hinder. ", "kommentar_utfyllende": "0", "lon_opp": 8.689892450775039, "lat_opp": 58.49176021444244}}, {"type": "Feature", "geometry": {"type": "Point", "coordinates": [7.502126628306964, 58.09750406003639]}, "properties": {"id": "487", "stedsnavn": "Mandal ", "kommune": "Lindesnes", "vassdrag": "Mandalselva - Øyslebø til Mandal bekkefelt", "regine": "022.A3Z", "vurdering_raw": "Partiell", "barrier_category": "Partiell", "barrier_color": "#fdae61", "barrier_label": "Delvis vandringshinder (partiell)", "problem_beskrivelse": NaN, "diameter_cm": NaN, "lengde_m": 8.0, "kommentar": "Kulvert i seg selv ikke hinder, men er veldig stigning på begge sider. Sannsynligvis ikke en bekk som vandres. ", "kommentar_utfyllende": "0", "lon_opp": 7.50206058984002, "lat_opp": 58.09749567499317}}, {"type": "Feature", "geometry": {"type": "Point", "coordinates": [8.923774159757684, 58.62391161924696]}, "properties": {"id": "488", "stedsnavn": "Fjærkleivene (bekk mellom Listetjenn og Fjæretjenn)", "kommune": "Tvedestrand", "vassdrag": "Tvedestrandfjorden, bekkefelt", "regine": "018.630", "vurdering_raw": "Absolutt", "barrier_category": "Absolutt", "barrier_color": "#d7191c", "barrier_label": "Totalt vandringshinder (absolutt)", "problem_beskrivelse": NaN, "diameter_cm": NaN, "lengde_m": 50.0, "kommentar": "Bygg er revet og mye av kulvert er oppe i dagen, bekk sannsynlig hinder på grunn av stigning opp mot vegen. Og lengden på kulvert. Men ser noe fisk nedstrøms. Denne bør sjekkes ", "kommentar_utfyllende": "0", "lon_opp": 8.923211402971331, "lat_opp": 58.62345265183283}}, {"type": "Feature", "geometry": {"type": "Point", "coordinates": [8.338259072258227, 58.23797014456922]}, "properties": {"id": "489", "stedsnavn": "Lillesand ", "kommune": "Lillesand", "vassdrag": "Glamslandvatnet med bekkefelt", "regine": "020.221Z", "vurdering_raw": "Partiell", "barrier_category": "Partiell", "barrier_color": "#fdae61", "barrier_label": "Delvis vandringshinder (partiell)", "problem_beskrivelse": NaN, "diameter_cm": NaN, "lengde_m": 20.0, "kommentar": "Ikke vandringshinder for anadrom fisk, mulig hinder for ål. Kan bli litt lav vannhøyde siden kulvert er så brei. Sannsynligvis helt ok. Kunne hatt noe terskler i kulvert. ", "kommentar_utfyllende": "0", "lon_opp": 8.33787074592259, "lat_opp": 58.238412112305774}}, {"type": "Feature", "geometry": {"type": "Point", "coordinates": [7.495978905191693, 58.2218228243163]}, "properties": {"id": "490", "stedsnavn": "Mandal ", "kommune": "Lindesnes", "vassdrag": "Mandalselva - Laudal til Øyslebø bekkefelt", "regine": "022.B1Z", "vurdering_raw": "Ikke hinder", "barrier_category": "Ikke hinder", "barrier_color": "#1a9641", "barrier_label": "Ikke et vandringshinder", "problem_beskrivelse": NaN, "diameter_cm": NaN, "lengde_m": 8.0, "kommentar": "Mye fisk nedstrøms. Men er nok ikke fisk som har vandret opp. Fin kulvert og greit habitat i bekk.", "kommentar_utfyllende": "bru", "lon_opp": 7.49579810624696, "lat_opp": 58.221659879236086}}, {"type": "Feature", "geometry": {"type": "Point", "coordinates": [7.660360828947147, 58.16971399934351]}, "properties": {"id": "491", "stedsnavn": "Mandal ", "kommune": "Lindesnes", "vassdrag": "Eidsåna", "regine": "022.AA1B", "vurdering_raw": "Ikke hinder", "barrier_category": "Ikke hinder", "barrier_color": "#1a9641", "barrier_label": "Ikke et vandringshinder", "problem_beskrivelse": NaN, "diameter_cm": NaN, "lengde_m": 15.0, "kommentar": "Fin stor kulvert. Stål med betong ned mot bekk. Ikke hinder ", "kommentar_utfyllende": "bru", "lon_opp": 7.660565592575404, "lat_opp": 58.17001486629307}}, {"type": "Feature", "geometry": {"type": "Point", "coordinates": [8.671630694694322, 58.475706307580865]}, "properties": {"id": "492", "stedsnavn": "Froland ", "kommune": NaN, "vassdrag": "Assævannet, bekkefelt", "regine": "019.A1Z", "vurdering_raw": "Ikke hinder", "barrier_category": "Ikke hinder", "barrier_color": "#1a9641", "barrier_label": "Ikke et vandringshinder", "problem_beskrivelse": NaN, "diameter_cm": NaN, "lengde_m": 6.0, "kommentar": "Veldig stillestående vann, ikke kulvert ikke hinder. Ser noe småfisk ", "kommentar_utfyllende": "irrelevant", "lon_opp": 8.6710334567718, "lat_opp": 58.47526881829455}}, {"type": "Feature", "geometry": {"type": "Point", "coordinates": [7.513565412000893, 58.0727400996988]}, "properties": {"id": "493", "stedsnavn": "Mandal Daleveien Urdalen", "kommune": "Lindesnes", "vassdrag": "Mandalselva - Øyslebø til Mandal", "regine": "022.A6", "vurdering_raw": "Ikke hinder", "barrier_category": "Ikke hinder", "barrier_color": "#1a9641", "barrier_label": "Ikke et vandringshinder", "problem_beskrivelse": NaN, "diameter_cm": NaN, "lengde_m": 10.0, "kommentar": "Stor fin kulvert, ikke vandringshinder for fisk. Regner med utløp er ved vannspeil ved mer nedbør. ", "kommentar_utfyllende": "bru", "lon_opp": 7.513242274251328, "lat_opp": 58.07272494681288}}, {"type": "Feature", "geometry": {"type": "Point", "coordinates": [8.768959337919807, 58.51567177802631]}, "properties": {"id": "494", "stedsnavn": "Arendal ", "kommune": NaN, "vassdrag": "Longumvatnet, bekkefelt", "regine": "019.12Z", "vurdering_raw": "Ikke hinder", "barrier_category": "Ikke hinder", "barrier_color": "#1a9641", "barrier_label": "Ikke et vandringshinder", "problem_beskrivelse": NaN, "diameter_cm": NaN, "lengde_m": 10.0, "kommentar": "Kulvert stor og fin, noe sølete vann nedstrøms. Og ser ut til at denne kan samle noe kvist som kan bli hinder. Men ok ", "kommentar_utfyllende": "0", "lon_opp": 8.768873467152913, "lat_opp": 58.5155583595833}}, {"type": "Feature", "geometry": {"type": "Point", "coordinates": [9.291409732395556, 58.748221237047886]}, "properties": {"id": "495", "stedsnavn": "Risør ", "kommune": "Risør", "vassdrag": "Østerfjorden, bekkefelt", "regine": "018.12", "vurdering_raw": "Ikke hinder", "barrier_category": "Ikke hinder", "barrier_color": "#1a9641", "barrier_label": "Ikke et vandringshinder", "problem_beskrivelse": NaN, "diameter_cm": NaN, "lengde_m": 15.0, "kommentar": "Noe gjengrodd nedstrøms, plastkulvert. Sannsynligvis ikke hinder ", "kommentar_utfyllende": "0", "lon_opp": 9.291524325985966, "lat_opp": 58.74864992202631}}, {"type": "Feature", "geometry": {"type": "Point", "coordinates": [8.858730669642897, 58.724902611356306]}, "properties": {"id": "496", "stedsnavn": "Vegårshei ", "kommune": "Vegårshei", "vassdrag": "Storelva - Hauglandselva bekkefelt", "regine": "018.E", "vurdering_raw": "Ikke hinder", "barrier_category": "Ikke hinder", "barrier_color": "#1a9641", "barrier_label": "Ikke et vandringshinder", "problem_beskrivelse": NaN, "diameter_cm": NaN, "lengde_m": 15.0, "kommentar": "Noe kvist i bekk nedstrøms. Men sansynligvis ikke hinder. ", "kommentar_utfyllende": "0", "lon_opp": 8.858944839651834, "lat_opp": 58.72475941864486}}, {"type": "Feature", "geometry": {"type": "Point", "coordinates": [8.900906812925783, 58.543954487503576]}, "properties": {"id": "497", "stedsnavn": "Tvedestrand ", "kommune": "Arendal", "vassdrag": NaN, "regine": "018.71Z", "vurdering_raw": "Partiell", "barrier_category": "Partiell", "barrier_color": "#fdae61", "barrier_label": "Delvis vandringshinder (partiell)", "problem_beskrivelse": NaN, "diameter_cm": NaN, "lengde_m": 12.0, "kommentar": "Litt usikker på denne, liten vannføring og ser ikke gjennom stikkrenne ", "kommentar_utfyllende": "0", "lon_opp": 8.901150836672535, "lat_opp": 58.54402374161949}}, {"type": "Feature", "geometry": {"type": "Point", "coordinates": [8.891012022584478, 58.57087193786248]}, "properties": {"id": "498", "stedsnavn": "Tvedestrand ", "kommune": "Tvedestrand", "vassdrag": "Langangselva bekkefelt", "regine": "018.7AZ", "vurdering_raw": "Ikke hinder", "barrier_category": "Ikke hinder", "barrier_color": "#1a9641", "barrier_label": "Ikke et vandringshinder", "problem_beskrivelse": NaN, "diameter_cm": NaN, "lengde_m": 12.0, "kommentar": "En del vann nedstrøms, bekk ser bra ut. Kulvert ikke hinder ", "kommentar_utfyllende": "0", "lon_opp": 8.891383488627177, "lat_opp": 58.57088580501143}}, {"type": "Feature", "geometry": {"type": "Point", "coordinates": [8.627739845808978, 58.466714392667804]}, "properties": {"id": "499", "stedsnavn": "Arendal ", "kommune": "Arendal", "vassdrag": "Messelbekken", "regine": "019.B1", "vurdering_raw": "Partiell", "barrier_category": "Partiell", "barrier_color": "#fdae61", "barrier_label": "Delvis vandringshinder (partiell)", "problem_beskrivelse": NaN, "diameter_cm": NaN, "lengde_m": 14.0, "kommentar": "Noe kvist i bekk nedstrøms. Men grei bekk og kulvert ikke hinder. ", "kommentar_utfyllende": "0", "lon_opp": 8.628025041793366, "lat_opp": 58.46667925803049}}, {"type": "Feature", "geometry": {"type": "Point", "coordinates": [7.518525632186317, 58.07232892043952]}, "properties": {"id": "500", "stedsnavn": "Mandal ", "kommune": "Lindesnes", "vassdrag": "Mandalselva - Øyslebø til Mandal bekkefelt", "regine": "022.A3Z", "vurdering_raw": "Ikke hinder", "barrier_category": "Ikke hinder", "barrier_color": "#1a9641", "barrier_label": "Ikke et vandringshinder", "problem_beskrivelse": NaN, "diameter_cm": NaN, "lengde_m": 40.0, "kommentar": "Fin kulver, ser fisk og er bra bekkeløp. Laget laksetrap i tilleg ", "kommentar_utfyllende": "0", "lon_opp": 7.518422296342028, "lat_opp": 58.071971199378396}}, {"type": "Feature", "geometry": {"type": "Point", "coordinates": [8.581391117689252, 58.33589433784398]}, "properties": {"id": "501", "stedsnavn": "Grimstad ", "kommune": "Grimstad", "vassdrag": "Groosfjorden, bekkefelt", "regine": "019.216Z", "vurdering_raw": "Ikke hinder", "barrier_category": "Ikke hinder", "barrier_color": "#1a9641", "barrier_label": "Ikke et vandringshinder", "problem_beskrivelse": NaN, "diameter_cm": NaN, "lengde_m": 18.0, "kommentar": "Denne e fin, litt sandete substrat nedstrøms. ", "kommentar_utfyllende": "0", "lon_opp": 8.581511785976438, "lat_opp": 58.336221414310096}}, {"type": "Feature", "geometry": {"type": "Point", "coordinates": [8.871621553152297, 58.628135672247005]}, "properties": {"id": "502", "stedsnavn": "Tvedestrand ", "kommune": "Tvedestrand", "vassdrag": "Strengselva", "regine": "018.C2Z", "vurdering_raw": "Ikke hinder", "barrier_category": "Ikke hinder", "barrier_color": "#1a9641", "barrier_label": "Ikke et vandringshinder", "problem_beskrivelse": NaN, "diameter_cm": NaN, "lengde_m": 4.0, "kommentar": "Veldig stor kulvert i stål. Med naturlig steinbunn. Denne er ikke hinder. ", "kommentar_utfyllende": "0", "lon_opp": 8.871831136224376, "lat_opp": 58.62793069721186}}, {"type": "Feature", "geometry": {"type": "Point", "coordinates": [8.457751787217195, 58.395336459368366]}, "properties": {"id": "503", "stedsnavn": "Grimstad ", "kommune": "Grimstad", "vassdrag": "Storåna (Rjukanfossen - Vrålstadvatnet)", "regine": "019.AZ", "vurdering_raw": "Ikke hinder", "barrier_category": "Ikke hinder", "barrier_color": "#1a9641", "barrier_label": "Ikke et vandringshinder", "problem_beskrivelse": NaN, "diameter_cm": NaN, "lengde_m": 15.0, "kommentar": "Grei kulvert, fisk kan gå igjennom. Er dette anadrom strekning? ", "kommentar_utfyllende": "0", "lon_opp": 8.457178696136635, "lat_opp": 58.39524977565029}}, {"type": "Feature", "geometry": {"type": "Point", "coordinates": [8.494407702696739, 58.32948331012286]}, "properties": {"id": "504", "stedsnavn": "Grimstad ", "kommune": "Grimstad", "vassdrag": "Dalholtbekken og bekk ved Roklev", "regine": "019.2C", "vurdering_raw": "Ikke hinder", "barrier_category": "Ikke hinder", "barrier_color": "#1a9641", "barrier_label": "Ikke et vandringshinder", "problem_beskrivelse": NaN, "diameter_cm": NaN, "lengde_m": 8.0, "kommentar": "Grei bru, lav vannføring, men ikke hinder. ", "kommentar_utfyllende": "bru", "lon_opp": 8.494464073519001, "lat_opp": 58.329758023892936}}, {"type": "Feature", "geometry": {"type": "Point", "coordinates": [7.723469815941111, 58.09726031332001]}, "properties": {"id": "505", "stedsnavn": "Søgne ", "kommune": "Kristiansand", "vassdrag": "Dåsåna", "regine": "022.2A", "vurdering_raw": "Ikke angitt", "barrier_category": "Ikke angitt", "barrier_color": "#999999", "barrier_label": "Ikke vurdert / mangler data", "problem_beskrivelse": NaN, "diameter_cm": NaN, "lengde_m": 8.0, "kommentar": "Grei kulvert, noe søppel, men ikke hinder ", "kommentar_utfyllende": "0", "lon_opp": 7.723354662272101, "lat_opp": 58.09742717602302}}, {"type": "Feature", "geometry": {"type": "Point", "coordinates": [8.238956194276279, 58.20057623771872]}, "properties": {"id": "506", "stedsnavn": "0", "kommune": "Lillesand", "vassdrag": "Langebekken", "regine": "020.312Z", "vurdering_raw": "Partiell", "barrier_category": "Partiell", "barrier_color": "#fdae61", "barrier_label": "Delvis vandringshinder (partiell)", "problem_beskrivelse": NaN, "diameter_cm": NaN, "lengde_m": 15.0, "kommentar": "Avstand opp mot kulvert sannsynligvis lavere. Men er nok hinder for en del fisk, ikke barriere ", "kommentar_utfyllende": "0", "lon_opp": 8.238277718245644, "lat_opp": 58.20086726379556}}, {"type": "Feature", "geometry": {"type": "Point", "coordinates": [8.646278252020451, 58.389045361084996]}, "properties": {"id": "507", "stedsnavn": "Grimstad ", "kommune": "Grimstad", "vassdrag": "Temse, utløpselv", "regine": "019.A23Z", "vurdering_raw": "Ikke hinder", "barrier_category": "Ikke hinder", "barrier_color": "#1a9641", "barrier_label": "Ikke et vandringshinder", "problem_beskrivelse": NaN, "diameter_cm": NaN, "lengde_m": 8.0, "kommentar": "Bru ikke hinder, mindre vegetasjon i bekk nedstrøms. Ser greit ut", "kommentar_utfyllende": "bru", "lon_opp": 8.646221949805605, "lat_opp": 58.38897153870175}}, {"type": "Feature", "geometry": {"type": "Point", "coordinates": [8.646248175975979, 58.39052704109783]}, "properties": {"id": "508", "stedsnavn": "Grimstad ", "kommune": "Grimstad", "vassdrag": "Temse, utløpselv", "regine": "019.A23Z", "vurdering_raw": "Ikke hinder", "barrier_category": "Ikke hinder", "barrier_color": "#1a9641", "barrier_label": "Ikke et vandringshinder", "problem_beskrivelse": NaN, "diameter_cm": NaN, "lengde_m": 14.0, "kommentar": "Fin bru, ikke hinder. Noe stillestående vann. ", "kommentar_utfyllende": "bru", "lon_opp": 8.646024112069044, "lat_opp": 58.390454704339135}}, {"type": "Feature", "geometry": {"type": "Point", "coordinates": [8.697271601430437, 58.53461100112296]}, "properties": {"id": "509", "stedsnavn": "Froland ", "kommune": "Froland", "vassdrag": "Hurvjeevja", "regine": "019.B31", "vurdering_raw": "Ikke hinder", "barrier_category": "Ikke hinder", "barrier_color": "#1a9641", "barrier_label": "Ikke et vandringshinder", "problem_beskrivelse": NaN, "diameter_cm": NaN, "lengde_m": 12.0, "kommentar": "Noe gjengrodd bekk, ikke hinder ", "kommentar_utfyllende": "bru", "lon_opp": 8.697214470360567, "lat_opp": 58.53476735760096}}, {"type": "Feature", "geometry": {"type": "Point", "coordinates": [8.65563222561209, 58.40975919975221]}, "properties": {"id": "510", "stedsnavn": "Rykeneveien (Kvennebekken renner ned til Nidelva)", "kommune": "Arendal", "vassdrag": "Nidelva, Bekkefelt Helle", "regine": "019.A12Z", "vurdering_raw": "Absolutt", "barrier_category": "Absolutt", "barrier_color": "#d7191c", "barrier_label": "Totalt vandringshinder (absolutt)", "problem_beskrivelse": NaN, "diameter_cm": NaN, "lengde_m": 30.0, "kommentar": "Ser fin ut nedstrøms, noe høyde mot kulvert, men bør være greit ved mer nedbør. Men kulvert ser ut til å være blokkert av kvist oppstrøms. ", "kommentar_utfyllende": "bru", "lon_opp": 8.65606462295898, "lat_opp": 58.40997554074285}}, {"type": "Feature", "geometry": {"type": "Point", "coordinates": [8.509148229421216, 58.39896369877531]}, "properties": {"id": "511", "stedsnavn": "Grimstad ", "kommune": "Grimstad", "vassdrag": "Tønnesølvatnet, utløpselv", "regine": "019.AZ", "vurdering_raw": "Ikke hinder", "barrier_category": "Ikke hinder", "barrier_color": "#1a9641", "barrier_label": "Ikke et vandringshinder", "problem_beskrivelse": NaN, "diameter_cm": NaN, "lengde_m": 9.0, "kommentar": "Grei kulvert, litt stigning opp mot utløp, men ikke problematisk for annet en ål muligens. ", "kommentar_utfyllende": "bru", "lon_opp": 8.509341262755921, "lat_opp": 58.39928179525672}}, {"type": "Feature", "geometry": {"type": "Point", "coordinates": [9.098375530147026, 58.64627267254856]}, "properties": {"id": "512", "stedsnavn": "Tvedestrand ", "kommune": "Tvedestrand", "vassdrag": "Gjevingelva", "regine": "018.5Z", "vurdering_raw": "Ikke hinder", "barrier_category": "Ikke hinder", "barrier_color": "#1a9641", "barrier_label": "Ikke et vandringshinder", "problem_beskrivelse": NaN, "diameter_cm": NaN, "lengde_m": 15.0, "kommentar": "Denne bør være ok, er hinder lengre opp i bekken i form av demning, noe bratt oppstrøms, men fisk bør kunne passere. Ok ", "kommentar_utfyllende": "bru", "lon_opp": 9.097342939070675, "lat_opp": 58.64613640531996}}, {"type": "Feature", "geometry": {"type": "Point", "coordinates": [8.236488555783316, 58.32722197165128]}, "properties": {"id": "513", "stedsnavn": "Birkenes ", "kommune": "Birkenes", "vassdrag": NaN, "regine": "020.A7", "vurdering_raw": "Ikke hinder", "barrier_category": "Ikke hinder", "barrier_color": "#1a9641", "barrier_label": "Ikke et vandringshinder", "problem_beskrivelse": NaN, "diameter_cm": NaN, "lengde_m": 12.0, "kommentar": "Fisk nedstrøms Kulvert helt tør, men ikke hinder ved høyere vannføring. Stor og fint substrat ", "kommentar_utfyllende": "bru", "lon_opp": 8.236749917518544, "lat_opp": 58.3273272632487}}, {"type": "Feature", "geometry": {"type": "Point", "coordinates": [8.877846181818647, 58.60606770560339]}, "properties": {"id": "514", "stedsnavn": "Tvedestrand ", "kommune": "Tvedestrand", "vassdrag": "Strengselva", "regine": "018.C2Z", "vurdering_raw": "Partiell", "barrier_category": "Partiell", "barrier_color": "#fdae61", "barrier_label": "Delvis vandringshinder (partiell)", "problem_beskrivelse": NaN, "diameter_cm": NaN, "lengde_m": 15.0, "kommentar": "Samme som oppstrøms, kun en av kulvertene fører vann nå. Veldig landbrukspreget bekk. Mye sand inni kulvert. Svært redusert bekk, der det sannsynligvis går beitedyr. ", "kommentar_utfyllende": "bru", "lon_opp": 8.877545977021974, "lat_opp": 58.60595462515338}}, {"type": "Feature", "geometry": {"type": "Point", "coordinates": [8.878279424822399, 58.60978460161676]}, "properties": {"id": "515", "stedsnavn": "Tvedestrand ", "kommune": "Tvedestrand", "vassdrag": "Strengselva", "regine": "018.C2Z", "vurdering_raw": "Ikke hinder", "barrier_category": "Ikke hinder", "barrier_color": "#1a9641", "barrier_label": "Ikke et vandringshinder", "problem_beskrivelse": NaN, "diameter_cm": NaN, "lengde_m": 15.0, "kommentar": "Registrerer disse to sammen. Ser ikke ut som hinder. Vann er stillestående og tåkete. Kun god flytt gjennom et av rørene. Det andre er grodd igjen i front. ", "kommentar_utfyllende": "bru", "lon_opp": 8.878542049786644, "lat_opp": 58.60975107157365}}, {"type": "Feature", "geometry": {"type": "Point", "coordinates": [8.167339772533511, 58.30743399469576]}, "properties": {"id": "516", "stedsnavn": "Birkenes ", "kommune": "Birkenes", "vassdrag": NaN, "regine": "020.A6", "vurdering_raw": "Ikke hinder", "barrier_category": "Ikke hinder", "barrier_color": "#1a9641", "barrier_label": "Ikke et vandringshinder", "problem_beskrivelse": NaN, "diameter_cm": NaN, "lengde_m": 8.0, "kommentar": "Kulvert fin, noe slammete bekk. Men sannsynligvis ok. Ser fisk. ", "kommentar_utfyllende": "bru", "lon_opp": 8.166997955629844, "lat_opp": 58.30747401193236}}, {"type": "Feature", "geometry": {"type": "Point", "coordinates": [8.47684189578449, 58.389365371343246]}, "properties": {"id": "517", "stedsnavn": "Opplandsveien (bekk leder fra Syndle mot Ellingstjenn og Nedre knabbevann)", "kommune": "Grimstad", "vassdrag": "Storåna (Rjukanfossen - Vrålstadvatnet)", "regine": "019.AZ", "vurdering_raw": "Absolutt", "barrier_category": "Absolutt", "barrier_color": "#d7191c", "barrier_label": "Totalt vandringshinder (absolutt)", "problem_beskrivelse": NaN, "diameter_cm": NaN, "lengde_m": 12.0, "kommentar": "Bratt stigning opp mot kulvert, vinkel grei og vegetasjon langs stein. Hinder ikke barriere. Ål kan muligens klatre. Men helt klart hinder. ", "kommentar_utfyllende": "bru", "lon_opp": 8.47634255384507, "lat_opp": 58.38975663874031}}, {"type": "Feature", "geometry": {"type": "Point", "coordinates": [8.169165956969332, 58.27587272938075]}, "properties": {"id": "518", "stedsnavn": "Kristiansand ", "kommune": "Kristiansand", "vassdrag": NaN, "regine": "020.A6", "vurdering_raw": "Ikke hinder", "barrier_category": "Ikke hinder", "barrier_color": "#1a9641", "barrier_label": "Ikke et vandringshinder", "problem_beskrivelse": NaN, "diameter_cm": NaN, "lengde_m": 10.0, "kommentar": "Kulvert veldig fin, noe små terskler og naturlig elvebunn. Krem sjøaure habitat nedstrøms og oppstrøms. Ser stor Aure nedstrøms ", "kommentar_utfyllende": "bru", "lon_opp": 8.168665344269527, "lat_opp": 58.27594151162466}}, {"type": "Feature", "geometry": {"type": "Point", "coordinates": [7.509640759851696, 58.00922883669273]}, "properties": {"id": "519", "stedsnavn": "Mandal ", "kommune": "Lindesnes", "vassdrag": "Mannefjorden bekkefelt", "regine": "022.322", "vurdering_raw": "Partiell", "barrier_category": "Partiell", "barrier_color": "#fdae61", "barrier_label": "Delvis vandringshinder (partiell)", "problem_beskrivelse": NaN, "diameter_cm": NaN, "lengde_m": 10.0, "kommentar": "Både betongkloss og grein kan være hinder ved lav vannføring. Ellers er denne ok. ", "kommentar_utfyllende": "0", "lon_opp": 7.509717171081865, "lat_opp": 58.00927656196211}}, {"type": "Feature", "geometry": {"type": "Point", "coordinates": [7.621342134599997, 58.12396162857751]}, "properties": {"id": "520", "stedsnavn": "Mandal ", "kommune": "Kristiansand", "vassdrag": "Trysfjorden bekkefelt", "regine": "022.22Z", "vurdering_raw": "Ikke hinder", "barrier_category": "Ikke hinder", "barrier_color": "#1a9641", "barrier_label": "Ikke et vandringshinder", "problem_beskrivelse": NaN, "diameter_cm": NaN, "lengde_m": 8.0, "kommentar": "Fin bekk, kulvert ikke hinder ", "kommentar_utfyllende": "bru", "lon_opp": 7.621186012604415, "lat_opp": 58.12394807377116}}, {"type": "Feature", "geometry": {"type": "Point", "coordinates": [8.099403708833679, 58.12182479348265]}, "properties": {"id": "521", "stedsnavn": "Søm", "kommune": "Kristiansand", "vassdrag": "Østergapet-ytre bekkefelt", "regine": "020.4240", "vurdering_raw": "Ikke hinder", "barrier_category": "Ikke hinder", "barrier_color": "#1a9641", "barrier_label": "Ikke et vandringshinder", "problem_beskrivelse": NaN, "diameter_cm": NaN, "lengde_m": 8.0, "kommentar": "Ikke hinder, bekk fin ut mot sjøen. ", "kommentar_utfyllende": "bru", "lon_opp": 8.099456936891977, "lat_opp": 58.12170002700831}}, {"type": "Feature", "geometry": {"type": "Point", "coordinates": [7.592762876652045, 58.31789015322334]}, "properties": {"id": "522", "stedsnavn": "Mandal ", "kommune": "Kristiansand", "vassdrag": "Mandalselva - Laudal til Øyslebø bekkefelt", "regine": "022.B1Z", "vurdering_raw": "Ikke hinder", "barrier_category": "Ikke hinder", "barrier_color": "#1a9641", "barrier_label": "Ikke et vandringshinder", "problem_beskrivelse": NaN, "diameter_cm": NaN, "lengde_m": 12.0, "kommentar": "Fin kulvert, ikke hinder ", "kommentar_utfyllende": "bru", "lon_opp": 7.592962811746593, "lat_opp": 58.31794451553668}}, {"type": "Feature", "geometry": {"type": "Point", "coordinates": [7.515684598091775, 58.077739416162274]}, "properties": {"id": "523", "stedsnavn": "Mandal Daleveien Langeland", "kommune": "Lindesnes", "vassdrag": "Mandalselva - Øyslebø til Mandal bekkefelt", "regine": "022.A3Z", "vurdering_raw": "Ikke hinder", "barrier_category": "Ikke hinder", "barrier_color": "#1a9641", "barrier_label": "Ikke et vandringshinder", "problem_beskrivelse": NaN, "diameter_cm": NaN, "lengde_m": 12.0, "kommentar": "Ål vil kunne passere den lille høyden mot kulvert. Fin kulvert, ser fisk i kulvert. Ikke hinder. ", "kommentar_utfyllende": "bru", "lon_opp": 7.515368836199679, "lat_opp": 58.077638636559534}}, {"type": "Feature", "geometry": {"type": "Point", "coordinates": [7.530427833216139, 58.129675816198684]}, "properties": {"id": "524", "stedsnavn": "Mandal Daleveien Smeland", "kommune": "Lindesnes", "vassdrag": "Mandalselva - Øyslebø til Mandal bekkefelt", "regine": "022.A3Z", "vurdering_raw": "Partiell", "barrier_category": "Partiell", "barrier_color": "#fdae61", "barrier_label": "Delvis vandringshinder (partiell)", "problem_beskrivelse": NaN, "diameter_cm": NaN, "lengde_m": 12.0, "kommentar": "Kulvert egentlig fin. Men blir begrenset av mye stein nedstrøms. Som muligens vil kunne være hinder hvis det samler seg kvist. Ok for ål og anadrom fisk. Ser grei Aure oppstrøms.", "kommentar_utfyllende": "bru", "lon_opp": 7.529944661623438, "lat_opp": 58.129696190098564}}, {"type": "Feature", "geometry": {"type": "Point", "coordinates": [7.631314817551877, 58.30375870275383]}, "properties": {"id": "525", "stedsnavn": "Mandal ", "kommune": "Kristiansand", "vassdrag": "Meåna", "regine": "022.AC5", "vurdering_raw": "Ikke hinder", "barrier_category": "Ikke hinder", "barrier_color": "#1a9641", "barrier_label": "Ikke et vandringshinder", "problem_beskrivelse": NaN, "diameter_cm": NaN, "lengde_m": 10.0, "kommentar": "Bru i bredde, ikke vandringshinder. Noe gjengroing under bru. Ser fisk nedstrøms ", "kommentar_utfyllende": "bru", "lon_opp": 7.6308537484334895, "lat_opp": 58.303873463450614}}, {"type": "Feature", "geometry": {"type": "Point", "coordinates": [7.610620382409126, 58.127845537281026]}, "properties": {"id": "526", "stedsnavn": "Mandal ", "kommune": "Kristiansand", "vassdrag": "Trysfjorden bekkefelt", "regine": "022.22Z", "vurdering_raw": "Ikke hinder", "barrier_category": "Ikke hinder", "barrier_color": "#1a9641", "barrier_label": "Ikke et vandringshinder", "problem_beskrivelse": NaN, "diameter_cm": NaN, "lengde_m": 10.0, "kommentar": "God vannføring, fin bekk. Kulvert ikke hinder ", "kommentar_utfyllende": "bru", "lon_opp": 7.610207505928845, "lat_opp": 58.12790770992598}}, {"type": "Feature", "geometry": {"type": "Point", "coordinates": [7.659177605411081, 58.26989767484515]}, "properties": {"id": "527", "stedsnavn": "Mandal ", "kommune": "Kristiansand", "vassdrag": "Meåna", "regine": "022.AC5", "vurdering_raw": "Ikke hinder", "barrier_category": "Ikke hinder", "barrier_color": "#1a9641", "barrier_label": "Ikke et vandringshinder", "problem_beskrivelse": NaN, "diameter_cm": NaN, "lengde_m": 15.0, "kommentar": "Stor og grei bru. Ikke hinder. Men noe gjengroing nedstrøms ", "kommentar_utfyllende": "bru", "lon_opp": 7.659333085741189, "lat_opp": 58.27008768329958}}, {"type": "Feature", "geometry": {"type": "Point", "coordinates": [7.434233175108431, 58.27047690073447]}, "properties": {"id": "528", "stedsnavn": "Mandal ", "kommune": "Lindesnes", "vassdrag": "Mandalselva - Laudal til Øyslebø bekkefelt", "regine": "022.B1Z", "vurdering_raw": "Partiell", "barrier_category": "Partiell", "barrier_color": "#fdae61", "barrier_label": "Delvis vandringshinder (partiell)", "problem_beskrivelse": NaN, "diameter_cm": NaN, "lengde_m": 10.0, "kommentar": "Kulvert ok. Men bekk oppstrøms er ekstremt bratt og kan ikke vandres opp. ", "kommentar_utfyllende": "bru", "lon_opp": 7.434044998160822, "lat_opp": 58.27074198848574}}, {"type": "Feature", "geometry": {"type": "Point", "coordinates": [7.621868332598054, 58.09459201779643]}, "properties": {"id": "529", "stedsnavn": "Mandal ", "kommune": "Lindesnes", "vassdrag": "Skagestadvatnet bekkefelt", "regine": "022.3C", "vurdering_raw": "Ikke hinder", "barrier_category": "Ikke hinder", "barrier_color": "#1a9641", "barrier_label": "Ikke et vandringshinder", "problem_beskrivelse": NaN, "diameter_cm": NaN, "lengde_m": 20.0, "kommentar": "Kulvert ikke hinder. Noe slammete sediment. Ser fisk nedstrøms. ", "kommentar_utfyllende": "bru", "lon_opp": 7.621522687387521, "lat_opp": 58.09469593250519}}, {"type": "Feature", "geometry": {"type": "Point", "coordinates": [8.797799827309026, 58.473774575529816]}, "properties": {"id": "530", "stedsnavn": "Kystveien ", "kommune": NaN, "vassdrag": "Songebekken", "regine": "019.121Z", "vurdering_raw": "Ikke hinder", "barrier_category": "Ikke hinder", "barrier_color": "#1a9641", "barrier_label": "Ikke et vandringshinder", "problem_beskrivelse": NaN, "diameter_cm": NaN, "lengde_m": 14.0, "kommentar": "Det dannes en liten terskel Av et mindre rør som krysser bekken nedstrøms, ikke vandringshinder, grei kulvert. Ser mye fisk nedstrøms mot kulvert. ", "kommentar_utfyllende": "0", "lon_opp": 8.797814880720562, "lat_opp": 58.47396564280816}}, {"type": "Feature", "geometry": {"type": "Point", "coordinates": [8.581703331261723, 58.339395969744324]}, "properties": {"id": "531", "stedsnavn": "Grimstad ", "kommune": NaN, "vassdrag": "Groosfjorden, bekkefelt", "regine": "019.216Z", "vurdering_raw": "Ikke hinder", "barrier_category": "Ikke hinder", "barrier_color": "#1a9641", "barrier_label": "Ikke et vandringshinder", "problem_beskrivelse": NaN, "diameter_cm": NaN, "lengde_m": 20.0, "kommentar": "Grei nedstrøms, god vannføring, stor kulvert. Ligger lavt i vannet. ", "kommentar_utfyllende": "bekkelukking", "lon_opp": 8.58185261888363, "lat_opp": 58.34025260925091}}, {"type": "Feature", "geometry": {"type": "Point", "coordinates": [7.51842844298089, 58.07171070199199]}, "properties": {"id": "532", "stedsnavn": "Mandal ", "kommune": NaN, "vassdrag": "Mandalselva - Øyslebø til Mandal bekkefelt", "regine": "022.A3Z", "vurdering_raw": "Ikke hinder", "barrier_category": "Ikke hinder", "barrier_color": "#1a9641", "barrier_label": "Ikke et vandringshinder", "problem_beskrivelse": NaN, "diameter_cm": NaN, "lengde_m": 40.0, "kommentar": "Fint bekkeløp oppstrøms og nedstrøms. Ikke hinder. Plastterskler inni kulvert. ", "kommentar_utfyllende": "0", "lon_opp": 7.518586942836198, "lat_opp": 58.07096715810643}}, {"type": "Feature", "geometry": {"type": "Point", "coordinates": [8.894788734002065, 58.56607843752066]}, "properties": {"id": "533", "stedsnavn": "Tvedestrand ", "kommune": NaN, "vassdrag": "Langangselva", "regine": "018.7A0", "vurdering_raw": "Ikke hinder", "barrier_category": "Ikke hinder", "barrier_color": "#1a9641", "barrier_label": "Ikke et vandringshinder", "problem_beskrivelse": NaN, "diameter_cm": NaN, "lengde_m": 10.0, "kommentar": "Ikke hinder, relativt ny bru. Men slammete sediment på begge sider. Grei vannføring ", "kommentar_utfyllende": "0", "lon_opp": 8.894625050506203, "lat_opp": 58.5661930839389}}, {"type": "Feature", "geometry": {"type": "Point", "coordinates": [6.887664657958686, 58.2821631344356]}, "properties": {"id": "534", "stedsnavn": "Øyekleiva ( bekk fra Felsåma mot Kleivsbekken)", "kommune": "Kvinesdal", "vassdrag": "Fedafjorden bekkefelt frå nord", "regine": "025.33", "vurdering_raw": "Absolutt", "barrier_category": "Absolutt", "barrier_color": "#d7191c", "barrier_label": "Totalt vandringshinder (absolutt)", "problem_beskrivelse": NaN, "diameter_cm": NaN, "lengde_m": 8.0, "kommentar": "Er bratt, men sannsynligvis ikke barriere, mulig noe hinder. Men bør greit kunne hoppes ", "kommentar_utfyllende": "0", "lon_opp": 6.8874354223055745, "lat_opp": 58.282088719672}}, {"type": "Feature", "geometry": {"type": "Point", "coordinates": [7.499590668265392, 58.052442474950034]}, "properties": {"id": "535", "stedsnavn": "Mandal Daleveien Slåttan", "kommune": "Lindesnes", "vassdrag": "Mandalselva - Øyslebø til Mandal", "regine": "022.A6", "vurdering_raw": "Ikke hinder", "barrier_category": "Ikke hinder", "barrier_color": "#1a9641", "barrier_label": "Ikke et vandringshinder", "problem_beskrivelse": NaN, "diameter_cm": NaN, "lengde_m": 8.0, "kommentar": "Ikke hinder, observerer mye stor fisk i gjennom kulverten. Fint habitat oppstrøms og nedstrøms. Bra ", "kommentar_utfyllende": "bru", "lon_opp": 7.499456974278463, "lat_opp": 58.05245451833193}}, {"type": "Feature", "geometry": {"type": "Point", "coordinates": [8.760126624575497, 58.470681214141564]}, "properties": {"id": "536", "stedsnavn": "Langsæveien (Langsævannet til Barbuelva)", "kommune": "Arendal", "vassdrag": "Barbuelva", "regine": "019.12Z", "vurdering_raw": "Absolutt", "barrier_category": "Absolutt", "barrier_color": "#d7191c", "barrier_label": "Totalt vandringshinder (absolutt)", "problem_beskrivelse": NaN, "diameter_cm": NaN, "lengde_m": 70.0, "kommentar": "Kulvert egentlig grei nedstøms. Mye søppel og slam. Blir blokkert av kvist oppstrøms. Gitter oppstrøms", "kommentar_utfyllende": "0", "lon_opp": 8.758806090614177, "lat_opp": 58.47096036007322}}, {"type": "Feature", "geometry": {"type": "Point", "coordinates": [8.798209407450914, 58.473229213469324]}, "properties": {"id": "537", "stedsnavn": "Kystveien ", "kommune": "Arendal", "vassdrag": "Songebekken", "regine": "019.121Z", "vurdering_raw": "Ikke hinder", "barrier_category": "Ikke hinder", "barrier_color": "#1a9641", "barrier_label": "Ikke et vandringshinder", "problem_beskrivelse": NaN, "diameter_cm": NaN, "lengde_m": 9.0, "kommentar": "Bru, ikke hinder ", "kommentar_utfyllende": "0", "lon_opp": 8.798036134539025, "lat_opp": 58.473317461629435}}, {"type": "Feature", "geometry": {"type": "Point", "coordinates": [8.839041583795376, 58.50046445823171]}, "properties": {"id": "538", "stedsnavn": "Arendal ", "kommune": "Arendal", "vassdrag": "Mørfjærbekken inkl. bekkefelt", "regine": "018.72", "vurdering_raw": "Ikke hinder", "barrier_category": "Ikke hinder", "barrier_color": "#1a9641", "barrier_label": "Ikke et vandringshinder", "problem_beskrivelse": NaN, "diameter_cm": NaN, "lengde_m": 8.0, "kommentar": "Fin bru, ikke hinder, greit substrat og fin kantvegetasjon. ", "kommentar_utfyllende": "bru", "lon_opp": 8.83896916524929, "lat_opp": 58.500628268294754}}, {"type": "Feature", "geometry": {"type": "Point", "coordinates": [7.4983791415409495, 59.283583538556236]}, "properties": {"id": "539", "stedsnavn": "Bykle ", "kommune": "Valle", "vassdrag": "Veiåni", "regine": "021.F5A", "vurdering_raw": "Ikke angitt", "barrier_category": "Ikke angitt", "barrier_color": "#999999", "barrier_label": "Ikke vurdert / mangler data", "problem_beskrivelse": NaN, "diameter_cm": NaN, "lengde_m": 15.0, "kommentar": "Fin kulvert, og fin bekk. Skulle fisk komme opp hit er denne ikke hinder", "kommentar_utfyllende": "bru", "lon_opp": 7.499050465013101, "lat_opp": 59.28370068467227}}, {"type": "Feature", "geometry": {"type": "Point", "coordinates": [9.11352036655233, 58.75297507505129]}, "properties": {"id": "540", "stedsnavn": "SSS-veien (Breidungen/Dalsvann til Nordfjorden)", "kommune": "Risør", "vassdrag": "Breidungen, utløp", "regine": "018.21", "vurdering_raw": "Absolutt", "barrier_category": "Absolutt", "barrier_color": "#d7191c", "barrier_label": "Totalt vandringshinder (absolutt)", "problem_beskrivelse": NaN, "diameter_cm": NaN, "lengde_m": 8.0, "kommentar": "Denne er vandringshinder, men fisk bør kunne passere ved bru på siden ", "kommentar_utfyllende": "bru", "lon_opp": 9.113737595593307, "lat_opp": 58.7532744448836}}, {"type": "Feature", "geometry": {"type": "Point", "coordinates": [8.184514967274014, 58.1632867938874]}, "properties": {"id": "541", "stedsnavn": "Høvåg ", "kommune": "Lillesand", "vassdrag": "Åna", "regine": "020.42Z", "vurdering_raw": "Ikke hinder", "barrier_category": "Ikke hinder", "barrier_color": "#1a9641", "barrier_label": "Ikke et vandringshinder", "problem_beskrivelse": NaN, "diameter_cm": NaN, "lengde_m": 10.0, "kommentar": "Fin bru, over 250cm. Ikke hinder, fungerer bra. ", "kommentar_utfyllende": "bru", "lon_opp": 8.184067192189442, "lat_opp": 58.163487872943634}}, {"type": "Feature", "geometry": {"type": "Point", "coordinates": [8.190960006811624, 58.165930057964864]}, "properties": {"id": "542", "stedsnavn": "Isefjær", "kommune": "Lillesand", "vassdrag": "Kvåsebekken", "regine": "020.422Z", "vurdering_raw": "Ikke hinder", "barrier_category": "Ikke hinder", "barrier_color": "#1a9641", "barrier_label": "Ikke et vandringshinder", "problem_beskrivelse": NaN, "diameter_cm": NaN, "lengde_m": 12.0, "kommentar": "fin og stor og dyp", "kommentar_utfyllende": "bru", "lon_opp": 8.191022476587566, "lat_opp": 58.16598076339536}}, {"type": "Feature", "geometry": {"type": "Point", "coordinates": [9.00538515950867, 58.68532652005486]}, "properties": {"id": "543", "stedsnavn": "Songeveien", "kommune": "Tvedestrand", "vassdrag": "Songebekken, inkl. bekkefelt", "regine": "018.32Z", "vurdering_raw": "Ikke hinder", "barrier_category": "Ikke hinder", "barrier_color": "#1a9641", "barrier_label": "Ikke et vandringshinder", "problem_beskrivelse": NaN, "diameter_cm": NaN, "lengde_m": 10.0, "kommentar": "Grei kulvert. God størrelse. Ikke hinder ", "kommentar_utfyllende": "bru", "lon_opp": 9.005361595688319, "lat_opp": 58.68553690298382}}, {"type": "Feature", "geometry": {"type": "Point", "coordinates": [8.51364293716662, 58.30365446586203]}, "properties": {"id": "544", "stedsnavn": "Grimstad ", "kommune": "Grimstad", "vassdrag": "Bufjorden, bekkefelt", "regine": "019.220", "vurdering_raw": "Ikke hinder", "barrier_category": "Ikke hinder", "barrier_color": "#1a9641", "barrier_label": "Ikke et vandringshinder", "problem_beskrivelse": NaN, "diameter_cm": NaN, "lengde_m": 16.0, "kommentar": "Usikker på hva som er oppstrøms her, ser ut som saltvann flytter oppover slik som vannivået er nå. Ser fisk nedstrøms. ", "kommentar_utfyllende": "bru", "lon_opp": 8.513330282624171, "lat_opp": 58.30363055291039}}, {"type": "Feature", "geometry": {"type": "Point", "coordinates": [8.802510391942953, 58.53787695226933]}, "properties": {"id": "545", "stedsnavn": "Arendal ", "kommune": "Arendal", "vassdrag": "Molandsvann bekkefelt", "regine": "018.7B", "vurdering_raw": "Partiell", "barrier_category": "Partiell", "barrier_color": "#fdae61", "barrier_label": "Delvis vandringshinder (partiell)", "problem_beskrivelse": NaN, "diameter_cm": NaN, "lengde_m": 12.0, "kommentar": "Er noe stigning opp mot bru, men denne er jevn og bør kunne forses. Men er hinder oppstrøms. ", "kommentar_utfyllende": "bru", "lon_opp": 8.802264795398992, "lat_opp": 58.53780571186201}}, {"type": "Feature", "geometry": {"type": "Point", "coordinates": [8.878453389288358, 58.608720789999246]}, "properties": {"id": "546", "stedsnavn": "Tvedestrand ", "kommune": NaN, "vassdrag": "Strengselva", "regine": "018.C2Z", "vurdering_raw": "Ikke hinder", "barrier_category": "Ikke hinder", "barrier_color": "#1a9641", "barrier_label": "Ikke et vandringshinder", "problem_beskrivelse": NaN, "diameter_cm": NaN, "lengde_m": 5.0, "kommentar": "Gammel bru, ikke hinder. ", "kommentar_utfyllende": "bru", "lon_opp": 8.878470975806355, "lat_opp": 58.608667099020884}}, {"type": "Feature", "geometry": {"type": "Point", "coordinates": [8.379049499219857, 58.42057344832471]}, "properties": {"id": "547", "stedsnavn": "Grimstad nord ", "kommune": "Grimstad", "vassdrag": "Hålandsbekken", "regine": "019.AD", "vurdering_raw": "Ikke hinder", "barrier_category": "Ikke hinder", "barrier_color": "#1a9641", "barrier_label": "Ikke et vandringshinder", "problem_beskrivelse": NaN, "diameter_cm": NaN, "lengde_m": 10.0, "kommentar": "Stor bru, ikke problematisk for gjenomvandring, ikke hinder.", "kommentar_utfyllende": "0", "lon_opp": 8.37868401214948, "lat_opp": 58.42030239706294}}, {"type": "Feature", "geometry": {"type": "Point", "coordinates": [8.837239521825266, 58.79298276449254]}, "properties": {"id": "548", "stedsnavn": "Vegårshei ", "kommune": "Vegårshei", "vassdrag": "Vegår bekkefelt", "regine": "018.F", "vurdering_raw": "Ikke hinder", "barrier_category": "Ikke hinder", "barrier_color": "#1a9641", "barrier_label": "Ikke et vandringshinder", "problem_beskrivelse": NaN, "diameter_cm": NaN, "lengde_m": 8.0, "kommentar": "Fin bru ", "kommentar_utfyllende": "bru", "lon_opp": 8.836901105607781, "lat_opp": 58.79304670373421}}, {"type": "Feature", "geometry": {"type": "Point", "coordinates": [9.032503162805487, 58.740536714302934]}, "properties": {"id": "549", "stedsnavn": "Gjerstad ", "kommune": "Risør", "vassdrag": "Hammarbekken", "regine": "018.221Z", "vurdering_raw": "Ikke hinder", "barrier_category": "Ikke hinder", "barrier_color": "#1a9641", "barrier_label": "Ikke et vandringshinder", "problem_beskrivelse": NaN, "diameter_cm": NaN, "lengde_m": 12.0, "kommentar": "Liten terskel under bru. Sannsynligvis ikke hinder. Mulig bekk er naturlig hinder nedstrøms på grunn av høyde ", "kommentar_utfyllende": "bru", "lon_opp": 9.032237662623364, "lat_opp": 58.74060776685983}}, {"type": "Feature", "geometry": {"type": "Point", "coordinates": [8.940296509295404, 58.786268371799444]}, "properties": {"id": "550", "stedsnavn": "Liaveien (bekk mellom Kallbergvannet og Bjorvann)", "kommune": "Vegårshei", "vassdrag": "Kallbergsvatnet, utløpselv", "regine": "018.3Z", "vurdering_raw": "Absolutt", "barrier_category": "Absolutt", "barrier_color": "#d7191c", "barrier_label": "Totalt vandringshinder (absolutt)", "problem_beskrivelse": NaN, "diameter_cm": NaN, "lengde_m": 6.0, "kommentar": "Vann som kommer ut av sidekulvert, lekker. Denne vil være vandringsbarriere og hinder, ved mindre det er nok vann til at fisk kan passere under bru, eller kommer inn i sidekulvert. ", "kommentar_utfyllende": "bru", "lon_opp": 8.940185004422435, "lat_opp": 58.78627708556518}}, {"type": "Feature", "geometry": {"type": "Point", "coordinates": [9.104914242506268, 58.844358709288954]}, "properties": {"id": "551", "stedsnavn": "Gjerstad ", "kommune": "Gjerstad", "vassdrag": "Gjerstadvatnet, bekkefelt", "regine": "018.2D", "vurdering_raw": "Ikke hinder", "barrier_category": "Ikke hinder", "barrier_color": "#1a9641", "barrier_label": "Ikke et vandringshinder", "problem_beskrivelse": NaN, "diameter_cm": NaN, "lengde_m": 11.0, "kommentar": "Veldig fin og stor bru, ikke hinder. Er en den stor Aure under bru. Som står delvis fast på grunn av vannstand nedstrøms. ", "kommentar_utfyllende": "bru", "lon_opp": 9.105026408524697, "lat_opp": 58.84423990899726}}, {"type": "Feature", "geometry": {"type": "Point", "coordinates": [8.825305083374078, 58.69131577006765]}, "properties": {"id": "552", "stedsnavn": "Tvedestrand ", "kommune": "Vegårshei", "vassdrag": "Storelva - Hauglandselva bekkefelt", "regine": "018.E", "vurdering_raw": "Ikke hinder", "barrier_category": "Ikke hinder", "barrier_color": "#1a9641", "barrier_label": "Ikke et vandringshinder", "problem_beskrivelse": NaN, "diameter_cm": NaN, "lengde_m": 12.0, "kommentar": "Sannsynligvis ikke hinder, noe høyde opp mot bru, men er ikke vertikalt, men en litt bratt bekk. ", "kommentar_utfyllende": "bru", "lon_opp": 8.825186362480059, "lat_opp": 58.69149052485553}}, {"type": "Feature", "geometry": {"type": "Point", "coordinates": [9.111141104476307, 58.843322291290654]}, "properties": {"id": "553", "stedsnavn": "Gjerstad ", "kommune": "Gjerstad", "vassdrag": "Gjerstadvatnet, bekkefelt", "regine": "018.2D", "vurdering_raw": "Ikke hinder", "barrier_category": "Ikke hinder", "barrier_color": "#1a9641", "barrier_label": "Ikke et vandringshinder", "problem_beskrivelse": NaN, "diameter_cm": NaN, "lengde_m": 10.0, "kommentar": "Bred fin kulvert, ikke hinder. Ser en Aure på 20cm nedstrøms. ", "kommentar_utfyllende": "bru", "lon_opp": 9.111875276995454, "lat_opp": 58.843281063985344}}, {"type": "Feature", "geometry": {"type": "Point", "coordinates": [8.647808009314343, 58.51653772763861]}, "properties": {"id": "554", "stedsnavn": "Bøylestadveien (bekk fra Horvedalstjenn til Nidelva)", "kommune": "Froland", "vassdrag": "Hurvjeevja", "regine": "019.B31", "vurdering_raw": "Absolutt", "barrier_category": "Absolutt", "barrier_color": "#d7191c", "barrier_label": "Totalt vandringshinder (absolutt)", "problem_beskrivelse": NaN, "diameter_cm": NaN, "lengde_m": 16.0, "kommentar": "Kulvert ikke hinder, men bekk bør sjekkes. Usikker på vannstand, veldig stillestående vann. Svært redusert vankvalitet og veldig gjødselpreget vann. Litt stigning mot kulvert, men fin inngang. Bekk burde ses over. ", "kommentar_utfyllende": "bru", "lon_opp": 8.648003873102377, "lat_opp": 58.51673132887935}}, {"type": "Feature", "geometry": {"type": "Point", "coordinates": [9.083298045939665, 58.84418897482955]}, "properties": {"id": "555", "stedsnavn": "Gjerstadveien (bekk renner ut til Sunda)", "kommune": "Gjerstad", "vassdrag": "Sunda", "regine": "018.2C", "vurdering_raw": "Absolutt", "barrier_category": "Absolutt", "barrier_color": "#d7191c", "barrier_label": "Totalt vandringshinder (absolutt)", "problem_beskrivelse": NaN, "diameter_cm": NaN, "lengde_m": 10.0, "kommentar": "Tenker denne vil kunne være hinder. Mye kvist og gamle store ståldeler i bekk, som vil skape hinder. Plus noe stigning. Men her bør noe fisk komme opp, så hinder ikke barriere. ", "kommentar_utfyllende": "bru", "lon_opp": 9.083157444559932, "lat_opp": 58.84417933015672}}, {"type": "Feature", "geometry": {"type": "Point", "coordinates": [8.807832787832794, 58.55134905491592]}, "properties": {"id": "556", "stedsnavn": "Arendal ", "kommune": "Arendal", "vassdrag": "Brekkeelva", "regine": "018.7C", "vurdering_raw": "Ikke hinder", "barrier_category": "Ikke hinder", "barrier_color": "#1a9641", "barrier_label": "Ikke et vandringshinder", "problem_beskrivelse": NaN, "diameter_cm": NaN, "lengde_m": 25.0, "kommentar": "Ser fisk nedstrøms. Sannsynligvis ikke hinder, ser ok ut. Er noen lave terskler inni bru. Og bru er så lav at vann muligens vil renne over ved veldig høy vannføring ", "kommentar_utfyllende": "0", "lon_opp": 8.807545990949217, "lat_opp": 58.55154316956054}}, {"type": "Feature", "geometry": {"type": "Point", "coordinates": [7.505931811446914, 58.032484219944266]}, "properties": {"id": "557", "stedsnavn": "Mandal ", "kommune": "Lindesnes", "vassdrag": "Jåbekken", "regine": "022.32A", "vurdering_raw": "Ikke hinder", "barrier_category": "Ikke hinder", "barrier_color": "#1a9641", "barrier_label": "Ikke et vandringshinder", "problem_beskrivelse": NaN, "diameter_cm": NaN, "lengde_m": 14.0, "kommentar": "Bru i størrelse. Grei bekk nedstrøms, kulvert ikke hinder ", "kommentar_utfyllende": "bru", "lon_opp": 7.506146472185472, "lat_opp": 58.03265108960063}}, {"type": "Feature", "geometry": {"type": "Point", "coordinates": [8.841643090942044, 58.66355145506707]}, "properties": {"id": "558", "stedsnavn": "Tvedestrand ", "kommune": "Tvedestrand", "vassdrag": NaN, "regine": "018.D", "vurdering_raw": "Partiell", "barrier_category": "Partiell", "barrier_color": "#fdae61", "barrier_label": "Delvis vandringshinder (partiell)", "problem_beskrivelse": NaN, "diameter_cm": NaN, "lengde_m": 25.0, "kommentar": "Ligger en den kvist i kulp nedstrøms, og er noe høyde opp mot kulvert. Mulig hinder ", "kommentar_utfyllende": "0", "lon_opp": 8.84213887922365, "lat_opp": 58.66362966088931}}, {"type": "Feature", "geometry": {"type": "Point", "coordinates": [8.722303817512492, 58.69266480261088]}, "properties": {"id": "559", "stedsnavn": "Vegårshei ", "kommune": "Åmli", "vassdrag": "Raudelva", "regine": "018.D", "vurdering_raw": "Ikke hinder", "barrier_category": "Ikke hinder", "barrier_color": "#1a9641", "barrier_label": "Ikke et vandringshinder", "problem_beskrivelse": NaN, "diameter_cm": NaN, "lengde_m": 12.0, "kommentar": "Ikke hinder, men er litt gjengrodd under bru. ", "kommentar_utfyllende": "bru", "lon_opp": 8.722082082057616, "lat_opp": 58.69273735892763}}, {"type": "Feature", "geometry": {"type": "Point", "coordinates": [9.120908259302029, 58.852015889755265]}, "properties": {"id": "560", "stedsnavn": "Gamle sørlandske (bekk mot gjerstadvannet, ved E18)", "kommune": "Gjerstad", "vassdrag": "Gjerstadvatnet, bekkefelt", "regine": "018.2D", "vurdering_raw": "Absolutt", "barrier_category": "Absolutt", "barrier_color": "#d7191c", "barrier_label": "Totalt vandringshinder (absolutt)", "problem_beskrivelse": NaN, "diameter_cm": NaN, "lengde_m": 17.0, "kommentar": "Selve brua er fin, men er bratt opp mot inngang, bør kunne klatres av noe fisk. Men er muligens naturlig hinder. Ligger og en hvitevare av et slag nede i kulp.", "kommentar_utfyllende": "bru", "lon_opp": 9.120634115672813, "lat_opp": 58.85212206630589}}, {"type": "Feature", "geometry": {"type": "Point", "coordinates": [8.645652254069, 58.686988362739946]}, "properties": {"id": "561", "stedsnavn": "Vegårshei", "kommune": "Åmli", "vassdrag": "Nelaug, bekkefelt", "regine": "019.C4", "vurdering_raw": "Ikke hinder", "barrier_category": "Ikke hinder", "barrier_color": "#1a9641", "barrier_label": "Ikke et vandringshinder", "problem_beskrivelse": NaN, "diameter_cm": NaN, "lengde_m": 8.0, "kommentar": "Usikker på dybde siden vannet er såpass uklart. Ikke hinder ", "kommentar_utfyllende": "0", "lon_opp": 8.645662204412758, "lat_opp": 58.68710251375001}}, {"type": "Feature", "geometry": {"type": "Point", "coordinates": [9.034089082136854, 58.737256555945805]}, "properties": {"id": "562", "stedsnavn": "Gjerstad ", "kommune": "Risør", "vassdrag": "Hammarbekken", "regine": "018.221Z", "vurdering_raw": "Ikke hinder", "barrier_category": "Ikke hinder", "barrier_color": "#1a9641", "barrier_label": "Ikke et vandringshinder", "problem_beskrivelse": NaN, "diameter_cm": NaN, "lengde_m": 14.0, "kommentar": "Bru i størrelse, rundt 500cm ikke hinder. Mulig bekk er for bratt nedstrøms. ", "kommentar_utfyllende": "bru", "lon_opp": 9.034095748044495, "lat_opp": 58.73736046451683}}, {"type": "Feature", "geometry": {"type": "Point", "coordinates": [8.916052929456658, 58.537304641412895]}, "properties": {"id": "563", "stedsnavn": "Kystveien (bekk mellom Bjellandsvannet og Jorunnstadkilen)", "kommune": "Arendal", "vassdrag": "Flostadøysund, bekkefelt", "regine": "018.712", "vurdering_raw": "Absolutt", "barrier_category": "Absolutt", "barrier_color": "#d7191c", "barrier_label": "Totalt vandringshinder (absolutt)", "problem_beskrivelse": NaN, "diameter_cm": NaN, "lengde_m": 10.0, "kommentar": "Vandringshinder på grunn av gammelt ålekar. Går en vannledning gjennom kulvert. Men er helt tørt nedstrøms og under bru.", "kommentar_utfyllende": "bru", "lon_opp": 8.915665827620778, "lat_opp": 58.537422788324555}}, {"type": "Feature", "geometry": {"type": "Point", "coordinates": [8.83135916311205, 58.6711490138341]}, "properties": {"id": "564", "stedsnavn": "Tvedestrand ", "kommune": "Vegårshei", "vassdrag": "Ubergsvatnet, bekkefelt", "regine": "018.D", "vurdering_raw": "Ikke hinder", "barrier_category": "Ikke hinder", "barrier_color": "#1a9641", "barrier_label": "Ikke et vandringshinder", "problem_beskrivelse": NaN, "diameter_cm": NaN, "lengde_m": 16.0, "kommentar": "Bru ser fin ut. Noe vann rett under bru, ellers er bekk tør. Mye vegetasjon i bekk. ", "kommentar_utfyllende": "bru", "lon_opp": 8.831383981645594, "lat_opp": 58.67135818976996}}, {"type": "Feature", "geometry": {"type": "Point", "coordinates": [8.389824132711043, 58.26079806495941]}, "properties": {"id": "565", "stedsnavn": "Lillesand ", "kommune": "Lillesand", "vassdrag": "Moelva", "regine": "020.2Z", "vurdering_raw": "Ikke hinder", "barrier_category": "Ikke hinder", "barrier_color": "#1a9641", "barrier_label": "Ikke et vandringshinder", "problem_beskrivelse": NaN, "diameter_cm": NaN, "lengde_m": 20.0, "kommentar": "Denne brua er grei, men her kan bekk stenges hvis der havner mye kvist og søppel ned ", "kommentar_utfyllende": "0", "lon_opp": 8.389487251545853, "lat_opp": 58.26094008617085}}, {"type": "Feature", "geometry": {"type": "Point", "coordinates": [8.581204792386636, 58.33294354008398]}, "properties": {"id": "566", "stedsnavn": "Grimstad ", "kommune": "Grimstad", "vassdrag": "Groosfjorden, bekkefelt", "regine": "019.216Z", "vurdering_raw": "Ikke hinder", "barrier_category": "Ikke hinder", "barrier_color": "#1a9641", "barrier_label": "Ikke et vandringshinder", "problem_beskrivelse": NaN, "diameter_cm": NaN, "lengde_m": 0.0, "kommentar": "Bru, breiere en 250cm, ikke hinder ", "kommentar_utfyllende": "bru", "lon_opp": 8.581031913156156, "lat_opp": 58.33308584604221}}, {"type": "Feature", "geometry": {"type": "Point", "coordinates": [7.943033840963303, 58.10953640324376]}, "properties": {"id": "569", "stedsnavn": "langenesveien", "kommune": "Kristiansand", "vassdrag": "Kristiansandsfjorden indre bekkefelt", "regine": "021.23Z", "vurdering_raw": "Ikke hinder", "barrier_category": "Ikke hinder", "barrier_color": "#1a9641", "barrier_label": "Ikke et vandringshinder", "problem_beskrivelse": NaN, "diameter_cm": NaN, "lengde_m": NaN, "kommentar": "sannsynligvis bare drenering, SER IKKE noe oppstrems ", "kommentar_utfyllende": "drensrør", "lon_opp": null, "lat_opp": null}}, {"type": "Feature", "geometry": {"type": "Point", "coordinates": [8.874555308058572, 58.592962523307136]}, "properties": {"id": "572", "stedsnavn": "Tvedestrand ", "kommune": "Tvedestrand", "vassdrag": NaN, "regine": "018.C2Z", "vurdering_raw": "Ikke hinder", "barrier_category": "Ikke hinder", "barrier_color": "#1a9641", "barrier_label": "Ikke et vandringshinder", "problem_beskrivelse": NaN, "diameter_cm": NaN, "lengde_m": NaN, "kommentar": "Gammel steinkulvert. Mer redusert bekk, men kulvert ok. ", "kommentar_utfyllende": "0", "lon_opp": null, "lat_opp": null}}, {"type": "Feature", "geometry": {"type": "Point", "coordinates": [7.834619059215337, 58.11120395867544]}, "properties": {"id": "575", "stedsnavn": "Søgne ", "kommune": "Kristiansand", "vassdrag": "Søgneelva - Brennåsen til utløp", "regine": "022.1A12", "vurdering_raw": "Ikke hinder", "barrier_category": "Ikke hinder", "barrier_color": "#1a9641", "barrier_label": "Ikke et vandringshinder", "problem_beskrivelse": NaN, "diameter_cm": NaN, "lengde_m": NaN, "kommentar": "Drenering fra kum, selv om det er bekk på oversiden ", "kommentar_utfyllende": "drensrør", "lon_opp": null, "lat_opp": null}}, {"type": "Feature", "geometry": {"type": "Point", "coordinates": [8.016557983803466, 58.242750786425155]}, "properties": {"id": "576", "stedsnavn": "Ålefjærveien (sidebekk til bekk som renner ut i Skjedvannet)", "kommune": "Kristiansand", "vassdrag": "Ålefjærfjorden bekkefelt", "regine": "021.121Z", "vurdering_raw": "Ikke hinder", "barrier_category": "Ikke hinder", "barrier_color": "#1a9641", "barrier_label": "Ikke et vandringshinder", "problem_beskrivelse": NaN, "diameter_cm": NaN, "lengde_m": NaN, "kommentar": "Tørt bekkelei, finner ikke innløp, men er en tør bekk på andre siden av veien, gammelt rør muligens ", "kommentar_utfyllende": "drensrør", "lon_opp": null, "lat_opp": null}}, {"type": "Feature", "geometry": {"type": "Point", "coordinates": [9.088214189612927, 58.83859005288045]}, "properties": {"id": "584", "stedsnavn": "Gjerstad ", "kommune": "Gjerstad", "vassdrag": "Sunda", "regine": "018.2C", "vurdering_raw": "Ikke hinder", "barrier_category": "Ikke hinder", "barrier_color": "#1a9641", "barrier_label": "Ikke et vandringshinder", "problem_beskrivelse": NaN, "diameter_cm": NaN, "lengde_m": 0.0, "kommentar": "Sidekulvert ved bru. Vann renner nordover, vet ikke om det er vanlig, eller bare et resultat av lav vannstand. Denne er litt tør i fremkant. Men regner med fisk kan passere under bru ", "kommentar_utfyllende": "irrelevant", "lon_opp": 9.088432940613012, "lat_opp": 58.83846433268186}}, {"type": "Feature", "geometry": {"type": "Point", "coordinates": [9.06278310707617, 58.629346607300825]}, "properties": {"id": "588", "stedsnavn": "Tvedestrand. ", "kommune": NaN, "vassdrag": NaN, "regine": "018.52", "vurdering_raw": "Partiell", "barrier_category": "Partiell", "barrier_color": "#fdae61", "barrier_label": "Delvis vandringshinder (partiell)", "problem_beskrivelse": NaN, "diameter_cm": NaN, "lengde_m": NaN, "kommentar": "Kom oppstrøms, ikke ordentlig bekk oppstrøms heller ", "kommentar_utfyllende": "0", "lon_opp": null, "lat_opp": null}}, {"type": "Feature", "geometry": {"type": "Point", "coordinates": [8.119719137630026, 58.13584569697544]}, "properties": {"id": "593", "stedsnavn": "Frikstad", "kommune": "Kristiansand", "vassdrag": "Dollsvågbekken", "regine": "020.4232Z", "vurdering_raw": "Ikke hinder", "barrier_category": "Ikke hinder", "barrier_color": "#1a9641", "barrier_label": "Ikke et vandringshinder", "problem_beskrivelse": NaN, "diameter_cm": NaN, "lengde_m": 0.0, "kommentar": "fin bekk som renner greit", "kommentar_utfyllende": "0", "lon_opp": 8.118513347096348, "lat_opp": 58.1358845262941}}, {"type": "Feature", "geometry": {"type": "Point", "coordinates": [8.978688849303946, 58.558488276705035]}, "properties": {"id": "598", "stedsnavn": "Tverrdalsøyveien (bekk mellom Tjønna og Staubøfjorden)", "kommune": "Arendal", "vassdrag": NaN, "regine": "018.711", "vurdering_raw": "Absolutt", "barrier_category": "Absolutt", "barrier_color": "#d7191c", "barrier_label": "Totalt vandringshinder (absolutt)", "problem_beskrivelse": NaN, "diameter_cm": NaN, "lengde_m": 25.0, "kommentar": "Kulvert ender i plastrør nedstrøms, regner med at denne kulverten er så kronglete invendig at denne blir hinder og mulig barriere for fisk. ", "kommentar_utfyllende": "0", "lon_opp": 8.9795650650844, "lat_opp": 58.55870824446476}}, {"type": "Feature", "geometry": {"type": "Point", "coordinates": [8.889679916903816, 58.57156383994334]}, "properties": {"id": "599", "stedsnavn": "Tvedestrand ", "kommune": "Tvedestrand", "vassdrag": "Langangselva bekkefelt", "regine": "018.7AZ", "vurdering_raw": "Partiell", "barrier_category": "Partiell", "barrier_color": "#fdae61", "barrier_label": "Delvis vandringshinder (partiell)", "problem_beskrivelse": NaN, "diameter_cm": NaN, "lengde_m": 0.0, "kommentar": "Ser ikke gjennom denne, usikker på hinder. Ser ok ut nedstrøms", "kommentar_utfyllende": "0", "lon_opp": 8.889828696951435, "lat_opp": 58.57169142052398}}, {"type": "Feature", "geometry": {"type": "Point", "coordinates": [7.942653179741999, 58.109359936722406]}, "properties": {"id": "601", "stedsnavn": "langenesveien", "kommune": "Kristiansand", "vassdrag": "Kristiansandsfjorden indre bekkefelt", "regine": "021.23Z", "vurdering_raw": "Ikke hinder", "barrier_category": "Ikke hinder", "barrier_color": "#1a9641", "barrier_label": "Ikke et vandringshinder", "problem_beskrivelse": NaN, "diameter_cm": NaN, "lengde_m": NaN, "kommentar": "tror ikke dette røret er fisketransporterende, sannsynligvis bare drenering", "kommentar_utfyllende": "drensrør", "lon_opp": null, "lat_opp": null}}, {"type": "Feature", "geometry": {"type": "Point", "coordinates": [8.88008817083814, 58.525125062335825]}, "properties": {"id": "608", "stedsnavn": "Arendal ", "kommune": "Arendal", "vassdrag": "Bekk fra Strengereidvannet", "regine": "018.712", "vurdering_raw": "Ikke angitt", "barrier_category": "Ikke angitt", "barrier_color": "#999999", "barrier_label": "Ikke vurdert / mangler data", "problem_beskrivelse": NaN, "diameter_cm": NaN, "lengde_m": NaN, "kommentar": "Jeg ser verken innløp eller utløp fra kulvert på grunn av vegetasjon. Vandring kan også være vanskelig på grunn av høyde oppstrøms. Denne bør nok ses videre på ", "kommentar_utfyllende": "0", "lon_opp": null, "lat_opp": null}}, {"type": "Feature", "geometry": {"type": "Point", "coordinates": [7.44820465256441, 58.03490231219719]}, "properties": {"id": "610", "stedsnavn": "Ulvegjelet", "kommune": "Lindesnes", "vassdrag": NaN, "regine": "022.42", "vurdering_raw": "Ikke hinder", "barrier_category": "Ikke hinder", "barrier_color": "#1a9641", "barrier_label": "Ikke et vandringshinder", "problem_beskrivelse": NaN, "diameter_cm": NaN, "lengde_m": 10.0, "kommentar": "Observert fisk i bekken", "kommentar_utfyllende": "bru", "lon_opp": 7.449003436606553, "lat_opp": 58.034943003966426}}, {"type": "Feature", "geometry": {"type": "Point", "coordinates": [7.73533685773382, 58.142999181517254]}, "properties": {"id": "611", "stedsnavn": "Mandal ", "kommune": "Kristiansand", "vassdrag": "Trondstadvatnet bekkefelt", "regine": "022.2B0", "vurdering_raw": "Ikke hinder", "barrier_category": "Ikke hinder", "barrier_color": "#1a9641", "barrier_label": "Ikke et vandringshinder", "problem_beskrivelse": NaN, "diameter_cm": NaN, "lengde_m": NaN, "kommentar": "Hinder, veldig mye stigning og alt for høyt opp mot kulvert", "kommentar_utfyllende": "0", "lon_opp": null, "lat_opp": null}}, {"type": "Feature", "geometry": {"type": "Point", "coordinates": [7.511314584672761, 58.015791474270465]}, "properties": {"id": "617", "stedsnavn": "Mandal ", "kommune": "Lindesnes", "vassdrag": "Mannefjorden bekkefelt", "regine": "022.322", "vurdering_raw": "Ikke hinder", "barrier_category": "Ikke hinder", "barrier_color": "#1a9641", "barrier_label": "Ikke et vandringshinder", "problem_beskrivelse": NaN, "diameter_cm": NaN, "lengde_m": NaN, "kommentar": "Stikkrenne ikke hinder. Men veldig mudrete sediment og vann nedstøms. Her kommer også den mindre plaststikkrennen ut. ", "kommentar_utfyllende": "0", "lon_opp": null, "lat_opp": null}}, {"type": "Feature", "geometry": {"type": "Point", "coordinates": [8.621483433819673, 58.43466939489362]}, "properties": {"id": "624", "stedsnavn": "Jernbaneveien (sidebekk Nesevja, som renner ut i Nidelva)", "kommune": "Arendal", "vassdrag": "Nidelva Furre - Rygene kraftverk bekkefelt", "regine": "019.B1", "vurdering_raw": "Absolutt", "barrier_category": "Absolutt", "barrier_color": "#d7191c", "barrier_label": "Totalt vandringshinder (absolutt)", "problem_beskrivelse": NaN, "diameter_cm": NaN, "lengde_m": 6.0, "kommentar": "Et av betongelementene i kulverten er løsnet, og kulvert ser noe stengt ut mellom disse. Ser derfor ut som hinder ", "kommentar_utfyllende": "0", "lon_opp": 8.621737098758544, "lat_opp": 58.43475615956449}}, {"type": "Feature", "geometry": {"type": "Point", "coordinates": [7.300149948214103, 58.078153101185684]}, "properties": {"id": "626", "stedsnavn": "Vasekleiva", "kommune": "Lindesnes", "vassdrag": NaN, "regine": "023.A21", "vurdering_raw": "Partiell", "barrier_category": "Partiell", "barrier_color": "#fdae61", "barrier_label": "Delvis vandringshinder (partiell)", "problem_beskrivelse": NaN, "diameter_cm": NaN, "lengde_m": 18.0, "kommentar": "Litt dårlig stand lengre ned, oppstrøms er det tørt å dårlig så kulverten i seg selv er ikke et hinder men lengre opp er det.", "kommentar_utfyllende": "0", "lon_opp": 7.632237056124671, "lat_opp": 58.16570135437457}}, {"type": "Feature", "geometry": {"type": "Point", "coordinates": [8.024084682541181, 58.215651199515946]}, "properties": {"id": "627", "stedsnavn": "ålefjær", "kommune": "Kristiansand", "vassdrag": NaN, "regine": "021.122Z", "vurdering_raw": "Ikke hinder", "barrier_category": "Ikke hinder", "barrier_color": "#1a9641", "barrier_label": "Ikke et vandringshinder", "problem_beskrivelse": NaN, "diameter_cm": NaN, "lengde_m": 10.0, "kommentar": "kuverter er vel i hovedsak bare drenering, sannsynlig hinder, lite vann  lite vannføring. sannsynligvis ikke gytebekk. ", "kommentar_utfyllende": "drensrør", "lon_opp": 8.024227627078806, "lat_opp": 58.215698389015884}}, {"type": "Feature", "geometry": {"type": "Point", "coordinates": [8.775595741097021, 58.7191730629407]}, "properties": {"id": "628", "stedsnavn": "Vegårshei ", "kommune": "Vegårshei", "vassdrag": "Storelva - Hauglandselva bekkefelt", "regine": "018.E", "vurdering_raw": "Absolutt", "barrier_category": "Absolutt", "barrier_color": "#d7191c", "barrier_label": "Totalt vandringshinder (absolutt)", "problem_beskrivelse": NaN, "diameter_cm": NaN, "lengde_m": 12.0, "kommentar": "Denne ser tett ut oppstrøms. Ligger veldig lavt. Er mye vann på begge sider. ", "kommentar_utfyllende": "0", "lon_opp": 8.775776386458695, "lat_opp": 58.71928627838486}}, {"type": "Feature", "geometry": {"type": "Point", "coordinates": [8.027000561161405, 58.22034681431815]}, "properties": {"id": "629", "stedsnavn": "ålefjær", "kommune": "Kristiansand", "vassdrag": NaN, "regine": "021.121Z", "vurdering_raw": "Partiell", "barrier_category": "Partiell", "barrier_color": "#fdae61", "barrier_label": "Delvis vandringshinder (partiell)", "problem_beskrivelse": NaN, "diameter_cm": NaN, "lengde_m": 10.0, "kommentar": "usikker på om dette er et sted fisk vandrer, avhengig av kontakt med insjø, noe usannsynlig. må ha vannføring for å være fisketransporterende.  ", "kommentar_utfyllende": "Liten bekk", "lon_opp": 8.026815583352526, "lat_opp": 58.22035362388725}}, {"type": "Feature", "geometry": {"type": "Point", "coordinates": [8.022142512585479, 58.232800800965975]}, "properties": {"id": "630", "stedsnavn": "Ålefjær", "kommune": "Kristiansand", "vassdrag": NaN, "regine": "021.1210", "vurdering_raw": "Ikke hinder", "barrier_category": "Ikke hinder", "barrier_color": "#1a9641", "barrier_label": "Ikke et vandringshinder", "problem_beskrivelse": NaN, "diameter_cm": NaN, "lengde_m": 20.0, "kommentar": "Vil sannsynligvis ikke være vandringshinder ved høyere vannføring. Er litt Bakke fra bekken opp mot kulvert, men bør gå bra. Er betongrør nederst og firkantet brokonstrukskon oppstrøms. Er veldig tørt nå, men ellers fin kantvegetasjon og bunnforhold.", "kommentar_utfyllende": "0", "lon_opp": 8.021807615441038, "lat_opp": 58.232856235934065}}, {"type": "Feature", "geometry": {"type": "Point", "coordinates": [8.578279593240621, 58.43995088785569]}, "properties": {"id": "631", "stedsnavn": "Arendal ", "kommune": "Arendal", "vassdrag": "Mørløsvatnet - Nidelva, bekkefelt", "regine": "019.B20", "vurdering_raw": "Partiell", "barrier_category": "Partiell", "barrier_color": "#fdae61", "barrier_label": "Delvis vandringshinder (partiell)", "problem_beskrivelse": NaN, "diameter_cm": NaN, "lengde_m": NaN, "kommentar": "Gjenfinnes ikke oppstrøms. Litt lite vann, og svært stillestående vann. ", "kommentar_utfyllende": "0", "lon_opp": null, "lat_opp": null}}, {"type": "Feature", "geometry": {"type": "Point", "coordinates": [7.846511123113976, 58.140278675158086]}, "properties": {"id": "634", "stedsnavn": "Birkenesvegen (sidebekk Sogndalselva)", "kommune": "Kristiansand", "vassdrag": "Songdalselva - Samløp Sogna og Gumpedalselva til Brennåsen", "regine": "022.1B50", "vurdering_raw": "Absolutt", "barrier_category": "Absolutt", "barrier_color": "#d7191c", "barrier_label": "Totalt vandringshinder (absolutt)", "problem_beskrivelse": NaN, "diameter_cm": NaN, "lengde_m": 12.0, "kommentar": "Må utbedres. Lav kulvert rundt 220cm bred. Stengt oppstrøms av slam og kvist. Vandringsbarriere som den er nå. Ser fisk nedstrøms. ", "kommentar_utfyllende": "0", "lon_opp": 7.846144822170051, "lat_opp": 58.140181052917}}, {"type": "Feature", "geometry": {"type": "Point", "coordinates": [7.768065533079782, 58.08012068844]}, "properties": {"id": "635", "stedsnavn": "0", "kommune": "Kristiansand", "vassdrag": "Torvefjorden bekkefelt", "regine": "022.221", "vurdering_raw": "Partiell", "barrier_category": "Partiell", "barrier_color": "#fdae61", "barrier_label": "Delvis vandringshinder (partiell)", "problem_beskrivelse": NaN, "diameter_cm": NaN, "lengde_m": NaN, "kommentar": "Bare drenering ", "kommentar_utfyllende": "0", "lon_opp": null, "lat_opp": null}}, {"type": "Feature", "geometry": {"type": "Point", "coordinates": [8.849695489593667, 58.62758959995547]}, "properties": {"id": "663", "stedsnavn": "Tvedestrand ", "kommune": "Tvedestrand", "vassdrag": "Storelva Ubergsvann - Songevann bekkefelt", "regine": "018.C12", "vurdering_raw": "Ikke hinder", "barrier_category": "Ikke hinder", "barrier_color": "#1a9641", "barrier_label": "Ikke et vandringshinder", "problem_beskrivelse": NaN, "diameter_cm": NaN, "lengde_m": 12.0, "kommentar": "Kulvert ser ikke ut som vandringshinder. Lav vannføring når denne ble undersøkt. Derfor tåkete og stillestående vann. ", "kommentar_utfyllende": "0", "lon_opp": 8.849585569307864, "lat_opp": 58.62767863667521}}, {"type": "Feature", "geometry": {"type": "Point", "coordinates": [8.999329741104914, 58.69312624163363]}, "properties": {"id": "664", "stedsnavn": "Songeveien ", "kommune": "Tvedestrand", "vassdrag": "Songebekken, inkl. bekkefelt", "regine": "018.32Z", "vurdering_raw": "Absolutt", "barrier_category": "Absolutt", "barrier_color": "#d7191c", "barrier_label": "Totalt vandringshinder (absolutt)", "problem_beskrivelse": NaN, "diameter_cm": NaN, "lengde_m": 0.0, "kommentar": "Sannsynligvis hinder, mulig barriere. Bør ses på. Litt høyde mot kulverter. 3 rør totalt. 2 som kanskje kan vandres. Usikker på hinder, siden jeg ikke ser igjennom rørene. Vann går ikke 100% gjennom kulvert. Noe lekkasje. Derfor mulig hinder. ", "kommentar_utfyllende": "0", "lon_opp": 8.999069413779969, "lat_opp": 58.69330014955871}}, {"type": "Feature", "geometry": {"type": "Point", "coordinates": [8.43363996246223, 58.35484346122987]}, "properties": {"id": "754", "stedsnavn": "Grimstad ", "kommune": "Grimstad", "vassdrag": "Reddalsåna", "regine": "019.2D", "vurdering_raw": "Ikke hinder", "barrier_category": "Ikke hinder", "barrier_color": "#1a9641", "barrier_label": "Ikke et vandringshinder", "problem_beskrivelse": NaN, "diameter_cm": NaN, "lengde_m": NaN, "kommentar": "Fin kulvert, ser fisk. Ikke hinder. ", "kommentar_utfyllende": "0", "lon_opp": null, "lat_opp": null}}, {"type": "Feature", "geometry": {"type": "Point", "coordinates": [7.4927536420203555, 59.271267195505004]}, "properties": {"id": "770", "stedsnavn": "Bykle ", "kommune": "Valle", "vassdrag": "Otra - Bykil til Flåren bekkfelt", "regine": "021.F53Z", "vurdering_raw": "Ikke hinder", "barrier_category": "Ikke hinder", "barrier_color": "#1a9641", "barrier_label": "Ikke et vandringshinder", "problem_beskrivelse": NaN, "diameter_cm": NaN, "lengde_m": NaN, "kommentar": "Mye trafikk, derfor kort kartlegging. Bekk så bratt oppstrøms, at dette er et naturlig hinder. Kulvert ok.", "kommentar_utfyllende": "0", "lon_opp": null, "lat_opp": null}}, {"type": "Feature", "geometry": {"type": "Point", "coordinates": [8.422532312517301, 58.35075166792983]}, "properties": {"id": "774", "stedsnavn": "Nygrenda 3596 (mulig bekk ender i Reddalsvannet)", "kommune": "Grimstad", "vassdrag": "Reddalsåna, bekkefelt", "regine": "019.2D", "vurdering_raw": "Absolutt", "barrier_category": "Absolutt", "barrier_color": "#d7191c", "barrier_label": "Totalt vandringshinder (absolutt)", "problem_beskrivelse": NaN, "diameter_cm": NaN, "lengde_m": NaN, "kommentar": "Fin oppstrøms, veldig høyt til kulvert. Noe hinder, mulig barriere. Men noe fisk bør kunne passere ved høy vannføring.", "kommentar_utfyllende": "0", "lon_opp": null, "lat_opp": null}}, {"type": "Feature", "geometry": {"type": "Point", "coordinates": [8.182215499916563, 58.27593530543009]}, "properties": {"id": "789", "stedsnavn": "Birkenes ", "kommune": "Birkenes", "vassdrag": NaN, "regine": "020.A6", "vurdering_raw": "Nedstr hinder", "barrier_category": "Nedstrøms hinder", "barrier_color": "#984ea3", "barrier_label": "Hinder kun nedstrøms", "problem_beskrivelse": NaN, "diameter_cm": NaN, "lengde_m": NaN, "kommentar": "Ikke mulig å vandre opp fra elv, men en del fisk vil sikkert kunne komme ned til elv, men ikke opp. Kulvert fin ", "kommentar_utfyllende": "0", "lon_opp": null, "lat_opp": null}}, {"type": "Feature", "geometry": {"type": "Point", "coordinates": [8.383214940495497, 58.41791157032792]}, "properties": {"id": "807", "stedsnavn": "Grumstsd ", "kommune": "Grimstad", "vassdrag": "Hålandsbekken", "regine": "019.AD", "vurdering_raw": "Partiell", "barrier_category": "Partiell", "barrier_color": "#fdae61", "barrier_label": "Delvis vandringshinder (partiell)", "problem_beskrivelse": NaN, "diameter_cm": NaN, "lengde_m": NaN, "kommentar": "Sannsynligvis drenering fra mye, ikke økologisk interessant.", "kommentar_utfyllende": "0", "lon_opp": null, "lat_opp": null}}, {"type": "Feature", "geometry": {"type": "Point", "coordinates": [7.956007970643622, 58.112351698799294]}, "properties": {"id": "808", "stedsnavn": "skjosbukten", "kommune": NaN, "vassdrag": "Kristiansandsfjorden indre bekkefelt", "regine": "021.23Z", "vurdering_raw": "Ikke hinder", "barrier_category": "Ikke hinder", "barrier_color": "#1a9641", "barrier_label": "Ikke et vandringshinder", "problem_beskrivelse": NaN, "diameter_cm": NaN, "lengde_m": NaN, "kommentar": "langt rør, men gjennfinnes ikke oppstrøms sannsynslig vandringshinder,stor ål i åpningen", "kommentar_utfyllende": "delvis hinder", "lon_opp": null, "lat_opp": null}}, {"type": "Feature", "geometry": {"type": "Point", "coordinates": [8.750076081925968, 58.783342582944854]}, "properties": {"id": "810", "stedsnavn": "Vegårshei ", "kommune": "Vegårshei", "vassdrag": "Vegår bekkefelt", "regine": "018.F", "vurdering_raw": "Partiell", "barrier_category": "Partiell", "barrier_color": "#fdae61", "barrier_label": "Delvis vandringshinder (partiell)", "problem_beskrivelse": NaN, "diameter_cm": NaN, "lengde_m": NaN, "kommentar": "Grei gammel bru, bekk tettet av kvist oppstrøms. ", "kommentar_utfyllende": "bru", "lon_opp": null, "lat_opp": null}}, {"type": "Feature", "geometry": {"type": "Point", "coordinates": [7.94337313126829, 58.10971456474972]}, "properties": {"id": "812", "stedsnavn": "0", "kommune": NaN, "vassdrag": "Kristiansandsfjorden indre bekkefelt", "regine": "021.23Z", "vurdering_raw": "Ikke hinder", "barrier_category": "Ikke hinder", "barrier_color": "#1a9641", "barrier_label": "Ikke et vandringshinder", "problem_beskrivelse": NaN, "diameter_cm": NaN, "lengde_m": NaN, "kommentar": "ikke funnet ", "kommentar_utfyllende": "drensrør", "lon_opp": null, "lat_opp": null}}, {"type": "Feature", "geometry": {"type": "Point", "coordinates": [7.8505089251922175, 58.143250307878695]}, "properties": {"id": "813", "stedsnavn": "Sogndalsvegen (sidebekk Sogndalselva)", "kommune": NaN, "vassdrag": "Songdalselva - Samløp Sogna og Gumpedalselva til Brennåsen", "regine": "022.1B50", "vurdering_raw": "Absolutt", "barrier_category": "Absolutt", "barrier_color": "#d7191c", "barrier_label": "Totalt vandringshinder (absolutt)", "problem_beskrivelse": NaN, "diameter_cm": NaN, "lengde_m": 12.0, "kommentar": "Vanskelig å forsere, rør sannsynligvis tett. Barriere ", "kommentar_utfyllende": "0", "lon_opp": 7.85080178267912, "lat_opp": 58.1433336828341}}, {"type": "Feature", "geometry": {"type": "Point", "coordinates": [8.234447513568684, 58.14066328445445]}, "properties": {"id": "814", "stedsnavn": "Høvåg ", "kommune": NaN, "vassdrag": "Bliksfjorden - Røynevardsfjorden, bekkefelt", "regine": "020.32", "vurdering_raw": "Partiell", "barrier_category": "Partiell", "barrier_color": "#fdae61", "barrier_label": "Delvis vandringshinder (partiell)", "problem_beskrivelse": NaN, "diameter_cm": NaN, "lengde_m": NaN, "kommentar": "Veldig tør bekk, noe slammete og jord som sediment.  Ikke beste habitatet nedstrøms, men ok. Bør ikke være hinder ", "kommentar_utfyllende": "bru", "lon_opp": null, "lat_opp": null}}, {"type": "Feature", "geometry": {"type": "Point", "coordinates": [7.471120252006413, 58.176314156003166]}, "properties": {"id": "815", "stedsnavn": "Mandal Spillingsveien (Storebekken mellom Øvre Gjellesvatn og Tjønna)", "kommune": NaN, "vassdrag": "Mandalselva - Laudal til Øyslebø bekkefelt", "regine": "022.B1Z", "vurdering_raw": "Absolutt", "barrier_category": "Absolutt", "barrier_color": "#d7191c", "barrier_label": "Totalt vandringshinder (absolutt)", "problem_beskrivelse": NaN, "diameter_cm": NaN, "lengde_m": NaN, "kommentar": "Kulvert tett i forkant av kvist, gammel bru 5 meter lengre nede også tett oppstrøms av kvist. Barriere for ål og anadrom fisk ", "kommentar_utfyllende": "0", "lon_opp": null, "lat_opp": null}}, {"type": "Feature", "geometry": {"type": "Point", "coordinates": [8.025703998546138, 58.2289750784812]}, "properties": {"id": "816", "stedsnavn": "Ålefjærveien ( bekk renner sannsynligvis ut i Ålefjærfjorden)", "kommune": "Kristiansand", "vassdrag": NaN, "regine": "021.1210", "vurdering_raw": "Absolutt", "barrier_category": "Absolutt", "barrier_color": "#d7191c", "barrier_label": "Totalt vandringshinder (absolutt)", "problem_beskrivelse": NaN, "diameter_cm": NaN, "lengde_m": 30.0, "kommentar": "Stort rør ned ender i mindre plastrør. Må sjekke om dette ender i fjorden og hvordan dette er. Sannsynlig hinder, renger med ikke 100% barriere ", "kommentar_utfyllende": "Lukket liten bekk", "lon_opp": 8.025264715486518, "lat_opp": 58.228703740231055}}, {"type": "Feature", "geometry": {"type": "Point", "coordinates": [8.795641685554207, 58.61906040730142]}, "properties": {"id": "817", "stedsnavn": "0", "kommune": NaN, "vassdrag": "Elv fra Øynesvann bekkefelt", "regine": "018.C23", "vurdering_raw": "Partiell", "barrier_category": "Partiell", "barrier_color": "#fdae61", "barrier_label": "Delvis vandringshinder (partiell)", "problem_beskrivelse": NaN, "diameter_cm": NaN, "lengde_m": 0.0, "kommentar": "Mulig høyde gjør denne til delvis hinder. Så en liten fisk nedstrøms. ", "kommentar_utfyllende": "0", "lon_opp": 8.795611110062104, "lat_opp": 58.619222577262896}}, {"type": "Feature", "geometry": {"type": "Point", "coordinates": [7.694244156563807, 58.04930444609644]}, "properties": {"id": "818", "stedsnavn": "Mandal ", "kommune": NaN, "vassdrag": "Kumlefjorden bekkfelt", "regine": "022.226", "vurdering_raw": "Partiell", "barrier_category": "Partiell", "barrier_color": "#fdae61", "barrier_label": "Delvis vandringshinder (partiell)", "problem_beskrivelse": NaN, "diameter_cm": NaN, "lengde_m": NaN, "kommentar": "Usikker, siden disse kulvertene ligger litt merkelig. Spesielt med tanke på hvordan rørene ligger under jorder. Og l åpningen før den lange kulverten. ", "kommentar_utfyllende": "0", "lon_opp": null, "lat_opp": null}}]}