id,stedsnavn,kommune,vassdrag,regine,vurdering_raw,barrier_category,barrier_color,barrier_label,problem_beskrivelse,diameter_cm,lengde_m,kommentar,kommentar_utfyllende,lon_ned,lat_ned,lon_opp,lat_opp
0,Mandal ,Lindesnes,Trondstadvatnet bekkefelt,022.2B0,Ikke hinder,Ikke hinder,#1a9641,Ikke et vandringshinder,,,8.0,"Plastkulvert, helt grei. Ikke hinder. Men noe lav vannføring ",0,7.7064635806860595,58.15165375992144,7.706280692768315,58.151549994802025
1,0,Kristiansand,,022.1B2,Ikke hinder,Ikke hinder,#1a9641,Ikke et vandringshinder,,,8.0,"Tørt og mye vegetasjon, som blokerer inngangen noe, men bør kunne vandres igjennom. ",0,7.848541805204263,58.133020447186105,7.84832767078219,58.13306475636125
2,0,Lillesand,,020.2230,Ikke angitt,Ikke angitt,#999999,Ikke vurdert / mangler data,,,30.0,Finner ikke nedstrøms ,bekkelukking,8.288955951862931,58.21548068353875,8.288942684159208,58.21591532324125
3,Ålefjærveien,Vennesla,Venneslafjorden bekkefelt,021.A4Z,Absolutt,Absolutt,#d7191c,Totalt vandringshinder (absolutt),,,12.0,"Lite rør, ser tett ut, men bør ellers kunne vandres gjennom. ",0,7.986672755476401,58.258661651931256,7.986551715212752,58.25858011189017
4,Dypvågveien (bekk Størdalstjenn),Tvedestrand,"Kråkvågbekken, inkl. bekkefelt",018.61Z,Absolutt,Absolutt,#d7191c,Totalt vandringshinder (absolutt),,,6.0,"Små plaststikkrenner, ikke passende for fisk og passere. Heller ikke særlig habitat oppstrøms. Hovedsak drenering fra landbruk ",0,9.040586180396705,58.62484902404701,9.041005035584694,58.62484067346484
5,Mandal ,,Mandalselva - Laudal til Øyslebø bekkefelt,022.B1Z,Partiell,Partiell,#fdae61,Delvis vandringshinder (partiell),,,8.0,"Bekk veldig gjengrodd og begrenset oppstrøms mot innsjøe. Kulvert litt høy og liten. Begrenset bekk nedstrøms. Hvis der kommer ål opp, så er kulvert hinder for ål ",0,7.466412045779061,58.177260028238926,7.466361869290596,58.17719635397226
6,Arendal,,,018.C2Z,Partiell,Partiell,#fdae61,Delvis vandringshinder (partiell),,,12.0,"Blir delvis blokkert av kvist oppstrøms. Fint habitat, men alt for stillestående og sølete vann. Kulvert ok ",0,8.84552757143892,58.57458109726584,8.845748164440822,58.57465720887846
7,Ålefjær ,Vennesla,Venneslafjorden bekkefelt,021.A4Z,Partiell,Partiell,#fdae61,Delvis vandringshinder (partiell),,,12.0,"Jeg går utifra at disse 3 rørene henger sammen,  tror at fisk hvis fisk kan passere vil denne uansett fungere som hinder i en grad  ",0,7.986730718291407,58.25867469568457,7.986551715212752,58.25858011189017
8,Kystveien ,Arendal,Songebekken,019.121Z,Absolutt,Absolutt,#d7191c,Totalt vandringshinder (absolutt),,,25.0,"Denne er sannsynligvis vandringsbarriere grunnet lite rør, og høy stigning",0,8.819975228863223,58.478525327562295,8.819946941067725,58.47891323932792
9,Søgne vgs ,Kristiansand,Søgneelva - Brennåsen til utløp,022.1A12,Ikke hinder,Ikke hinder,#1a9641,Ikke et vandringshinder,,,8.0,"Ubetydelig. Finner ikke 100% kulverten nedstrøms. Var tett på oppsiden, mulig gravd ned, eller fylt over. Sannsynligvis uansett ikke egnet for fisk ",drensrør,7.853428750100054,58.08812549012896,7.853540683981846,58.08818763363021
10,Arendal ,Froland,,019.B,Ikke hinder,Ikke hinder,#1a9641,Ikke et vandringshinder,,,8.0,"Ikke fiskehabitat, bare drenering ",0,8.670512125490392,58.51459764690054,8.670391571905808,58.514889205858836
11,Vegårshei ,Åmli,"Nelaug - Flaten, bekkefelt",019.C12,Ikke hinder,Ikke hinder,#1a9641,Ikke et vandringshinder,,,10.0,"Meir grøft en bekk, kulvert ikke hinder. Tørt ",0,8.689411915035985,58.649773628568944,8.689570084275555,58.649691652548086
12,Arendal,Arendal,,018.711,Partiell,Partiell,#fdae61,Delvis vandringshinder (partiell),,,0.0,Kulvert ikke hinder hvis der skulle bli nok vann ti bekken. Er veldig lite vann nedstrøms. Og helt tr,0,8.97109670158812,58.54394618913483,8.970914217878603,58.54399612880631
13,Høvåg ,Lillesand,Isefjærfjorden bekkefelt,020.41,Neppe fiskeførende,Neppe fiskeførende,#2c7fb8,Neppe fiskeførende bekk,,,8.0,"Bør nok gjennomspyles. Kulvert i seg selv ikke hinder sannsynligvis, men bekk nedstrøms er for bratt for vandring oppover ",0,8.242965688586223,58.18918512765732,8.242933455013194,58.189331641709714
15,Toftelandsveien (sidebekk Søgneleva),Kristiansand,Søgneelva - Brennåsen til utløp,022.1A12,Ikke hinder,Ikke hinder,#1a9641,Ikke et vandringshinder,,,12.0,"Ikke viktig! Sannsynligvis ikke fiskeførende. Veldig høy avstand fra elv og opp, leder heller ikke til egnet gytehabitat. ",drensrør,7.833230920375812,58.10764973340267,7.833625165136105,58.10760691864672
16,justvik,Kristiansand,Hemmingsvatnet,021.122Z,Ikke hinder,Ikke hinder,#1a9641,Ikke et vandringshinder,,,15.0,"usikker på om dette er utløp, hvis det er det, vil det være nødvendig med høyere vannstand for at fisk skal passere. tørt og Per nå 40 meter ut til innsjøen. ",drensrør,8.031894542555984,58.20620219927969,8.032232958607993,58.206055729621994
17,Arendal ,Arendal,,018.711,Partiell,Partiell,#fdae61,Delvis vandringshinder (partiell),,,10.0,"Bekk er helt tør nå, men bekkeleie nedstrøms bærer preg av at det vil være en bekk her når det er mer nedbør ",0,8.976070479602477,58.54494269744493,8.975946321455064,58.54496933071119
18,Grimstad ,Grimstad,"Amtedal-Penndalen, bekkefelt",019.22Z,Partiell,Partiell,#fdae61,Delvis vandringshinder (partiell),,,12.0,Kulvert vil sannsynligvis være hinder på grunn av høyde og diameter på rør. ,0,8.496024313758658,58.283676567586504,8.495817210965901,58.28353679366229
19,Arendal ,,,018.711,Partiell,Partiell,#fdae61,Delvis vandringshinder (partiell),,,18.0,"Selve kulvert er nok ikke vandringshinder, men bekk både oppstrøms og nedstrøms er svært redusert. Og mye potensielle hindere lengre ned i bekk. ",0,8.977387399830622,58.54051482006215,8.976797999014021,58.54065718517206
20,Moveien (sidebekk Mellomtjenn),Vegårshei,Vegårvasselva bekkefelt,018.F,Absolutt,Absolutt,#d7191c,Totalt vandringshinder (absolutt),,,10.0,"Ligger 2 betongstikkrenner, under den i plast. Disse ser tette ut, og kan ikke ses oppstrøms. ",0,8.857419811277023,58.83675032463096,8.857403343174342,58.83685408059794
21,Gjerstad ,Gjerstad,"Sunda, bekkefelt",018.2C,Partiell,Partiell,#fdae61,Delvis vandringshinder (partiell),,,8.0,"Kulvert liten, og ikke veldig fin bekk oppstrøms. ",0,9.06041475653373,58.8325242595514,9.060268027190263,58.8325857573404
22,Mandal ,Lindesnes,Eidsåna,022.AA1B,Partiell,Partiell,#fdae61,Delvis vandringshinder (partiell),,,12.0,"Merkelig bekkeløp nedstrøms. Usikker på om bekk er egnet for fisk. Kulvert isåfall kanskje mulig å passere, usikker",0,7.641946932751298,58.16809246804485,7.641601414444098,58.16834349234351
23,Ålefjær,Vennesla,Ålefjærfjorden bekkefelt,021.121Z,Ikke hinder,Ikke hinder,#1a9641,Ikke et vandringshinder,,,17.0,"Enten så er denne vinklet ellerRedusert vanndybde på grunn av mye slam og sediment i kulverten. Observerte ål/fisk, regner ikke denne for et vandringshinder. Noe tør, og er mulig sediment burde vært gravd ut. ",0,7.989388928449539,58.2507534696268,7.988686730879126,58.250679226830066
24,Vegårshei ,Vegårshei,"Ufsvatn, bekkefelt",019.C3,Ikke hinder,Ikke hinder,#1a9641,Ikke et vandringshinder,,,10.0,"Kan se alle tre utløpende nedstrøms, hvor 2 av disse kan ses igjennom. Tør bekk etter pytt nedstrøms. Ser frosk og rumpetroll nedstrøms. ",0,8.691330614498991,58.717320021135144,8.691227964485599,58.71726484682222
25,Kroken 3602 (''sidebekk'' fra Nidelva),Grimstad,Nidelva Furre - Rygene kraftverk bekkefelt,019.B1,Absolutt,Absolutt,#d7191c,Totalt vandringshinder (absolutt),,,15.0,"Denne vil være hinder hvis fisk kommer så langt opp. Er mye slam i stikkrenne, og denne er liten ",0,8.610475805061494,58.40395721516219,8.610526860182523,58.403755967471206
26,Mandal ,Kristiansand,Kumlefjorden bekkfelt,022.226,Partiell,Partiell,#fdae61,Delvis vandringshinder (partiell),,,20.0,"Setter usikker på hinder på denne, på grunn av lengden. Men grei bekk nedstrøms. Og fisk/ål kommer seg greit til inngang til kulverter ",0,7.6943439485872736,58.05063344553641,7.694199420139459,58.05021216064361
27,Søgne vgs ,Kristiansand,Søgneelva - Brennåsen til utløp,022.1A12,Ikke hinder,Ikke hinder,#1a9641,Ikke et vandringshinder,,,10.0,"Sannsynligvis grei å vandre gjennom. Stikkrenna er lav, og vil muligens være under vannstand ved mye vann. Er mye vegetasjon som delvis sperrer kulverten. Sannsynligvis ok for gjennomvandring",0,7.849617872314645,58.08977670785859,7.849597062021939,58.089921564061974
28,Arendal ,Arendal,,018.711,Partiell,Partiell,#fdae61,Delvis vandringshinder (partiell),,,15.0,"Usikker på om kulvert ville vært hinder, ved nok vann til å støtte fisk. Sannsynligvis ok. Helt tør bekk nedstrøms og oppstrøms ",0,8.965973251460088,58.542632561748306,8.965509278043037,58.542597258318224
29,Mandal 4 ,Lindesnes,Mandalselva - Øyslebø til Mandal,022.A6,Ikke hinder,Ikke hinder,#1a9641,Ikke et vandringshinder,,,8.0,"Ikke hinder, fin kulvert, noe lav. Grunneier ønsker bedre drenering før kulvert. ",0,7.491127159147046,58.04269700425536,7.49087623982932,58.042707343648104
30,langenesveien,Kristiansand,Kristiansandsfjorden indre bekkefelt,021.23Z,Partiell,Partiell,#fdae61,Delvis vandringshinder (partiell),,,10.0,"vann i røret, tørt å oversiden. sannsynligvis ikke vandringshinder. tørt etter RØR",Ubetydelig bekk?,7.940446214063587,58.10848373132569,7.9403838317549615,58.10852716456461
31,Arendal ,,,018.7B,Partiell,Partiell,#fdae61,Delvis vandringshinder (partiell),,,8.0,"Veldig stillestående vann, Ser ut som om det har begynt å dannes bekkeløp på siden av veien også. ",0,8.844037534098181,58.574126795344974,8.844241644817785,58.5741767900187
32,Arendal ,Arendal,"Assævannet, bekkefelt",019.A1Z,Partiell,Partiell,#fdae61,Delvis vandringshinder (partiell),,,13.0,"Fin steinkulvert. Er registrert som usikker i forhold til hinder fordi denne er smal og det samler seg noe kvist inni kulvert. Ikke nok til å være barriere, men kan gjøre gjennomvandring noe vanskeligere ",0,8.724842191975306,58.496969651252044,8.72497414767669,58.49705655962538
33,Mandal ,Lindesnes,Jåbekken bekkfelt,022.32A,Ikke hinder,Ikke hinder,#1a9641,Ikke et vandringshinder,,,12.0,Sannsynligvis grei. Men ligger en del fin sand inni stikkrenne. Mudrete substrat nedstrøms.,0,7.515886163424415,58.02717658036933,7.516027428404203,58.02706232437542
34,Arendal ,,,018.7B,Ikke hinder,Ikke hinder,#1a9641,Ikke et vandringshinder,,,8.0,Kulvert ser ok ut. Men vassdrag bør sjekkes lengre nede ,0,8.84471802448127,58.574292443226945,8.844948938260517,58.574351207913786
35,Arendal ,Arendal,,019.A1Z,Partiell,Partiell,#fdae61,Delvis vandringshinder (partiell),,,17.0,"Usikker på hinder på grunn av lengde, men fin ingang til kulvert og fint habitat nedstrøms ",0,8.687838960715485,58.4779067983464,8.687973030523134,58.47813538768054
36,Arendal ,Arendal,,018.72,Ikke hinder,Ikke hinder,#1a9641,Ikke et vandringshinder,,,10.0,"Grei kulvert, ikke hinder. ",0,8.832538043912331,58.48429261851648,8.831432324491383,58.48410390901754
37,Lagveien (bekk Gulspettvannet),,Elv Gulspettvannet -Størdalsvannet,018.5Z,Absolutt,Absolutt,#d7191c,Totalt vandringshinder (absolutt),,,7.0,"Kulvert noe hinder, ved lav vannføring lekker kulvert vann, og bekk er helt tør nedstrøms. Mulig bedre ved høyere vannføring ",0,9.084996644531888,58.66463153751595,9.085031103327596,58.66473039689407
38,Våjeveien (bekk mellom Molandsvann og Langangsvannet),,Sagenebekken,018.7A0,Absolutt,Absolutt,#d7191c,Totalt vandringshinder (absolutt),,,12.0,"100% barriere, ikke tydelig utløp fra kulvert, steinete utløp. I tillegg til gitter oppstrøms, gjør denne til barriere for oppvandring ",0,8.861998553366865,58.53720851117633,8.86167970717128,58.53715019391276
39,Arendal ,Arendal,,018.711,Ikke hinder,Ikke hinder,#1a9641,Ikke et vandringshinder,,,8.0,"Ikke vandringshinder, men veldig stillestående vann, med preg av avrenning fra landbruk. Med grei vannføring her kan dette være en gytebekk, hvis ikke blokkert lengre nede. ",0,8.97625662679943,58.54536564267731,8.976087383489087,58.545372805296836
40,langenesveien ,Kristiansand,Kristiansandsfjorden indre bekkefelt,021.23Z,Partiell,Partiell,#fdae61,Delvis vandringshinder (partiell),,,8.0,"barriere ved lav vannstand, men sannsynligvis passerer noe fisk. kjempebjørnekjeks langs bekken.",0,7.934765794440546,58.10734783593775,7.934741003405302,58.10720723092511
41,Søm,Lillesand,Kvåsefjorden - Kvarenesfjorden bekkefelt,020.4231,Ikke angitt,Ikke angitt,#999999,Ikke vurdert / mangler data,,,15.0,Gjennfinner ikke utløp,0,8.187363679630682,58.16371284120237,8.18688235294356,58.163981478299824
42,Arendal ,Arendal,,018.711,Ikke angitt,Ikke angitt,#999999,Ikke vurdert / mangler data,,,0.0,"Gjenfinnes ikke nedstrøms, mulig gravd over ",0,8.96946687153375,58.543643618796274,8.969517140232155,58.543561002899324
43,"Jernbaneveien (sidebekk Nesevja, som renner ut i Nidelva)",Arendal,Nidelva Furre - Rygene kraftverk bekkefelt,019.B1,Absolutt,Absolutt,#d7191c,Totalt vandringshinder (absolutt),,,20.0,"Nederste del av kulvert er løsnet, resten er fylt igjen med jord. ",0,8.621837618726902,58.4346229456585,8.621837470542038,58.43451059529082
44,Kristiansand ,Kristiansand,,020.A12,Ikke hinder,Ikke hinder,#1a9641,Ikke et vandringshinder,,,7.0,"Denne bør sjekkes om er anadrom strekning lengre nede, fin steinkulvert. Ikke hinder, men usikker på hvordan vannføring er her. Ikke noe vann nå ",0,8.118916793499354,58.22242958829019,8.11913539052131,58.22244182069623
45,Grimstad ,Grimstad,"Rore, bekkefelt",019.AZ,Partiell,Partiell,#fdae61,Delvis vandringshinder (partiell),,,12.0,En av rørene kunne nok med fordel ha vært litt lavere. Plaststikkrenne bør kunne passeres ved høyere vannføring. Er fisk nedstrøms som er fanget på grunn av lav vannstand. ,0,8.597269456876385,58.389026303926094,8.597414670858214,58.389029158404696
46,Audnedalsveien 1445,Lindesnes,,023.B110,Partiell,Partiell,#fdae61,Delvis vandringshinder (partiell),,,8.0,Lite vann i kulvert nå,0,7.346682188910784,58.193514453960795,7.355620203870434,58.189196544759994
47,Lillesand ,Lillesand,"Blindleia - Nesefjorden, bekkefelt",020.2220,Partiell,Partiell,#fdae61,Delvis vandringshinder (partiell),,,30.0,Underdimensjonert kulvert med tanke på lengde. Usikker på hvordan denne er å vandre gjennom.  Brakkvann nedstrøms. ,0,8.37629804713163,58.21868425071472,8.375663740911593,58.2188282407996
48,Bøylestadveien (grøft fra Østresolheimsvannet),Froland,,019.B31,Absolutt,Absolutt,#d7191c,Totalt vandringshinder (absolutt),,,0.0,"Kulvert er nok hinder, men ikke noe interessant habitat oppstrøms. ",0,8.695275777401317,58.55731563656097,8.695125576833734,58.55738649321876
49,Hødnebøveien (forbindelse mellom Skarvann og Lonene),Risør,"Skardvatnet, utløpselv",018.1C,Absolutt,Absolutt,#d7191c,Totalt vandringshinder (absolutt),,,10.0,"2 små kulverter, noe stengt av kvist oppstrøms. Grei vannføring, men noe hinder.",0,9.268877208285879,58.760610310839596,9.26869693597084,58.76064210215092
50,Moveien (Sidebekk Vegår),Vegårshei,Vegår bekkefelt,018.F,Absolutt,Absolutt,#d7191c,Totalt vandringshinder (absolutt),,,12.0,"Hinder, begge stikkrennene er tett oppstrøms, vann graver seg på siden av stikkrenner. litt kvist i bekk nedstrøms. Helt tør bekk. ",0,8.863482455720431,58.83429352525444,8.863658686497102,58.83438854960236
51,Eid 3980 (bekk renner ut i Kumlefjorden),Kristiansand,,022.226,Absolutt,Absolutt,#d7191c,Totalt vandringshinder (absolutt),,,14.0,Denne er jeg også usikker på. Er 2 stikkrenner i forskjellig diameter. Der det er litt høyde opp mot den største. Den lille har veldig høy vannhastighet. Ser for meg at denne er krevende for nåde anadrom fisk og ål. ,0,7.661778167754324,58.04306608624877,7.661554802989596,58.043099383246854
52,Vålandsveien (sidebekk Marendalselva),Tvedestrand,Elv fra Øynesvann bekkefelt,018.C23,Absolutt,Absolutt,#d7191c,Totalt vandringshinder (absolutt),,,14.0,"Tenker denne er hinder, da det er litt høyt fra vannflate til kulvert. Plus at siste del av stikkrenne ser ny ut. ",0,8.814197570039612,58.61317898412673,8.813894287737375,58.61318952073775
53,Mandal ,Lindesnes,Mannefjorden bekkefelt,022.322,Ikke hinder,Ikke hinder,#1a9641,Ikke et vandringshinder,,,12.0,Ser fisk nedstrøms. Kulvert ser ikke ut som hinder. Men bekk ser ut til å bære preg av avrenning fra anlegg lengre oppstrøms. ,0,7.512088283313803,58.01267548921741,7.5121735689324245,58.01274781431081
54,Mandal Finslandsvegen,Kristiansand,Meåna,022.AC5,Absolutt,Absolutt,#d7191c,Totalt vandringshinder (absolutt),,,8.0,"Helt tør bekk, og noe igjengrodd innløp. Skal mye vann her for st fisk skal kunne vandre. Sannsynlig bare drenering ",0,7.597104470633516,58.289770450975674,7.596894078028777,58.289597953481135
55,Fosseveien (Einermobekken),Kristiansand,,020.A40,Absolutt,Absolutt,#d7191c,Totalt vandringshinder (absolutt),,,15.0,"Vandringsbarriere, er 300cm til der jeg tror vanstanden vil være ved grei vannføring. ",0,8.145803794255023,58.251303636979316,8.145536832756058,58.251347122367555
56,Søm ,Kristiansand,Østergapet-ytre bekkefelt,020.4240,Ikke hinder,Ikke hinder,#1a9641,Ikke et vandringshinder,,,4.0,"Ikke under fylkesvei, på siden. Stikkrenne ligger lavt i bekken. Mye mudder og gjengrodd bekk. ",0,8.124151814546208,58.12894294120017,8.124874802292096,58.12886586892397
57,Frolandsveien (sidebekk Mårvannet),Froland,,019.A1Z,Ikke angitt,Ikke angitt,#999999,Ikke vurdert / mangler data,,,15.0,"Kulvert rast i front. Kulvert ser fin ut, lite vann. Men kan ikke se gjennom kulvert, derfor usikker på hinder. Grunneier mente denne holdt på å utbedres.",0,8.658800244910386,58.49188305081102,8.659174382535408,58.49209251281731
58,Tauleveien (bekk fra Skrubbedalstjenn),Grimstad,,019.A,Absolutt,Absolutt,#d7191c,Totalt vandringshinder (absolutt),,,15.0,"Tenker denne er lagt noe høyt. Bekk er helt tør nedstrøms. Er noe småfisk nedstrøms, men disse er fanget. ",0,8.598758793038211,58.38745449885496,8.598813341986068,58.38734242656702
59,Grimstad ,Grimstad,"Vestre Bjørkesund - Sønningdalsund, bekkefelt",020.11Z,Partiell,Partiell,#fdae61,Delvis vandringshinder (partiell),,,20.0,"Usikker på hinder. Liten stikkrenne. Helt tør, gjengtrodd bekk. ",0,8.467244363582807,58.27743066822811,8.46754251912873,58.27755464693959
60,gillsvannet,Kristiansand,,021.123Z,Absolutt,Absolutt,#d7191c,Totalt vandringshinder (absolutt),,,20.0,både gitter og stålplate nedstrøms vil gjøre dette til hinder  men ikke barriere. hvorfor plate? bedre vannføring hadde gjort ok.,"Hinder, uviktig bekk",8.034815589272762,58.19258889759248,8.035303118711044,58.19231158773588
62,Vegårshei ,Vegårshei,Vegårvasselva,018.G,Ikke hinder,Ikke hinder,#1a9641,Ikke et vandringshinder,,,10.0,"Noe redusert bekk, sannsynligvis ok. ",0,8.862274064005684,58.8359312095284,8.8624013115901,58.83596876851145
63,Vegårshei ,Vegårshei,Vegår bekkefelt,018.F,Ikke hinder,Ikke hinder,#1a9641,Ikke et vandringshinder,,,10.0,"Liten stikkrenne, men ser ok ut. ",0,8.87537120887543,58.83441226453825,8.875358563727753,58.83449899872373
64,Langangsveien (sidebekk Langangselva),Tvedestrand,Langangselva bekkefelt,018.7AZ,Absolutt,Absolutt,#d7191c,Totalt vandringshinder (absolutt),,,10.0,"Er en del kvist oppstrøms, som delvis blokerer. Ser fisk nedstrøms, lite vann. Men kulvert ser ok ut.",0,8.90637405732449,58.55767103734639,8.906273774015249,58.55756951180094
65,Arendal ,Arendal,Molandsvann bekkefelt,018.7B,Ikke hinder,Ikke hinder,#1a9641,Ikke et vandringshinder,,,12.0,"Veldig lite vann, men bør være fiskeførende ved høyere vannstand. Kulvert sannsynligvis ok ",0,8.834205642454117,58.554007124089445,8.834303298036634,58.554054779030174
66,Gjerstad ,Gjerstad,"Storelva (Lundvatnet - Gjerstadvatnet), bekkefelt",018.2E4,Ikke hinder,Ikke hinder,#1a9641,Ikke et vandringshinder,,,8.0,"Overraskende god vannkvalitet. Kulvert forsvinner under jorder på begge siders. Kulvert sannsynligvis grei, usikker på om det kommer fisk opp hit ",0,8.96610710441519,58.89803374841503,8.966299344300891,58.898225251116195
67,Arendal ,Arendal,Nidelva Furre - Rygene kraftverk bekkefelt,019.B1,Partiell,Partiell,#fdae61,Delvis vandringshinder (partiell),,,20.0,Noe landbrukspreget bekk. Usikker på hinder ,0,8.627417907185016,58.41353926482426,8.62762295582256,58.41384733524114
68,Gjerstad ,Gjerstad,,018.2C,Partiell,Partiell,#fdae61,Delvis vandringshinder (partiell),,,10.0,Mulig hinder. Lite vann og tre gjennom kulvert. ,0,9.032304761298798,58.8230061853995,9.032295924751722,58.82313127349909
69,Tregdeveien (bekk renner ut mot myr/Lillestøltjørna),Lindesnes,Harkmarkfjorden bekkfelt,022.321,Absolutt,Absolutt,#d7191c,Totalt vandringshinder (absolutt),,,12.0,Enten ligger denne veldig lavt. Ellers så er siste betongelementet løsnet. Ser ut som hinder. ,0,7.608622175270132,58.02206030989464,7.608406019730512,58.022093996248515
70,Mandal ,Kristiansand,Trysfjorden bekkefelt,022.22Z,Partiell,Partiell,#fdae61,Delvis vandringshinder (partiell),,,20.0,"Mulig hinder, er forskjellig rør i utløp og innløp. Så disse er koblet sammen under veien et sted. Kan være hinder. Bekk fin nedstrøms. Og der går vann gjennom kulvert. ",0,7.619498344514567,58.12576929392225,7.619204983757321,58.12607002221308
71,Mandal ,Kristiansand,Trysfjorden bekkefelt,022.22Z,Partiell,Partiell,#fdae61,Delvis vandringshinder (partiell),,,15.0,"Mulig hinder, da denne ser ut til å være skjøtet på midten, betongstikkrenne i topp og plaststikkrenne i bunn. ",0,7.6237148280749585,58.120294672364366,7.623523115688831,58.12025438888574
72,Mot søgne ,Kristiansand,Herøyfjorden - Sandvikdalsfjorden bekkefelt,022.110,Absolutt,Absolutt,#d7191c,Totalt vandringshinder (absolutt),,,12.0,"Bør utbedres. Rør er lite og samler mye rusk i åpning på grunn av vannrør. Selve stikkrenna er noe liten, og vil kunne få veldig høy vannhastighet. Demningen nedenfor kulp vil kunne være barriere. ",0,7.912752412617985,58.07614578644947,7.912355437800416,58.07618156253351
73,Grimstad ,Grimstad,,019.2161Z,Ikke hinder,Ikke hinder,#1a9641,Ikke et vandringshinder,,,10.0,"Selve kulvert er nok ikke hinder, men er veldig bratt opp mot innløp. ",0,8.59412547263366,58.37377188579858,8.594029456844474,58.37381519628206
74,Mandal 8 ,Lindesnes,Mandalselva - Øyslebø til Mandal,022.A6,Ikke hinder,Ikke hinder,#1a9641,Ikke et vandringshinder,,,8.0,"Ser fisk nedstrøms. Ikke vandringshinder, sannsynligvis ok ålehabitat oppstrøms. Men litt bratt ",bru,7.506108906514776,58.060055072352746,7.505841620501466,58.06008682799403
75,Mandal ,Kristiansand,Mandalselva - Laudal til Øyslebø bekkefelt,022.B1Z,Ikke hinder,Ikke hinder,#1a9641,Ikke et vandringshinder,,,8.0,"Ser ikke helt utløp, sannsynligvis bare drenering fra landbruk. ",0,7.587856281762369,58.300247771254114,7.58802083537342,58.30026628720196
76,Grimstad ,Grimstad,Bekker ved Hestehaven - Tjore,019.2Z,Ikke hinder,Ikke hinder,#1a9641,Ikke et vandringshinder,,,22.0,"Ikke hinder, men noe jord og sand i kulvert. Gjengrodd bekk, med lite vann. ",bru,8.518270947722822,58.31149975279555,8.5185411420377,58.311213623135686
77,Dyrstadveien (bekk fra Farestadtjernet ned til fjord),Lindesnes,Mannefjorden bekkefelt,022.322,Absolutt,Absolutt,#d7191c,Totalt vandringshinder (absolutt),,,18.0,Vandringshinder ved mindre det er mye mer vann en nå. Mulig kulvert skulle lagt lavere oppstrøms. ,0,7.519665212111037,57.990017784847055,7.519421728447412,57.99012846508539
78,Mandal ,Lindesnes,Mannefjorden bekkefelt,022.322,Ikke hinder,Ikke hinder,#1a9641,Ikke et vandringshinder,,,7.0,"Ser ikke ut som hinder, men er helt tørt. ",0,7.516034273764869,58.019362501682934,7.516116602185761,58.01943935295178
79,Grimstad ,Grimstad,,019.216Z,Ikke hinder,Ikke hinder,#1a9641,Ikke et vandringshinder,,,12.0,"Ikke hinder, så lenge rørene ikke tettes med kvist. Mye vegetasjon i bekk. ",0,8.579177014466266,58.33692953702109,8.579009572586193,58.336863617701766
80,Kroken 3602 (sidebekk fra Nidelva),Grimstad,Nidelva Furre - Rygene kraftverk bekkefelt,019.B1,Absolutt,Absolutt,#d7191c,Totalt vandringshinder (absolutt),,,20.0,"Nederste betongelementer i kulvert er løsnet, og denne blir hinder og sannsynligvis barriere. Bør utbedres. Noe gjengrodd bekkeløp nedstrøms, men ok. ",0,8.608818398581906,58.403866455466165,8.608402784263534,58.403664600561356
81,Hesland,Lindesnes,,022.A21,Ikke hinder,Ikke hinder,#1a9641,Ikke et vandringshinder,,,15.0,0,0,7.425772971797385,58.05559551851525,7.42599162281345,58.055654808161066
82,Harkmarksveien (bekk renner ut i Dalskilen),Lindesnes,,022.226,Absolutt,Absolutt,#d7191c,Totalt vandringshinder (absolutt),,,12.0,"Tenker denne er hinder, lav vannføring og en del høyde opp mot innløp. ",0,7.648598047909889,58.02832730664046,7.648365970188164,58.028366093015414
83,Mandal ,,Kumlefjorden bekkfelt,022.226,Partiell,Partiell,#fdae61,Delvis vandringshinder (partiell),,,10.0,Ser ut som om den lange kulverten under jordet lander her. Men er litt lav vannføring så er usikker. Denne er mulig hinder.  ,0,7.6942375004477395,58.04943164014728,7.6942440444930424,58.049419454425106
84,Harkmarksveien (bekk renner ut i Eidskilen),,,022.226,Absolutt,Absolutt,#d7191c,Totalt vandringshinder (absolutt),,,30.0,"Usikker på denne, grunneier mener denne stikkrenne stopper fisk. Gjengrodd bekk nedstrøms. ",0,7.643191867637708,58.04357740233977,7.643773957020526,58.043691975988615
85,Hove ,,,019.11,Partiell,Partiell,#fdae61,Delvis vandringshinder (partiell),,,10.0,"Lav kulvert, men bør kunne passeres. Mye vegetasjon foran kulvert begge sider ",0,8.844886141058492,58.44819820902636,8.844857840677127,58.448271607008756
86,Mandal ,Lindesnes,Skagestadvatnet bekkefelt,022.3C,Ikke hinder,Ikke hinder,#1a9641,Ikke et vandringshinder,,,7.0,Kulvert sannsynligvis ok. ,0,7.553713880236974,58.06811416324702,7.553654952595107,58.06809322800137
87,Grimstsdb,Grimstad,Nidelva Furre - Rygene kraftverk bekkefelt,019.B1,Ikke hinder,Ikke hinder,#1a9641,Ikke et vandringshinder,,,18.0,"Kulvert ser ok ut nedstrøms. Veldig lite vann, men bekkeleie indikerer bekk med noe størrelse ved normal vannføring. ",0,8.605517229679634,58.40469892491304,8.605703703433083,58.40485281430806
88,Løddesølveien (Hildebrandsbekken renner ned i Nordtjenna),Arendal,Nidelva Furre - Rygene kraftverk bekkefelt,019.B1,Absolutt,Absolutt,#d7191c,Totalt vandringshinder (absolutt),,,16.0,Fisk vil ikke kunne komme opp til kulvert. Men er ikke mye til bekk nedstrøms uansett. ,0,8.650365984375926,58.44438223955545,8.65020660598639,58.44447314680652
89,Gjerstad ,Vegårshei,"Ekksjø, bekkeløp",018.3Z,Partiell,Partiell,#fdae61,Delvis vandringshinder (partiell),,,9.0,Skal mye vann til før denne kan brukes av fisk ,0,8.991252668099255,58.749208098327635,8.991150285831434,58.749127424028515
90,Ålefjær,Vennesla,Venneslafjorden bekkefelt,021.A4Z,Partiell,Partiell,#fdae61,Delvis vandringshinder (partiell),,,12.0,"Ikke barriere hvis det er fisk her, men mye av kulveeten er full av sediment nedstrøms. Er veldig tør og ",drensrør,7.980658643816128,58.26071109308313,7.980309484475203,58.26065345302335
91,Hove ,Arendal,,019.11,Ikke angitt,Ikke angitt,#999999,Ikke vurdert / mangler data,,,,"Sliter med å finne ingang, bør graves ut, veldig mye vegetasjon",0,8.84441133843995,58.44832093104889,,
92,Kårstøl,Lindesnes,Grundelandsvatnet bekkefelt,023.A1D,Absolutt,Absolutt,#d7191c,Totalt vandringshinder (absolutt),,,12.0,Mye vann renner utenom kulverten,0,7.457064685291702,58.13780157457479,7.299855675109832,58.078260068707976
93,Høvåg ,Lillesand,"Fjelldalselva, bekkefelt",020.222Z,Ikke hinder,Ikke hinder,#1a9641,Ikke et vandringshinder,,,8.0,"Grei kulvert, fin liten bekk. ",0,8.293322089482723,58.23493204278676,8.293716015002465,58.2350073346817
94,Kvinesdal ,Kvinesdal,Fedafjorden bekkefelt frå nord,025.33,Ikke hinder,Ikke hinder,#1a9641,Ikke et vandringshinder,,,8.0,"Ikke hinder, men veldig begrenset bekk. Gjengrodd og mye sediment, og avrenning ",0,6.894750543749429,58.28240808307062,6.895467927935185,58.28257795847565
95,Vegårshei ,Vegårshei,"Ufsvatn, bekkefelt",019.C3,Ikke hinder,Ikke hinder,#1a9641,Ikke et vandringshinder,,,10.0,"Tør bekk, helt grei nedstøms. ",0,8.694038598394071,58.71707961501112,8.693969367950002,58.717172090687896
96,Vegårshei ,Vegårshei,Vegår bekkefelt,018.F,Partiell,Partiell,#fdae61,Delvis vandringshinder (partiell),,,14.0,"Er noe høyde mot kuvert, og noe kvist oppstrøms. Ser flere døde aurer nedstrøms. Noe gjengrodd bekkeløp ",0,8.878505020159436,58.81821472541958,8.878785993499385,58.81837572083479
97,Bykle ,Valle,Otra - Bykil til Flåren bekkfelt,021.F53Z,Partiell,Partiell,#fdae61,Delvis vandringshinder (partiell),,,15.0,"Sannsynlig kun sesongmessig bekk. Denne vil kunne være hinder, men det vil sannsynligvis aldri være fisk i denne bekken. ",0,7.499239817902442,59.26147815095626,7.499496006656679,59.26145202162806
98,Kallåsen,Lindesnes,Sjølingstadbekken bekkefelt,022.4B,Partiell,Partiell,#fdae61,Delvis vandringshinder (partiell),,,10.0,"Hinder, men ikke barriere",0,7.432235165508993,58.07976151110165,7.546840584114546,58.10017244725184
99,Hoveveien (bekk som renner ut i sandumkilen),Arendal,,019.11,Absolutt,Absolutt,#d7191c,Totalt vandringshinder (absolutt),,,15.0,"Kulvert tett oppstrøms, mye vegetasjon i bekkeløp begge sider. ",0,8.845738969761783,58.44553813670223,8.845954783233921,58.44597442697571
100,Mandal ,Kristiansand,Mandalselva - Laudal til Øyslebø bekkefelt,022.B1Z,Ikke hinder,Ikke hinder,#1a9641,Ikke et vandringshinder,,,15.0,"Veldig lav vannføring. Ikke nødvendigvis vandringshinder, hvis det kommer fisk hit ",0,7.600472404997521,58.27798806468944,7.600182446997563,58.278128903312634
101,Risør ,Risør,Bekk fra Dukane,018.21,Partiell,Partiell,#fdae61,Delvis vandringshinder (partiell),,,10.0,Ser grei ut nedstrøms. Trolig greit bekkeløp. Usikker på hvor denne ender ,0,9.083546033016532,58.76162074200833,9.084083430097012,58.761733966317856
102,Søm ,Kristiansand,Sukkevatnet bekkefelt,020.424Z,Ikke hinder,Ikke hinder,#1a9641,Ikke et vandringshinder,,,12.0,Sannsynligvis grei for vandring. Men er veldig tør nå. Mulig noe underdimensjoner kulvert. Sikkert ok for brunaure. ,0,8.099683447204768,58.151533721831264,8.09962366434199,58.15222310695851
103,Løddesølveien (Hildebrandsbekken renner ned i Nordtjenna),Arendal,Nidelva Furre - Rygene kraftverk bekkefelt,019.B1,Absolutt,Absolutt,#d7191c,Totalt vandringshinder (absolutt),,,20.0,Usikker på om fisk noen gang vil kunne bruke denne bekken. Kulvert blokkert av kvist nedstrøms. Bekk gjengrodd ,0,8.651429720799408,58.444452864725235,8.651468581184893,58.444557766490306
104,Froland ,Froland,"Assævannet, bekkefelt",019.A1Z,Ikke hinder,Ikke hinder,#1a9641,Ikke et vandringshinder,,,12.0,"Sannsynligvis fin, men veldig gjengrodd nedstrøms. ",0,8.6695860712385,58.48238434028867,8.669266470720077,58.48245819768666
105,Høvåg ,Lillesand,,020.41,Partiell,Partiell,#fdae61,Delvis vandringshinder (partiell),,,6.0,"2 plast stikkrenner etter hverandre, mulig disse kan gjennomvandres. Veldig gjengrodd og begrenset bekk",0,8.25867693515671,58.18004449195707,8.258665793127461,58.180047157814485
106,Rugslandsveien (sidebekk Tovdalsåna),Birkenes,Topdalselva,020.A5,Absolutt,Absolutt,#d7191c,Totalt vandringshinder (absolutt),,,80.0,"Liten betongkulvert, underdimensjoner. Ser ut som denne er full av jord og slam. Ikke noe vann i bekk nedstrøms. Ikke bra, avhengig av hvor mye vann der kan gå her ",0,8.172743366498185,58.28264798702952,8.172469281957937,58.2832622759154
107,Høvåg ,Lillesand,,020.421,Ikke hinder,Ikke hinder,#1a9641,Ikke et vandringshinder,,,15.0,"Fin kulvert, bra substrat i bekk. Når det er så tørt som nå så vil noe saltvann flytte gjennom kulvert. Men ok. ",0,8.221848307621224,58.12894699138915,8.221855395063102,58.12909774760286
108,Mandal 7 ,Lindesnes,Mandalselva - Øyslebø til Mandal,022.A6,Ikke hinder,Ikke hinder,#1a9641,Ikke et vandringshinder,,,8.0,"Litt høyde mot kulvert, men er kulvert i stein og fin Inngang til kulvert. Ikke vandringshinder nedstrøms.",lang avstan mellom bekk og kulvert,7.500393687527455,58.05326693806374,7.500296399878164,58.053294916303145
109,Holtekryss,Lindesnes,Elv fra Skadbergvatnet,022.4A,Ikke hinder,Ikke hinder,#1a9641,Ikke et vandringshinder,,,7.0,0,0,7.422052422518116,58.06068679401727,7.422108104086109,58.060536849129164
110,Kjøbmannsvigveien (bekk til Lusekilen),Lillesand,,020.32,Absolutt,Absolutt,#d7191c,Totalt vandringshinder (absolutt),,,8.0,"Leder ikke til noe serlig bekk, mest myr ",0,8.282087273782341,58.1907992682735,8.282302372732806,58.19054007768289
111,Høvågveien (Øreslandsbekken),Lillesand,Isefjærfjorden bekkefelt,020.41,Absolutt,Absolutt,#d7191c,Totalt vandringshinder (absolutt),,,10.0,"Bekk ok nedstrøms, men ser svært begrenset ut oppstrøms. Bekk burde utbedres med tanke på jordbruk og kulverter under jorder. ",0,8.240366832531087,58.178718543348154,8.240601978286472,58.178801150202204
112,Kvinesdal ,Kvinesdal,,025.A0,Ikke hinder,Ikke hinder,#1a9641,Ikke et vandringshinder,,,10.0,"Veldig tør og gjenngrodd bekk, kulvert fin ",0,6.916533533603561,58.28976252963812,6.915879639869486,58.290006324465914
113,Søgne vgs ,Kristiansand,Søgneelva - Brennåsen til utløp,022.1A12,Ikke hinder,Ikke hinder,#1a9641,Ikke et vandringshinder,,,7.0,"Ikke barriere, fin å vandre gjennom. Gode forhold nedstrømstrøms.  ",Mulig kulvert for langt fra bekken. Mangler kulvert?,7.853249629498952,58.0887835065751,7.853378156185992,58.08882124075952
114,Mandal ,Kristiansand,Mandalselva - Laudal til Øyslebø bekkefelt,022.B1Z,Partiell,Partiell,#fdae61,Delvis vandringshinder (partiell),,,20.0,"Veldig lav vannføring, og stillestående vann, med mye slam. Ikke bra fiskehabitat nedstrøms. Lav gjennomføring av vann ",0,7.577992525292242,58.272399930335155,7.577678617864449,58.27253228644186
115,Risørveien (sidebekk Sørfjorden),Risør,,018.23,Absolutt,Absolutt,#d7191c,Totalt vandringshinder (absolutt),,,15.0,Grei bekk nedstrøms. Høyt fra vannflate opp mot kulvert. Vandringshinder etter kulvert oppstrøms.,0,9.192009696193416,58.714824629273295,9.192104353267897,58.714615103578154
116,Høvåg ,Lillesand,"Bliksfjorden - Røynevardsfjorden, bekkefelt",020.32,Partiell,Partiell,#fdae61,Delvis vandringshinder (partiell),,,80.0,"Noe hinder for ål muligens, og kunne vært dannet noe kulp nedstrøms. Men anadrom fisk bør kunne gjennomvandring med høy vannføring. ",0,8.24292613599078,58.137588171816084,8.24235679079974,58.1372019515259
117,Arendal ,Arendal,Nidelva Furre - Rygene kraftverk bekkefelt,019.B1,Partiell,Partiell,#fdae61,Delvis vandringshinder (partiell),,,22.0,"Så noe som vaket, enten frosk eller fisk. Er 2 kulverter, der kun den ene er i bruk. Kulvert mulig hinder siden den er lang og kan være tett. Landbrukspreget bekk ",0,8.62247464600512,58.448179262555165,8.622279625475459,58.44835993517926
118,Brunvatneveien (sidebekk Trybekken),Kristiansand,Trysfjorden bekkefelt,022.22Z,Absolutt,Absolutt,#d7191c,Totalt vandringshinder (absolutt),,,10.0,"Ligger en stor stein foran utløp, som også samler kvist. Denne er hinder ",0,7.635438482115542,58.11371238128589,7.635289344548706,58.1137334040423
120,Kvinesdal ,Kvinesdal,,025.A0,Absolutt,Absolutt,#d7191c,Totalt vandringshinder (absolutt),,,10.0,"Slammete og sannsynligvis noe tett kulvert. Lite betongrør under bru. Veldig stillestående og slammete vann, ikke bra habitat nedstrøms ",bru,6.910508048825857,58.28678137944582,6.910242464275128,58.287062173388115
121,Risør ,Risør,"Sørfjorden-vestre, bekkefelt",018.23,Ikke hinder,Ikke hinder,#1a9641,Ikke et vandringshinder,,,25.0,"Denne er sannsynligvis helt ok. Litt stigning opp mot kulvert, men bør gå bra, hvis der e fisk her ",0,9.152086799330563,58.714758632419354,9.151865666533833,58.71454657196502
122,Kystveien ,Arendal,,019.1210,Partiell,Partiell,#fdae61,Delvis vandringshinder (partiell),,,15.0,"Sannsynligvis vandringshinder lengre opp, fin bekk ned mot sjøen. ",0,8.8135144268467,58.472497537012046,8.81398186242183,58.472537185860375
123,Mandal Daleveien Årekjerrsbekken,Lindesnes,Mandalselva - Øyslebø til Mandal bekkefelt,022.A3Z,Ikke hinder,Ikke hinder,#1a9641,Ikke et vandringshinder,,,9.0,"Fint habitat nedstrøms, ikke vandringshinder. ",0,7.493601042735673,58.04562805764765,7.493476900538562,58.045634296554184
124,Høvåg ,Lillesand,"Bliksfjorden - Røynevardsfjorden, bekkefelt",020.32,Ikke hinder,Ikke hinder,#1a9641,Ikke et vandringshinder,,,3.0,"Fin kulvert, bekk kunne hatt noe gytegrus",0,8.236123681939894,58.140034868975086,8.235686557277909,58.14021413119605
125,Birkenes ,Birkenes,Tovdalselva Herefossfjorden - Flakksvatn bekkefelt,020.B2Z,Absolutt,Absolutt,#d7191c,Totalt vandringshinder (absolutt),,,40.0,Kommer nytt rør med 20-40 stigning inne i kulvert. Usikker på om dette er fiskehabitat uansett. Dette er mulig hinder ,0,8.270051730443031,58.34299135453559,8.270688981916786,58.34294890067618
127,Lagveien (bekk renner ned til Svinebutjern),Tvedestrand,,018.5Z,Absolutt,Absolutt,#d7191c,Totalt vandringshinder (absolutt),,,17.0,"Veldig mye slam og sediment i bekk, ingen vannføring. Mulig noe fisk kan passere ved veldig gode forhold, ellers hinder. ",0,9.091006431293058,58.65063222405462,9.09164040680054,58.650905860708264
128,Søgne ,Kristiansand,Hundsøyfjorden bekkefelt,022.221,Partiell,Partiell,#fdae61,Delvis vandringshinder (partiell),,,100.0,Noe usikker på vandring på grunn av lengde og vannføring. Men bør gå fint ,0,7.739066821651837,58.07617806208472,7.737607134600159,58.076464039882595
129,Åloveien (bekk renner fra Ålotjønna ned til fjord),Kristiansand,Kumlefjorden bekkfelt,022.226,Absolutt,Absolutt,#d7191c,Totalt vandringshinder (absolutt),,,30.0,"Grei bekk nedstrøms. Denne vil nok ikke være hinder for anadrom fisk. Men kan være problematisk for ål, siden kulvert stikker litt ut over vannflate. ",0,7.6953207467479094,58.05293500363445,7.695367207287985,58.05302384541995
130,0,Lindesnes,Audna - Spilling til Melhusfossen bekkefelt,023.A121Z,Partiell,Partiell,#fdae61,Delvis vandringshinder (partiell),,,15.0,Umulig å komme trygt ned til,0,7.39865017369786,58.140139729554015,7.398667859743713,58.13993612708159
131,Kristiansand ,Kristiansand,Trondstadvatnet bekkefelt,022.2B0,Ikke hinder,Ikke hinder,#1a9641,Ikke et vandringshinder,,,10.0,"Grei kulvert, fint habitat og mye fisk nedstrøms. Ikke hinder ",0,7.745313735155574,58.13905465152776,7.745248614939496,58.13897780969977
132,Mandal 13,Lindesnes,Mandalselva - Øyslebø til Mandal,022.A6,Partiell,Partiell,#fdae61,Delvis vandringshinder (partiell),,,10.0,Mulig denne vil kunne vandres med høyere vannføring. Sannsynligvis delvis hinder ,0,7.512315483274693,58.08372401349889,7.511973167281254,58.08378992380479
133,Birkenes ,Birkenes,Topdalselva,020.A5,Partiell,Partiell,#fdae61,Delvis vandringshinder (partiell),,,17.0,"Veldig slammete bekkeløp, med stillestående vann. Noe bratt på oppsiden Av kulvert. Plus at rør er litt lite, gjør at denne kategoriseres som mulig hinder",0,8.169467765373321,58.286957127599585,8.169182541335879,58.28717810204782
134,Lillesand ,Lillesand,,020.2210,Ikke hinder,Ikke hinder,#1a9641,Ikke et vandringshinder,,,25.0,"Ikke hinder, leder ut på jorde ",0,8.344674687670066,58.23250815874494,8.344278501014466,58.232469030369074
135,Lyngør ,Risør,,018.4,Partiell,Partiell,#fdae61,Delvis vandringshinder (partiell),,,15.0,"Ikke egnet for vandring, lite plastrør. Ikke velegnet for vandring. Dårli habitat oppstrøms. ",0,9.161549018413897,58.691086620647404,9.161540502415168,58.690812070274795
136,Arendal ,Arendal,"Flostadøysund, bekkefelt",018.712,Partiell,Partiell,#fdae61,Delvis vandringshinder (partiell),,,10.0,"Kulvert ikke hinder, men er ikke noe serlig bekk nedstrøms, veldig mye vegetasjon",0,8.951162051762601,58.55218840452822,8.951742898564333,58.5523102573924
137,Mandal ,Lindesnes,Eidsåna,022.AA1B,Ikke hinder,Ikke hinder,#1a9641,Ikke et vandringshinder,,,12.0,"Selve kulvert ikke hinder, men bekk nedstrøms ser begrenset ut. Ser dog noen rumpetroll. Usikker på vandring opp fra elv hit ",0,7.617094191686984,58.16404328028552,7.617180553053935,58.164186632484665
138,Mandal ,Kristiansand,Kumlefjorden bekkfelt,022.226,Ikke hinder,Ikke hinder,#1a9641,Ikke et vandringshinder,,,12.0,Usikker på om der kommer fisk til denne kulverten. Men den er ikke hinder. ,0,7.663819393235931,58.05119909345874,7.663784968121694,58.05131423637173
139,Kvernsbekken,Lindesnes,Audna - Melhusfossen til Kittelsbekken bekkefelt,023.A21,Ikke hinder,Ikke hinder,#1a9641,Ikke et vandringshinder,,,15.0,Dobbelt med rør,0,7.321456554466665,58.092936624257995,7.321687638444616,58.09296508283296
140,Grimstad ,Grimstad,"Bufjorden, bekkefelt",019.220,Ikke hinder,Ikke hinder,#1a9641,Ikke et vandringshinder,,,10.0,"Ikke hinder, kulvert ser ok ut. Greit med vann. ",0,8.494726590792572,58.27519049390094,8.494768765279296,58.275075890854986
141,Lyngør ,Risør,,018.4,Partiell,Partiell,#fdae61,Delvis vandringshinder (partiell),,,10.0,Ikke fiskehabitat oppstrøms. Igjengrodd nedstrøms,0,9.2015075870404,58.687812461117886,9.201346010029974,58.68770227309745
142,Arendal ,Arendal,"Longumvatnet, bekkefelt",019.12Z,Partiell,Partiell,#fdae61,Delvis vandringshinder (partiell),,,12.0,"Grei kulvert nedstrøms, og fint bekkeløp. Bekk er helt tør. Stålkulvert, som er noe ødelagt innvendig oppstrøms. Se bilder på punkt oppstrøms. ",0,8.74684350292269,58.487697840438834,8.746636601449977,58.48763828961418
143,Gjerstad ,Gjerstad,"Gjerstadvatnet, bekkefelt",018.2D,Partiell,Partiell,#fdae61,Delvis vandringshinder (partiell),,,22.0,"Er noe høyde opp mot kulvert, men ikke så høyt at denne ikke burde kunne vandres ved litt høyere vannføring. Fint habitat nedstrøms. 2 betongkulverter på rundt 80cm invendig ",0,9.131814734085003,58.85739341519234,9.131814701949,58.85762669295875
144,Skoleveien (bekk fra Stemmetjønn til fjord),Arendal,"Flostadøysund, bekkefelt",018.712,Absolutt,Absolutt,#d7191c,Totalt vandringshinder (absolutt),,,10.0,"Finner ikke utløp, veldig mye vegetasjon, gravd ned? ",0,8.869431572300067,58.50062665284006,8.869220935755544,58.50078493243331
145,Vegårshei ,Vegårshei,Vegår bekkefelt,018.F,Ikke hinder,Ikke hinder,#1a9641,Ikke et vandringshinder,,,20.0,"Litt lite vann. Fint bekk ned til tjern, noe småfisk nedstrøms. ",0,8.881476718916153,58.81586606062901,8.881981883195644,58.815867960328184
146,0,Tvedestrand,Skjerka,018.BZ,Ikke hinder,Ikke hinder,#1a9641,Ikke et vandringshinder,,,10.0,Sikkert grei kulvert. Lav vannføring.,0,8.921428236686362,58.66082013258417,8.92137518623074,58.660680596385525
147,Vegårshei ,Vegårshei,"Ufsvatn, bekkefelt",019.C3,Ikke hinder,Ikke hinder,#1a9641,Ikke et vandringshinder,,,10.0,Tjern/myr nedstrøms. Ikke hinder ,0,8.701816376416373,58.7166584361535,8.70187604484053,58.716730764265314
148,Vegårshei ,Vegårshei,"Ufsvatn, bekkefelt",019.C3,Ikke hinder,Ikke hinder,#1a9641,Ikke et vandringshinder,,,12.0,"Tørt rett ved kulverter, ellers mye vann nedstrøms. Renner ikke vann gjennom kulvert. ",0,8.712379856257819,58.71531213580437,8.712226575759779,58.7152344035088
149,Langangsveien (sidebekk Langangselva),Tvedestrand,Langangselva bekkefelt,018.7AZ,Absolutt,Absolutt,#d7191c,Totalt vandringshinder (absolutt),,,16.0,Kulvert blokkert av stor stein og kvist. Helt klart hinder. Dette har gjort at siste betongelement er løsnet fra resten. Greit bekkeløp nedstrøms,0,8.90956358806549,58.55545373477709,8.909838957875488,58.555460008605024
150,Tvedestrand ,Tvedestrand,Langangselva bekkefelt,018.7AZ,Partiell,Partiell,#fdae61,Delvis vandringshinder (partiell),,,16.0,"Noe høyde opp mot kulvert, og kan ikke se gjennom rør. Mulig hinder. Renner ikke vann igjennom. Stillestående vann nedstrøms.",0,8.905245771623552,58.55863217630987,8.905559768196134,58.558599356374906
151,Lyngør ,Risør,,018.4,Partiell,Partiell,#fdae61,Delvis vandringshinder (partiell),,,30.0,"Plaststikkrenne, noe bregrenset habitat. Usikker på fisk, noe hinder",0,9.20021945320566,58.687993436376395,9.199381836016677,58.68787702026446
152,Lyngør ,Risør,,018.4,Ikke hinder,Ikke hinder,#1a9641,Ikke et vandringshinder,,,8.0,Grei kulvert ,0,9.130230468181615,58.68658031609687,9.130307054425723,58.68636755731897
153,Messelveien (sidebekk Nidelva),Froland,Nidelva Eivindstad - Messel bekkefelt,019.B31,Absolutt,Absolutt,#d7191c,Totalt vandringshinder (absolutt),,,20.0,"Tett nedstrøms, en kombinasjon av kvist, søppel og stein. Ved høy vannføring ville nok denne vært krevende og vandre gjennom på grunn av kum i tillegg. ",0,8.62342278675177,58.47943011256595,8.624199715072981,58.47942569000356
154,Mandal ,Lindesnes,,022.312,Ikke hinder,Ikke hinder,#1a9641,Ikke et vandringshinder,,,10.0,Kulvert ser ikke ut som hinder. Gjengrodd bekk nedstrøms. ,0,7.6305981570604535,58.02692590460846,7.630629971216818,58.0269955158809
155,Mandal ,Lindesnes,,022.32A,Ikke hinder,Ikke hinder,#1a9641,Ikke et vandringshinder,,,13.0,Sannsynligvis ikke hinder. Litt gjengrodd bekk nedstrøms og litt vann ,0,7.531772304114676,58.040392695633784,7.53159593543299,58.04040953547276
156,Mandal ,Lindesnes,,022.312,Ikke hinder,Ikke hinder,#1a9641,Ikke et vandringshinder,,,9.0,"Kulvert ok, ikke hinder. Veldig gjengrodd bekk nedstrøms ",0,7.626893065505868,58.03159024806485,7.626984531230878,58.03156328807242
157,Rykeneveien 407 (sidebekk for bekk som renner fra Temse til Nidelva),Grimstad,"Temse, bekkefelt",019.A23Z,Absolutt,Absolutt,#d7191c,Totalt vandringshinder (absolutt),,,40.0,"Betongelementer er løsnet fra hverandre i bunn. Lite vannføring. Usikker på om fisk kommer opp hit, hvis de gjør det, vil denne sannsynligvis være hinder ",0,8.646245116699376,58.39791911908143,8.645720501406386,58.39796273919577
158,Søm ,Lillesand,Kvåsefjorden - Kvarenesfjorden bekkefelt,020.4231,Ikke hinder,Ikke hinder,#1a9641,Ikke et vandringshinder,,,15.0,"Grei kulvert, sikkert ok for Aure fra tjern til tjern. Noe tør oppstrøms. Gammel kulvert ",0,8.163453780230478,58.15324587090186,8.163546607137919,58.15264676087466
159,Grimstad ,Grimstad,,020.11Z,Partiell,Partiell,#fdae61,Delvis vandringshinder (partiell),,,60.0,"Ser grei ut nedstrøms, men er ikke noe vann. Usikker på grunn av lengde ",0,8.468968483562387,58.27810055587646,8.469419321160883,58.278503942277666
160,Mandal ,Lindesnes,,022.312,Partiell,Partiell,#fdae61,Delvis vandringshinder (partiell),,,30.0,Mistenker at denne er hinder. Lite vannføring gjennom kulvert. Og substrat nedstrøms bærer preg av lav vannføring. ,0,7.6412038282874235,58.04369218801238,7.6418888354465215,58.043643998846804
161,Tvedestrand ,Tvedestrand,"Kråkvågbekken, inkl. bekkefelt",018.61Z,Ikke hinder,Ikke hinder,#1a9641,Ikke et vandringshinder,,,20.0,"Ok kulvert sannsynligvis, vannet er veldig stillestående og mye sediment og slam ",0,9.034983778961912,58.624159128033206,9.035198482832348,58.62435411360836
162,Leireveien (bekk renner ut mot Stølekilen),Kristiansand,Hundsøyfjorden bekkefelt,022.221,Absolutt,Absolutt,#d7191c,Totalt vandringshinder (absolutt),,,12.0,"Tenker vandringshinder siden det er mye mellomrom mellom betongelementer i kulvert, vil derfor lekke mye vann. Kulvert veldig tør ",0,7.753585971417851,58.075011672319164,7.753672631548995,58.07523683173513
163,Mandal ,Kristiansand,Kumlefjorden bekkfelt,022.226,Ikke hinder,Ikke hinder,#1a9641,Ikke et vandringshinder,,,16.0,God vannføring nå. Kulvert ikke hinder. Grei bekk nedstrøms. ,0,7.695716359971504,58.05384578237432,7.695731913166102,58.05415924180784
165,Ålefjær,Vennesla,Venneslafjorden bekkefelt,021.A4Z,Ikke hinder,Ikke hinder,#1a9641,Ikke et vandringshinder,,,10.0,"Lite vann, noe sedimenter i bunnen av kulvert. Ikke barriere. ",0,7.986191518814867,58.25889271421503,7.986399043220583,58.25883236419148
166,Ålefjær,Vennesla,Venneslafjorden bekkefelt,021.A4Z,Partiell,Partiell,#fdae61,Delvis vandringshinder (partiell),,,15.0,Lite vann og veldig mye stigning vil gjøre veien opp mot røret vanskelig. Ikke mulighet for serlig hopping heller. Sannsynlig hinder mulig barriere ,0,7.98300725805101,58.25936669919785,7.98322563802211,58.2591078865252
167,Ålefjørveien (bekk renner ut i Hemningsvannet),Kristiansand,"Hemmingsvatnet, bekkefelt",021.122Z,Absolutt,Absolutt,#d7191c,Totalt vandringshinder (absolutt),,,17.0,"Det renner ikke vann gjennom rør, røret er tett oppstrøms inni. burde ryddes. mye søppel nedstrøms, ellers fin  kantvegetasjon. mye søppel nedstrøms. vandringsbarriere nå",Liten bekk,8.030508994005675,58.21274871594591,8.030784814004715,58.21280951795322
168,Stangenesveien (bekk mellom Stangenestjørna og Stølekilen),Kristiansand,Østergapet-ytre bekkefelt,020.4240,Absolutt,Absolutt,#d7191c,Totalt vandringshinder (absolutt),,,60.0,"Noe kvist nedstrøms, kort avstand til sjøen, litt lang, og rist foran. Rist er hinder ",0,8.133715809900265,58.119725979559625,8.134605134640008,58.119678313151915
169,Mandal ,Lindesnes,Mandalselva - Øyslebø til Mandal bekkefelt,022.A3Z,Partiell,Partiell,#fdae61,Delvis vandringshinder (partiell),,,20.0,Kulvert noe høyt over vannflate. Død fisk i vannet? Denne vil være hinder for ål. Noe anadrom fisk kan nok passere ,0,7.520490718852117,58.11142706860016,7.520284978406475,58.111428121032326
170,Mandal ,Lindesnes,Mandalselva - Laudal til Øyslebø bekkefelt,022.B1Z,Ikke hinder,Ikke hinder,#1a9641,Ikke et vandringshinder,,,10.0,"Grei kulvert, vandring fra innsjø til innsjø. ",0,7.453182948858924,58.23971228889951,7.453355811000756,58.23978517817706
171,Mandal ,Kristiansand,,022.226,Partiell,Partiell,#fdae61,Delvis vandringshinder (partiell),,,10.0,Usikker på denne. Bekk burde nok også vært rensket. ,0,7.6612364421386046,58.04319143643856,7.660848175365507,58.04322166873708
172,Tvedestrand ,Arendal,Bekk til Strengereidvannet,018.712,Partiell,Partiell,#fdae61,Delvis vandringshinder (partiell),,,10.0,"Usikker på hinder, siden man ikke ser gjennom kulvert. Mistenker at denne er delvis fylt med sand og jord på grunn av vannhastighet. Og siden den ligger så dypt. Fin bekk nedstrøms, men noe kvist i bekk. ",0,8.89684309541206,58.53768238895748,8.897003808688726,58.53782993698207
173,Dypvågveien (bekk mellom Størdalstjennog Krogvågkilen),Tvedestrand,"Kråkvågbekken, inkl. bekkefelt",018.61Z,Absolutt,Absolutt,#d7191c,Totalt vandringshinder (absolutt),,,50.0,"Innløp oppstrøms muligens hinder, ble ikke funnet. Kulp som hjelper hopping opp kulvert. Noe usikker på hvor grei kulvert er invendig med tanke på hvordan den ligger. Men bør være ok for anadrom fisk, barriere for ål ",0,9.032354260675932,58.62328531029381,9.033052485804017,58.62326584125049
174,Birkenes ,Birkenes,,020.A7,Ikke hinder,Ikke hinder,#1a9641,Ikke et vandringshinder,,,17.0,"Helt stillestående vann, men andemat? På toppen. Vannkvaliteten ser dårlig ut. Kulverter sannnsynligvis fine. ",0,8.242533102134125,58.32489568559747,8.242489863090116,58.32466781814883
175,Mandal ,Lindesnes,,022.322,Ikke hinder,Ikke hinder,#1a9641,Ikke et vandringshinder,,,14.0,"Sølete vann, men kulvert ser ikke ut som hinder ",0,7.505401879363638,57.99411524636856,7.5055216168872345,57.9942428698772
176,Mandal ,Lindesnes,,022.322,Ikke hinder,Ikke hinder,#1a9641,Ikke et vandringshinder,,,12.0,Kulvert ser ok ut nedstrøms. Står noe fisk nedenfor kulvert. ,0,7.582341252776178,58.008818602310484,7.582488814139422,58.00892778465588
177,Marnarveien,,Mandalselva - Øyslebø til Mandal,022.A6,Absolutt,Absolutt,#d7191c,Totalt vandringshinder (absolutt),,,3.0,"Vannet renner under steiner som er rast nedi, denne vil være hinder og bør ryddes ut ",0,7.517665339282005,58.07386364930315,7.517693682732794,58.073810205240626
178,Dypvågveien (bekk ut i fjord),,Østeråbekken,018.62AZ,Absolutt,Absolutt,#d7191c,Totalt vandringshinder (absolutt),,,15.0,"Denne er vandringshinder, flere meter uten vann opp mot kulvert. Tenker denne er barriere for all oppstrøms vandring ",0,9.019554522693054,58.619161751212204,9.019075579821342,58.619111016586594
179,Mandal ,Lindesnes,,022.A12,Ikke hinder,Ikke hinder,#1a9641,Ikke et vandringshinder,,,22.0,Skjønner ikke hvilken vei vannet går her ,0,7.535192707905344,58.06779542822172,7.53496088656655,58.06762776668862
180,Brelandsveien (bekk renner fra Stemmetjørna til Høyevatnet),,Høyevatnet bekkefelt,022.ABZ,Absolutt,Absolutt,#d7191c,Totalt vandringshinder (absolutt),,,8.0,"Veldig gammel kulvert, usikker på om det vil kunne komme nok vann til at fisk og ål skal kunne vandre her. ",0,7.612655085706813,58.200808597761764,7.612870412916682,58.20081215911999
181,Tvedestrand ,,"Kvåstadkilen, bekkefelt",018.63Z,Partiell,Partiell,#fdae61,Delvis vandringshinder (partiell),,,60.0,"Kunstig bekkeløp? Er helt tørt. Noe høyde opp mot kulvert. Usikker på denne, kommer Ann på hvor stor vannføringen kan bli. ",kunstig tørrlagt,8.902130435909793,58.61413121162234,8.903084750400843,58.61416415866478
182,Mandal ,Lindesnes,,022.A12,Ikke hinder,Ikke hinder,#1a9641,Ikke et vandringshinder,,,20.0,Ikke hinder. Men veldig tørt. ,0,7.537413106982285,58.06805782268833,7.537656067568802,58.06810720835191
183,Mandal Spillingsveien (Fidjebekken som renner ut i Heptetjønn),Lindesnes,Mandalselva - Laudal til Øyslebø bekkefelt,022.B1Z,Absolutt,Absolutt,#d7191c,Totalt vandringshinder (absolutt),,,10.0,En terskel før innløp til kulverter. Hinder for både anadrom fisk og ål. Mulig ål kunne gjennomvandret med noe tau eller annet de kunne klatret på. Men blir bratt mot kulvert.,0,7.50059057191317,58.17259365939231,7.500105548226876,58.172629982515474
184,Arendal ,Arendal,"Nidelva, Bekkefelt Helle",019.A12Z,Partiell,Partiell,#fdae61,Delvis vandringshinder (partiell),,,18.0,Småfisk i bekk nedstrøms. Usikker på om denne er hinder. Kan se ut som at ved lav vannføring renner vann ikke gjennom selve kulverten. Plus at betongelement er delvis løsnet oppstrøms. ,0,8.66038961979674,58.42805474694941,8.660596070351014,58.42815250962431
185,Mandal ,Lindesnes,,022.A12,Ikke hinder,Ikke hinder,#1a9641,Ikke et vandringshinder,,,10.0,"Ikke hinder, veldig tør nedstrøms. ",0,7.535783488828138,58.06785772833461,7.535959173631796,58.067911383488926
186,Songeveien ,Tvedestrand,"Songebekken, inkl. bekkefelt",018.32Z,Ikke hinder,Ikke hinder,#1a9641,Ikke et vandringshinder,,,12.0,Ser fisk nedstrøms. Håper derfor at vandring under e 18 går greit. 2 store kulverten. Bra substrat og habitat for fisk nedstrøms. Ikke hinder ,0,9.0036393090078,58.689004335042966,9.003760292951622,58.68938574909598
187,Arendal,Arendal,Mørløsvatnet - Nidelva,019.B20,Partiell,Partiell,#fdae61,Delvis vandringshinder (partiell),,,16.0,"Noe høyde opp mot kulvert, men kulvert så dyp at denne bør kunne passeres (ikke ål) ved høyere vannføring. Er flere fisk nedstrøms, disse kommer ikke ned til elv ved lav vannføring. ",0,8.586659272543683,58.44209057565346,8.586736926093472,58.4422319168466
188,Arendal ,Arendal,Lillelv oppstrøms dam,019.A1Z,Ikke hinder,Ikke hinder,#1a9641,Ikke et vandringshinder,,,8.0,"Stillestående vann, gjengrodd bekkeløp. Ellers kulvert ikke hinder. ",0,8.700453325497566,58.440866293146655,8.700606463702616,58.441041179002085
189,Gjerstad ,Gjerstad,"Storelva (Lundvatnet - Gjerstadvatnet), bekkefelt",018.2E4,Ikke hinder,Ikke hinder,#1a9641,Ikke et vandringshinder,,,10.0,"Veldig gjengrodd bekk, men stillestående vann. Men kulvert ser grei ut. ",0,9.033576309562845,58.89101134417822,9.033907133629922,58.89098713541475
190,Frikstadkrysset,Kristiansand,Sukkevatnet bekkefelt,020.424Z,Ikke hinder,Ikke hinder,#1a9641,Ikke et vandringshinder,,,12.0,gjengrodd og grumsete,0,8.113736407119504,58.143250105819256,8.114262775014613,58.143089906287486
191,Søm ,Kristiansand,Sukkevatnet bekkefelt,020.424Z,Partiell,Partiell,#fdae61,Delvis vandringshinder (partiell),,,15.0,"Tør noe igjengrod bekk, bør renskes. oppstrøms og nedstrøms må byttes omm. ",0,8.111807069536573,58.144290223655254,8.110869461028932,58.144245418026
192,Holtsveien / Langangsveien (sidebekk Strengelva),Tvedestrand,Strengselva,018.C2Z,Absolutt,Absolutt,#d7191c,Totalt vandringshinder (absolutt),,,0.0,Tror dette er utløp. Ser ut til å være blokkert eller rast over.,0,8.870250841150197,58.59936392016403,8.870571134874748,58.59902435770383
193,Mandal Skjævesland 3976 (Trebekken),Lindesnes,Høyeåna - Høyevatnet til Øyslebø bekkefelt,022.AA12,Absolutt,Absolutt,#d7191c,Totalt vandringshinder (absolutt),,,9.0,"Veldig høy på oppsiden, vandringshinder, ikke nødvendigvis barriere. ",0,7.570964522501473,58.171618110729526,7.570968472683927,58.171745112413
194,Søm ,Kristiansand,Sukkevatnet bekkefelt,020.424Z,Ikke hinder,Ikke hinder,#1a9641,Ikke et vandringshinder,,,12.0,"Usikker på egnetheten av habitat oppstrøms. Jord som substrat i bekk, ikke hinder ",0,8.10087655295413,58.15027203459614,8.101795537330242,58.150543352172036
195,Mandal 1,Lindesnes,,022.A21,Ikke hinder,Ikke hinder,#1a9641,Ikke et vandringshinder,,,8.0,Ikke vandringshinder. Men er bru ,bru,7.473339807296744,58.03380730738967,7.47327897269264,58.033938391327375
196,Birkenes ,Birkenes,Tovdalselva Herefossfjorden - Flakksvatn bekkefelt,020.B2Z,Ikke hinder,Ikke hinder,#1a9641,Ikke et vandringshinder,,,10.0,Fisk bør kunne hoppe opp ved grei vannføring. Ser en Aure på 15cm nedstrøms. ,0,8.263275779376572,58.34555853582882,8.263817476811678,58.34538766382263
197,Viblemo nord,Lyngdal,Audna - Helle til Tryland bekkefelt,023.B110,Absolutt,Absolutt,#d7191c,Totalt vandringshinder (absolutt),,,14.0,Mangler sikring og er kommentert underdimensjonert av en nabo,0,7.350874103732731,58.25979642174855,7.353258119041271,58.267729051170484
198,Arendal ,Arendal,Nidelva Furre - Rygene kraftverk bekkefelt,019.B1,Ikke hinder,Ikke hinder,#1a9641,Ikke et vandringshinder,,,12.0,"Grei bekk nedstrøms, kulvert ikke hinder ",0,8.649693740710005,58.44139982124821,8.649367147823032,58.44132292717417
199,Mandal ,Lindesnes,Mandalselva - Øyslebø til Mandal,022.A6,Ikke hinder,Ikke hinder,#1a9641,Ikke et vandringshinder,,,17.0,Fin gammel steinkulvert. Ikke vandringshinder. ,0,7.517644636178003,58.07362643860687,7.517940028418348,58.07359290049077
200,Dåletjønna,Lindesnes,Elv fra Skadbergvatnet,022.4A,Absolutt,Absolutt,#d7191c,Totalt vandringshinder (absolutt),,,6.0,Langt strekke,0,7.439926995526945,58.06266452694089,7.444381034336732,58.05884722376211
201,Mandal ,Lindesnes,Buøysund indre bekkfelt,022.322,Ikke hinder,Ikke hinder,#1a9641,Ikke et vandringshinder,,,14.0,"Grei gammel kulvert. Lite vann, men ikke hinder. Gjengrodd bekk nedstrøms. ",0,7.557821705165201,58.00987919592345,7.557858889574516,58.01007776173247
202,Høvåg ,Lillesand,"Bliksfjorden - Røynevardsfjorden, bekkefelt",020.32,Ikke hinder,Ikke hinder,#1a9641,Ikke et vandringshinder,,,5.0,"Fin kulvert, bekk kunne hatt noe gytegrus",0,8.236123681939894,58.140034868975086,8.235993829069614,58.14005327726394
203,Lølandsveien,Lindesnes,Audna - Tryland til Spilling bekkefelt,023.A22,Ikke hinder,Ikke hinder,#1a9641,Ikke et vandringshinder,,,10.0,Stillestående vann,0,7.3396379119183655,58.196569670589255,7.3431247355146745,58.198890661904386
204,Lillesand ,Lillesand,"Tingsakerfjorden, bekkefelt",020.2210,Absolutt,Absolutt,#d7191c,Totalt vandringshinder (absolutt),,,100.0,"Hvis kulvert går som på kartet, er utløpet gravd ned and kvist og kvast. Ser åpning lenger nede fra kulvert inder sykkelsti. Bør utbedres hvis dette stemmer. Sannsynligvis vandringshinder ",0,8.359992588713274,58.24019868473823,8.35842986944833,58.2407365651964
205,Lillesand ,Lillesand,"Blindleia - Nesefjorden, bekkefelt",020.2220,Partiell,Partiell,#fdae61,Delvis vandringshinder (partiell),,,50.0,"Kulvert ligger helt under vann, ser ikke utløp. Mulig vanskelig å vandre gjennom. Vann renner gjennom. Mulig hinder ",bru,8.309869137384483,58.220752405451805,8.309872447142297,58.22076606703975
206,Mandal ,,Mannefjorden bekkefelt,022.322,Partiell,Partiell,#fdae61,Delvis vandringshinder (partiell),,,14.0,"Gjenfinnes ikke oppstrøms. Mer grøft en bekk, usikker på om denne er hinder. ",0,7.51214968240048,58.01628815660423,7.5117011035856684,58.01613047267264
207,Mandal ,Kristiansand,Mandalselva - Laudal til Øyslebø bekkefelt,022.B1Z,Ikke hinder,Ikke hinder,#1a9641,Ikke et vandringshinder,,,10.0,Kulvert sannsynligvis grei. Fint habitat nedstrøms ,0,7.5898253256968555,58.309167243511546,7.590028933907759,58.309168275340625
208,Rekebekken,Lyngdal,Øydnavatnet Øvre bekkefelt,023.E1A,Partiell,Partiell,#fdae61,Delvis vandringshinder (partiell),,,6.0,"Hinder, ikke barriere. Det er ikke helt ideelt. Bekken renner rett over i ny kulvert, ca 3,5 meter mellom utløp av første kulvert til innløp av neste.",0,7.406013682484901,58.41843238830794,7.362855233177656,58.3743942944741
209,Mandal 3,Lindesnes,,022.A21,Ikke hinder,Ikke hinder,#1a9641,Ikke et vandringshinder,,,8.0,"Ikke hinder. Kan samle seg slam, og er mye vegetasjon oppstrøms. Savner en litt tydeligere bekk oppstrøms. Med mer kantvegetasjon og tydeligere bekk. Mye landbruksavrenning. ",0,7.483458490006153,58.03846722894089,7.483577284369611,58.03849593552202
210,Mosvatnet,Lyngdal,Audna - Helle til Tryland bekkefelt,023.B110,Ikke hinder,Ikke hinder,#1a9641,Ikke et vandringshinder,,,10.0,0,0,7.390124493619871,58.27786350807201,7.390005918761208,58.27782941455967
211,Kristiansand ,Kristiansand,Trondstadvatnet bekkefelt,022.2B0,Ikke hinder,Ikke hinder,#1a9641,Ikke et vandringshinder,,,12.0,"Grei kulvert, noe bratt bekk oppstrøms. Ser fisk på begge sider av kulvert.",0,7.743275938980388,58.139272309226484,7.742879089099091,58.13929199605122
212,Søgne ,Kristiansand,Hundsøyfjorden bekkefelt,022.221,Ikke hinder,Ikke hinder,#1a9641,Ikke et vandringshinder,,,15.0,"Ikke hinder nødvendigvis, men veldig gjengrodd bekk, stillestående vann ",0,7.742538068438953,58.075208936344694,7.742675956392685,58.07541075069086
213,Listadveien,Lyngdal,Audna - Helle til Tryland bekkefelt,023.B110,Ikke hinder,Ikke hinder,#1a9641,Ikke et vandringshinder,,,12.0,0,0,7.3499789977595285,58.24696208690157,7.3393754778008,58.19659092538951
214,Mandal Daleveien Hovmoen,Lindesnes,,022.A410,Absolutt,Absolutt,#d7191c,Totalt vandringshinder (absolutt),,,60.0,"Ser ikke utløp, vandring blir begrenset av lengde sannsynligvis ",bekkelukking,7.518051925248216,58.090263894318056,7.516627624587945,58.08989402813384
215,Aklandsveien (sidebekk Ekjsø),Vegårshei,"Ekksjø, bekkeløp",018.3Z,Absolutt,Absolutt,#d7191c,Totalt vandringshinder (absolutt),,,15.0,"Gitter oppstrøms, som kan fange kvist. Noe høyt opp mot kulvert ved lav vannstand. Rett ut i innsjø nedstrøms. ",0,8.980299816541553,58.75080850711761,8.979933449359116,58.75055422560581
216,Grimstad ,Grimstad,Storåna (Rjukanfossen - Vrålstadvatnet),019.AZ,Partiell,Partiell,#fdae61,Delvis vandringshinder (partiell),,,8.0,"Kulvert nesten gravd ned, og helt under vann. Vil kunne være tungvind å vandre gjennom, sannsynlig hinder.",0,8.425017056533424,58.403349929022355,8.425117218876196,58.403560469040116
217,Bjørkenes,Lindesnes,Mandalselva - Øyslebø til Mandal bekkefelt,022.A3Z,Ikke hinder,Ikke hinder,#1a9641,Ikke et vandringshinder,,,6.0,0,0,7.516876102314973,58.127250642732015,7.51282704280584,58.13370629819425
218,Brelandsveien (bekk renner ned til Nedre Smørtjenn),Lindesnes,Høyevatnet bekkefelt,022.ABZ,Absolutt,Absolutt,#d7191c,Totalt vandringshinder (absolutt),,,8.0,"Vandringshinder for ål, ligger en flat stein foran utløp til kulvert. Og rør stikker ut av vegg ",0,7.639312154279591,58.20803760431459,7.639093822725412,58.207976152161834
219,Froland ,Froland,Solheimsvannet - Hurvjeevja bekkefelt,019.B31,Partiell,Partiell,#fdae61,Delvis vandringshinder (partiell),,,8.0,"Usikker på om denne er hinder da den ligger dypt, og er vanskelig å se. Men mulig ok. Bekk er kalket nedstrøms ",0,8.685491652293852,58.514351551469026,8.685620493180808,58.51459509195349
220,Høvåg ,Lillesand,Isefjærfjorden bekkefelt,020.41,Ikke hinder,Ikke hinder,#1a9641,Ikke et vandringshinder,,,12.0,Kulvert helt grei. Tør bekk nedstrøms. Vandring mulig ved høyere vannstand. ,0,8.234934955059794,58.18525243080428,8.235186654858495,58.185340104795564
221,Nøding,Lindesnes,Mandalselva - Øyslebø til Mandal bekkefelt,022.A3Z,Absolutt,Absolutt,#d7191c,Totalt vandringshinder (absolutt),,,10.0,Renner ut i annen bekk,0,7.546672226763155,58.10008705572643,7.553828256481834,58.14861255298232
222,Grimstad ,Grimstad,Nidelva Furre - Rygene kraftverk bekkefelt,019.B1,Ikke hinder,Ikke hinder,#1a9641,Ikke et vandringshinder,,,16.0,Kulvert ser ok ut. Men bekk svært tør og redusert. Nesten vanskelig å se bekk. ,0,8.598056174273784,58.40784410971806,8.597872169896917,58.407721356109306
223,Høvåg ,Lillesand,"Vallesværelva, bekkefelt",020.223Z,Ikke hinder,Ikke hinder,#1a9641,Ikke et vandringshinder,,,5.0,"Kulvert sannsynligvis grei, veldig tør. Men usikker på stigning på bekk lengre nede. ",0,8.254976240765174,58.22823019558021,8.254716587307355,58.22832811255564
224,Tvedestrand ,Tvedestrand,Langangselva bekkefelt,018.7AZ,Ikke hinder,Ikke hinder,#1a9641,Ikke et vandringshinder,,,12.0,"Denne ser fin ut, er støpt. Ser fisk nedstrøms, og det er noe vannføring. ",0,8.906068634891309,58.55804174994046,8.906174968205628,58.55787337490152
225,Messelveien (sidebekk Nidelva),Froland,,019.B31,Absolutt,Absolutt,#d7191c,Totalt vandringshinder (absolutt),,,0.0,"Veldig bratt opp til åpning, og kulvert er nok bratt også. Plus naturlig hinder oppstrøms. ",0,8.62760161463895,58.48523524026446,8.628067343331464,58.48542966513976
226,Mot søgne,Kristiansand,,022.110,Partiell,Partiell,#fdae61,Delvis vandringshinder (partiell),,,15.0,"Ikke hinder, men noe avstand fra kulp til stikkrenne. Vandring bør være ok. Litt mye vegetasjon foran stikkrenne. ","partiell, ubetydelig bekk",7.929134295473486,58.10047938286904,7.928682204568286,58.10044983962129
227,Gjerstad ,Gjerstad,"Storelva (Lundvatnet - Gjerstadvatnet), bekkefelt",018.2E4,Ikke hinder,Ikke hinder,#1a9641,Ikke et vandringshinder,,,10.0,"Ikke hinder, ved riktig vannføring. Bekk helt tør. Kulverter ok.",0,9.016691312529248,58.90102546965707,9.016587561952313,58.901213594510054
228,Normannvikveien (bekk Dypvågkilen),,,018.52,Absolutt,Absolutt,#d7191c,Totalt vandringshinder (absolutt),,,20.0,"Kulvert lander på en sandstrand, mulig denne kan vandres ved veldig mye høyere vann, men tenker det er usannsynlig ",0,9.063032355044758,58.629398827687794,9.063251540652795,58.62956810494591
229,Ramsdalen,Lillesand,,020.421,Ikke hinder,Ikke hinder,#1a9641,Ikke et vandringshinder,,,8.0,"Ikke egnet habitat for ferskvannsfisk, noe rumpetroll nedstrøms. Ikke relevandt ",0,8.236655038236279,58.15314083354057,8.236730182760768,58.15280543003027
230,Søgne ,Kristiansand,Høllefjorden bekkefelt,022.21,Ikke hinder,Ikke hinder,#1a9641,Ikke et vandringshinder,,,10.0,"Fin kulvert, ikke vandringshinder. Grei vannføring ",0,7.787432684489318,58.079723501760085,7.787920338826621,58.0798550871876
231,Styggedalen,Lindesnes,Audna - Tryland til Spilling bekkefelt,023.A22,Ikke hinder,Ikke hinder,#1a9641,Ikke et vandringshinder,,,10.0,Stillestående vann gjennom kulvert ,0,7.343058526147382,58.198747837215755,7.346900779516384,58.193660759601414
232,Tvedestrand ,Tvedestrand,Storelva Ubergsvann - Songevann bekkefelt,018.C12,Absolutt,Absolutt,#d7191c,Totalt vandringshinder (absolutt),,,12.0,"Vann renner ikke gjennom kulvert, men på siden. Kulvert er derfor hinder. Noe blokkering av kvist og stein nedstrøms. ",0,8.869747575511184,58.64275055752179,8.870160292804611,58.642687055652814
233,Søm,Kristiansand,Eftevågbekken,020.423Z,Ikke hinder,Ikke hinder,#1a9641,Ikke et vandringshinder,,,12.0,"Noe igjengrodd bekk, men kulvert er grei, fin gammel steinkulvert. ",0,8.160035432206536,58.140618721575336,8.160239285667718,58.140603734037136
234,Arendal ,Arendal,Molandsvann bekkefelt,018.7B,Partiell,Partiell,#fdae61,Delvis vandringshinder (partiell),,,15.0,"Selve kulvert er nok ikke hinder. Men er veldig bratt opp mot kulvert, uten veldig tydelig bekkeløp. ",0,8.8062940087741,58.54370235272559,8.805791751366172,58.54370737842513
235,Ålefjær,Vennesla,Venneslafjorden bekkefelt,021.A4Z,Ikke hinder,Ikke hinder,#1a9641,Ikke et vandringshinder,,,8.0,Ikke vandringshinder hvis fisken kommer hit ,0,7.989431288387861,58.25699647951102,7.989542655373178,58.256944301504554
236,Utløp Bjødneråsen,Lindesnes,Audna - Spilling til Melhusfossen bekkefelt,023.A121Z,Ikke hinder,Ikke hinder,#1a9641,Ikke et vandringshinder,,,6.0,Blir litt dypere i kulpen,0,7.438250296197044,58.152266953672004,7.438281167016742,58.152184837842086
237,Mollandsveien (bekk leder mot Morvigfjorden),Grimstad,"Morvigbekken, bekkefelt",019.218Z,Absolutt,Absolutt,#d7191c,Totalt vandringshinder (absolutt),,,20.0,"Fisk nedstrøms. Kulvert er fulstending blokkert for vandring oppstrøms av kvist, og delvis nedstrøms av stein, sand og kvist. Denne bør ryddes, nåværende hinder ",0,8.551275757123824,58.318878612966586,8.551130294129795,58.319263257148364
238,Grimstad ,Grimstad,"Morvigbekken, bekkefelt",019.218Z,Ikke hinder,Ikke hinder,#1a9641,Ikke et vandringshinder,,,20.0,"Ikke hinder, kulvert sannsynligvis ok. Fin bekk nedstrøms. Ser fisk. Kommer inn en liten stikkrenne ved utløp, vet ikke hvor denne kommer fra ",0,8.55351947652032,58.319970798192074,8.554021924047735,58.31985488977132
239,Grimstad ,Grimstad,Allemannsbekken,019.212Z,Ikke hinder,Ikke hinder,#1a9641,Ikke et vandringshinder,,,14.0,Ikke vandringshinder. Men veldig stillestående vann. Noe fisk lengre nedstrøms. ,0,8.678479028972605,58.38635087109407,8.678304503833353,58.38631447076093
240,Grimstad ,Grimstad,"Vikkilen, bekkefelt",019.2161Z,Ikke hinder,Ikke hinder,#1a9641,Ikke et vandringshinder,,,9.0,Denne ser ok ut. En del stillestående vann nedstrøms. Men grei bekk. ,0,8.59284111135731,58.36990815154954,8.592678890137432,58.36989119934285
241,Riseveien / Jernbaneveien (bekk del av Riseevja som renner ut i Nidelva),Arendal,Messelbekken,019.B1,Absolutt,Absolutt,#d7191c,Totalt vandringshinder (absolutt),,,18.0,Demning blokkerer foran kulverter. Selve kulvert sannsynligvis ok. ,0,8.629023127613484,58.46609340299915,8.629155316720421,58.465939177972984
242,Skottevigveien (bekk renner ut i Bjåviga),Lillesand,,020.421,Absolutt,Absolutt,#d7191c,Totalt vandringshinder (absolutt),,,12.0,Kulvert igjengrodd og fylt igjen med jord/slam nedstrøms. Bekkeløp er tørt og fult med kvist og jord. Bekk må graves ut for at denne skal kunne vandres og kulvert må graves ut og utbedres ,0,8.242769907294406,58.13186898062706,8.242532258941049,58.13189616876743
243,Birkenes ,Birkenes,,020.A6,Partiell,Partiell,#fdae61,Delvis vandringshinder (partiell),,,12.0,Litt kvist og stein i fremkant av kulvert. Bør være fin. Men noe høyde opp. Usikker på normal vannføring her ,0,8.170255349121987,58.3096440622158,8.170051872761023,58.30974809265114
244,Vegårshei ,Vegårshei,Storelva - Hauglandselva bekkefelt,018.E,Ikke hinder,Ikke hinder,#1a9641,Ikke et vandringshinder,,,12.0,"Ikke hinder, men veldig bratt oppstrøms. ",0,8.828254703603386,58.743561986964735,8.82802232245783,58.74374028283411
245,Arendal ,Arendal,Molandsvann bekkefelt,018.7B,Ikke angitt,Ikke angitt,#999999,Ikke vurdert / mangler data,,,14.0,"Kulvert sannsynligvis fin, bekk er nok mest egnet som leder for vann fra jordbruk. Veldig igjengrodd og sølete stillestående vann. ",0,8.834467979416603,58.53257044769011,8.834538181728645,58.53239978531598
246,Tvedestrand ,Tvedestrand,Storelva Ubergsvann - Songevann bekkefelt,018.C12,Partiell,Partiell,#fdae61,Delvis vandringshinder (partiell),,,30.0,"Usikker på hinder, da dette er en lang kulvert. Og mulig det er kummer langs vei som renner ned i denne. Ved dagens vannføring lekker vann ut mellom to betongelementer før bekk. Ser ikke fisk, en del rumpetroll. ",0,8.890287972039681,58.62556409156132,8.890637928338274,58.62516932543143
247,Grimstad ,Grimstad,"Vikkilen, bekkefelt",019.2161Z,Absolutt,Absolutt,#d7191c,Totalt vandringshinder (absolutt),,,20.0,"Potensielt vandringshinder. Terskel inni kulvert, der det lekker vann i tillegg, vil børe krevende og passere. Fin bekk nedstrøms. ",0,8.60440124710822,58.3690754260321,8.604193590668848,58.36922159813254
248,Songeveien ,Tvedestrand,,018.322,Absolutt,Absolutt,#d7191c,Totalt vandringshinder (absolutt),,,80.0,"Veldig høy stigning i noe uegnet bekk, med underdimensjoner plaststikrenne. Gjør denne til hinder og sannsynligvis barriere ",0,8.98956433051795,58.67681176600949,8.989109179422298,58.67714938169081
249,Risør ,Risør,Bekk fra Dukane,018.21,Ikke hinder,Ikke hinder,#1a9641,Ikke et vandringshinder,,,8.0,Kulverter ser ok ut. 3 betongkulverter der 2 er like store. Ikke mange meter ut i fjorden etter kulvert. ,0,9.079139664166139,58.76008073148538,9.07927415278275,58.76018216097207
250,Gjerstad,Gjerstad,"Gjerstadvatnet, bekkefelt",018.2D,Ikke hinder,Ikke hinder,#1a9641,Ikke et vandringshinder,,,16.0,Greie betongkulverter. Ikke hinder.,0,9.127453689593281,58.85557258414866,9.127586448068381,58.855644156290644
251,Indre vei (sidebekk storeelva),Gjerstad,"Storelva (Lundvatnet - Gjerstadvatnet), bekkefelt",018.2E4,Absolutt,Absolutt,#d7191c,Totalt vandringshinder (absolutt),,,12.0,"Det er mye kvist foran inngang, og der ligger et gammel sauegjerde foran. Vet ikke hvor mye fisk som kommer hit, men vil være hinder.",0,9.026871693931998,58.89447342777988,9.027190823702307,58.894557636828935
252,Gjerstad ,Gjerstad,"Solemelva, bekkefelt",018.2F,Ikke hinder,Ikke hinder,#1a9641,Ikke et vandringshinder,,,100.0,"Stillestående bekk, veldig mørt vannfarge. Kulvert ikke hinder. ",0,8.906967291949679,58.92611433922579,8.907093280237804,58.926257798525064
253,Gjerstad ,Gjerstad,"Solemelva, bekkefelt",018.2F,Ikke hinder,Ikke hinder,#1a9641,Ikke et vandringshinder,,,8.0,"Kulvert ikke hinder, helt tørt. Mulig bekk er for bratt til å vandres. Men må mye nedbør til før det skal kunne være aktuelt ",0,8.921547920935417,58.92300310038926,8.921660819755031,58.9230968919872
254,Søm,Kristiansand,,020.424Z,Absolutt,Absolutt,#d7191c,Totalt vandringshinder (absolutt),,,12.0,Rør ser ut til å være slammet igjen. Usikker på hvor egnet habitat på oversiden er uansett. Men ser fisk nedstrøms ,0,8.093615955901452,58.153992411085376,8.093762161308788,58.1541986511056
255,Gjerstad ,Vegårshei,"Ekksjø, bekkeløp",018.3Z,Partiell,Partiell,#fdae61,Delvis vandringshinder (partiell),,,15.0,"Usikker på hinder, mulig denne kan vandres ved god vannføring. ",0,8.970944840754163,58.75255214990917,8.970636472452897,58.75258115153719
256,Søm,Kristiansand,,020.4240,Ikke hinder,Ikke hinder,#1a9641,Ikke et vandringshinder,,,12.0,"Ser ikke gjennom kulvert. Veldig stillestående vann. Sikkert ok, mulig hinder lengre nedstrøms. Mye vegetasjon i bekk.",0,8.119047925535723,58.11450579848257,8.119128232739936,58.11466783823933
257,Arendal ,Arendal,Nidelva Furre - Rygene kraftverk bekkefelt,019.B1,Partiell,Partiell,#fdae61,Delvis vandringshinder (partiell),,,20.0,Renner omtrent ikke noe vann gjennom denne. Grei bekk nedstrøms. ,0,8.620781881706577,58.444955752915426,8.62120081651813,58.44508371118588
258,Grimstad ,Grimstad,"Kilandsvatnet, bekkefelt",019.AD,Ikke hinder,Ikke hinder,#1a9641,Ikke et vandringshinder,,,10.0,"Sannsynligvis grei ved normal vannstand, sannsynligvis ikke hinder ",0,8.393060909118288,58.411300376327546,8.392914859398681,58.41113166395687
259,Arendal,Arendal,Molandsvann bekkefelt,018.7B,Partiell,Partiell,#fdae61,Delvis vandringshinder (partiell),,,40.0,"Sannsynligvis ikke hinder. Greit bekkeløp nedstrøms, men vanskelig å finne oppstrøms.",0,8.799950630321632,58.53159968996475,8.799194436618523,58.53181457378672
260,Gjerstad ,Gjerstad,"Sunda, bekkefelt",018.2C,Ikke hinder,Ikke hinder,#1a9641,Ikke et vandringshinder,,,22.0,"Ikke hinder, men vannkvalitet ser ikke bra ut, oljete skinnende vann. Og gjengrodd bekk, med lite vann. ",0,9.073793016664919,58.81522759380546,9.073363845954319,58.815024196305586
261,Søm ,Lillesand,,020.4231,Partiell,Partiell,#fdae61,Delvis vandringshinder (partiell),,,25.0,"Usikker på vandring gjennom selve kulvert, er litt liten ",0,8.18276017073767,58.152931912870876,8.18182527095657,58.15295923595653
262,Søndeledveien (bekk renner mot Brøbøvann),Risør,,018.2A21,Absolutt,Absolutt,#d7191c,Totalt vandringshinder (absolutt),,,20.0,"Naturstein i bunn. Setter denne som hinder fordi denne sannsynligvis ikke er veldig fin oppstrøms. Plus noe høyde opp mot kulvert. Lite vann, men fin bekk nedstrøms",0,9.084887624399412,58.78362139760052,9.084433412673041,58.783685298722375
263,Mandal ,Lindesnes,Harkmarkfjorden bekkfelt,022.321,Ikke hinder,Ikke hinder,#1a9641,Ikke et vandringshinder,,,14.0,"Grei bekk nedstrøms, kulvert ikke hinder ",0,7.61716958636998,58.03402872765904,7.616962516813561,58.03404080633702
264,Tauleveien (bekk fra Holletjenn),Grimstad,,019.2161Z,Absolutt,Absolutt,#d7191c,Totalt vandringshinder (absolutt),,,20.0,"Kulvert tett innvendig. Hinder hvis fisk kommer hit, ellers bør dette utbedres uansett på grunn av potensialet for erosjon langs vei. ",0,8.59439102595579,58.37402582026712,8.594302477319358,58.37412755313311
265,Mandal ,Lindesnes,Mannefjorden bekkefelt,022.322,Ikke hinder,Ikke hinder,#1a9641,Ikke et vandringshinder,,,16.0,Sannsynligvis ikke hinder. Litt stillestående vann rett ved kulvert. Og steinkulvert går inn i rør lengre oppstrøms. ,0,7.528644316432391,58.014470773230485,7.528441247504931,58.01473243635975
266,Mandal ,Lindesnes,Jåbekken bekkfelt,022.32A,Ikke hinder,Ikke hinder,#1a9641,Ikke et vandringshinder,,,10.0,"Denne er sannsynligvis ikke vandringshinder. Men med tanke på erosjon oppstrøms, burde rør nummer to vært rensket. Noe grøftepreget bekkeløp. ",0,7.513181012353841,58.028994024541205,7.513269800330671,58.02892296131883
267,Mandal ,Kristiansand,Trondstadvatnet bekkefelt,022.2B0,Partiell,Partiell,#fdae61,Delvis vandringshinder (partiell),,,20.0,"Tenker denne er grei å passere for fisk, ved litt høyere vannføring. Sannsynligvis hinder for ål, hvis det er ål her. ",0,7.730369770880405,58.15016273618322,7.729971642029142,58.14989653756902
268,Mandal ,Kristiansand,Trondstadvatnet bekkefelt,022.2B0,Ikke hinder,Ikke hinder,#1a9641,Ikke et vandringshinder,,,10.0,"Grei stikkrenne, ikke hinder.",0,7.738189617930071,58.1433825440839,7.737971213558237,58.143321905134755
269,Kristiansandn,Kristiansand,Tverråna – Tronstadvannet til Lundeelva bekkefelt,022.2A,Ikke hinder,Ikke hinder,#1a9641,Ikke et vandringshinder,,,12.0,"Se kart, er det demning lengre oppstrøms? Men kulverter ok, ene med vannføring lekker litt, men bør kunne passeres ",0,7.750628059148548,58.12704274559841,7.751248510047094,58.126895935733714
270,Mandal ,Lindesnes,Skagestadvatnet bekkefelt,022.3C,Ikke hinder,Ikke hinder,#1a9641,Ikke et vandringshinder,,,14.0,Kulvert ikke hinder. ,0,7.552717476918768,58.06832845028225,7.552640923701906,58.068431399507254
271,Birkelandveien,Kristiansand,Songdalselva - Samløp Sogna og Gumpedalselva til Brennåsen,022.A21,Ikke hinder,Ikke hinder,#1a9641,Ikke et vandringshinder,,,15.0,"Ikke vandringshinder, ser fisk nedstrøms. Sannsynligvis mindre avstand mot røret når vannet er høyere. ",0,7.848416581967283,58.13742159493274,7.8482160962798275,58.13738322509319
272,Tredgeveien (bekk renner ned til Skogøysundet),Lindesnes,,022.322,Absolutt,Absolutt,#d7191c,Totalt vandringshinder (absolutt),,,20.0,"Tenker denne er hinder både på grunn av høyde mot inngang, der det i tillegg ligger et vannføring. Plus stigningen på stikkrennen. ",0,7.58889446272599,58.01005989210443,7.588859450378111,58.010299679601225
273,Ålefjær,Kristiansand,Ålefjærfjorden bekkefelt,021.121Z,Ikke hinder,Ikke hinder,#1a9641,Ikke et vandringshinder,,,15.0,"Bra bunnforhold og vegetasjon. Kulvert ikke vandringshinder, bra ",0,8.017798323072963,58.24237561485157,8.01759486542905,58.2425740236636
274,Søm ,Kristiansand,Drangsvatna bekkefelt,020.4260,Ikke hinder,Ikke hinder,#1a9641,Ikke et vandringshinder,,,10.0,Selve kulvert ok. Mye sediment og planter i bekk. Mye landbruksavrenning,0,8.140725778480167,58.152925099367586,8.14057110076584,58.15299446962802
275,Søm,Kristiansand,Drangsvatna bekkefelt,020.4260,Partiell,Partiell,#fdae61,Delvis vandringshinder (partiell),,,10.0,Ikke nødvendigvis vandringshinder selve kulverten. Men kommer hinder lengre nedstrøms sannsynligvis. Ny liten betongstikkrenne.,0,8.131451558915899,58.151555374850254,8.131583860318631,58.15136160217874
276,Trynesveien (bekk renner ned fra Oftenestjønna),Kristiansand,Hundsøyfjorden bekkefelt,022.221,Ikke hinder,Ikke hinder,#1a9641,Ikke et vandringshinder,,,12.0,"Kulvert helt under vann, mye gjengroing og rør fylt av slam. Burde spyles ",0,7.741707971789674,58.07480959779506,7.741879826014155,58.07480771987507
277,Vågestad,Lindesnes,Mandalselva - Laudal til Øyslebø bekkefelt,022.B1Z,Ikke hinder,Ikke hinder,#1a9641,Ikke et vandringshinder,,,7.0,0,0,7.441778676619203,58.16330647546796,7.441515693095678,58.16324482689891
278,Mandal 9 ,Lindesnes,Mandalselva - Øyslebø til Mandal bekkefelt,022.A3Z,Partiell,Partiell,#fdae61,Delvis vandringshinder (partiell),,,8.0,"Bratt, mulig ål vandrer. Lite vann nå ",0,7.499790109583622,58.0631821914519,7.499698462367386,58.0630782528883
279,Kyrredalen,Lindesnes,Mandalselva - Øyslebø til Mandal bekkefelt,022.A3Z,Partiell,Partiell,#fdae61,Delvis vandringshinder (partiell),,,5.0,"Kulvert er grunn, Max 5cm vann",0,7.512798616303046,58.133735530392066,7.336017904190824,58.115720682297436
280,Gross ,Grimstad,"Groosfjorden, bekkefelt",019.216Z,Ikke hinder,Ikke hinder,#1a9641,Ikke et vandringshinder,,,12.0,"Kulvert sannsynligvis grei. Noe slam og finkornet sediment nedstrøms. Går småkulverten in fra siden, med vann av ukjent kvalitet. ",0,8.579975370519996,58.32873943771987,8.57968450420466,58.32877945728735
281,Arendal ,Arendal,Mørløsvatnet - Nidelva,019.B20,Partiell,Partiell,#fdae61,Delvis vandringshinder (partiell),,,22.0,2 betongkulverter under bru. Vann passerer i kulverter ved lav vannføring.  Disse er tilbøyelige til å tettes oppstrøms. Ligger 3 sykler i bekk nedstrøms. ,bru,8.584000062145229,58.44241287456844,8.583873860341019,58.44250193916894
282,Tredgeveien (bekk renner ned til Skogøysundet),,,022.322,Absolutt,Absolutt,#d7191c,Totalt vandringshinder (absolutt),,,8.0,"Mulig hinder, noe høyde opp mot kulvert og ikke veldig god plass til å hoppe fra. Sannsynligvis hinder for ål. ",0,7.586493561545234,58.00970004798012,7.5866483544461545,58.00975671782485
283,Grimstad ,Grimstad,"Bufjorden, bekkefelt",019.220,Partiell,Partiell,#fdae61,Delvis vandringshinder (partiell),,,20.0,Hele innløpet til kulverten ligger under saltvann. ,0,8.513354475048382,58.302349377458,8.513121362890123,58.30259101620496
284,Birkenes ,Birkenes,,020.A6,Ikke hinder,Ikke hinder,#1a9641,Ikke et vandringshinder,,,6.0,"Fint habitat og kulvert ikke vandringshinder. Kulvert lekker noe vann, men ikke betydelig. Denne er grei. Men bekk er veldig tør nedstrøms. Mye fisk nedstrøms, en på rundt 20cm.",0,8.185753744675813,58.29207785128936,8.186115495945108,58.292088641964185
285,Tromøy,Arendal,,019.11,Partiell,Partiell,#fdae61,Delvis vandringshinder (partiell),,,10.0,"Ikke barriere, noe hinder. mye vegetasjon og igjengrod bekk. Selve kulvert mulig litt liten. Noe fisk bør passere.",0,8.90029550599602,58.50049860646099,8.90023789877216,58.50030182517371
286,Høvågveien (bekk mellom Bragetjønn og Kjøstveittjønna),Lillesand,Isefjærfjorden bekkefelt,020.41,Absolutt,Absolutt,#d7191c,Totalt vandringshinder (absolutt),,,15.0,"Denne ser ut til å ligge litt for dypt, og regner med det er mye slam og kvist innvendig, regner med denne er vanskelig å vandre gjennom ",0,8.239396035487497,58.1887179287928,8.239103488014848,58.188802692449315
287,Bykle ,Valle,Vasstølåni bekkfelt,021.F7A52,Ikke hinder,Ikke hinder,#1a9641,Ikke et vandringshinder,,,15.0,"Litt stinging opp mot kulvert. Sannsynligvis ikke hinder, hvis fisk skulle komme så langt opp. ",0,7.486532612066435,59.29984303624831,7.487080769582298,59.30004059817149
288,Tromøy,Arendal,,019.11,Partiell,Partiell,#fdae61,Delvis vandringshinder (partiell),,,25.0,Sannsynligvis ikke fiskeførende. ,0,8.859094919539697,58.471246505277186,8.85955350445802,58.4700664747951
289,Arendal ,,Brekkeelva,018.7C,Partiell,Partiell,#fdae61,Delvis vandringshinder (partiell),,,40.0,"Usikker på vandringshinder på grunn av lengde på hvordan kulvert går. Noe høyde opp mot kulvert, greit for anadrom fisk, sannsynligvis problematisk for ål.",0,8.818840107597856,58.562168447971466,8.81859392938045,58.56249296258892
290,Tromøy ,Arendal,,019.11,Ikke hinder,Ikke hinder,#1a9641,Ikke et vandringshinder,,,8.0,"Liten kulvert, liten vannføring. Kulvert nesten helt under vann. ",0,8.9064688699196,58.48191381209199,8.906383679991231,58.481963300237815
291,Tromøy ,,,019.11,Partiell,Partiell,#fdae61,Delvis vandringshinder (partiell),,,10.0,"Veldig igjengrodd bekkeløp, ser ikke utløp",0,8.900173117032153,58.486236188232326,8.899757841310386,58.48603127785499
292,Tromøy ,Arendal,,019.11,Ikke hinder,Ikke hinder,#1a9641,Ikke et vandringshinder,,,7.0,Grei kulvert. Mye slam i bekkeløp. ,0,8.89755683805069,58.484858332741474,8.897349434977373,58.484783468922146
293,Tvedestrand ,,Langangselva bekkefelt,018.7AZ,Ikke hinder,Ikke hinder,#1a9641,Ikke et vandringshinder,,,6.0,"Grei kulvert, noe redusert bekk. Men er noe vann ",0,8.880672133702504,58.584832652280845,8.880661875399689,58.584900567851314
294,Grimstad ,,"Vikkilen, bekkefelt",019.2161Z,Ikke hinder,Ikke hinder,#1a9641,Ikke et vandringshinder,,,20.0,"Gammel kulvert i stein, denne ser ok ut, men er noe større stokker foran kulvert. Men bør være ok. ",0,8.60410500918624,58.369276435611525,8.604141066278698,58.36940422988687
295,Tromøy ,Arendal,,019.11,Ikke hinder,Ikke hinder,#1a9641,Ikke et vandringshinder,,,14.0,"Ikke hinder, men bekkeløp burde vært renska/gravd ut ",0,8.899461986612511,58.4858219600634,8.899246998561292,58.48567931993956
296,Mandal ,,Mannefjorden bekkefelt,022.322,Ikke hinder,Ikke hinder,#1a9641,Ikke et vandringshinder,,,6.0,Kulvert ser ikke ut som hinder. Men det er mye vegetasjon i bekkeløp. ,0,7.529447888121876,58.013872357168616,7.529380982616961,58.013916347948054
297,Arendal ,Arendal,"Nidelva, Bekkefelt Helle",019.A12Z,Partiell,Partiell,#fdae61,Delvis vandringshinder (partiell),,,14.0,"Klein vannkvalitet nedstrøms. Mulig hinder, er litt høyde opp mot kulvert og bekk i stinging før dette. Ingen kulp og hoppe fra. ",0,8.64397711804937,58.42043318469958,8.643617402054291,58.420315470063784
298,Tvedestrand ,Tvedestrand,Storelva Ubergsvann - Songevann bekkefelt,018.C12,Ikke hinder,Ikke hinder,#1a9641,Ikke et vandringshinder,,,8.0,Lav vannføring. Men ser ikke på kulverter som hinder ved normal vannføring. ,0,8.852861289762389,58.62648226003348,8.852688792542065,58.62640643211374
299,Arendal ,Arendal,Molandsvann bekkefelt,018.7B,Partiell,Partiell,#fdae61,Delvis vandringshinder (partiell),,,7.0,Kulvert er nok ikke noe mer hinder en det selve bekken er. Tvilsomt at denne bekken fører fisk ,0,8.835048708263653,58.531315121373446,8.8349013731152,58.53115240610953
300,Øygarden,Lyngdal,Øydnavatnet Ytre bekkefelt,023.C3Z,Absolutt,Absolutt,#d7191c,Totalt vandringshinder (absolutt),,,12.0,Vandringshinder i to etasjer,0,7.382402691861449,58.35108567354539,7.350395935574696,58.24698870748077
301,Tromøy ,Arendal,,019.11,Partiell,Partiell,#fdae61,Delvis vandringshinder (partiell),,,8.0,"Kulvert under jorde, mye vegetasjon som vil kunne sperre ",0,8.899100163715929,58.4855923008111,8.898933417042993,58.48545177277087
302,Hageland kryss,Lindesnes,Sjølingstadbekken bekkefelt,022.4B,Ikke hinder,Ikke hinder,#1a9641,Ikke et vandringshinder,,,8.0,Kunne hatt terskeler i kulverten,0,7.435834463275665,58.07747529349678,7.436076112443772,58.077551861478256
303,0,Lindesnes,Elv fra Skadbergvatnet,022.4A,Ikke hinder,Ikke hinder,#1a9641,Ikke et vandringshinder,,,45.0,0,0,7.444652449897531,58.05884830198937,7.441054051872205,58.06281149802601
304,Tromøy kirkevei (bekk som renner ut i Hovekilen)),,,019.11,Absolutt,Absolutt,#d7191c,Totalt vandringshinder (absolutt),,,10.0,"Mulig utløp, vil være barriere ",0,8.836178276097563,58.44934039168829,8.83627440006554,58.44949363891735
305,Kvinesdal ,Kvinesdal,Fedafjorden bekkefelt frå nord,025.33,Ikke hinder,Ikke hinder,#1a9641,Ikke et vandringshinder,,,9.0,"Fin kulvert, ser fisk nedstrøms. Litt gjengrodd, men grei bekk. ",0,6.891581780317789,58.28306504381001,6.892018438872251,58.283194226514155
306,Høvåg ,Lillesand,"Bliksfjorden - Røynevardsfjorden, bekkefelt",020.32,Partiell,Partiell,#fdae61,Delvis vandringshinder (partiell),,,8.0,"Grei kulvert, ikke hinder. Mye vegetasjon, kunne hatt grus ",0,8.234325132367099,58.14072119474504,8.234233057876162,58.140730585324
307,Lyngør ,Risør,"Sandnesfjorden, bekkefelt",018.4,Ikke hinder,Ikke hinder,#1a9641,Ikke et vandringshinder,,,12.0,Grei kulvert. Greit habitat nedstrøms. God vannføring.,0,9.11208076596102,58.68589510233379,9.111794600400257,58.68601717057806
308,Nipeveien (bekk mellom Hudalstjenna og Nipekilen,Risør,"Lyngørfjorden-østre, bekkefelt",018.51Z,Absolutt,Absolutt,#d7191c,Totalt vandringshinder (absolutt),,,80.0,"Hinder på grunn av lengde, mulig barriere. Fin bekk nedstrøms. Veldig lang ",0,9.145474667569651,58.67876351764758,9.144919491570837,58.679670975037354
309,Lyngør ,Risør,"Sandnesfjorden, bekkefelt",018.4,Ikke hinder,Ikke hinder,#1a9641,Ikke et vandringshinder,,,8.0,"Fin, litt avstand opp mot kulvert, men er ikke bratt og vann renner fint opp. Fungerer bra for vandring ",0,9.109252612251748,58.684978963943394,9.109764902579007,58.684526931999294
310,Songeveien ,Tvedestrand,"Songebekken, inkl. bekkefelt",018.32Z,Partiell,Partiell,#fdae61,Delvis vandringshinder (partiell),,,10.0,"Er noe kvist som blokerer ene rør ved innløp, og mye kvist invendig i andre rør. Ville ryddet opp. Ellers fint habitat, noe lav vannstand nå. Ser fisk nedstrøms. ",0,9.000628285970874,58.69134030983781,9.00059392213504,58.69141958597546
311,Tromøy kirkevei (bekk som renner ut i sandumkilen),,,019.11,Absolutt,Absolutt,#d7191c,Totalt vandringshinder (absolutt),,,10.0,"Sliter med å finne ingang på grunn av vegetasjon, hinder ",0,8.844921467745158,58.448178842865374,8.844857840677127,58.448271607008756
312,0,Lindesnes,Audna - Spilling til Melhusfossen bekkefelt,023.A121Z,Absolutt,Absolutt,#d7191c,Totalt vandringshinder (absolutt),,,8.0,0,0,7.369003372955681,58.14142089482193,7.369057132525681,58.14130775286858
313,Grimstad ,Grimstad,"Stigselva, bekkefelt",020.1C,Ikke hinder,Ikke hinder,#1a9641,Ikke et vandringshinder,,,8.0,"Grei kulvert, noe landbrukspreget bekk. Stillestående vann nedstrøms. Kulvert ligger under vann oppstrøms ser det ut til. ",0,8.356862987170434,58.353931515949036,8.35737388456381,58.354077933862044
314,Arendal ,Arendal,"Longumvatnet, bekkefelt",019.12Z,Ikke hinder,Ikke hinder,#1a9641,Ikke et vandringshinder,,,7.0,Noe stillestående og slammete vann. Litt gjengrodd foran kulvert. Men ok for vandring. ,0,8.766675309019705,58.5144336542119,8.766535494330078,58.51437018926262
315,Froland ,Froland,"Assævannet, bekkefelt",019.A1Z,Ikke hinder,Ikke hinder,#1a9641,Ikke et vandringshinder,,,12.0,"Stor fin kulvert, grei vannføring med tanke på hvor tørt det er. Ikke hinder ",0,8.671562117850797,58.47962053340804,8.671833647703817,58.4797978122222
316,Mandal 17,Lindesnes,Mandalselva - Øyslebø til Mandal bekkefelt,022.A3Z,Ikke hinder,Ikke hinder,#1a9641,Ikke et vandringshinder,,,20.0,Bør ikke være vandringshinder ved normal vannføring. Fin gammel kulvert. Ok for ål og anadrom fisk ,0,7.523333950665145,58.08896110100066,7.523888785853588,58.08904335728184
317,Arendal ,Arendal,Nidelva Furre - Rygene kraftverk bekkefelt,019.B1,Partiell,Partiell,#fdae61,Delvis vandringshinder (partiell),,,0.0,"Grei bekk nedstrøms, renner 2 forskjellige kulverter ut her. Litt lav vannstand, men renner en del vann igjennom. ",0,8.620717894573207,58.44493053221199,8.620907650054571,58.44528621332743
318,Høvåg ,Lillesand,Kvåsefjorden - Kvarenesfjorden bekkefelt,020.4231,Partiell,Partiell,#fdae61,Delvis vandringshinder (partiell),,,20.0,"Noe hinder, kvist oppstrøms. Grei kulvert. Noe hopp opp til kulvert nå, men renger med denne er grei ved høyere vannstand. Ser en del fisk nedstrøms ",0,8.184393100750448,58.15747753900473,8.183995538037818,58.15744510415537
319,Birkenes ,Birkenes,Tovdalselva Herefossfjorden - Flakksvatn bekkefelt,020.B2Z,Ikke hinder,Ikke hinder,#1a9641,Ikke et vandringshinder,,,20.0,"Hvis kulvert ikke er tett, er denne fin. Gjengrodd bekk og veldig stillestående vann. Ser overraskende nok fisk nedstrøms, størrelse 10cm. ",0,8.27285248844256,58.342015576941286,8.273180750532784,58.34190140414131
320,Risør ,Risør,"Leivann, bekkefelt",018.1C,Ikke hinder,Ikke hinder,#1a9641,Ikke et vandringshinder,,,5.0,"Grei gammel kulvert, noe tømmerstokker invendig, som hindrer vandring ved veldig lav vannstand, men ellers ok. ",0,9.273554422095065,58.77474928825874,9.273809126553259,58.775069576487766
321,Bykle ,Valle,Vasstølåni bekkfelt,021.F7A52,Ikke hinder,Ikke hinder,#1a9641,Ikke et vandringshinder,,,8.0,"Fin bekk, kulvert ikke hinder. Men er bratt ned til elv. ",0,7.48459539297347,59.30377488973769,7.484834778281634,59.30386349468921
322,Mandal ,Kristiansand,Mandalselva - Laudal til Øyslebø bekkefelt,022.B1Z,Ikke hinder,Ikke hinder,#1a9641,Ikke et vandringshinder,,,14.0,"Bedre bekk her en lengre oppstrøms. Sandete bunn, ser fisk. Grei å vandre gjennom ",0,7.581434284676165,58.27186055248073,7.581057770275496,58.27183988100147
323,Eiksåveien (bekk fra Røyrvatnet til Auslandsvatnet),Lindesnes,Trondstadvatnet bekkefelt,022.2B0,Absolutt,Absolutt,#d7191c,Totalt vandringshinder (absolutt),,,10.0,"Tenker disse er hinder for ål, mulig Aure kan passere kulvert, selv om disse vil slite med demning på andre siden ",0,7.692661811242215,58.16610267988892,7.692611581234405,58.16623330593702
324,Mandal ,Kristiansand,Kumlefjorden bekkfelt,022.226,Ikke hinder,Ikke hinder,#1a9641,Ikke et vandringshinder,,,12.0,Kulvert går rett ut i saltvann. Denne er ikke hinder. Bra at denne ikke er for bratt. ,0,7.657807599532747,58.05229861195517,7.65796459129973,58.052443214017266
325,Skjønnefjellveien,Lindesnes,Mandalselva - Mandal til utløp bekkefelt,022.A21,Absolutt,Absolutt,#d7191c,Totalt vandringshinder (absolutt),,,30.0,0,0,7.452688227821519,58.042752680731226,7.451889374162241,58.04285953857846
326,Mandal ,Kristiansand,Trysfjorden bekkefelt,022.22Z,Partiell,Partiell,#fdae61,Delvis vandringshinder (partiell),,,14.0,"Kulvert ikke hinder, fin bekk nedstrøms. Veldig bratt oppstrøms. ",0,7.64490014073039,58.109342916595075,7.644963077845442,58.10921349371755
327,langenesveien ,Kristiansand,Kristiansandsfjorden indre bekkefelt,021.23Z,Ikke hinder,Ikke hinder,#1a9641,Ikke et vandringshinder,,,17.0,"ikke barriere, god for vandring, ligger stein som terskler nedstrøms. ",Fungerer godt,7.9373089177096245,58.10763559326234,7.937088492809662,58.10773768400894
328,Birkenes ,Birkenes,,020.A7,Partiell,Partiell,#fdae61,Delvis vandringshinder (partiell),,,20.0,"Noe hinder, Noe høyde opp mot kulvert, plus begrenses til betongrør inni kulvert, med 20-30cm høyde fra vannflate. Vandring for anadrom fisk bør gå bra, men er noe høyt. Mulig noe tiltak burde gjøres. Og gjerne rydde litt i utløp fra kulvert. ",0,8.232659645601826,58.32745879229939,8.233113494605902,58.32716450664485
329,Mollandsveien (bekk leder muligens mot Morvigfjorden),Grimstad,"Morvigbekken, bekkefelt",019.218Z,Absolutt,Absolutt,#d7191c,Totalt vandringshinder (absolutt),,,20.0,"Setter disse som hinder. Disse er veldig nye, men ligger høyere oppe en det som ser optimalt ut. Siden det er to rør burde de kunne hatt forskjellig høyde feks. Vann renner ikke gjennom kulvert nå. Men på siden. ",0,8.557356477344047,58.321585075441455,8.557107794848529,58.32177651358373
330,Grimstad ,Grimstad,"Temse, bekkefelt",019.A23Z,Ikke hinder,Ikke hinder,#1a9641,Ikke et vandringshinder,,,15.0,"Ikke hinder, men lite vann i bekk. Fin bekk nedstrøms. ",0,8.622369161975815,58.39176986372012,8.622421206655432,58.39188089480373
331,Lillesand ,Lillesand,Glamslandvatnet med bekkefelt,020.221Z,Partiell,Partiell,#fdae61,Delvis vandringshinder (partiell),,,12.0,"Fin kulvert, fint bekkeløp",0,8.319141985898476,58.246663689225194,8.318752348045187,58.24681815078902
332,0,Lillesand,Holtevannsbekken,020.3Z,Ikke angitt,Ikke angitt,#999999,Ikke vurdert / mangler data,,,12.0,"Grei kulvert, et av de 2 rørene er litt tett nedstrøms. Veldig fint bekkeløp og ser laks/sjøørret nedstrøms(smolt) ",0,8.2585168601973,58.19444486934075,8.25807935494612,58.19423698764856
333,Vegårshei ,Vegårshei,Storelva - Hauglandselva bekkefelt,018.E,Absolutt,Absolutt,#d7191c,Totalt vandringshinder (absolutt),,,14.0,"Bekk ser blokkert ut lengre nedstrøms, og det er litt for høyt opp mot kulvert. ",0,8.792178633039095,58.71307021147432,8.792531738860509,58.71326698098824
334,Vegårshei ,Vegårshei,Storelva - Hauglandselva bekkefelt,018.E,Ikke hinder,Ikke hinder,#1a9641,Ikke et vandringshinder,,,16.0,"Tenker denne er grei, ved høyere vannføring. Er fisk nedstrøms. Kulvert ok. ",0,8.815726942733551,58.736733118477666,8.815211531935036,58.73668161994207
335,Gjerstad ,Vegårshei,Ljøstadvann bekkefelt,018.E,Partiell,Partiell,#fdae61,Delvis vandringshinder (partiell),,,14.0,"Sannsynligvis grei, men lite vann, og noe høyde opp mot kulvert. ",0,8.912343638058891,58.75884637402804,8.912354800438258,58.75885473393281
336,Vegårshei ,Vegårshei,"Ufsvatn, bekkefelt",019.C3,Partiell,Partiell,#fdae61,Delvis vandringshinder (partiell),,,22.0,"Mulig hinder, ligger et par plank og noe stein foran kulvert. ",0,8.672963101347241,58.71824013579323,8.67284895806817,58.71800684023811
337,Skisentervegen (sidebekk Otra),Bykle,Otra - Lislevatn til Hartevatn bekkefelt,021.K3,Absolutt,Absolutt,#d7191c,Totalt vandringshinder (absolutt),,,15.0,Kulvert ok nedstrøms. Men rist og demning oppstrøms gjør denne til hinder. ,0,7.356691362756765,59.56872028681659,7.356904460356406,59.56890946523825
338,Søndeledveien (sidebekk Søndeleddfjorden),Risør,"Søndeledfjorden, bekkefelt",018.2210,Absolutt,Absolutt,#d7191c,Totalt vandringshinder (absolutt),,,100.0,Både terskel oppstrøms og habitat oppstrøms er hinder. Ser fisk nedstrøms. ,0,9.063710127791493,58.754280471663584,9.062644407183571,58.753485385563614
339,Dalenveien (sidebekk Totjern),Arendal,Mørfjærbekken inkl. bekkefelt,018.72,Absolutt,Absolutt,#d7191c,Totalt vandringshinder (absolutt),,,12.0,"Vandringshinder, er gitter oppstrøms. Noe hjemmelaget. Bekk stillestående og vannkvaliteten ser dårlig ut. ",0,8.831305413154455,58.50999291553177,8.831182581582004,58.50988905541186
340,Arendal ,Arendal,"Flostadøysund, bekkefelt",018.712,Ikke hinder,Ikke hinder,#1a9641,Ikke et vandringshinder,,,12.0,"Naturstein nedstrøms som strupes ned til stort betongrør 120cm oppstrøms. Veldig mye vegetasjon i bekk, men bør være grei ved nok vannføring. Bør sjekkes for hindere lengre ned ",0,8.950055383173778,58.55088695147993,8.94980303421831,58.55108366884511
341,Grimstad nord ,Grimstad,"Rosevatnet, utløpselv",019.AD,Ikke hinder,Ikke hinder,#1a9641,Ikke et vandringshinder,,,15.0,Sannsynligvis grei for gjennomvandring ved normal vannstand. Noe bøy på rør invendig. Et av 2 rør er mulig tett. Men ok.,0,8.374156478049565,58.42378354902303,8.373668678416047,58.42387250151902
342,Tromøy kirkevei (sidebekk Gjerstadvannet),Arendal,,019.11,Absolutt,Absolutt,#d7191c,Totalt vandringshinder (absolutt),,,10.0,Mye vegetasjon som fungerer som hinder nedstrøms. Mye vegetasjon som blokerer ,0,8.864617760992804,58.46147794256946,8.864728316211494,58.46160052075618
343,Mandal ,Lindesnes,Harkmarkfjorden bekkfelt,022.321,Partiell,Partiell,#fdae61,Delvis vandringshinder (partiell),,,10.0,"Kulvert ikke hinder, grei bekk nedstrøms. Flere fisk nedstrøms. ",0,7.629667500523489,58.041036774756265,7.62981867825243,58.04097761297974
344,Mandal ,Lindesnes,Jåbekken bekkfelt,022.32A,Ikke hinder,Ikke hinder,#1a9641,Ikke et vandringshinder,,,15.0,"Veldig gjengrodd bekk nedstrøms, stillestående vann. Kulvert ikke hinder ",0,7.532682485501724,58.037855562853956,7.532838006430955,58.03788421529111
345,Mandal ,Lindesnes,Harkmarkfjorden bekkfelt,022.321,Ikke hinder,Ikke hinder,#1a9641,Ikke et vandringshinder,,,12.0,Grei betongstikkrenne. Denne er ikke hinder. ,0,7.610598848525817,58.02495353856777,7.610407405649621,58.02499924816405
346,Mandal ,Lindesnes,Harkmarkfjorden bekkfelt,022.321,Partiell,Partiell,#fdae61,Delvis vandringshinder (partiell),,,14.0,Kulvert ikke hinder. Fin bekk nedstrøms. ,0,7.608802999796502,58.017360494714886,7.608395395451804,58.01744916715107
347,Kristiansand ,Kristiansand,,020.A6,Ikke hinder,Ikke hinder,#1a9641,Ikke et vandringshinder,,,12.0,"Stor fin steinkulvert, ikke hinder nedstrøms. ",0,8.122854377499065,58.22553488993612,8.123182071583681,58.22543838032781
348,Søgne ,Kristiansand,Hundsøyfjorden bekkefelt,022.221,Ikke hinder,Ikke hinder,#1a9641,Ikke et vandringshinder,,,12.0,"Grei kulvert, ikke hinder ",0,7.7433557606601155,58.07147655120509,7.74299537350762,58.07151633815374
349,Holskogveien (bekk renner fra Tjuviktjønna ned til Sandvigdalsfjorden,Kristiansand,Ytre Sandvikdalsfjord bekkefelt,022.11Z,Absolutt,Absolutt,#d7191c,Totalt vandringshinder (absolutt),,,15.0,"Det renner ikke vann igjennom kulvert, dette vil kunne være vandringshinder. Usikker på vandring, men mulig ved høyere vannføring","relevant for ål, må sjekkes",7.922737938538751,58.087192374103566,7.922276089625283,58.08734650931775
350,Rugland,Lindesnes,Mandalselva - Mandal til utløp bekkefelt,022.A21,Ikke hinder,Ikke hinder,#1a9641,Ikke et vandringshinder,,,10.0,0,0,7.434888095949213,58.04697305339617,7.434999724626526,58.04712164647409
351,Ekland,Lindesnes,Audna - Tryland til Spilling bekkefelt,023.A22,Partiell,Partiell,#fdae61,Delvis vandringshinder (partiell),,,13.0,Fisk observert,bru,7.3554772013052006,58.18912975212479,7.337891606493021,58.214765259395826
352,Gjerstad ,Gjerstad,"Sunda, bekkefelt",018.2C,Ikke hinder,Ikke hinder,#1a9641,Ikke et vandringshinder,,,8.0,Kulvert ser fin ut. Sannsynligvis fisk nedstrøms. Ikke mye vannflyt ut fra kulp,0,9.064508601894662,58.833977820066615,9.064368988169962,58.8339431876021
353,Mandal ,Kristiansand,Gumpedalselva,022.1BZ,Ikke hinder,Ikke hinder,#1a9641,Ikke et vandringshinder,,,12.0,Ok kulverter. Bekk noe gjengrodd. Stillestående vann. Men bør kunne passeres av fisk ,0,7.666621006040305,58.25810100045253,7.666244754645903,58.25813956290388
354,Mandal Øygårdsveien (sidebekk Logåna),Lindesnes,Mandalselva - Laudal til Øyslebø bekkefelt,022.B1Z,Absolutt,Absolutt,#d7191c,Totalt vandringshinder (absolutt),,,60.0,"Ser stor Aure nedstrøms, men er terskel før kulvert. Og innløp mot kulvert er grodd igjen. Blir hinder for ål og fisk. Men sannsynligvis ikke 100% barriere ",0,7.489522834942836,58.26013928554659,7.489596744378734,58.26077449913122
355,Brelandsveien (bekk renner fra Stemmetjørna til Høyevatnet),Lindesnes,Høyevatnet bekkefelt,022.ABZ,Absolutt,Absolutt,#d7191c,Totalt vandringshinder (absolutt),,,15.0,"Veldig høyt opp mot kulvert, plus at denne lekker foran slik at vann ikke passerer gjennom kulvert. Hinder for ål og fisk ",0,7.612485787998667,58.200975583345794,7.612629886543927,58.20079461596542
356,Tvedestrand ,,,018.52,Partiell,Partiell,#fdae61,Delvis vandringshinder (partiell),,,15.0,"Kulvert ikke bra, men heller ikke hinder. Liten og dårlig vannkvalitet nedstrøms. Lite habitat oppstrøms. Sannsynligvis ok. ",0,9.123923733349097,58.64832456416781,9.123555151932328,58.64823992989502
357,Tvedestrand ,Tvedestrand,,018.C2Z,Ikke hinder,Ikke hinder,#1a9641,Ikke et vandringshinder,,,12.0,"Kulvert ok. Begynner å bli mindre vann i bekk, sammenlignet med nedstrøms. Ikke like landbrukspreget som punkt lengre nedstrøms. ",0,8.87204547914573,58.59614507085392,8.871903912558691,58.59608554607381
358,Tvedestrand ,Tvedestrand,,018.C2Z,Ikke hinder,Ikke hinder,#1a9641,Ikke et vandringshinder,,,20.0,Ser en liten fisk. Slammete bekk sammenlignet med lengre nedstrøms. Noe vannføring. Ser ikke ut som hinder. ,0,8.871924978892306,58.596610645203974,8.87203733382621,58.5962884659189
359,Tvedestrand ,Tvedestrand,Strengselva,018.C2Z,Partiell,Partiell,#fdae61,Delvis vandringshinder (partiell),,,25.0,"Kulvert sannsynligvis ok. Men er veldig mye vegetasjon fra ny bekk, til eksisterende bekk. ",0,8.87748570342269,58.619644212278686,8.878369918694094,58.619677563189974
360,Rykeneveien (Rannekleivbekken ned til Nidelva),Arendal,"Nidelva, Bekkefelt Helle",019.A12Z,Absolutt,Absolutt,#d7191c,Totalt vandringshinder (absolutt),,,180.0,"Mye søppel. Det er lav vannstand, men kulvert er veldig høy. Denne vil sannsynligvis by på problemer for både ål og anadrom fisk. Bekk ut fra kulvert burde vært lagt slik at vandring er greiere. ",0,8.699881704013265,58.42696577725355,8.69775769073558,58.42846065399869
361,Tvedestrand ,Tvedestrand,,018.C2Z,Partiell,Partiell,#fdae61,Delvis vandringshinder (partiell),,,90.0,Denne er veldig lang og kan ikke ses igjenom. Er en del kvist i bekk nedstrøms og veldig lite vann. Usikker på hinder,0,8.874757531280254,58.59256295706427,8.875257781714527,58.591710801554306
362,Mandal 10 ,,Mandalselva - Øyslebø til Mandal bekkefelt,022.A3Z,Ikke hinder,Ikke hinder,#1a9641,Ikke et vandringshinder,,,5.0,"Bra kulvert, litt stigning opp mot åpning, men greit med normal vannstand, ser fisk nedstrøms. Fint bunnforhold ",0,7.485696184243163,58.064576982365985,7.485576347456817,58.06420326078198
363,Høvåg ,,Holtevannsbekken,020.3Z,Ikke hinder,Ikke hinder,#1a9641,Ikke et vandringshinder,,,10.0,Fine kulverter ikke fylkesvei ,0,8.249891481548078,58.19909016572596,8.249805640805155,58.198765371147346
364,Kristiansand ,,Trondstadvatnet bekkefelt,022.2B0,Ikke hinder,Ikke hinder,#1a9641,Ikke et vandringshinder,,,8.0,"Noe lav vannføring nå, men regner med denne er fin med meir vann. ",0,7.751587434379991,58.13970705046126,7.7514454139923945,58.13966391716394
365,Søgne ,,Lundeelva bekkefelt,022.2A,Ikke hinder,Ikke hinder,#1a9641,Ikke et vandringshinder,,,8.0,"Ikke hinder, men ligger noe tegl inni kulvert, som blokerer noe, ellers ok.",0,7.7687418587051456,58.0991911249148,7.768736404548064,58.09930310606499
366,Søgne ,,Lundeelva bekkefelt,022.2A,Ikke angitt,Ikke angitt,#999999,Ikke vurdert / mangler data,,,6.0,"Grei kulvert nedstrøms, ok oppstrøms ",0,7.769688149445476,58.09835156553523,7.769586315945369,58.098404856716016
367,Tvedestrand ,,Elv fra Øynesvann bekkefelt,018.C23,Ikke hinder,Ikke hinder,#1a9641,Ikke et vandringshinder,,,8.0,"Litt stillestående vann, sannsynligvis ikke hinder. Mye vegetasjon ",0,8.819746109283544,58.61615302100803,8.819616206645414,58.61614661494618
368,Froland ,,"Nidelva (Eivindstad - Bøylefoss), bekkefelt",019.B6,Ikke hinder,Ikke hinder,#1a9641,Ikke et vandringshinder,,,15.0,"Ser grei ut nedstrøms, litt stillestående vann. Er et par store aurer. ",0,8.757737716530869,58.61322669297157,8.757866823452,58.61325290077992
369,Nedre Foss,,Øydnavatnet Ytre bekkefelt,023.C3Z,Ikke hinder,Ikke hinder,#1a9641,Ikke et vandringshinder,,,5.0,"0 mellom kulvert og vannflate, men 50cm med grunt vann over sten. Ikke kulp men ganske stille vann",0,7.336263163549256,58.115776194897904,7.51653599152255,58.12722464135235
370,Mandal ,Lindesnes,Jåbekken bekkfelt,022.32A,Partiell,Partiell,#fdae61,Delvis vandringshinder (partiell),,,65.0,Usikker på om denne er hinder. Stikkrennen er lang og ser ut til å være bratt noen steder innvendig. Noe mudrete vann nedstrøms. ,0,7.511135404602684,58.03026625782066,7.512045727233644,58.02997229500846
371,Søgne vgs ,Kristiansand,Søgneelva - Brennåsen til utløp bekkefelt,022.1A2,Ikke hinder,Ikke hinder,#1a9641,Ikke et vandringshinder,,,10.0,"Ikke vandringshinder, mulig kulvert er noe lav i forhold til vannstand. Sannsynligvis helt ok. ",0,7.846441747208069,58.09120213848618,7.8465620198480845,58.09133379108655
372,Søgne ,Kristiansand,Lundeelva bekkefelt,022.2A,Ikke hinder,Ikke hinder,#1a9641,Ikke et vandringshinder,,,12.0,"Noe tett oppstrøms Veldig lav vannstand, men grei kulvert ",0,7.770160330343655,58.09548899212476,7.770146538832654,58.09566689875852
373,Terje Løvås vei (Støyterbekken),Grimstad,"Groosfjorden, bekkefelt",019.216Z,Absolutt,Absolutt,#d7191c,Totalt vandringshinder (absolutt),,,120.0,"Vet ikke hvor denne kommer fra, ser fisk nedstrøms. Kan ikke se igjennom kulvert. Mudrete sediment, mye slam og sand. ",0,8.570369989235916,58.33132856582257,8.568403778657336,58.331688897788524
374,Arendal ,Arendal,Nidelva Furre - Rygene kraftverk bekkefelt,019.B1,Ikke hinder,Ikke hinder,#1a9641,Ikke et vandringshinder,,,10.0,Noe gjengrodd foran åpning oppstrøms. Stillestående vann og relativt gjødselpreget. ,0,8.628629146299138,58.43945411601284,8.629103470106806,58.43973528104014
375,Arendal ,Arendal,Mørfjærbekken inkl. bekkefelt,018.72,Partiell,Partiell,#fdae61,Delvis vandringshinder (partiell),,,8.0,"Noe merkelig vannføring nedstrøms ut av kulvert, slik som vannmengden er nå. Kulvert bør ryddes for kvist. Tenker denne er hinder i lav grad, men ikke barriere. ",0,8.828814247905806,58.5135570369774,8.82868030199318,58.513651243300345
376,Fosseveien (Hengefoss ned til Tovdalsåna),Kristiansand,Elv fra Stemtjønn,020.A40,Absolutt,Absolutt,#d7191c,Totalt vandringshinder (absolutt),,,25.0,"Vandringshinder, men ikke barriere sannsynligvis. Noe høyde opp mot kulvert. Kunne gjerne hatt finere ingang. Mye stor Aure nedstrøms. Og fint bekkeløp. ",0,8.154686258677074,58.258403995193014,8.153999650530695,58.25860649940143
377,Lillesand ,Lillesand,Glamslandvatnet med bekkefelt,020.221Z,Ikke hinder,Ikke hinder,#1a9641,Ikke et vandringshinder,,,20.0,"Stor grei kulvert, ikke vandringshinder. Lite vegetasjon langs bekk, men bekk ok ",0,8.334032014239524,58.238349893046376,8.333596571356956,58.23818973737265
378,Mandal 16,Lindesnes,Mandalselva - Øyslebø til Mandal,022.A6,Ikke hinder,Ikke hinder,#1a9641,Ikke et vandringshinder,,,15.0,"Noe tør, men fin kulvert med naturlig substrat, ikke hinder. ",0,7.530611861042293,58.095767770493715,7.531063121561669,58.09574773904998
379,Mandal ,Lindesnes,Høyeåna - Høyevatnet til Øyslebø bekkefelt,022.AA12,Neppe fiskeførende,Neppe fiskeførende,#2c7fb8,Neppe fiskeførende bekk,,,8.0,"Fin kulvert, ikke hinder. Mye fisk nedstrøms (Aure/sjøaure)",0,7.594042334665379,58.17450715480465,7.594136405243496,58.174435806119405
380,Mandal ,Kristiansand,Mannflåvatnet bekkefelt,022.C2,Partiell,Partiell,#fdae61,Delvis vandringshinder (partiell),,,8.0,"Mesteparten av vannet går gjennom en mindre kulvert, som ser ut som vandringshinder siden den er tett.",0,7.5521647196091735,58.30907485011165,7.552105209222632,58.309016272718864
381,Mot søgne ,Kristiansand,Indre Sandvikdalsfjord bekkefelt,022.110,Ikke hinder,Ikke hinder,#1a9641,Ikke et vandringshinder,,,15.0,Noe tørt nedstrøms. Ikke høyt mot kulvert i forhold til hopp. Bør fungere bra for vandring. Lite vannføring for øyeblikket. Bra ,0,7.923924867766549,58.09201961417111,7.923441318488147,58.0921973475604
382,Konsmoheiveien (sidebekk Logåna),Lindesnes,Mandalselva - Laudal til Øyslebø bekkefelt,022.B1Z,Absolutt,Absolutt,#d7191c,Totalt vandringshinder (absolutt),,,20.0,"Høyt opp mot kulvert, men bør kunne vandres av anadrom fisk. Mye Aure nedstrøms, som er fanget i kulp ved vannstand som er nå. Vanskelig for ål opp mot kulvert ",0,7.499705393424672,58.24714790138261,7.499415895435854,58.24695043132757
383,Risør ,Risør,"Sørfjorden-østre, bekkefelt",018.23,Ikke hinder,Ikke hinder,#1a9641,Ikke et vandringshinder,,,20.0,Usikker på om det er fisk her. Kulvert sikkert grei ved høyere vannstand ,0,9.180630404236782,58.71102235801755,9.180013902921745,58.7107525312345
384,Mandal ,Lindesnes,Mandalselva - Laudal til Øyslebø bekkefelt,022.B1Z,Ikke hinder,Ikke hinder,#1a9641,Ikke et vandringshinder,,,6.0,Ser mye fisk nedstrøms. Men noe brakk bekk. Usikker i forhold til ål. Fisk sannsynligvis ok.,0,7.502533798111708,58.17184016172329,7.50239623672292,58.17191454494711
385,Åkvågveien (Hopetjenn til Sadnesfjorden),Risør,"Sandnesfjorden, bekkefelt",018.4,Absolutt,Absolutt,#d7191c,Totalt vandringshinder (absolutt),,,160.0,Mulig hinderbarriere på grunn av lengde. Noe underdimensjonert rør sannsynligvis. Mudrete vann nedstrøms,0,9.143438745302182,58.68996746113755,9.143061865889445,58.68911331126279
386,Tønnevoldsgate / Frivoldveien (Vossbekken som renner ut i Groosefjorrden),Grimstad,"Groosfjorden, bekkefelt",019.216Z,Absolutt,Absolutt,#d7191c,Totalt vandringshinder (absolutt),,,80.0,"Bør utbedres. Uegnet grunnet lengde og habitat nedstrøms. To rør under vei, sand som sediment, dette streket er sannsynligvis uegnet for fisk. ",0,8.583171266349872,58.34496845463159,8.583858862436417,58.346079550813826
387,Arendal ,Arendal,Biebekken - Solbergvassdraget ,019.124Z,Ikke hinder,Ikke hinder,#1a9641,Ikke et vandringshinder,,,20.0,"Grei kulvert, ikke vandringshinder. ",0,8.709345550713191,58.47379631488178,8.709844373592793,58.47386001752232
388,Mandal ,Lindesnes,Hundsøyfjorden bekkefelt,022.221,Ikke hinder,Ikke hinder,#1a9641,Ikke et vandringshinder,,,10.0,"Fin gammel kulvert. Ikke hinder. Fin bekk, ser ut som om denne er ryddet kvist utav tidligere. Bra. ",0,7.667792137102544,58.0322168543872,7.667649371738721,58.03232392073256
389,Naglestadveien,Lyngdal,Øydnavatnet Ytre bekkefelt,023.C3Z,Ikke hinder,Ikke hinder,#1a9641,Ikke et vandringshinder,,,6.0,0,0,7.362956571337033,58.37433734315121,7.382499113832648,58.35100289047146
390,Nygrenda 3596 (mulig bekk ender i Reddalsvannet),Grimstad,"Reddalsåna, bekkefelt",019.2D,Absolutt,Absolutt,#d7191c,Totalt vandringshinder (absolutt),,,10.0,"Hinder slik som vannstand er nå, mulig denne kan passeres ved mer nedbør. ",0,8.385976725412757,58.34626737735075,8.385803546657884,58.34695064503245
392,Birkenes ,Birkenes,,020.A6,Partiell,Partiell,#fdae61,Delvis vandringshinder (partiell),,,17.0,Ikke vandringshinder for anadrom fisk. Skal gå fint å hoppe opp mot kulvert. Fin kulp nedstrøms. Ser en del Aure nedstrøms ,0,8.1889814241079,58.29411092128701,8.189008699873222,58.29449507645057
393,Lyngør ,Risør,"Sandnesfjorden, bekkefelt",018.4,Ikke hinder,Ikke hinder,#1a9641,Ikke et vandringshinder,,,15.0,Kulvert noe redusert invendig. Ikke hinder. Noe slam fra veiarbeid nedstrøms i bekk. Og noe ras fra arbeid. Men ok. ,0,9.117475352142126,58.68670076703532,9.117007906667103,58.68654452632448
394,Froland ,Froland,"Songeelva, bekkefelt",019.B4Z,Ikke hinder,Ikke hinder,#1a9641,Ikke et vandringshinder,,,8.0,Noe grus foran kulvert. Og er veldig tør. Men ikke hinder. ,0,8.611830562595907,58.52084515185264,8.611743417073903,58.520790820312776
395,Tvedestrand ,Tvedestrand,,018.C2Z,Ikke hinder,Ikke hinder,#1a9641,Ikke et vandringshinder,,,18.0,"Betongstikkrenne, ikke hinder. Men er velsig lite vann nedstrøms, og de fiskene som er her, er fanget på grunn av lav vannstand. ",0,8.874438136258181,58.593327747250086,8.87449089959644,58.59314981781123
396,Froland ,Froland,"Assævannet, bekkefelt",019.A1Z,Ikke hinder,Ikke hinder,#1a9641,Ikke et vandringshinder,,,25.0," Denne ser fin ut, ser fisk nedstrøms. ",0,8.670283328269704,58.4817943106299,8.669818964702952,58.48210201537482
397,Mandal ,Lindesnes,Eidsåna,022.AA1A,Partiell,Partiell,#fdae61,Delvis vandringshinder (partiell),,,10.0,"Grei kulvert, bør ikke være hinder ",0,7.595873275156915,58.16487465662383,7.595782124664556,58.16473849502167
398,Mandal ,Kristiansand,Trondstadvatnet bekkefelt,022.2B0,Ikke hinder,Ikke hinder,#1a9641,Ikke et vandringshinder,,,15.0,"Ser fisk nedstrøms, noe stillestående vann. Fint substrat, ikke hinder ",0,7.742618010655964,58.142291289501514,7.742898094293758,58.142887921804146
399,Nonåsen,Lindesnes,Audna - Helle til Tryland bekkefelt,023.B110,Absolutt,Absolutt,#d7191c,Totalt vandringshinder (absolutt),,,7.0,0,0,7.3377515877892545,58.214875693714276,7.351082198995373,58.25980417359182
400,Vegårshei ,Vegårshei,Vegår bekkefelt,018.F,Ikke hinder,Ikke hinder,#1a9641,Ikke et vandringshinder,,,14.0,"Tør rett ved kulvert, ellers landbrukspreget bekk nedstrøms. Ikke hinder ",0,8.88024572333639,58.81681377598572,8.8803608133405,58.81692806598409
401,Vegårshei ,Vegårshei,"Ufsvatn, bekkefelt",019.C3,Ikke hinder,Ikke hinder,#1a9641,Ikke et vandringshinder,,,9.0,"Ikke hinder, grei bekk. Så en liten fisk ",0,8.675246803219116,58.72274673668874,8.675572941315139,58.72271582779781
402,Mandal ,Lindesnes,Mannefjorden bekkefelt,022.322,Ikke hinder,Ikke hinder,#1a9641,Ikke et vandringshinder,,,8.0,"God vannføring, grei bekk. Ser ikke ut som hinder. ",0,7.532194180234023,58.01221526030391,7.532116529246956,58.01228166771683
403,Søgne ,,Trysfjorden bekkefelt,022.22Z,Ikke hinder,Ikke hinder,#1a9641,Ikke et vandringshinder,,,8.0,"Grei kulvert, ikke hinder ",0,7.682259372876952,58.1074227791924,7.682636578322677,58.107472509158555
404,Tvedestrand ,,"Nidelva (Eivindstad - Bøylefoss), bekkefelt",019.B6,Partiell,Partiell,#fdae61,Delvis vandringshinder (partiell),,,30.0,"Mulig hinder på grunn av lengde og vannføring, er en del fisk nedstrøms",0,8.7489141632245,58.607999356340855,8.748886338046152,58.6082628114344
405,Mandal ,,Skagestadvatnet bekkefelt,022.3C,Ikke hinder,Ikke hinder,#1a9641,Ikke et vandringshinder,,,10.0,"Ser ikke ut som hinder, helt ok bekk. ",0,7.553926555334216,58.068054027740295,7.553760031888703,58.06809218430606
406,"Gjerstadveien (E18, Bekk renner ut mot Nybøtjerna)",,"Sunda, bekkefelt",018.2C,Absolutt,Absolutt,#d7191c,Totalt vandringshinder (absolutt),,,100.0,"Hinder fordi man blokkerer til utløp mot bekk. Selv om småfisk sannsynligvis passerer. Dårlig vannkvalitet, ser fisk nedstrøms. Dette er også en svært lang kulvert, som også renner under E18",0,9.074247198018814,58.81990517216883,9.07600587679568,58.8217745111298
407,Arendal ,Arendal,Molandsvann bekkefelt,018.7B,Ikke hinder,Ikke hinder,#1a9641,Ikke et vandringshinder,,,12.0,Tenker selve kulverten ikke er hinder. Men bekk gjengrodd både oppstrøms og nedstrøms. Men er fortsatt noe vann i bekk. ,0,8.838389898322776,58.549121351556195,8.838530693470418,58.54916062414557
408,Gjerstad ,Gjerstad,"Sunda, bekkefelt",018.2C,Partiell,Partiell,#fdae61,Delvis vandringshinder (partiell),,,100.0,"Usikker på hinder, selve kulvert ser fin ut. Ser fisk nedstrøms. Men vannet bærer preg av å ligge så nærme riksvei. Slammete og noe oljeflekker i vann. Usikker på hinder på grunn av lengden og usikker på hvordan denne er innvendig ",0,9.075829363708863,58.822714887983274,9.075019447691096,58.82348858034628
409,Mandal ,Lindesnes,Mandalselva - Øyslebø til Mandal bekkefelt,022.A3Z,Partiell,Partiell,#fdae61,Delvis vandringshinder (partiell),,,12.0,Veldig lav vannføring. Kulvert kun sannsynlig hinder for ål. Mulig noe tau hadde vært fint ,0,7.523489821496871,58.117801096267776,7.523327245000303,58.11772139170736
410,Høvåg ,Lillesand,Elv Drangsholtvatnet - Isefjærfjorden bekkefelt,020.4A,Ikke hinder,Ikke hinder,#1a9641,Ikke et vandringshinder,,,16.0,Grei kulvert. Ok bekk. Ser ut som mye avrenning fra pukkverk i vannet. Så en fisk nedstrøms. ,0,8.180151863407522,58.19727460613342,8.179753456944638,58.19759260345642
411,Bykle ,Valle,Otra - Bykil til Flåren bekkfelt,021.F53Z,Ikke hinder,Ikke hinder,#1a9641,Ikke et vandringshinder,,,10.0,"Usikker på høyde og vanndybde. Men er hinder i bekk, da bekkeløp er fylt med kvist. Er også veldig bratt oppstrøms. ",0,7.492321353955631,59.25011050750119,7.492712912172079,59.25010102279213
412,Tvedestrand ,Tvedestrand,Strengselva,018.C2Z,Ikke hinder,Ikke hinder,#1a9641,Ikke et vandringshinder,,,30.0,"Sannsynligvis fin, men er veldig tørt nedstrøms. ",0,8.879081843593935,58.619823029010135,8.879359337124272,58.61955317132481
413,Birkenes ,Birkenes,Tovdalselva Herefossfjorden - Flakksvatn bekkefelt,020.B2Z,Ikke hinder,Ikke hinder,#1a9641,Ikke et vandringshinder,,,15.0,"Helt tør mot kulvert, noe vann etter et par meter. Selve kulverten er fin. Bekkeløp noe gjengrodd. ",0,8.261239650595781,58.34764673363842,8.261253818884796,58.347651387184605
414,Birkenes ,Grimstad,"Stigselva, bekkefelt",020.1C,Partiell,Partiell,#fdae61,Delvis vandringshinder (partiell),,,12.0,"Usikker på vandring, litt høyt mot kulvert, og ikke veldig stor Plass å hoppe fra. Men bør gå fint ved mer nedbør. Grei bekk nedstrøms.",0,8.342778538976937,58.3639776264141,8.343104869368558,58.36398365698363
415,Vallesverdveien (bekk går opp mot Masseskjerr og Steindalsbekken og ut i Vallesverdfjorden)),Lillesand,Steindalsbekken,020.311Z,Absolutt,Absolutt,#d7191c,Totalt vandringshinder (absolutt),,,20.0,Bør renskes oppstrøms. Mulig vandringshinder hvis der e mye dropp. Mulig ok. Lang og stor og ser ut til å beholde naturlig bunn ihvertfall en stund ,0,8.256123973458125,58.2096592458779,8.256035105541294,58.21007507519814
416,Tvedestrand ,Tvedestrand,,018.C12,Ikke hinder,Ikke hinder,#1a9641,Ikke et vandringshinder,,,10.0,"Bekk helt tør, sannsynligvis ikke hinder. ",0,8.865695184570544,58.64146734086809,8.865445830991366,58.641451956141275
417,Kristiansand ,Kristiansand,Trondstadvatnet bekkefelt,022.2B0,Ikke angitt,Ikke angitt,#999999,Ikke vurdert / mangler data,,,15.0,"Noe høyde mot kulvert, men bør gå bra for fisk, men kan være hinder for ål. Mye fisk nedstrøms. ",0,7.747668913897062,58.13946879386482,7.746787669055172,58.139331737508414
418,"Dvergsnesveien (bekk fra sukkevann og Korsviktjønna, ned mot fjord) ",Kristiansand,Sukkevatnet utløp til Østergapet-indre,020.424Z,Absolutt,Absolutt,#d7191c,Totalt vandringshinder (absolutt),,,100.0,"Denne gjenfinnes ikke nedstrøms, men er sannsynligvis problematisk. Både på grunn av lengde, usikkerhet i forhold til utløp og innvendig løp. ",0,8.075842750597486,58.14110939405105,8.078630150941832,58.141020647902444
419,Skisentervegen (sidebekk Otra),Bykle,Otra - Lislevatn til Hartevatn bekkefelt,021.K3,Partiell,Partiell,#fdae61,Delvis vandringshinder (partiell),,,50.0,"Rist oppstrøms, sannsynligvis ikke problematisk. Fin bekk, kulvert ikke hinder. God vannføring. ",0,7.3599634882717995,59.56799014995074,7.360881912427339,59.567950967586384
420,Grimstad ,Grimstad,"Stigselva, bekkefelt",020.1C,Ikke hinder,Ikke hinder,#1a9641,Ikke et vandringshinder,,,10.0,"Grei kulvert, veldig stillestående vann. Ikke hinder ",0,8.353985336375283,58.35561976405019,8.35437573726865,58.35592366562876
421,Tvedestrand ,Tvedestrand,Storelva Ubergsvann - oppstrøms Hammerdammen,018.C23,Ikke hinder,Ikke hinder,#1a9641,Ikke et vandringshinder,,,18.0,Kulvert ikke vandringshinder. Men bekk er helt tør. Noe kvist som blokkerer elv nedstrøms. ,0,8.850461255892583,58.64593363106808,8.851014589262197,58.646002466669195
422,Birkeland,Lindesnes,Eidsåna,022.AA1B,Partiell,Partiell,#fdae61,Delvis vandringshinder (partiell),,,75.0,0,0,7.632037530605466,58.16558790758742,7.406373847898166,58.419006786897455
423,Ålefjør,Kristiansand,Ålefjærfjorden bekkefelt,021.121Z,Ikke hinder,Ikke hinder,#1a9641,Ikke et vandringshinder,,,12.0,"Noe lav vannstand, men ikke problematisk. Bra kantvegetasjon, ikke vandringshinder, bra bunnforhold i rør. ",Fungerer godt,7.998354800601997,58.247551657517484,7.998395772918696,58.24762842715272
424,Grimstad ,Grimstad,Kilandsvatnet,019.AD,Ikke hinder,Ikke hinder,#1a9641,Ikke et vandringshinder,,,10.0,"Grei kulvert, ikke hinder ",0,8.406469115640013,58.40633753629836,8.405856889258661,58.405804204417805
425,Søgne ,Kristiansand,Lundeelva bekkefelt,022.2A,Partiell,Partiell,#fdae61,Delvis vandringshinder (partiell),,,15.0,"Grei kulvert, fisk nedstrøms. Ikke hinder. Lav vannføring nå, mulig noe lekk i kulvert ",0,7.7695278093651785,58.09849965358403,7.769542671133114,58.09846863563412
426,Søgne ,Kristiansand,Trysfjorden bekkefelt,022.22Z,Ikke hinder,Ikke hinder,#1a9641,Ikke et vandringshinder,,,15.0,"Grei kulvert, ikke hinder ",0,7.6843846855586415,58.10693789685541,7.6843454437508605,58.10685237838785
427,Mandal ,Kristiansand,Mandalselva - Laudal til Øyslebø bekkefelt,022.B1Z,Ikke hinder,Ikke hinder,#1a9641,Ikke et vandringshinder,,,12.0,"Grei kulvert, ikke hinder. Blir fin bekk nedstrøms. Igjengrodd bekk oppstrøms ",0,7.5887658807898415,58.30299454340418,7.589380869466124,58.30317502892793
428,Grimstad ,Grimstad,"Morvigbekken, bekkefelt",019.218Z,Ikke hinder,Ikke hinder,#1a9641,Ikke et vandringshinder,,,60.0,Kulvert ser ikke ut som hinder. Er kvist som hinder lengre nede i bekk. Se bilde 2. Noe stillestående vann. ,0,8.547929271498619,58.32620579952028,8.547423378424492,58.3264624514018
429,Grimstad ,Grimstad,Storåna (Rjukanfossen - Vrålstadvatnet),019.AZ,Ikke hinder,Ikke hinder,#1a9641,Ikke et vandringshinder,,,15.0,"Grei kulvert, ikke hinder ",0,8.453410249481552,58.39731203456199,8.453541453218435,58.397528630425796
430,Arendal ,Arendal,Nidelva-ytre bekkefelt,019.2120,Partiell,Partiell,#fdae61,Delvis vandringshinder (partiell),,,35.0,"Kulvert ikke direkte hinder, men er noe kvist og en stein som burde ryddes. Denne bør også sjekkes da det renner mye vann som sannsynligvis har veldig dårlig kvalitet inn i bekk. Ser ikke bra ut. ",0,8.697638548460485,58.4099611145295,8.69730233769853,58.41008761615248
431,Vegårshei ,Vegårshei,"Ufsvatn, bekkefelt",019.C3,Ikke hinder,Ikke hinder,#1a9641,Ikke et vandringshinder,,,10.0,"Ikke hinder, fin bekk nedstrøms. Ser noe fisk. ",bru,8.674909609021755,58.723539303946986,8.67511732378986,58.72358725686545
432,Skeimoveien (Dalbekken),Vegårshei,Vegår bekkefelt,018.F,Absolutt,Absolutt,#d7191c,Totalt vandringshinder (absolutt),,,16.0,Tørre nedstrøms. Hinder siden disse er blokkert oppstrøms. ,bru,8.747764117374917,58.74291923102515,8.747047172924312,58.7429633603963
433,Vegårshei ,Vegårshei,Storelva - Hauglandselva bekkefelt,018.E,Ikke hinder,Ikke hinder,#1a9641,Ikke et vandringshinder,,,18.0,"Kulverter ikke hinder, veldig menneskepåvirket bekk. ",0,8.863893443260418,58.75437006720007,8.863556350051663,58.75437231548875
434,Mandal ,Lindesnes,Skagestadvatnet bekkefelt,022.3C,Partiell,Partiell,#fdae61,Delvis vandringshinder (partiell),,,12.0,Tørt bekkeløp. Plasttersker innvendig. Kulp holder ikke på vann og vann lekker. Ikke vann i bekk. ,0,7.622259821226204,58.094736072269455,7.6224872017345975,58.094785332081884
435,Søgne ,Kristiansand,Torvefjorden bekkefelt,022.221,Ikke hinder,Ikke hinder,#1a9641,Ikke et vandringshinder,,,15.0,"Veldig stillestående vann, kulvert ok. Fisk oppstrøms ",0,7.7669036851928395,58.07748503495701,7.766835565574627,58.07750636567727
436,Mandal Daleveien 1,Lindesnes,Mandalselva - Mandal til utløp bekkefelt,022.A21,Ikke hinder,Ikke hinder,#1a9641,Ikke et vandringshinder,,,10.0,"Ikke vandringshinder for ål eller annen fisk. Grei størrelse, bra vannføring selv om det er tørt. Grei dimensjon på rør. ",0,7.482498882749487,58.03705471844423,7.482326537627199,58.037113903684464
437,Kvinesdal,Kvinesdal,"Noneskardknuten, bekkefelt",025.A0,Ikke hinder,Ikke hinder,#1a9641,Ikke et vandringshinder,,,20.0,"Grei kulvert, ikke hinder. Noe gjengrodd nedstrøms.",0,6.95027830627081,58.30415156647628,6.949250804407925,58.30428653880627
438,Kristiansand ,Kristiansand,,020.A6,Partiell,Partiell,#fdae61,Delvis vandringshinder (partiell),,,12.0,"Plastkulvert, stor og bred. Mye vann nedstrøms. Skal gå greit å hoppe, men mulig man kunne tilrettelagt noe.",020-433-R,8.164811564930387,58.26742399493589,8.164389316348263,58.26749658642472
439,Tvedestrand ,Tvedestrand,"Tvedestrandfjorden, bekkefelt",018.630,Partiell,Partiell,#fdae61,Delvis vandringshinder (partiell),,,60.0,Noe usikker i forhold til vandring med tanke på lengde av kulvert. Men menneskeskapt bekkeløp nedstrøms er fint. Veldig tørt nå. Ikke noe vann ,0,8.925219316171981,58.607813751547894,8.925345381456497,58.60690994788393
440,Mandal ,Lindesnes,Mannefjorden bekkefelt,022.322,Ikke hinder,Ikke hinder,#1a9641,Ikke et vandringshinder,,,8.0,En del vegetasjon langs bekk. Litt lav vannhøyde. Men kulvert er ikke hinder. ,bru,7.511121879803269,58.011397045908936,7.511188510323925,58.01147625029935
441,Tvedestrand ,Tvedestrand,Østeråbekken,018.62B,Ikke hinder,Ikke hinder,#1a9641,Ikke et vandringshinder,,,10.0,"Grei kulvert, mye slam i sediment. Ikke hinder ser fisk oppstrøms. Mulig noe ålehinder med stigningen opp mot kulvert. ",bru,8.955940122657362,58.62683806401452,8.956249789973487,58.62694530605667
442,Søgne ,Kristiansand,Rossevannsbekken - Rossevannet til Songdalselva,022.1AA,Partiell,Partiell,#fdae61,Delvis vandringshinder (partiell),,,40.0,"Ikke barriere, men regner med denne vil fungere som delvis hinder grunnet lengde, avhengig av vannføring. Noe demningsdannelse nedstrøms av greiner. Denne vil sannsynligvis kunne passeres av fisk. ",delvis hinder,7.8547792714465325,58.12874802049513,7.855788792336945,58.12908938740541
443,Opplandsveien (bekk mellom Holvannet og Syndle),Grimstad,"Holvatnet, utløpselv",019.AC,Absolutt,Absolutt,#d7191c,Totalt vandringshinder (absolutt),,,10.0,"Hinder oppstrøms, fin nedstrøms hopper greit opp til utløp. Bør utbedres oppstrøms. ",0,8.487475775090857,58.39521972995696,8.487451026564877,58.39546573733233
444,Arendal ,Arendal,Biebekken - Solbergvassdraget ,019.124Z,Ikke hinder,Ikke hinder,#1a9641,Ikke et vandringshinder,,,16.0,Grei bekk nedstrøms. Ikke hinder. Litt lav vannføring. Men grei kulvert. ,0,8.729360309685028,58.46428469690495,8.729272342739625,58.46444115664358
445,Mandal ,Kristiansand,Trysfjorden bekkefelt,022.22Z,Ikke hinder,Ikke hinder,#1a9641,Ikke et vandringshinder,,,25.0,"Litt usikker på vanndybde, men er dypt. Kulvert ikke hinder, og det er en Fin inngang opp mot kulvert. ",0,7.686873116808069,58.07223711077624,7.686426404380708,58.07234769420203
446,Froland ,Arendal,"Assævannet, bekkefelt",019.A1Z,Ikke hinder,Ikke hinder,#1a9641,Ikke et vandringshinder,,,17.0,"Stor kulvert i stål med betong i bunn, fin ikke vandringshinder ",bru,8.676241946123694,58.478032920758764,8.675741025922857,58.47790288899138
447,Håbbeslandsveien (bekk fra Beislandsvannet til Stigselva),Birkenes,"Stigselva, bekkefelt",020.1C,Absolutt,Absolutt,#d7191c,Totalt vandringshinder (absolutt),,,10.0,"Noe tett oppstrøms. Kulvert fin, veldig fin bekk. Kommer en stigning under kulvert på 20-30cm, dette bør kunne bestiges. Ser småfisk under kulvert. Ok, men mulig man skulle tilrettelagt litt under kulvert. ",bru,8.313234300613056,58.352303697406334,8.31407905978982,58.35218994407448
448,Arendal ,Arendal,Biebekken - Solbergvassdraget ,019.124Z,Ikke hinder,Ikke hinder,#1a9641,Ikke et vandringshinder,,,25.0,"Veldig lite vann, men ikke hinder ved høyere vannføring. Ok. ",bru,8.741885295080156,58.44628492375854,8.741752581261512,58.44639420350623
449,Mandal ,Lindesnes,Mandalselva - Laudal til Øyslebø bekkefelt,022.B1Z,Ikke hinder,Ikke hinder,#1a9641,Ikke et vandringshinder,,,8.0,"Samme som forigge, støpt fin slak ingang til kulvert. Ikke hinder ",bru,7.525391138838336,58.18122620811562,7.525374236361603,58.181160867248664
450,søgne,Kristiansand,Søgneelva - Brennåsen til utløp bekkefelt,022.1A2,Partiell,Partiell,#fdae61,Delvis vandringshinder (partiell),,,50.0,"sannsynligvis noe vandringsbarriere, på grunn av rist oppstrøms. er fin nedstrøms. langt RØR, SER IKKE gjennom. er fisk nedstrøms",bru,7.824695147766892,58.104078659127346,7.82338697599444,58.10445797726874
451,Grimstad ,Grimstad,Storåna (Rjukanfossen - Vrålstadvatnet),019.AZ,Ikke hinder,Ikke hinder,#1a9641,Ikke et vandringshinder,,,12.0,"Ikke hinder, grei kulvert. Greit Aure habitat. ",0,8.44398242652977,58.398950245973325,8.443757338239308,58.39910036787695
452,Risørveien (Gartebekk til Sørfjorden),Risør,"Sørfjorden-vestre, bekkefelt",018.23,Absolutt,Absolutt,#d7191c,Totalt vandringshinder (absolutt),,,12.0,"Små stikkrennene før kulvert vil kunne være problematiske siden de er så små. Er 5 rør på 20cm. Hinder, kanskje barriere.",0,9.120201404425352,58.716852274322925,9.12055050715645,58.716713191002505
453,Tvedestrand ,Tvedestrand,Elv fra Øynesvann bekkefelt,018.C23,Ikke hinder,Ikke hinder,#1a9641,Ikke et vandringshinder,,,10.0,"Ser grei ut nedstrøms, men det ut som om kulvert er lagt feil. Ser ut som om denne ligger på siden ",0,8.821098291227331,58.61670674965553,8.820944504339613,58.61665418426139
454,Gjerstadveien (bekk renner ut til Sunda),Gjerstad,"Sunda, bekkefelt",018.2C,Absolutt,Absolutt,#d7191c,Totalt vandringshinder (absolutt),,,12.0,"Hinder i form av kvist oppstrøms. Kulvert ser fin ut. Noe høyde opp mot innløp nedstrøms, men er en jevn overgang og bør kunne forses hvis fisk kommer opp hit. ",0,9.084372009504936,58.83330002576947,9.084131544226342,58.83322142927016
455,Gjerstad ,Gjerstad,"Sunda, bekkefelt",018.2C,Partiell,Partiell,#fdae61,Delvis vandringshinder (partiell),,,80.0,"Egentlig grei kulvert, settes som usikker på grunn av åpent gitter oppstrøms. Ser en fisk nedstrøms. God vannføring ",0,9.088332631264642,58.83459094809623,9.085926274771646,58.83404407306345
456,Mandal ,Lindesnes,Høyevatnet bekkefelt,022.ABZ,Partiell,Partiell,#fdae61,Delvis vandringshinder (partiell),,,80.0,"Fin kulvert, noe usikker på vandring på grunn av lengde ",0,7.666846511152013,58.208499818422744,7.667851750530181,58.20906288895428
457,Songeveien ,Tvedestrand,"Songebekken, inkl. bekkefelt",018.32Z,Ikke hinder,Ikke hinder,#1a9641,Ikke et vandringshinder,,,10.0,"Mye vann rett ved utløp, men bekk tør lengre nede. Ser fisk på begge sider. Vannstand stopper fisk fra å vandre lengre ned nå. Men grei kulvert. Bra habitat, fint substrat.",0,9.002212511569176,58.69042966488603,9.00182967113902,58.69037358405267
458,Langangsveien (Grøvene),Tvedestrand,Langangselva bekkefelt,018.7AZ,Absolutt,Absolutt,#d7191c,Totalt vandringshinder (absolutt),,,10.0,"Bekk renner ikke gjennom  , men i åpning på siden. Denne åpningen er tett invendig, blir hinder for fisk. ",0,8.887243202260223,58.57427480017026,8.88719351266746,58.574338622245584
459,Sogndalsveien (sidebekk Mandalsåni),Lindesnes,Mandalselva - Mannflåvatnet til Laudal bekkefelt,022.B12,Ikke angitt,Ikke angitt,#999999,Ikke vurdert / mangler data,,,15.0,"Det er usikkert om denne kan vandres gjennom, potensielt naturlig hinder som følge av stigning i bekk nedstrøms. Skal være mye større vannføring for vandring her. Veldig bratt",0,7.5295367089850735,58.2651693205314,7.529927273488087,58.26500276806115
460,Tvedestrand ,Arendal,,018.71Z,Ikke hinder,Ikke hinder,#1a9641,Ikke et vandringshinder,,,12.0,"Gammel stålkulvert, noe rusten. Men ser ikke ut som hinder. Veldig gjengrodd bekk nedstrøms. ",0,8.901291431470682,58.542294070760306,8.901091498021177,58.542444721888195
461,Gjerstad ,Gjerstad,"Bjorvatn til Ekksjø, bekkefelt",018.3Z,Ikke hinder,Ikke hinder,#1a9641,Ikke et vandringshinder,,,8.0,Ikke hinder. Noe gjengrodd ,0,9.015215624735726,58.82228641284917,9.015249104428728,58.8224200266453
462,joker justvik,Kristiansand,Hemmingsvannet utløp til Ålefjærfjorden,021.122Z,Ikke hinder,Ikke hinder,#1a9641,Ikke et vandringshinder,,,12.0,"bra kantvegetasjo, ikke hinder. bra vannføring. og ligger steiner i vannet, som skaper dynamikk i bekken ",Fungerer godt,8.034515780974305,58.19923374421458,8.034322064279646,58.19930400321399
463,Tvedestrand ,Tvedestrand,Elv Gulspettvannet -Størdalsvannet,018.5Z,Partiell,Partiell,#fdae61,Delvis vandringshinder (partiell),,,25.0,"Selve kulvert ok, grei vannføring og stor i diameter. Se annet punkt, er demning lengre nede ",0,9.084971723406374,58.66505216674455,9.085216800398173,58.66529065107456
464,Mandal,Lindesnes,Harkmarkfjorden bekkfelt,022.321,Ikke hinder,Ikke hinder,#1a9641,Ikke et vandringshinder,,,9.0,Fin kulvert ikke hinder. Fin bekk nedstrøms. ,0,7.608865115537062,58.04096126961567,7.6086694834770725,58.04085749643121
465,Flaten (bekk renner potensiet fra Mjonevatnet til Åpåltjønn),Åmli,"Nelaug - Flaten, bekkefelt",019.C12,Absolutt,Absolutt,#d7191c,Totalt vandringshinder (absolutt),,,10.0,"Gjengrodd rett før kulvert, så lite vann rett ved kulvert. Ok bekk nedstrøms. Blokkert av kvist oppstrøms. ",0,8.692595782634065,58.65424968431004,8.692866710507815,58.65414358058472
466,Vegårshei ,Åmli,"Nelaug - Flaten, bekkefelt",019.C12,Ikke hinder,Ikke hinder,#1a9641,Ikke et vandringshinder,,,10.0,"Fin kulvert, ikke hinder. Lite vann i bekk. ",0,8.697227271803118,58.65845713743961,8.697424457502125,58.65840200752379
467,Arendal ,Arendal,Molandsvann bekkefelt,018.7B,Ikke hinder,Ikke hinder,#1a9641,Ikke et vandringshinder,,,20.0,"Ser fisk og frosk nedstrøms. Kulvert ikke hinder, men krever mer vannføring for å kunne passeres ",0,8.833747490480116,58.55426984554257,8.83401584911832,58.55449667360179
468,Søgne vgs ,Kristiansand,Søgneelva - Brennåsen til utløp bekkefelt,022.1A2,Ikke hinder,Ikke hinder,#1a9641,Ikke et vandringshinder,,,9.0,"Ikke hinder, noe lav vannføring, ikke problematisk og vandre gjennom. God størrelse ",0,7.834323022445393,58.093234714431155,7.834672802758246,58.09321568104541
469,Ålefjær,Kristiansand,Ålefjærfjorden bekkefelt,021.121Z,Ikke hinder,Ikke hinder,#1a9641,Ikke et vandringshinder,,,12.0,"Bra habitat ikke hinder, hindrer ikke vandring. Ser fisk. God vegetasjon. ",Fungerer godt,8.023335903543341,58.233753044852584,8.023179276824083,58.2338491347353
470,gillsvannet,Kristiansand,Gillsvatnet utløp til Topdalsfjorden,021.123Z,Ikke hinder,Ikke hinder,#1a9641,Ikke et vandringshinder,,,30.0,"ikke vandringshinder, observerer noe småfisk. fin god vannføring",Fungerer godt,8.033599217495187,58.18350400500596,8.032265587658365,58.183848291315115
471,Risørveien (Båssviktjenna til Sørfjorden),Risør,Bossvikbekken,018.222Z,Absolutt,Absolutt,#d7191c,Totalt vandringshinder (absolutt),,,7.0,"Er over 250 cm brei, ikke vandringshinder. Stor demning litt lenger nedstrøms, som kan være vandringshinder.",bru,9.106923255782146,58.71774653333367,9.106721869373532,58.71758487972954
472,Arendal ,Arendal,Biebekken - Solbergvassdraget ,019.124Z,Ikke hinder,Ikke hinder,#1a9641,Ikke et vandringshinder,,,30.0,Usikker på vanndybde. Helt grønt stillestående vann. Kulvert ser grei ut. ,bru,8.718112790310599,58.467866382306156,8.718783688713385,58.46779665871327
473,Søm,Kristiansand,Eftevågbekken,020.423Z,Ikke hinder,Ikke hinder,#1a9641,Ikke et vandringshinder,,,12.0,Fin kulvert. Selve kulvert er ikke hinder. Bra ,bru,8.161338367245405,58.136302954074,8.160995236553974,58.13635502224166
474,Søgne ,Kristiansand,Lundeelva bekkefelt,022.2A,Ikke hinder,Ikke hinder,#1a9641,Ikke et vandringshinder,,,15.0,"Burde sjekkes lengre opp i forhold til bebyggelse. Ser fisk, ikke vandringshinder. Er sannsynligvis bro i forhold til bredde >250cm. Sannsynligvis over 3 meter bred. ",0,7.797263650393517,58.095033876041924,7.797995196221251,58.095367077736995
475,Mandal ,Lindesnes,Mandalselva - Laudal til Øyslebø bekkefelt,022.B1Z,Ikke hinder,Ikke hinder,#1a9641,Ikke et vandringshinder,,,12.0,"Denne er fin, og ål bør kunne klatre opp til kulvert. Siden det er en slakk Bakke opp. Ikke hinder ",bru,7.52448106354542,58.18070000464351,7.524554188501202,58.18068689927233
476,Mandal 15 Daleveien (Holumsbekken renner fra Holmetjørna til Mandalsåni),Lindesnes,Mandalselva - Øyslebø til Mandal,022.A6,Absolutt,Absolutt,#d7191c,Totalt vandringshinder (absolutt),,,22.0,"Bør utbedres, flere bassenger, som vil kunne være vanskelig for ål og passere. Bør gå for anadrom fisk, selv om det vil være krevende",bru,7.5301752972121045,58.09781048817772,7.530066341640597,58.09815884044252
477,Kvinesdal ,Kvinesdal,"Noneskardknuten, bekkefelt",025.A0,Ikke hinder,Ikke hinder,#1a9641,Ikke et vandringshinder,,,17.0,"Grei kulvert, flat og brei. Noe gjengroing og slam i bekk.",bru,6.938332630164311,58.29890990338732,6.938096627375597,58.29916786243072
478,Risørveien (sidebekk Sørfjorden),Risør,"Sørfjorden-østre, bekkefelt",018.23,Absolutt,Absolutt,#d7191c,Totalt vandringshinder (absolutt),,,70.0,"Veldig lang kulvert, må være hinder, mulig barriere. Mulig man kan sette terskler invendig ved høy vannhastighet. ",0,9.18605217758037,58.71413138969592,9.18440722200148,58.713124308950455
479,Tveideveien (bekk mellom Valetjønn og Vassbotntjønn),Birkenes,,020.A7,Absolutt,Absolutt,#d7191c,Totalt vandringshinder (absolutt),,,12.0,"Kulvert grei, men med noe kvist invendig. Kulp stengt av grein og plank ved utløp, dette er hinder. Lav vannføring ",0,8.234073772258522,58.317429100135385,8.234287201408678,58.317727393155735
480,Høvåg ,Lillesand,Steindalsbekken,020.311Z,Ikke hinder,Ikke hinder,#1a9641,Ikke et vandringshinder,,,12.0,"Fin kulvert, god vannføring og fin bekk. Ikke hinder ",0,8.25027334501559,58.22236123315087,8.249766319306039,58.222630521123385
481,Mandal Daleveien Kjølemonen,,Mandalselva - Øyslebø til Mandal bekkefelt,022.A3Z,Ikke hinder,Ikke hinder,#1a9641,Ikke et vandringshinder,,,8.0,Fin steinkulvert. Ikke hinder for ål eller anadrom fisk. Ser fisk nedstrøms ,0,7.52678921496555,58.12030859513825,7.526792318053743,58.12045018819564
482,Birkenes ,Birkenes,,020.A6,Partiell,Partiell,#fdae61,Delvis vandringshinder (partiell),,,15.0,Denne bør gå bra å hoppe opp. Ser fisk nedstrøms. Tror fisk hadde hatt godt av noe kantvegetasjon i kulp. Er lagt en stein for å fremme vandring oppover. Grei kulvert ,0,8.174744421903952,58.316087722381724,8.17435423133033,58.31592673518105
483,Birkenes ,Birkenes,,020.A6,Ikke hinder,Ikke hinder,#1a9641,Ikke et vandringshinder,,,15.0,"Fin stor betongkulvert. Fint habitat nedstrøms. Noe rotete i forkant av kulvert oppstrøms. Men dette holder vann, sikkert greit ",0,8.175904703406532,58.316117251855076,8.175756045173818,58.31620095881253
484,skjosbukten,Kristiansand,Kristiansandsfjorden indre bekkefelt,021.23Z,Ikke hinder,Ikke hinder,#1a9641,Ikke et vandringshinder,,,15.0,"ikke vandringssHinder, ser mye fisk ",Ikke hinder,7.954222489881604,58.11420496914976,7.95391483050143,58.11420510394444
485,Nodeland e39,Kristiansand,"Møllebekken inkl. Mjåvann, Farvannet og Øygardsvannene",022.1B1D,Ikke hinder,Ikke hinder,#1a9641,Ikke et vandringshinder,,,20.0,"Ikke vandringshinder, burde gå bra og svømme gjennom. Noe redusert vegetasjon nedstrøms, men helt greit bra. ",0,7.85689217656384,58.138772848120745,7.857187227822611,58.13900973272299
486,Froland ,,"Assævannet, bekkefelt",019.A1Z,Ikke hinder,Ikke hinder,#1a9641,Ikke et vandringshinder,,,8.0,"Stor fin plastkulvert, ikke hinder. ",0,8.689968317146345,58.49141420893717,8.689892450775039,58.49176021444244
487,Mandal ,Lindesnes,Mandalselva - Øyslebø til Mandal bekkefelt,022.A3Z,Partiell,Partiell,#fdae61,Delvis vandringshinder (partiell),,,8.0,"Kulvert i seg selv ikke hinder, men er veldig stigning på begge sider. Sannsynligvis ikke en bekk som vandres. ",0,7.502126628306964,58.09750406003639,7.50206058984002,58.09749567499317
488,Fjærkleivene (bekk mellom Listetjenn og Fjæretjenn),Tvedestrand,"Tvedestrandfjorden, bekkefelt",018.630,Absolutt,Absolutt,#d7191c,Totalt vandringshinder (absolutt),,,50.0,"Bygg er revet og mye av kulvert er oppe i dagen, bekk sannsynlig hinder på grunn av stigning opp mot vegen. Og lengden på kulvert. Men ser noe fisk nedstrøms. Denne bør sjekkes ",0,8.923774159757684,58.62391161924696,8.923211402971331,58.62345265183283
489,Lillesand ,Lillesand,Glamslandvatnet med bekkefelt,020.221Z,Partiell,Partiell,#fdae61,Delvis vandringshinder (partiell),,,20.0,"Ikke vandringshinder for anadrom fisk, mulig hinder for ål. Kan bli litt lav vannhøyde siden kulvert er så brei. Sannsynligvis helt ok. Kunne hatt noe terskler i kulvert. ",0,8.338259072258227,58.23797014456922,8.33787074592259,58.238412112305774
490,Mandal ,Lindesnes,Mandalselva - Laudal til Øyslebø bekkefelt,022.B1Z,Ikke hinder,Ikke hinder,#1a9641,Ikke et vandringshinder,,,8.0,Mye fisk nedstrøms. Men er nok ikke fisk som har vandret opp. Fin kulvert og greit habitat i bekk.,bru,7.495978905191693,58.2218228243163,7.49579810624696,58.221659879236086
491,Mandal ,Lindesnes,Eidsåna,022.AA1B,Ikke hinder,Ikke hinder,#1a9641,Ikke et vandringshinder,,,15.0,Fin stor kulvert. Stål med betong ned mot bekk. Ikke hinder ,bru,7.660360828947147,58.16971399934351,7.660565592575404,58.17001486629307
492,Froland ,,"Assævannet, bekkefelt",019.A1Z,Ikke hinder,Ikke hinder,#1a9641,Ikke et vandringshinder,,,6.0,"Veldig stillestående vann, ikke kulvert ikke hinder. Ser noe småfisk ",irrelevant,8.671630694694322,58.475706307580865,8.6710334567718,58.47526881829455
493,Mandal Daleveien Urdalen,Lindesnes,Mandalselva - Øyslebø til Mandal,022.A6,Ikke hinder,Ikke hinder,#1a9641,Ikke et vandringshinder,,,10.0,"Stor fin kulvert, ikke vandringshinder for fisk. Regner med utløp er ved vannspeil ved mer nedbør. ",bru,7.513565412000893,58.0727400996988,7.513242274251328,58.07272494681288
494,Arendal ,,"Longumvatnet, bekkefelt",019.12Z,Ikke hinder,Ikke hinder,#1a9641,Ikke et vandringshinder,,,10.0,"Kulvert stor og fin, noe sølete vann nedstrøms. Og ser ut til at denne kan samle noe kvist som kan bli hinder. Men ok ",0,8.768959337919807,58.51567177802631,8.768873467152913,58.5155583595833
495,Risør ,Risør,"Østerfjorden, bekkefelt",018.12,Ikke hinder,Ikke hinder,#1a9641,Ikke et vandringshinder,,,15.0,"Noe gjengrodd nedstrøms, plastkulvert. Sannsynligvis ikke hinder ",0,9.291409732395556,58.748221237047886,9.291524325985966,58.74864992202631
496,Vegårshei ,Vegårshei,Storelva - Hauglandselva bekkefelt,018.E,Ikke hinder,Ikke hinder,#1a9641,Ikke et vandringshinder,,,15.0,Noe kvist i bekk nedstrøms. Men sansynligvis ikke hinder. ,0,8.858730669642897,58.724902611356306,8.858944839651834,58.72475941864486
497,Tvedestrand ,Arendal,,018.71Z,Partiell,Partiell,#fdae61,Delvis vandringshinder (partiell),,,12.0,"Litt usikker på denne, liten vannføring og ser ikke gjennom stikkrenne ",0,8.900906812925783,58.543954487503576,8.901150836672535,58.54402374161949
498,Tvedestrand ,Tvedestrand,Langangselva bekkefelt,018.7AZ,Ikke hinder,Ikke hinder,#1a9641,Ikke et vandringshinder,,,12.0,"En del vann nedstrøms, bekk ser bra ut. Kulvert ikke hinder ",0,8.891012022584478,58.57087193786248,8.891383488627177,58.57088580501143
499,Arendal ,Arendal,Messelbekken,019.B1,Partiell,Partiell,#fdae61,Delvis vandringshinder (partiell),,,14.0,Noe kvist i bekk nedstrøms. Men grei bekk og kulvert ikke hinder. ,0,8.627739845808978,58.466714392667804,8.628025041793366,58.46667925803049
500,Mandal ,Lindesnes,Mandalselva - Øyslebø til Mandal bekkefelt,022.A3Z,Ikke hinder,Ikke hinder,#1a9641,Ikke et vandringshinder,,,40.0,"Fin kulver, ser fisk og er bra bekkeløp. Laget laksetrap i tilleg ",0,7.518525632186317,58.07232892043952,7.518422296342028,58.071971199378396
501,Grimstad ,Grimstad,"Groosfjorden, bekkefelt",019.216Z,Ikke hinder,Ikke hinder,#1a9641,Ikke et vandringshinder,,,18.0,"Denne e fin, litt sandete substrat nedstrøms. ",0,8.581391117689252,58.33589433784398,8.581511785976438,58.336221414310096
502,Tvedestrand ,Tvedestrand,Strengselva,018.C2Z,Ikke hinder,Ikke hinder,#1a9641,Ikke et vandringshinder,,,4.0,Veldig stor kulvert i stål. Med naturlig steinbunn. Denne er ikke hinder. ,0,8.871621553152297,58.628135672247005,8.871831136224376,58.62793069721186
503,Grimstad ,Grimstad,Storåna (Rjukanfossen - Vrålstadvatnet),019.AZ,Ikke hinder,Ikke hinder,#1a9641,Ikke et vandringshinder,,,15.0,"Grei kulvert, fisk kan gå igjennom. Er dette anadrom strekning? ",0,8.457751787217195,58.395336459368366,8.457178696136635,58.39524977565029
504,Grimstad ,Grimstad,Dalholtbekken og bekk ved Roklev,019.2C,Ikke hinder,Ikke hinder,#1a9641,Ikke et vandringshinder,,,8.0,"Grei bru, lav vannføring, men ikke hinder. ",bru,8.494407702696739,58.32948331012286,8.494464073519001,58.329758023892936
505,Søgne ,Kristiansand,Dåsåna,022.2A,Ikke angitt,Ikke angitt,#999999,Ikke vurdert / mangler data,,,8.0,"Grei kulvert, noe søppel, men ikke hinder ",0,7.723469815941111,58.09726031332001,7.723354662272101,58.09742717602302
506,0,Lillesand,Langebekken,020.312Z,Partiell,Partiell,#fdae61,Delvis vandringshinder (partiell),,,15.0,"Avstand opp mot kulvert sannsynligvis lavere. Men er nok hinder for en del fisk, ikke barriere ",0,8.238956194276279,58.20057623771872,8.238277718245644,58.20086726379556
507,Grimstad ,Grimstad,"Temse, utløpselv",019.A23Z,Ikke hinder,Ikke hinder,#1a9641,Ikke et vandringshinder,,,8.0,"Bru ikke hinder, mindre vegetasjon i bekk nedstrøms. Ser greit ut",bru,8.646278252020451,58.389045361084996,8.646221949805605,58.38897153870175
508,Grimstad ,Grimstad,"Temse, utløpselv",019.A23Z,Ikke hinder,Ikke hinder,#1a9641,Ikke et vandringshinder,,,14.0,"Fin bru, ikke hinder. Noe stillestående vann. ",bru,8.646248175975979,58.39052704109783,8.646024112069044,58.390454704339135
509,Froland ,Froland,Hurvjeevja,019.B31,Ikke hinder,Ikke hinder,#1a9641,Ikke et vandringshinder,,,12.0,"Noe gjengrodd bekk, ikke hinder ",bru,8.697271601430437,58.53461100112296,8.697214470360567,58.53476735760096
510,Rykeneveien (Kvennebekken renner ned til Nidelva),Arendal,"Nidelva, Bekkefelt Helle",019.A12Z,Absolutt,Absolutt,#d7191c,Totalt vandringshinder (absolutt),,,30.0,"Ser fin ut nedstrøms, noe høyde mot kulvert, men bør være greit ved mer nedbør. Men kulvert ser ut til å være blokkert av kvist oppstrøms. ",bru,8.65563222561209,58.40975919975221,8.65606462295898,58.40997554074285
511,Grimstad ,Grimstad,"Tønnesølvatnet, utløpselv",019.AZ,Ikke hinder,Ikke hinder,#1a9641,Ikke et vandringshinder,,,9.0,"Grei kulvert, litt stigning opp mot utløp, men ikke problematisk for annet en ål muligens. ",bru,8.509148229421216,58.39896369877531,8.509341262755921,58.39928179525672
512,Tvedestrand ,Tvedestrand,Gjevingelva,018.5Z,Ikke hinder,Ikke hinder,#1a9641,Ikke et vandringshinder,,,15.0,"Denne bør være ok, er hinder lengre opp i bekken i form av demning, noe bratt oppstrøms, men fisk bør kunne passere. Ok ",bru,9.098375530147026,58.64627267254856,9.097342939070675,58.64613640531996
513,Birkenes ,Birkenes,,020.A7,Ikke hinder,Ikke hinder,#1a9641,Ikke et vandringshinder,,,12.0,"Fisk nedstrøms Kulvert helt tør, men ikke hinder ved høyere vannføring. Stor og fint substrat ",bru,8.236488555783316,58.32722197165128,8.236749917518544,58.3273272632487
514,Tvedestrand ,Tvedestrand,Strengselva,018.C2Z,Partiell,Partiell,#fdae61,Delvis vandringshinder (partiell),,,15.0,"Samme som oppstrøms, kun en av kulvertene fører vann nå. Veldig landbrukspreget bekk. Mye sand inni kulvert. Svært redusert bekk, der det sannsynligvis går beitedyr. ",bru,8.877846181818647,58.60606770560339,8.877545977021974,58.60595462515338
515,Tvedestrand ,Tvedestrand,Strengselva,018.C2Z,Ikke hinder,Ikke hinder,#1a9641,Ikke et vandringshinder,,,15.0,Registrerer disse to sammen. Ser ikke ut som hinder. Vann er stillestående og tåkete. Kun god flytt gjennom et av rørene. Det andre er grodd igjen i front. ,bru,8.878279424822399,58.60978460161676,8.878542049786644,58.60975107157365
516,Birkenes ,Birkenes,,020.A6,Ikke hinder,Ikke hinder,#1a9641,Ikke et vandringshinder,,,8.0,"Kulvert fin, noe slammete bekk. Men sannsynligvis ok. Ser fisk. ",bru,8.167339772533511,58.30743399469576,8.166997955629844,58.30747401193236
517,Opplandsveien (bekk leder fra Syndle mot Ellingstjenn og Nedre knabbevann),Grimstad,Storåna (Rjukanfossen - Vrålstadvatnet),019.AZ,Absolutt,Absolutt,#d7191c,Totalt vandringshinder (absolutt),,,12.0,"Bratt stigning opp mot kulvert, vinkel grei og vegetasjon langs stein. Hinder ikke barriere. Ål kan muligens klatre. Men helt klart hinder. ",bru,8.47684189578449,58.389365371343246,8.47634255384507,58.38975663874031
518,Kristiansand ,Kristiansand,,020.A6,Ikke hinder,Ikke hinder,#1a9641,Ikke et vandringshinder,,,10.0,"Kulvert veldig fin, noe små terskler og naturlig elvebunn. Krem sjøaure habitat nedstrøms og oppstrøms. Ser stor Aure nedstrøms ",bru,8.169165956969332,58.27587272938075,8.168665344269527,58.27594151162466
519,Mandal ,Lindesnes,Mannefjorden bekkefelt,022.322,Partiell,Partiell,#fdae61,Delvis vandringshinder (partiell),,,10.0,Både betongkloss og grein kan være hinder ved lav vannføring. Ellers er denne ok. ,0,7.509640759851696,58.00922883669273,7.509717171081865,58.00927656196211
520,Mandal ,Kristiansand,Trysfjorden bekkefelt,022.22Z,Ikke hinder,Ikke hinder,#1a9641,Ikke et vandringshinder,,,8.0,"Fin bekk, kulvert ikke hinder ",bru,7.621342134599997,58.12396162857751,7.621186012604415,58.12394807377116
521,Søm,Kristiansand,Østergapet-ytre bekkefelt,020.4240,Ikke hinder,Ikke hinder,#1a9641,Ikke et vandringshinder,,,8.0,"Ikke hinder, bekk fin ut mot sjøen. ",bru,8.099403708833679,58.12182479348265,8.099456936891977,58.12170002700831
522,Mandal ,Kristiansand,Mandalselva - Laudal til Øyslebø bekkefelt,022.B1Z,Ikke hinder,Ikke hinder,#1a9641,Ikke et vandringshinder,,,12.0,"Fin kulvert, ikke hinder ",bru,7.592762876652045,58.31789015322334,7.592962811746593,58.31794451553668
523,Mandal Daleveien Langeland,Lindesnes,Mandalselva - Øyslebø til Mandal bekkefelt,022.A3Z,Ikke hinder,Ikke hinder,#1a9641,Ikke et vandringshinder,,,12.0,"Ål vil kunne passere den lille høyden mot kulvert. Fin kulvert, ser fisk i kulvert. Ikke hinder. ",bru,7.515684598091775,58.077739416162274,7.515368836199679,58.077638636559534
524,Mandal Daleveien Smeland,Lindesnes,Mandalselva - Øyslebø til Mandal bekkefelt,022.A3Z,Partiell,Partiell,#fdae61,Delvis vandringshinder (partiell),,,12.0,Kulvert egentlig fin. Men blir begrenset av mye stein nedstrøms. Som muligens vil kunne være hinder hvis det samler seg kvist. Ok for ål og anadrom fisk. Ser grei Aure oppstrøms.,bru,7.530427833216139,58.129675816198684,7.529944661623438,58.129696190098564
525,Mandal ,Kristiansand,Meåna,022.AC5,Ikke hinder,Ikke hinder,#1a9641,Ikke et vandringshinder,,,10.0,"Bru i bredde, ikke vandringshinder. Noe gjengroing under bru. Ser fisk nedstrøms ",bru,7.631314817551877,58.30375870275383,7.6308537484334895,58.303873463450614
526,Mandal ,Kristiansand,Trysfjorden bekkefelt,022.22Z,Ikke hinder,Ikke hinder,#1a9641,Ikke et vandringshinder,,,10.0,"God vannføring, fin bekk. Kulvert ikke hinder ",bru,7.610620382409126,58.127845537281026,7.610207505928845,58.12790770992598
527,Mandal ,Kristiansand,Meåna,022.AC5,Ikke hinder,Ikke hinder,#1a9641,Ikke et vandringshinder,,,15.0,Stor og grei bru. Ikke hinder. Men noe gjengroing nedstrøms ,bru,7.659177605411081,58.26989767484515,7.659333085741189,58.27008768329958
528,Mandal ,Lindesnes,Mandalselva - Laudal til Øyslebø bekkefelt,022.B1Z,Partiell,Partiell,#fdae61,Delvis vandringshinder (partiell),,,10.0,Kulvert ok. Men bekk oppstrøms er ekstremt bratt og kan ikke vandres opp. ,bru,7.434233175108431,58.27047690073447,7.434044998160822,58.27074198848574
529,Mandal ,Lindesnes,Skagestadvatnet bekkefelt,022.3C,Ikke hinder,Ikke hinder,#1a9641,Ikke et vandringshinder,,,20.0,Kulvert ikke hinder. Noe slammete sediment. Ser fisk nedstrøms. ,bru,7.621868332598054,58.09459201779643,7.621522687387521,58.09469593250519
530,Kystveien ,,Songebekken,019.121Z,Ikke hinder,Ikke hinder,#1a9641,Ikke et vandringshinder,,,14.0,"Det dannes en liten terskel Av et mindre rør som krysser bekken nedstrøms, ikke vandringshinder, grei kulvert. Ser mye fisk nedstrøms mot kulvert. ",0,8.797799827309026,58.473774575529816,8.797814880720562,58.47396564280816
531,Grimstad ,,"Groosfjorden, bekkefelt",019.216Z,Ikke hinder,Ikke hinder,#1a9641,Ikke et vandringshinder,,,20.0,"Grei nedstrøms, god vannføring, stor kulvert. Ligger lavt i vannet. ",bekkelukking,8.581703331261723,58.339395969744324,8.58185261888363,58.34025260925091
532,Mandal ,,Mandalselva - Øyslebø til Mandal bekkefelt,022.A3Z,Ikke hinder,Ikke hinder,#1a9641,Ikke et vandringshinder,,,40.0,Fint bekkeløp oppstrøms og nedstrøms. Ikke hinder. Plastterskler inni kulvert. ,0,7.51842844298089,58.07171070199199,7.518586942836198,58.07096715810643
533,Tvedestrand ,,Langangselva,018.7A0,Ikke hinder,Ikke hinder,#1a9641,Ikke et vandringshinder,,,10.0,"Ikke hinder, relativt ny bru. Men slammete sediment på begge sider. Grei vannføring ",0,8.894788734002065,58.56607843752066,8.894625050506203,58.5661930839389
534,Øyekleiva ( bekk fra Felsåma mot Kleivsbekken),Kvinesdal,Fedafjorden bekkefelt frå nord,025.33,Absolutt,Absolutt,#d7191c,Totalt vandringshinder (absolutt),,,8.0,"Er bratt, men sannsynligvis ikke barriere, mulig noe hinder. Men bør greit kunne hoppes ",0,6.887664657958686,58.2821631344356,6.8874354223055745,58.282088719672
535,Mandal Daleveien Slåttan,Lindesnes,Mandalselva - Øyslebø til Mandal,022.A6,Ikke hinder,Ikke hinder,#1a9641,Ikke et vandringshinder,,,8.0,"Ikke hinder, observerer mye stor fisk i gjennom kulverten. Fint habitat oppstrøms og nedstrøms. Bra ",bru,7.499590668265392,58.052442474950034,7.499456974278463,58.05245451833193
536,Langsæveien (Langsævannet til Barbuelva),Arendal,Barbuelva,019.12Z,Absolutt,Absolutt,#d7191c,Totalt vandringshinder (absolutt),,,70.0,Kulvert egentlig grei nedstøms. Mye søppel og slam. Blir blokkert av kvist oppstrøms. Gitter oppstrøms,0,8.760126624575497,58.470681214141564,8.758806090614177,58.47096036007322
537,Kystveien ,Arendal,Songebekken,019.121Z,Ikke hinder,Ikke hinder,#1a9641,Ikke et vandringshinder,,,9.0,"Bru, ikke hinder ",0,8.798209407450914,58.473229213469324,8.798036134539025,58.473317461629435
538,Arendal ,Arendal,Mørfjærbekken inkl. bekkefelt,018.72,Ikke hinder,Ikke hinder,#1a9641,Ikke et vandringshinder,,,8.0,"Fin bru, ikke hinder, greit substrat og fin kantvegetasjon. ",bru,8.839041583795376,58.50046445823171,8.83896916524929,58.500628268294754
539,Bykle ,Valle,Veiåni,021.F5A,Ikke angitt,Ikke angitt,#999999,Ikke vurdert / mangler data,,,15.0,"Fin kulvert, og fin bekk. Skulle fisk komme opp hit er denne ikke hinder",bru,7.4983791415409495,59.283583538556236,7.499050465013101,59.28370068467227
540,SSS-veien (Breidungen/Dalsvann til Nordfjorden),Risør,"Breidungen, utløp",018.21,Absolutt,Absolutt,#d7191c,Totalt vandringshinder (absolutt),,,8.0,"Denne er vandringshinder, men fisk bør kunne passere ved bru på siden ",bru,9.11352036655233,58.75297507505129,9.113737595593307,58.7532744448836
541,Høvåg ,Lillesand,Åna,020.42Z,Ikke hinder,Ikke hinder,#1a9641,Ikke et vandringshinder,,,10.0,"Fin bru, over 250cm. Ikke hinder, fungerer bra. ",bru,8.184514967274014,58.1632867938874,8.184067192189442,58.163487872943634
542,Isefjær,Lillesand,Kvåsebekken,020.422Z,Ikke hinder,Ikke hinder,#1a9641,Ikke et vandringshinder,,,12.0,fin og stor og dyp,bru,8.190960006811624,58.165930057964864,8.191022476587566,58.16598076339536
543,Songeveien,Tvedestrand,"Songebekken, inkl. bekkefelt",018.32Z,Ikke hinder,Ikke hinder,#1a9641,Ikke et vandringshinder,,,10.0,Grei kulvert. God størrelse. Ikke hinder ,bru,9.00538515950867,58.68532652005486,9.005361595688319,58.68553690298382
544,Grimstad ,Grimstad,"Bufjorden, bekkefelt",019.220,Ikke hinder,Ikke hinder,#1a9641,Ikke et vandringshinder,,,16.0,"Usikker på hva som er oppstrøms her, ser ut som saltvann flytter oppover slik som vannivået er nå. Ser fisk nedstrøms. ",bru,8.51364293716662,58.30365446586203,8.513330282624171,58.30363055291039
545,Arendal ,Arendal,Molandsvann bekkefelt,018.7B,Partiell,Partiell,#fdae61,Delvis vandringshinder (partiell),,,12.0,"Er noe stigning opp mot bru, men denne er jevn og bør kunne forses. Men er hinder oppstrøms. ",bru,8.802510391942953,58.53787695226933,8.802264795398992,58.53780571186201
546,Tvedestrand ,,Strengselva,018.C2Z,Ikke hinder,Ikke hinder,#1a9641,Ikke et vandringshinder,,,5.0,"Gammel bru, ikke hinder. ",bru,8.878453389288358,58.608720789999246,8.878470975806355,58.608667099020884
547,Grimstad nord ,Grimstad,Hålandsbekken,019.AD,Ikke hinder,Ikke hinder,#1a9641,Ikke et vandringshinder,,,10.0,"Stor bru, ikke problematisk for gjenomvandring, ikke hinder.",0,8.379049499219857,58.42057344832471,8.37868401214948,58.42030239706294
548,Vegårshei ,Vegårshei,Vegår bekkefelt,018.F,Ikke hinder,Ikke hinder,#1a9641,Ikke et vandringshinder,,,8.0,Fin bru ,bru,8.837239521825266,58.79298276449254,8.836901105607781,58.79304670373421
549,Gjerstad ,Risør,Hammarbekken,018.221Z,Ikke hinder,Ikke hinder,#1a9641,Ikke et vandringshinder,,,12.0,Liten terskel under bru. Sannsynligvis ikke hinder. Mulig bekk er naturlig hinder nedstrøms på grunn av høyde ,bru,9.032503162805487,58.740536714302934,9.032237662623364,58.74060776685983
550,Liaveien (bekk mellom Kallbergvannet og Bjorvann),Vegårshei,"Kallbergsvatnet, utløpselv",018.3Z,Absolutt,Absolutt,#d7191c,Totalt vandringshinder (absolutt),,,6.0,"Vann som kommer ut av sidekulvert, lekker. Denne vil være vandringsbarriere og hinder, ved mindre det er nok vann til at fisk kan passere under bru, eller kommer inn i sidekulvert. ",bru,8.940296509295404,58.786268371799444,8.940185004422435,58.78627708556518
551,Gjerstad ,Gjerstad,"Gjerstadvatnet, bekkefelt",018.2D,Ikke hinder,Ikke hinder,#1a9641,Ikke et vandringshinder,,,11.0,"Veldig fin og stor bru, ikke hinder. Er en den stor Aure under bru. Som står delvis fast på grunn av vannstand nedstrøms. ",bru,9.104914242506268,58.844358709288954,9.105026408524697,58.84423990899726
552,Tvedestrand ,Vegårshei,Storelva - Hauglandselva bekkefelt,018.E,Ikke hinder,Ikke hinder,#1a9641,Ikke et vandringshinder,,,12.0,"Sannsynligvis ikke hinder, noe høyde opp mot bru, men er ikke vertikalt, men en litt bratt bekk. ",bru,8.825305083374078,58.69131577006765,8.825186362480059,58.69149052485553
553,Gjerstad ,Gjerstad,"Gjerstadvatnet, bekkefelt",018.2D,Ikke hinder,Ikke hinder,#1a9641,Ikke et vandringshinder,,,10.0,"Bred fin kulvert, ikke hinder. Ser en Aure på 20cm nedstrøms. ",bru,9.111141104476307,58.843322291290654,9.111875276995454,58.843281063985344
554,Bøylestadveien (bekk fra Horvedalstjenn til Nidelva),Froland,Hurvjeevja,019.B31,Absolutt,Absolutt,#d7191c,Totalt vandringshinder (absolutt),,,16.0,"Kulvert ikke hinder, men bekk bør sjekkes. Usikker på vannstand, veldig stillestående vann. Svært redusert vankvalitet og veldig gjødselpreget vann. Litt stigning mot kulvert, men fin inngang. Bekk burde ses over. ",bru,8.647808009314343,58.51653772763861,8.648003873102377,58.51673132887935
555,Gjerstadveien (bekk renner ut til Sunda),Gjerstad,Sunda,018.2C,Absolutt,Absolutt,#d7191c,Totalt vandringshinder (absolutt),,,10.0,"Tenker denne vil kunne være hinder. Mye kvist og gamle store ståldeler i bekk, som vil skape hinder. Plus noe stigning. Men her bør noe fisk komme opp, så hinder ikke barriere. ",bru,9.083298045939665,58.84418897482955,9.083157444559932,58.84417933015672
556,Arendal ,Arendal,Brekkeelva,018.7C,Ikke hinder,Ikke hinder,#1a9641,Ikke et vandringshinder,,,25.0,"Ser fisk nedstrøms. Sannsynligvis ikke hinder, ser ok ut. Er noen lave terskler inni bru. Og bru er så lav at vann muligens vil renne over ved veldig høy vannføring ",0,8.807832787832794,58.55134905491592,8.807545990949217,58.55154316956054
557,Mandal ,Lindesnes,Jåbekken,022.32A,Ikke hinder,Ikke hinder,#1a9641,Ikke et vandringshinder,,,14.0,"Bru i størrelse. Grei bekk nedstrøms, kulvert ikke hinder ",bru,7.505931811446914,58.032484219944266,7.506146472185472,58.03265108960063
558,Tvedestrand ,Tvedestrand,,018.D,Partiell,Partiell,#fdae61,Delvis vandringshinder (partiell),,,25.0,"Ligger en den kvist i kulp nedstrøms, og er noe høyde opp mot kulvert. Mulig hinder ",0,8.841643090942044,58.66355145506707,8.84213887922365,58.66362966088931
559,Vegårshei ,Åmli,Raudelva,018.D,Ikke hinder,Ikke hinder,#1a9641,Ikke et vandringshinder,,,12.0,"Ikke hinder, men er litt gjengrodd under bru. ",bru,8.722303817512492,58.69266480261088,8.722082082057616,58.69273735892763
560,"Gamle sørlandske (bekk mot gjerstadvannet, ved E18)",Gjerstad,"Gjerstadvatnet, bekkefelt",018.2D,Absolutt,Absolutt,#d7191c,Totalt vandringshinder (absolutt),,,17.0,"Selve brua er fin, men er bratt opp mot inngang, bør kunne klatres av noe fisk. Men er muligens naturlig hinder. Ligger og en hvitevare av et slag nede i kulp.",bru,9.120908259302029,58.852015889755265,9.120634115672813,58.85212206630589
561,Vegårshei,Åmli,"Nelaug, bekkefelt",019.C4,Ikke hinder,Ikke hinder,#1a9641,Ikke et vandringshinder,,,8.0,Usikker på dybde siden vannet er såpass uklart. Ikke hinder ,0,8.645652254069,58.686988362739946,8.645662204412758,58.68710251375001
562,Gjerstad ,Risør,Hammarbekken,018.221Z,Ikke hinder,Ikke hinder,#1a9641,Ikke et vandringshinder,,,14.0,"Bru i størrelse, rundt 500cm ikke hinder. Mulig bekk er for bratt nedstrøms. ",bru,9.034089082136854,58.737256555945805,9.034095748044495,58.73736046451683
563,Kystveien (bekk mellom Bjellandsvannet og Jorunnstadkilen),Arendal,"Flostadøysund, bekkefelt",018.712,Absolutt,Absolutt,#d7191c,Totalt vandringshinder (absolutt),,,10.0,Vandringshinder på grunn av gammelt ålekar. Går en vannledning gjennom kulvert. Men er helt tørt nedstrøms og under bru.,bru,8.916052929456658,58.537304641412895,8.915665827620778,58.537422788324555
564,Tvedestrand ,Vegårshei,"Ubergsvatnet, bekkefelt",018.D,Ikke hinder,Ikke hinder,#1a9641,Ikke et vandringshinder,,,16.0,"Bru ser fin ut. Noe vann rett under bru, ellers er bekk tør. Mye vegetasjon i bekk. ",bru,8.83135916311205,58.6711490138341,8.831383981645594,58.67135818976996
565,Lillesand ,Lillesand,Moelva,020.2Z,Ikke hinder,Ikke hinder,#1a9641,Ikke et vandringshinder,,,20.0,"Denne brua er grei, men her kan bekk stenges hvis der havner mye kvist og søppel ned ",0,8.389824132711043,58.26079806495941,8.389487251545853,58.26094008617085
566,Grimstad ,Grimstad,"Groosfjorden, bekkefelt",019.216Z,Ikke hinder,Ikke hinder,#1a9641,Ikke et vandringshinder,,,0.0,"Bru, breiere en 250cm, ikke hinder ",bru,8.581204792386636,58.33294354008398,8.581031913156156,58.33308584604221
569,langenesveien,Kristiansand,Kristiansandsfjorden indre bekkefelt,021.23Z,Ikke hinder,Ikke hinder,#1a9641,Ikke et vandringshinder,,,,"sannsynligvis bare drenering, SER IKKE noe oppstrems ",drensrør,7.943033840963303,58.10953640324376,,
572,Tvedestrand ,Tvedestrand,,018.C2Z,Ikke hinder,Ikke hinder,#1a9641,Ikke et vandringshinder,,,,"Gammel steinkulvert. Mer redusert bekk, men kulvert ok. ",0,8.874555308058572,58.592962523307136,,
575,Søgne ,Kristiansand,Søgneelva - Brennåsen til utløp,022.1A12,Ikke hinder,Ikke hinder,#1a9641,Ikke et vandringshinder,,,,"Drenering fra kum, selv om det er bekk på oversiden ",drensrør,7.834619059215337,58.11120395867544,,
576,Ålefjærveien (sidebekk til bekk som renner ut i Skjedvannet),Kristiansand,Ålefjærfjorden bekkefelt,021.121Z,Ikke hinder,Ikke hinder,#1a9641,Ikke et vandringshinder,,,,"Tørt bekkelei, finner ikke innløp, men er en tør bekk på andre siden av veien, gammelt rør muligens ",drensrør,8.016557983803466,58.242750786425155,,
584,Gjerstad ,Gjerstad,Sunda,018.2C,Ikke hinder,Ikke hinder,#1a9641,Ikke et vandringshinder,,,0.0,"Sidekulvert ved bru. Vann renner nordover, vet ikke om det er vanlig, eller bare et resultat av lav vannstand. Denne er litt tør i fremkant. Men regner med fisk kan passere under bru ",irrelevant,9.088214189612927,58.83859005288045,9.088432940613012,58.83846433268186
588,Tvedestrand. ,,,018.52,Partiell,Partiell,#fdae61,Delvis vandringshinder (partiell),,,,"Kom oppstrøms, ikke ordentlig bekk oppstrøms heller ",0,9.06278310707617,58.629346607300825,,
593,Frikstad,Kristiansand,Dollsvågbekken,020.4232Z,Ikke hinder,Ikke hinder,#1a9641,Ikke et vandringshinder,,,0.0,fin bekk som renner greit,0,8.119719137630026,58.13584569697544,8.118513347096348,58.1358845262941
598,Tverrdalsøyveien (bekk mellom Tjønna og Staubøfjorden),Arendal,,018.711,Absolutt,Absolutt,#d7191c,Totalt vandringshinder (absolutt),,,25.0,"Kulvert ender i plastrør nedstrøms, regner med at denne kulverten er så kronglete invendig at denne blir hinder og mulig barriere for fisk. ",0,8.978688849303946,58.558488276705035,8.9795650650844,58.55870824446476
599,Tvedestrand ,Tvedestrand,Langangselva bekkefelt,018.7AZ,Partiell,Partiell,#fdae61,Delvis vandringshinder (partiell),,,0.0,"Ser ikke gjennom denne, usikker på hinder. Ser ok ut nedstrøms",0,8.889679916903816,58.57156383994334,8.889828696951435,58.57169142052398
601,langenesveien,Kristiansand,Kristiansandsfjorden indre bekkefelt,021.23Z,Ikke hinder,Ikke hinder,#1a9641,Ikke et vandringshinder,,,,"tror ikke dette røret er fisketransporterende, sannsynligvis bare drenering",drensrør,7.942653179741999,58.109359936722406,,
608,Arendal ,Arendal,Bekk fra Strengereidvannet,018.712,Ikke angitt,Ikke angitt,#999999,Ikke vurdert / mangler data,,,,Jeg ser verken innløp eller utløp fra kulvert på grunn av vegetasjon. Vandring kan også være vanskelig på grunn av høyde oppstrøms. Denne bør nok ses videre på ,0,8.88008817083814,58.525125062335825,,
610,Ulvegjelet,Lindesnes,,022.42,Ikke hinder,Ikke hinder,#1a9641,Ikke et vandringshinder,,,10.0,Observert fisk i bekken,bru,7.44820465256441,58.03490231219719,7.449003436606553,58.034943003966426
611,Mandal ,Kristiansand,Trondstadvatnet bekkefelt,022.2B0,Ikke hinder,Ikke hinder,#1a9641,Ikke et vandringshinder,,,,"Hinder, veldig mye stigning og alt for høyt opp mot kulvert",0,7.73533685773382,58.142999181517254,,
617,Mandal ,Lindesnes,Mannefjorden bekkefelt,022.322,Ikke hinder,Ikke hinder,#1a9641,Ikke et vandringshinder,,,,Stikkrenne ikke hinder. Men veldig mudrete sediment og vann nedstøms. Her kommer også den mindre plaststikkrennen ut. ,0,7.511314584672761,58.015791474270465,,
624,"Jernbaneveien (sidebekk Nesevja, som renner ut i Nidelva)",Arendal,Nidelva Furre - Rygene kraftverk bekkefelt,019.B1,Absolutt,Absolutt,#d7191c,Totalt vandringshinder (absolutt),,,6.0,"Et av betongelementene i kulverten er løsnet, og kulvert ser noe stengt ut mellom disse. Ser derfor ut som hinder ",0,8.621483433819673,58.43466939489362,8.621737098758544,58.43475615956449
626,Vasekleiva,Lindesnes,,023.A21,Partiell,Partiell,#fdae61,Delvis vandringshinder (partiell),,,18.0,"Litt dårlig stand lengre ned, oppstrøms er det tørt å dårlig så kulverten i seg selv er ikke et hinder men lengre opp er det.",0,7.300149948214103,58.078153101185684,7.632237056124671,58.16570135437457
627,ålefjær,Kristiansand,,021.122Z,Ikke hinder,Ikke hinder,#1a9641,Ikke et vandringshinder,,,10.0,"kuverter er vel i hovedsak bare drenering, sannsynlig hinder, lite vann  lite vannføring. sannsynligvis ikke gytebekk. ",drensrør,8.024084682541181,58.215651199515946,8.024227627078806,58.215698389015884
628,Vegårshei ,Vegårshei,Storelva - Hauglandselva bekkefelt,018.E,Absolutt,Absolutt,#d7191c,Totalt vandringshinder (absolutt),,,12.0,Denne ser tett ut oppstrøms. Ligger veldig lavt. Er mye vann på begge sider. ,0,8.775595741097021,58.7191730629407,8.775776386458695,58.71928627838486
629,ålefjær,Kristiansand,,021.121Z,Partiell,Partiell,#fdae61,Delvis vandringshinder (partiell),,,10.0,"usikker på om dette er et sted fisk vandrer, avhengig av kontakt med insjø, noe usannsynlig. må ha vannføring for å være fisketransporterende.  ",Liten bekk,8.027000561161405,58.22034681431815,8.026815583352526,58.22035362388725
630,Ålefjær,Kristiansand,,021.1210,Ikke hinder,Ikke hinder,#1a9641,Ikke et vandringshinder,,,20.0,"Vil sannsynligvis ikke være vandringshinder ved høyere vannføring. Er litt Bakke fra bekken opp mot kulvert, men bør gå bra. Er betongrør nederst og firkantet brokonstrukskon oppstrøms. Er veldig tørt nå, men ellers fin kantvegetasjon og bunnforhold.",0,8.022142512585479,58.232800800965975,8.021807615441038,58.232856235934065
631,Arendal ,Arendal,"Mørløsvatnet - Nidelva, bekkefelt",019.B20,Partiell,Partiell,#fdae61,Delvis vandringshinder (partiell),,,,"Gjenfinnes ikke oppstrøms. Litt lite vann, og svært stillestående vann. ",0,8.578279593240621,58.43995088785569,,
634,Birkenesvegen (sidebekk Sogndalselva),Kristiansand,Songdalselva - Samløp Sogna og Gumpedalselva til Brennåsen,022.1B50,Absolutt,Absolutt,#d7191c,Totalt vandringshinder (absolutt),,,12.0,Må utbedres. Lav kulvert rundt 220cm bred. Stengt oppstrøms av slam og kvist. Vandringsbarriere som den er nå. Ser fisk nedstrøms. ,0,7.846511123113976,58.140278675158086,7.846144822170051,58.140181052917
635,0,Kristiansand,Torvefjorden bekkefelt,022.221,Partiell,Partiell,#fdae61,Delvis vandringshinder (partiell),,,,Bare drenering ,0,7.768065533079782,58.08012068844,,
663,Tvedestrand ,Tvedestrand,Storelva Ubergsvann - Songevann bekkefelt,018.C12,Ikke hinder,Ikke hinder,#1a9641,Ikke et vandringshinder,,,12.0,Kulvert ser ikke ut som vandringshinder. Lav vannføring når denne ble undersøkt. Derfor tåkete og stillestående vann. ,0,8.849695489593667,58.62758959995547,8.849585569307864,58.62767863667521
664,Songeveien ,Tvedestrand,"Songebekken, inkl. bekkefelt",018.32Z,Absolutt,Absolutt,#d7191c,Totalt vandringshinder (absolutt),,,0.0,"Sannsynligvis hinder, mulig barriere. Bør ses på. Litt høyde mot kulverter. 3 rør totalt. 2 som kanskje kan vandres. Usikker på hinder, siden jeg ikke ser igjennom rørene. Vann går ikke 100% gjennom kulvert. Noe lekkasje. Derfor mulig hinder. ",0,8.999329741104914,58.69312624163363,8.999069413779969,58.69330014955871
754,Grimstad ,Grimstad,Reddalsåna,019.2D,Ikke hinder,Ikke hinder,#1a9641,Ikke et vandringshinder,,,,"Fin kulvert, ser fisk. Ikke hinder. ",0,8.43363996246223,58.35484346122987,,
770,Bykle ,Valle,Otra - Bykil til Flåren bekkfelt,021.F53Z,Ikke hinder,Ikke hinder,#1a9641,Ikke et vandringshinder,,,,"Mye trafikk, derfor kort kartlegging. Bekk så bratt oppstrøms, at dette er et naturlig hinder. Kulvert ok.",0,7.4927536420203555,59.271267195505004,,
774,Nygrenda 3596 (mulig bekk ender i Reddalsvannet),Grimstad,"Reddalsåna, bekkefelt",019.2D,Absolutt,Absolutt,#d7191c,Totalt vandringshinder (absolutt),,,,"Fin oppstrøms, veldig høyt til kulvert. Noe hinder, mulig barriere. Men noe fisk bør kunne passere ved høy vannføring.",0,8.422532312517301,58.35075166792983,,
789,Birkenes ,Birkenes,,020.A6,Nedstr hinder,Nedstrøms hinder,#984ea3,Hinder kun nedstrøms,,,,"Ikke mulig å vandre opp fra elv, men en del fisk vil sikkert kunne komme ned til elv, men ikke opp. Kulvert fin ",0,8.182215499916563,58.27593530543009,,
807,Grumstsd ,Grimstad,Hålandsbekken,019.AD,Partiell,Partiell,#fdae61,Delvis vandringshinder (partiell),,,,"Sannsynligvis drenering fra mye, ikke økologisk interessant.",0,8.383214940495497,58.41791157032792,,
808,skjosbukten,,Kristiansandsfjorden indre bekkefelt,021.23Z,Ikke hinder,Ikke hinder,#1a9641,Ikke et vandringshinder,,,,"langt rør, men gjennfinnes ikke oppstrøms sannsynslig vandringshinder,stor ål i åpningen",delvis hinder,7.956007970643622,58.112351698799294,,
810,Vegårshei ,Vegårshei,Vegår bekkefelt,018.F,Partiell,Partiell,#fdae61,Delvis vandringshinder (partiell),,,,"Grei gammel bru, bekk tettet av kvist oppstrøms. ",bru,8.750076081925968,58.783342582944854,,
812,0,,Kristiansandsfjorden indre bekkefelt,021.23Z,Ikke hinder,Ikke hinder,#1a9641,Ikke et vandringshinder,,,,ikke funnet ,drensrør,7.94337313126829,58.10971456474972,,
813,Sogndalsvegen (sidebekk Sogndalselva),,Songdalselva - Samløp Sogna og Gumpedalselva til Brennåsen,022.1B50,Absolutt,Absolutt,#d7191c,Totalt vandringshinder (absolutt),,,12.0,"Vanskelig å forsere, rør sannsynligvis tett. Barriere ",0,7.8505089251922175,58.143250307878695,7.85080178267912,58.1433336828341
814,Høvåg ,,"Bliksfjorden - Røynevardsfjorden, bekkefelt",020.32,Partiell,Partiell,#fdae61,Delvis vandringshinder (partiell),,,,"Veldig tør bekk, noe slammete og jord som sediment.  Ikke beste habitatet nedstrøms, men ok. Bør ikke være hinder ",bru,8.234447513568684,58.14066328445445,,
815,Mandal Spillingsveien (Storebekken mellom Øvre Gjellesvatn og Tjønna),,Mandalselva - Laudal til Øyslebø bekkefelt,022.B1Z,Absolutt,Absolutt,#d7191c,Totalt vandringshinder (absolutt),,,,"Kulvert tett i forkant av kvist, gammel bru 5 meter lengre nede også tett oppstrøms av kvist. Barriere for ål og anadrom fisk ",0,7.471120252006413,58.176314156003166,,
816,Ålefjærveien ( bekk renner sannsynligvis ut i Ålefjærfjorden),Kristiansand,,021.1210,Absolutt,Absolutt,#d7191c,Totalt vandringshinder (absolutt),,,30.0,"Stort rør ned ender i mindre plastrør. Må sjekke om dette ender i fjorden og hvordan dette er. Sannsynlig hinder, renger med ikke 100% barriere ",Lukket liten bekk,8.025703998546138,58.2289750784812,8.025264715486518,58.228703740231055
817,0,,Elv fra Øynesvann bekkefelt,018.C23,Partiell,Partiell,#fdae61,Delvis vandringshinder (partiell),,,0.0,Mulig høyde gjør denne til delvis hinder. Så en liten fisk nedstrøms. ,0,8.795641685554207,58.61906040730142,8.795611110062104,58.619222577262896
818,Mandal ,,Kumlefjorden bekkfelt,022.226,Partiell,Partiell,#fdae61,Delvis vandringshinder (partiell),,,,"Usikker, siden disse kulvertene ligger litt merkelig. Spesielt med tanke på hvordan rørene ligger under jorder. Og l åpningen før den lange kulverten. ",0,7.694244156563807,58.04930444609644,,
