GA2,ga,Nedstrøms Objekt ID i kart app,Oppstrøms ID,SF 2026 ID,Kommentar,Kulp_nedstrøms,Avstand til kulp,Beskrivelse av kulp,Vanndybde_nedstrøms,Stedsnavn,Vurderin vandringshinder,x,y,OBJECTID,Kommentar.1,Vanndybde_oppstrøms,Innvendig diameter,Innv diam mm,Lengde,Vurdering_vannføring,Vurdering vannhastighet,Stedsnavn.1,Vurdering_oppgangshinder,x.1,y.1,Justert konsekvens,Vurderin vandringshinder.1,identifikasjon_lokalId,kommentar utfyllende,Bilde gruppe,FK kommentar,Regine,NVDB,Dublett,Kom til NVDB,Statsveg/fylkesveg,Vassdrag, Er stikkrenna/kulverten et problem for fiskevandring?,Hva er problemet?,"Diameter (cm) (omtrentlig, noen er anslåelser derom det var vanskelig å komme nærme nok kulverten for å måle)",Kommentar stikkord,OBJ.VEGOBJEKT-ID,VSR.VEGSYSTEMREFERANSE,EGS.BRUKSOMRÅDE.6981,"EGS.DIAMETER, INNVENDIG (MM).3113","EGS.BREDDE, INNVENDIG (MM).4548","EGS.HØYDE, INNVENDIG (MM).4549","EGS.DIAMETER, INNVENDIG (MM).3113.1",EGS.HAR INNLØPSRIST.1923,EGS.LENGDE (M).1323,EGS.MATERIALTYPE.6983,EGS.SPESIELLE PROBLEM.4562,EGS.GJENNOMLØP FOR ELV/BEKK.10223,LOK.GEOMETRI,LOK.TYPEVEG,EGS.TILLEGGSINFORMASJON.10771,LOK.KOMMUNE,EGS.TVERRSNITTSFORM.6984,EGS.TYPE UTLØP.1940,Stikk_bru
246.0,246.0,251,252,,"Plastkulvert, helt grei. Ikke hinder. Men noe lav vannføring ",Nei,0,0,15.0,Mandal ,Nei,"423 866,481","6 446 324,519",252.0,ok,100.0,5.0,50.0,8.0,Lav,Lav,0,0.0,"423 855,496","6 446 313,174",Ikke hinder,Nei,022-696-R,0,,,022.2B0,272318964,,,,Trondstadvatnet bekkefelt,,,,,272318964.0,FV3976 S2D1 m159-170,,,,,50.0,,,Betong,,,,Enkel bilveg,,Lindesnes,,Platebru (215),Bru
46.0,46.0,51,56,,"Tørt og mye vegetasjon, som blokerer inngangen noe, men bør kunne vandres igjennom. ",Nei,0,0,0.0,0,Nei,"432 192,82","6 444 098,579",56.0,"Liten vannføring, mye vegetasjon som vil kunne dekke stikkrenna. Bør passere noe fisk.",0.0,20.0,200.0,8.0,Lav,Lav,Birkenesveien,0.0,"432 180,295","6 444 103,727",Ikke hinder,Nei,ikke VF,0,,,022.1B2,86116831,-186202133,,,,,,,,86116831.0,FV3952 S1D10 m765,Vann,500.0,,,500.0,,8.0,Betong,,,POINT Z (79330.403 6465862.335 16.858),Enkel bilveg,,Kristiansand,Sirkulær,I bekk/elv,StikkKulv
174.0,174.0,179,182,,Finner ikke nedstrøms ,,0,0,0.0,0,,"458 224,006","6 452 921,051",182.0,"mye slimting, og bratt stigning, og rør fra vei kommer rett ut",1.0,110.0,1100.0,30.0,Lav,Lav,0,0.0,"458 223,737","6 452 969,449",Ikke angitt,,Ikke VF,bekkelukking,,,020.2230,84764474,-1352357,,,,,,,,84764474.0,FV420 S11D1 m3223,Vann,600.0,,,600.0,Nei,4.23,Betong,,Ja,POINT Z (106064.854 6472350.947 2.705),Enkel bilveg,"Finner ikke stikkrenne, finner ikke utløp",Lillesand,Sirkulær,,StikkKulv
27.0,27.0,31,36,,"Lite rør, ser tett ut, men bør ellers kunne vandres gjennom. ",Nei,15,0,5.0,Ålefjærveien,Ja,"440 536,948","6 457 955,55",36.0,"Sannsynligvis tett, leder fra en grøft/bek langs veien. Vil ikke kunne vandres gjennom som den er nå. ",0.0,30.0,300.0,12.0,Lav,Lav,Ålefjær,0.0,"440 529,709","6 457 946,579",Absolutt,Ja,021-1485-R,0,,,021.A4Z,86226133,1461659,,,Venneslafjorden bekkefelt,,,,,86226133.0,FV453 S1D1 m882,Vann,,,,300.0,Nei,,Betong,,,POINT Z (88874.666 6478968.766 91.907),Enkel bilveg,,Vennesla,Sirkulær,Kum,StikkKulv
223.0,223.0,228,230,,"Små plaststikkrenner, ikke passende for fisk og passere. Heller ikke særlig habitat oppstrøms. Hovedsak drenering fra landbruk ",Nei,0,0,20.0,Dypvågveien (bekk Størdalstjenn),Ja,"502 357,083","6 498 280,677",230.0,"to små rør i plast, vann renner fint, gjengrodd",7.0,30.0,300.0,6.0,Lav,Lav,0,0.0,"502 381,409","6 498 279,762",Absolutt,Ja,018-175-R,0,,,018.61Z,1024494316,938268183,,,"Kråkvågbekken, inkl. bekkefelt",,,,,1024494316.0,FV3476 S1D1 m46,Vann,300.0,,,300.0,,7.77,Plast,,,POINT Z (154196.247 6513654.029 15.925),Enkel bilveg,,Tvedestrand,Sirkulær,Åpen grøft,StikkKulv
197.0,197.0,202,205,,"Bekk veldig gjengrodd og begrenset oppstrøms mot innsjøe. Kulvert litt høy og liten. Begrenset bekk nedstrøms. Hvis der kommer ål opp, så er kulvert hinder for ål ",Nei,15,0,25.0,Mandal ,Usikker,"409 804,007","6 449 471,092",205.0,"gjengrodd lenger oppe, men fint tjønn lenger oppe",2.0,30.0,300.0,8.0,Lav,Lav,0,0.0,"409 800,895","6 449 464,071",Partiell,Usikker,022-650-R,0,,,022.B1Z,ikke i nvdb,,nær 86195840,,Mandalselva - Laudal til Øyslebø bekkefelt,,,,,,,,,,,300.0,,,,,,,,,,,,
378.0,378.0,383,380,,"Blir delvis blokkert av kvist oppstrøms. Fint habitat, men alt for stillestående og sølete vann. Kulvert ok ",Nei,0,0,30.0,Arendal,Usikker,"491 015,984","6 492 693,286",380.0,"Helt tør oppstrøms, blir delvis blokkert oppstrøms av kvist. ",0.0,100.0,1000.0,12.0,Lav,Lav,Arendal ,0.0,"491 028,833","6 492 701,731",Partiell,Usikker,Ikke VF,0,,,018.C2Z,ikke i nvdb,,nær 84774803,,,,,,,,,,,,,1000.0,,,,,,,,,,,,
25.0,25.0,29,36,,"Jeg går utifra at disse 3 rørene henger sammen,  tror at fisk hvis fisk kan passere vil denne uansett fungere som hinder i en grad  ",Nei,5,0,5.0,Ålefjær ,Usikker,"440 540,371","6 457 956,951",36.0,"Sannsynligvis tett, leder fra en grøft/bek langs veien. Vil ikke kunne vandres gjennom som den er nå. ",0.0,30.0,300.0,12.0,Lav,Lav,Ålefjær,0.0,"440 529,709","6 457 946,579",Partiell,Usikker,021-1485-R,0,,,021.A4Z,86132706,,,,Venneslafjorden bekkefelt,,,,,86132706.0,FV453 S1D1 m1023,Vann,800.0,,,800.0,Nei,112.74,Betong,,Ja,POINT Z (88960.296 6478856.619 95.615),Enkel bilveg,,Vennesla,Sirkulær,Åpen grøft,StikkKulv
70.0,70.0,75,80,,"Denne er sannsynligvis vandringsbarriere grunnet lite rør, og høy stigning",Nei,5,0,0.0,Kystveien ,Ja,"489 501,218","6 482 001,938",80.0,"Barriere, høy stigning, vil sannsynligvis få veldig høy hastighet, strupes inn mot toppen. Mye vegetasjon oppstrøms.",0.0,34.0,340.0,25.0,Lav,Lav,Kystveien ,0.0,"489 499,684","6 482 045,133",Absolutt,Ja,019-506-R,0,,,019.121Z,579765845,493633139,,,Songebekken,,,,,579765845.0,FV410 S5D1 m4508,Vann,,500.0,500.0,500.0,,22.02,,,Ja,POINT Z (139910.469 6498596.875 17.488),Enkel bilveg,,Arendal,Rektangulær,I bekk/elv,StikkKulv
38.0,38.0,43,49,,"Ubetydelig. Finner ikke 100% kulverten nedstrøms. Var tett på oppsiden, mulig gravd ned, eller fylt over. Sannsynligvis uansett ikke egnet for fisk ",Nei,0,0,0.0,Søgne vgs ,Usikker,"432 395,654","6 439 095,737",49.0,"Helt tør oppstrøms, sannsynligvis tiltenkt som drenering fra landbruk. Ser ikke gjennom stikkrenne",0.0,40.0,400.0,8.0,Lav,Lav,Søgne vgs ,0.0,"432 402,371","6 439 102,543",Ikke hinder,Usikker,022-705-R,drensrør,,,022.1A12,86099561,-493666284,,,Søgneelva - Brennåsen til utløp,,,,,86099561.0,FV3958 S1D1 m881,Vann,200.0,,,200.0,,,Plast,,,POINT Z (79095.791 6460855.93 3.565),Enkel bilveg,,Kristiansand,Sirkulær,I bekk/elv,StikkKulv
323.0,323.0,328,324,,"Ikke fiskehabitat, bare drenering ",Nei,0,0,30.0,Arendal ,Nei,"480 804,474","6 486 051,303",324.0,seigt dreneringsvann,30.0,40.0,400.0,8.0,Lav,Lav,0,0.0,"480 797,61","6 486 083,8",Ikke hinder,Nei,"oppstr 019-695-R

",0,,,019.B,84437166,-1662395,,,,,,,,84437166.0,FV3724 S1D1 m2559,Vann,400.0,,,400.0,Nei,7.0,Plast,,Ja,POINT Z (131575.587 6503393.472 106.367),Enkel bilveg,,Froland,Sirkulær,I bekk/elv,StikkKulv
458.0,458.0,463,459,,"Meir grøft en bekk, kulvert ikke hinder. Tørt ",Nei,0,0,2.0,Vegårshei ,Nei,"481 975,172","6 501 096,898",459.0,"Stillestående vann oppstrøms. Mer mye en bekk. Kulvert liten, men ikke hinder ",40.0,40.0,400.0,10.0,Lav,Lav,Vegårshei ,0.0,"481 984,309","6 501 087,728",Ikke hinder,Nei,019-17-R,0,,,019.C12,84526144,88978,,,"Nelaug - Flaten, bekkefelt",,,,,84526144.0,FV3708 S1D1 m5272,Vann,400.0,,,400.0,Nei,10.53604963,Plast,,Nei,POINT Z (134111.225 6518286.047 177.015),Enkel bilveg,,Åmli,Sirkulær,I bekk/elv,StikkKulv
278.0,278.0,283,281,,Kulvert ikke hinder hvis der skulle bli nok vann ti bekken. Er veldig lite vann nedstrøms. Og helt tr,Nei,0,0,0.0,Arendal,Usikker,"498 317,534","6 489 272,334",281.0,"Ser ikke kulvert, for mye vegetasjon. Hele bekken oppstrøms er grodd igjen",0.0,0.0,,0.0,Lav,Lav,Arendal ,0.0,"498 306,914","6 489 277,899",Partiell,Usikker,Ikke VF,0,,,018.711,84465996,-60148,,,,,,,,84465996.0,FV3494 S1D1 m6217,Vann,800.0,,,800.0,Nei,11.88612296,Betong,,Nei,POINT Z (149348.589 6505034.801 5.315),Enkel bilveg,,Arendal,Sirkulær,I bekk/elv,StikkKulv
165.0,165.0,170,173,,"Bør nok gjennomspyles. Kulvert i seg selv ikke hinder sannsynligvis, men bekk nedstrøms er for bratt for vandring oppover ",Nei,0,0,10.0,Høvåg ,Nei,"455 489,129","6 450 022,932",173.0,"Ikke hinder, men mulig noe igjenslammet. Regner med kun vandring nedover ",15.0,40.0,400.0,8.0,Lav,Lav,Høvåg ,0.0,"455 487,417","6 450 039,265",Neppe fiskeførende,Nei,020-397-R,0,,,020.41,84706616,dubl,,,Isefjærfjorden bekkefelt,,,,,84706616.0,FV401 S1D1 m2145,Vann,,,,400.0,,,Betong,,,POINT Z (103115.417 6469703.87 20.809),Enkel bilveg,,Lillesand,Sirkulær,,StikkKulv
607.0,817.0,,512,,,,,,,,,,,512.0,"Gjenfinnes ikke nedstrøms, er nok delvis gravet over. Grøftehabitat oppstrøms, lite vann. Tålig gjengrodd bekk/grøft ",4.0,40.0,400.0,9.0,Lav,Lav,Mandal ,0.0,"412 388,374","6 431 840,886",Ikke angitt,0,022-801-R,0,,,022.322,86100876,1394260,,,Mannefjorden bekkefelt,,,,,86100876.0,FV3982 S1D1 m57,Vann,400.0,,,400.0,,8.0,Plast,,,POINT Z (58469.444 6455391.584 50.032),Enkel bilveg,,Lindesnes,Sirkulær,I bekk/elv,StikkKulv
39.0,39.0,44,50,,"Ikke viktig! Sannsynligvis ikke fiskeførende. Veldig høy avstand fra elv og opp, leder heller ikke til egnet gytehabitat. ",Nei,500,0,50.0,Toftelandsveien (sidebekk Søgneleva),Ja,"431 242,399","6 441 289,676",50.0,Se nedstrøms om denne er fiskeførende. Veldig lite vann.,0.0,40.0,400.0,12.0,Lav,Lav,Søgne ,0.0,"431 265,548","6 441 284,508",Ikke hinder,Ja,022-705-R,drensrør,,,022.1A12,86118729,17853,,,Søgneelva - Brennåsen til utløp,,,,,86118729.0,FV4234 S2D1 m1549,Vann,400.0,,,400.0,,26.0,Plast,,,POINT Z (78144.566 6463139.441 15.119),Enkel bilveg,,Kristiansand,Sirkulær,I skråning/terreng,StikkKulv
12.0,12.0,16,21,,"usikker på om dette er utløp, hvis det er det, vil det være nødvendig med høyere vannstand for at fisk skal passere. tørt og Per nå 40 meter ut til innsjøen. ",Nei,0,0,0.0,justvik,Usikker,"443 106,586","6 452 076,209",21.0,"lite vann, lite rør, sannsynlig hinder, ikke nødvendigvis barriere. noe aure kan hekke her. veldig tørt nå, men sannsynligvis bedre med mer nedbør. men RØR er ikke bra. god kantvegetasjon ved oppstrøms bekk.",0.0,40.0,400.0,15.0,Lav,Lav,hemmningsvannet,0.0,"443 126,239","6 452 059,617",Ikke hinder,Usikker,021-11381-L,drensrør,,,021.122Z,86131718,12989,,,Hemmingsvatnet,,,,,86131718.0,FV452 S1D1 m5774,Vann,400.0,,,400.0,Nei,22.24,Plast,,Ja,POINT Z (90947.885 6472841.958 21.352),Enkel bilveg,Betong rør forlenger utløp,Kristiansand,Sirkulær,I skråning/terreng,StikkKulv
281.0,281.0,286,284,,"Bekk er helt tør nå, men bekkeleie nedstrøms bærer preg av at det vil være en bekk her når det er mer nedbør ",Nei,0,0,0.0,Arendal ,Usikker,"498 607,098","6 489 383,174",284.0,"Bekk oppstrøms er svært begrenset siden der ikke er kantvegetasjon, og det går beitedyr der. Helt tør også. Skal mye nedbør før der er fisk hær. ",0.0,60.0,600.0,10.0,,0,Arendal ,0.0,"498 599,872","6 489 386,142",Partiell,Usikker,Ikke VF,0,,,018.711,84466303,-1665415,,,,,,,,84466303.0,FV3522 S1D1 m94,Vann,,500.0,300.0,500.0,Nei,5.68888337,Naturstein,,Nei,POINT Z (149647.394 6505118.102 2.406),Enkel bilveg,,Arendal,Rektangulær,I bekk/elv,StikkKulv
427.0,427.0,432,429,,Kulvert vil sannsynligvis være hinder på grunn av høyde og diameter på rør. ,Nei,50,0,5.0,Grimstad ,Usikker,"470 446,524","6 460 404,025",429.0,Usikker på opp og nedstrøms. Ikke vann i bekk og liten stikkrenne. ,0.0,40.0,400.0,12.0,Lav,Lav,Grimstad ,0.0,"470 434,263","6 460 388,554",Partiell,Usikker,019-577-R,0,,,019.22Z,766073596,681607293,,,"Amtedal-Penndalen, bekkefelt",,,,,766073596.0,FV3608 S1D1 m3630,Vann,400.0,,,400.0,Nei,10.6,Plast,,Ja,POINT Z (118958.38 6478712.506 10.19),Enkel bilveg,,Grimstad,Sirkulær,I bekk/elv,StikkKulv
282.0,282.0,287,285,,"Selve kulvert er nok ikke vandringshinder, men bekk både oppstrøms og nedstrøms er svært redusert. Og mye potensielle hindere lengre ned i bekk. ",Nei,15,0,10.0,Arendal ,Usikker,"498 683,588","6 488 890,136",285.0,"Kulvert grei oppstrøms, ser ikke gjennom dog. Mye gjengroing i bekk, og noe som ser ut som «andemat». Ikke god bekk oppstrøms.",15.0,60.0,600.0,18.0,Lav,Lav,Arendal ,0.0,"498 649,281","6 488 905,999",Partiell,Usikker,Ikke VF,0,,,018.711,ikke i nvdb,,,,,,,,,,,,,,,600.0,,,,,,,,,,,,
442.0,442.0,447,444,,"Ligger 2 betongstikkrenner, under den i plast. Disse ser tette ut, og kan ikke ses oppstrøms. ",Nei,50,0,40.0,Moveien (sidebekk Mellomtjenn),Ja,"491 769,702","6 521 883,067",444.0,Stillestående vann oppstrøms. Men greit med vann. Myrpreget bekk. ,20.0,40.0,400.0,10.0,Lav,Lav,Vegårshei ,0.0,"491 768,776","6 521 894,622",Absolutt,Ja,018-263-R,0,,,018.F,84465663,,,,Vegårvasselva bekkefelt,,,,,84465663.0,FV3702 S1D1 m7377,Vann,500.0,,,500.0,Nei,12.98334596,Betong,,,POINT Z (145741.35 6538154.701 192.12),Enkel bilveg,To stk 250mm betong paralelt.,Vegårshei,Sirkulær,I skråning/terreng,StikkKulv
357.0,357.0,362,359,,"Kulvert liten, og ikke veldig fin bekk oppstrøms. ",Nei,0,0,0.0,Gjerstad ,Usikker,"503 487,807","6 521 405,315",359.0,0,0.0,40.0,400.0,8.0,Lav,Lav,Gjerstad ,0.0,"503 479,33","6 521 412,155",Partiell,Usikker,018-75-R,0,,,018.2C,84655037,189374,,,"Sunda, bekkefelt",,,,,84655037.0,FV417 S1D1 m2104,Vann,,500.0,600.0,500.0,Nei,5.7909488,Naturstein,,Nei,POINT Z (157384.646 6536624.398 112.279),Enkel bilveg,,Gjerstad,Rektangulær,I bekk/elv,StikkKulv
243.0,243.0,248,249,,"Merkelig bekkeløp nedstrøms. Usikker på om bekk er egnet for fisk. Kulvert isåfall kanskje mulig å passere, usikker",Nei,20,0,15.0,Mandal ,Usikker,"420 106,395","6 448 229,155",249.0,liten men ok,5.0,40.0,400.0,12.0,Lav,Lav,0,0.0,"420 086,633","6 448 257,509",Partiell,Usikker,022-872-R,0,,,022.AA1B,86105611,1450574,,,Eidsåna,,,,,86105611.0,FV3976 S2D1 m5512,Vann,600.0,,,600.0,,11.0,Stål,,,POINT Z (67641.116 6471071.99 152.132),Enkel bilveg,,Lindesnes,Sirkulær,I bekk/elv,StikkKulv
23.0,23.0,27,32,,"Enten så er denne vinklet ellerRedusert vanndybde på grunn av mye slam og sediment i kulverten. Observerte ål/fisk, regner ikke denne for et vandringshinder. Noe tør, og er mulig sediment burde vært gravd ut. ",Nei,0,0,20.0,Ålefjær,Usikker,"440 683,121","6 457 072,739",32.0,"Noe kronglete å skulle vandre gjennom 2 rør forbundet av en kum. Vil være en form for hinder. Men mulig hvis vannføringen er bedre, sett bort ifra at man risikerer høy hastighet. ",0.0,40.0,400.0,17.0,Lav,Lav,Ålefjærr,0.0,"440 641,784","6 457 065,092",Ikke hinder,Usikker,021-851-R,0,,,021.121Z,86132654,27043,,,Ålefjærfjorden bekkefelt,,,,,86132654.0,FV453 S1D1 m1984,Vann,,1200.0,,1200.0,Nei,29.0,Betong,,Ja,POINT Z (88959.179 6478062.36 62.965),Enkel bilveg,,Vennesla,Sirkulær,Åpen grøft,StikkKulv
453.0,453.0,458,454,,"Kan se alle tre utløpende nedstrøms, hvor 2 av disse kan ses igjennom. Tør bekk etter pytt nedstrøms. Ser frosk og rumpetroll nedstrøms. ",Nei,40,0,60.0,Vegårshei ,Nei,"482 121,137","6 508 617,292",454.0,"Stillestående vann. Ser bare en av tre stikkrenner. Den jeg ser ligger litt høyt, men ser gjennom denne. Ser rumpetroll. Gjengrodd bekk oppstrøms. ",30.0,48.0,480.0,10.0,Lav,Lav,0,0.0,"482 115,163","6 508 611,176",Ikke hinder,Nei,019-408-R,0,,,019.C3,84520775,-1611879,,,"Ufsvatn, bekkefelt",,,,,84520775.0,FV3698 S1D1 m4956,Vann,450.0,,,450.0,Nei,7.14826921,Betong,,Nei,POINT Z (134922.254 6525776.715 299.613),Enkel bilveg,,Vegårshei,Sirkulær,I bekk/elv,StikkKulv
410.0,410.0,415,412,,"Denne vil være hinder hvis fisk kommer så langt opp. Er mye slam i stikkrenne, og denne er liten ",Nei,0,0,5.0,Kroken 3602 (''sidebekk'' fra Nidelva),Ja,"477 235,483","6 473 751,313",412.0,"Mer grøft en bekk, usikker på om denne er egnet for fisk, og om disse vil kunne passere stikkrenne. ",5.0,50.0,500.0,15.0,Lav,Lav,Arendal ,0.0,"477 238,337","6 473 728,889",Absolutt,Ja,019-698-R,0,,,019.B1,84434118,-86657,,,Nidelva Furre - Rygene kraftverk bekkefelt,,,,,84434118.0,FV3602 S2D1 m6047,,200.0,,,200.0,,10.0,Plast,,,POINT Z (126936.406 6491419.076 43.628),Enkel bilveg,,Grimstad,,,StikkKulv
515.0,515.0,520,517,,"Setter usikker på hinder på denne, på grunn av lengden. Men grei bekk nedstrøms. Og fisk/ål kommer seg greit til inngang til kulverter ",Nei,0,0,30.0,Mandal ,Usikker,"422 935,606","6 435 092,468",517.0,"God vannføring, og grei bekk oppstrøms. Kulvert ok, mulig litt liten. ",10.0,50.0,500.0,20.0,Middels,Høy,Mandal ,0.0,"422 926,169","6 435 045,735",Partiell,Usikker,022-792-R,0,,,022.226,86109076,dubl,,,Kumlefjorden bekkfelt,,,,,86109076.0,FV3972 S2D1 m3849,Vann,300.0,,,300.0,,6.0,Betong,,,POINT Z (69267.06 6457645.584 6.684),Enkel bilveg,,Kristiansand,Sirkulær,,StikkKulv
36.0,36.0,41,47,,"Sannsynligvis grei å vandre gjennom. Stikkrenna er lav, og vil muligens være under vannstand ved mye vann. Er mye vegetasjon som delvis sperrer kulverten. Sannsynligvis ok for gjennomvandring",Nei,0,0,5.0,Søgne vgs ,Nei,"432 174,103","6 439 283,382",47.0,"Mye vegetasjon, lav vannstand oppstrøms",10.0,50.0,500.0,10.0,Lav,Lav,Søgne vgs ,0.0,"432 173,151","6 439 299,529",Ikke hinder,Nei,022-705-R,0,,,022.1A12,86110906,1830,,,Søgneelva - Brennåsen til utløp,,,,,86110906.0,FV3958 S1D1 m527,Vann,300.0,,,300.0,,6.0,Plast,,,POINT Z (78886.408 6461067.058 3.709),Enkel bilveg,,Kristiansand,Sirkulær,Kum,StikkKulv
277.0,277.0,282,280,,"Usikker på om kulvert ville vært hinder, ved nok vann til å støtte fisk. Sannsynligvis ok. Helt tør bekk nedstrøms og oppstrøms ",Nei,0,0,0.0,Arendal ,Usikker,"498 019,223","6 489 126,211",280.0,"Naturstein i front, helt tør bekk. Usikker på om der noen gang vil være nok vann til å støtte fisk i bekk. Men kulvert ok oppstrøms.",0.0,80.0,800.0,15.0,Lav,Lav,Arendal ,0.0,"497 992,212","6 489 122,294",Partiell,Usikker,Ikke VF,0,,,018.711,84466005,-1644901,,,,,,,,84466005.0,FV3494 S1D1 m5872,Vann,,700.0,700.0,700.0,Nei,33.02508527,Naturstein,,Nei,POINT Z (149028.086 6504911.447 19.006),Enkel bilveg,450 betong i utløp,Arendal,Sirkulær,I bekk/elv,StikkKulv
53.0,53.0,58,63,,"Ikke hinder, fin kulvert, noe lav. Grunneier ønsker bedre drenering før kulvert. ",Nei,0,0,5.0,Mandal 4 ,Nei,"410 922,431","6 434 459,01",63.0,"Ikke hinder, fin kulvert. ",5.0,50.0,500.0,8.0,Lav,Lav,Mandal 4 ,0.0,"410 907,645","6 434 460,492",Ikke hinder,Nei,022-814-R,0,,,022.A6,86189231,1723226,,,Mandalselva - Øyslebø til Mandal,,,,,86189231.0,FV4226 S1D1 m2032,Vann,,400.0,400.0,400.0,,6.0,Naturstein,,,POINT Z (57233.735 6458128.699 2.055),Enkel bilveg,,Lindesnes,Rektangulær,Kum,StikkKulv
6.0,6.0,10,15,,"vann i røret, tørt å oversiden. sannsynligvis ikke vandringshinder. tørt etter RØR",Nei,0,0,0.0,langenesveien,Usikker,"437 561,711","6 441 278,293",15.0,"ikke vann I bekken, mulig vandringshinder avhengig av nedbør ",0.0,50.0,500.0,10.0,Lav,0,langenesveien,0.0,"437 558,111","6 441 283,186",Partiell,Usikker,021-846-R,Ubetydelig bekk?,,,021.23Z,86123354,-65877,,,Kristiansandsfjorden indre bekkefelt,,,,,86123354.0,FV456 S2D1 m907,Vann,450.0,,,450.0,,12.25,Betong,,,POINT Z (84442.677 6462570.924 8.569),Enkel bilveg,,Kristiansand,Sirkulær,I bekk/elv,StikkKulv
376.0,376.0,381,378,,"Veldig stillestående vann, Ser ut som om det har begynt å dannes bekkeløp på siden av veien også. ",Nei,0,0,70.0,Arendal ,Usikker,"490 929,207","6 492 642,903",378.0,Veldig lav vannføring. Kulvert kan være noe tett. Men sannsynligvis står vannet på grunn av problemer nedstrøms ,50.0,100.0,1000.0,8.0,Lav,Lav,Arendal ,0.0,"490 941,091","6 492 648,442",Partiell,Usikker,Ikke VF,0,,,018.7B,ikke i nvdb,,nær 84774803,,,,,,,,,,,,,1000.0,,,,,,,,,,,,
319.0,319.0,324,320,,"Fin steinkulvert. Er registrert som usikker i forhold til hinder fordi denne er smal og det samler seg noe kvist inni kulvert. Ikke nok til å være barriere, men kan gjøre gjennomvandring noe vanskeligere ",Nei,0,0,10.0,Arendal ,Usikker,"483 961,622","6 484 074,335",320.0,"Fin steinkulvert, med naturlig bekkeløp i bunn, ikke hinder og fin bekk. ",5.0,50.0,500.0,13.0,Lav,Lav,Arendal ,0.0,"483 969,353","6 484 083,98",Partiell,Usikker,019-1-R,0,,,019.A1Z,84587170,,,,"Assævannet, bekkefelt",,,,,84587170.0,FV3506 S1D1 m2889,Vann,,500.0,1500.0,500.0,Nei,10.0,Naturstein,,Ja,POINT Z (134571.979 6501132.613 42.612),Enkel bilveg,,Arendal,Rektangulær,I bekk/elv,StikkKulv
508.0,508.0,513,508,,Sannsynligvis grei. Men ligger en del fin sand inni stikkrenne. Mudrete substrat nedstrøms.,Nei,0,0,20.0,Mandal ,Nei,"412 345,98","6 432 698,923",508.0,Lite vann oppstrøms. Ser mer ut som grøft en bekk. Men ikke hinder ,5.0,50.0,500.0,12.0,Lav,Middels,Mandal ,0.0,"412 354,043","6 432 686,021",Ikke hinder,Nei,022-789-R,0,,,022.32A,987157155,902569985,,,Jåbekken bekkfelt,,,,,987157155.0,FV230 S1D1 m1211,Vann,500.0,,,500.0,,15.97,Plast,,,POINT Z (58504.957 6456238.068 30.295),Enkel bilveg,,Lindesnes,Sirkulær,Åpen grøft,StikkKulv
377.0,377.0,382,379,,Kulvert ser ok ut. Men vassdrag bør sjekkes lengre nede ,Nei,0,0,50.0,Arendal ,Nei,"490 968,827","6 492 661,255",379.0,"Veldig stillestående vann, men kulvert ikke hinder ",40.0,100.0,1000.0,8.0,Lav,Lav,Arendal ,0.0,"490 982,272","6 492 667,767",Ikke hinder,Nei,Ikke VF,0,,,018.7B,ikke i nvdb,,nær 84774803,,,,,,,,,,,,,1000.0,,,,,,,,,,,,
331.0,331.0,336,332,,"Usikker på hinder på grunn av lengde, men fin ingang til kulvert og fint habitat nedstrøms ",Nei,0,0,2.0,Arendal ,Usikker,"481 794,931","6 481 961,285",332.0,tørr men grei,0.0,120.0,1200.0,17.0,Lav,Lav,0,0.0,"481 802,868","6 481 986,7",Partiell,Usikker,Ikke VF,0,,,019.A1Z,84796410,,,,,,,,,84796410.0,FV42 S1D1 m2816,Vann,1200.0,,,1200.0,Nei,23.0,Betong,,,POINT Z (132236.438 6499217.115 50.188),Enkel bilveg,,Arendal,Sirkulær,I bekk/elv,StikkKulv
84.0,84.0,89,93,,"Grei kulvert, ikke hinder. ",Nei,0,0,50.0,Arendal ,Nei,"490 235,462","6 482 642,182",93.0,"Lite vann, men grei kulvert oppstrøms.",40.0,250.0,2500.0,10.0,Middels,Middels,Arendal ,0.0,"490 170,936","6 482 621,332",Ikke hinder,Nei,ikke VF,0,,,018.72,579765851,494969441,,,,,,,,579765851.0,FV410 S5D1 m3391,Vann,1600.0,,,1600.0,,43.61,Betong,,Ja,POINT Z (140668.965 6499134.383 4.158),Enkel bilveg,,Arendal,Sirkulær,Kum,StikkKulv
230.0,230.0,235,236,,"Kulvert noe hinder, ved lav vannføring lekker kulvert vann, og bekk er helt tør nedstrøms. Mulig bedre ved høyere vannføring ",Nei,30,0,0.0,Lagveien (bekk Gulspettvannet),Ja,"504 930,653","6 502 712,648",236.0,"grei vannføring oppstrøms, men ingenting vann nedstrøms, mye kvist",5.0,50.0,500.0,7.0,Lav,Lav,0,0.0,"504 932,638","6 502 723,658",Absolutt,Ja,018-220-R,0,,,018.5Z,ikke i nvdb,,,,Elv Gulspettvannet -Størdalsvannet,,,,,,,,,,,500.0,,,,,,,,,,,,
275.0,275.0,280,279,,"100% barriere, ikke tydelig utløp fra kulvert, steinete utløp. I tillegg til gitter oppstrøms, gjør denne til barriere for oppvandring ",Nei,150,0,10.0,Våjeveien (bekk mellom Molandsvann og Langangsvannet),Ja,"491 965,374","6 488 530,035",279.0,"Gitter foran oppstrøms, barriere.",20.0,50.0,500.0,12.0,Høy,Høy,Arendal ,0.0,"491 946,797","6 488 523,58",Absolutt,Ja,018-165-R,0,,,018.7A0,ikke i nvdb,,ikke i nvdb men fisk går brua 272297804,,Sagenebekken,,,,,,,,,,,500.0,,,,,,,,,,,,
280.0,280.0,285,283,,"Ikke vandringshinder, men veldig stillestående vann, med preg av avrenning fra landbruk. Med grei vannføring her kan dette være en gytebekk, hvis ikke blokkert lengre nede. ",Nei,0,0,20.0,Arendal ,Nei,"498 617,95","6 489 430,262",283.0,"Ser ikke røret oppstrøms 100%, men regner med kulvert er grei. Slammete bekk med mye gjengroing oppstrøms. ",0.0,0.0,,8.0,Lav,Lav,Arendal ,0.0,"498 608,099","6 489 431,063",Ikke hinder,Nei,Ikke VF,0,,,018.711,84466306,,,,,,,,,84466306.0,FV3522 S1D1 m48,Vann,,500.0,400.0,500.0,Nei,5.27613382,Naturstein,,Nei,POINT Z (149660.967 6505162.224 1.743),Enkel bilveg,,Arendal,Rektangulær,I bekk/elv,StikkKulv
8.0,8.0,12,17,,"barriere ved lav vannstand, men sannsynligvis passerer noe fisk. kjempebjørnekjeks langs bekken.",Ja,80,"omtrent 40cm dyp, men med 20 cm avstand til røret. stor kulp",40.0,langenesveien ,Usikker,"437 224,991","6 441 157,108",17.0,"var mye grener og kvist oppstrøms, tettet igjen mye av bekken. vil derfor kunne være noe vandrinfsbarriere ",10.0,50.0,500.0,8.0,Høy,Høy,langenesveien,0.0,"437 223,283","6 441 141,478",Partiell,Usikker,021-846-R,0,,,021.23Z,86123346,1657040,,,Kristiansandsfjorden indre bekkefelt,,,,,86123346.0,FV456 S2D1 m1269,Vann,600.0,,,600.0,,11.28,Betong,,,POINT Z (84102.796 6462464.385 14.932),Enkel bilveg,,Kristiansand,Sirkulær,I skråning/terreng,StikkKulv
144.0,144.0,150,153,,Gjennfinner ikke utløp,,0,0,0.0,Søm,,"452 185,849","6 447 225,127",153.0,tørr men fin bekk,0.0,50.0,500.0,15.0,Lav,Lav,ånastrand,0.0,"452 157,89","6 447 255,376",Ikke angitt,,020-405-R,0,,,020.4231,84439479,-1683867,,,Kvåsefjorden - Kvarenesfjorden bekkefelt,,,,,84439479.0,FV401 S1D1 m8715,,700.0,,,700.0,,14.0,Betong,,,POINT Z (99557.727 6467204.603 2.299),Enkel bilveg,,Lillesand,,,StikkKulv
279.0,279.0,284,282,,"Gjenfinnes ikke nedstrøms, mulig gravd over ",,0,0,0.0,Arendal ,,"498 222,646","6 489 238,687",282.0,"Finner ikke innløp, sannsynligvis blitt grad ned av jord og kvist ",0.0,0.0,,0.0,,0,Arendal ,0.0,"498 225,568","6 489 229,487",Ikke angitt,,Ikke VF,0,,,018.711,84465999,26520,,,,,,,,84465999.0,FV3494 S1D1 m6116,Vann,800.0,,,800.0,Nei,14.96871576,Betong,,Nei,POINT Z (149253.634 6505001.643 8.324),Enkel bilveg,,Arendal,Sirkulær,I bekk/elv,StikkKulv
478.0,478.0,483,479,,"Nederste del av kulvert er løsnet, resten er fylt igjen med jord. ",Nei,0,0,0.0,"Jernbaneveien (sidebekk Nesevja, som renner ut i Nidelva)",Ja,"477 918,682","6 477 161,827",479.0,Stillestående vann oppstrøms. Litt usikker på om kulvert er helt åpen eller om den er litt tett. ,25.0,60.0,600.0,20.0,Lav,Lav,Arendal ,0.0,"477 918,603","6 477 149,318",Absolutt,Ja,019-698-R,0,,,019.B1,84685415,219416,,,Nidelva Furre - Rygene kraftverk bekkefelt,,,,,84685415.0,FV408 S1D1 m3788,Vann,230.0,,,230.0,,23.0,Betong,,,POINT Z (127909.335 6494773.653 43.034),Enkel bilveg,,Arendal,Sirkulær,,StikkKulv
287.0,287.0,292,290,,"Denne bør sjekkes om er anadrom strekning lengre nede, fin steinkulvert. Ikke hinder, men usikker på hvordan vannføring er her. Ikke noe vann nå ",Nei,0,0,0.0,Kristiansand ,Nei,"448 244,12","6 453 812,673",290.0,"tørr, men ok, i stein",0.0,60.0,600.0,7.0,Lav,Lav,0,0.0,"448 256,978","6 453 813,867",Ikke hinder,Nei,020-391-R,0,,,020.A12,86131181,1445766,,,,,,,,86131181.0,FV3910 S1D1 m2319,Vann,300.0,,,300.0,,12.0,Plast,,,POINT Z (96219.44 6474129.319 8.754),Enkel bilveg,,Kristiansand,Sirkulær,Kum,StikkKulv
413.0,413.0,418,415,,En av rørene kunne nok med fordel ha vært litt lavere. Plaststikkrenne bør kunne passeres ved høyere vannføring. Er fisk nedstrøms som er fanget på grunn av lav vannstand. ,Nei,15,0,30.0,Grimstad ,Usikker,"476 453,733","6 472 093,468",415.0,Det er en betongstikkrenne på 40cm og en i plast på 60cm. Ingen av disse leder vann nå. Sannsynligvis ok ved høyere vannføring. Ellers ligger disse muligens en smule høyt. ,20.0,60.0,600.0,12.0,Lav,Lav,Grimstad ,0.0,"476 462,225","6 472 093,735",Partiell,Usikker,019-456-R,0,,,019.AZ,84434178,-1697003,,,"Rore, bekkefelt",,,,,84434178.0,FV3602 S2D1 m2902,,400.0,,,400.0,,9.0,Betong,,,POINT Z (126003.746 6489858.72 60.087),Enkel bilveg,,Grimstad,,,StikkKulv
592.0,592.0,598,595,,Lite vann i kulvert nå,Ja,2,4kvm,30.0,Audnedalsveien 1445,Usikker,"402 807,465","6 451 446,89",595.0,Observert fisk,40.0,140.0,1400.0,8.0,Middels,Lav,Ekland,0.0,"403 321,108","6 450 953,385",Partiell,Usikker,Ikke VF,0,,,023.B110,86331905,1897727,,,,,,,,86331905.0,FV460 S2D1 m15062,Vann,1000.0,,,1000.0,,12.0,Plast,,,POINT Z (50668.16 6475819.488 30.343),Enkel bilveg,,Lindesnes,Sirkulær,,StikkKulv
180.0,180.0,185,188,,Underdimensjonert kulvert med tanke på lengde. Usikker på hvordan denne er å vandre gjennom.  Brakkvann nedstrøms. ,Nei,0,0,15.0,Lillesand ,Usikker,"463 358,823","6 453 226,907",188.0,"fin bekk, renne fint, stein i bunn ",1.0,60.0,600.0,30.0,Lav,Lav,0,0.0,"463 321,708","6 453 243,283",Partiell,Usikker,020-282-R,0,,,020.2220,84437630,-1894275,,,"Blindleia - Nesefjorden, bekkefelt",,,,,84437630.0,FV3664 S1D1 m3558,,400.0,,,400.0,,15.0,Betong,,,POINT Z (111242.933 6472194.365 2.602),Enkel bilveg,,Lillesand,,,StikkKulv
468.0,468.0,473,469,,"Kulvert er nok hinder, men ikke noe interessant habitat oppstrøms. ",Nei,0,0,0.0,Bøylestadveien (grøft fra Østresolheimsvannet),Ja,"482 268,742","6 490 800,791",469.0,"Helt tør oppstrøms, nesten gravd igjen, ingen tydelig bekk oppstrøms. ",0.0,40.0,400.0,0.0,,0,Froland ,0.0,"482 260,038","6 490 808,72",Absolutt,Ja,Ikke VF,0,,,019.B31,84582195,144565,,,,,,,,84582195.0,FV3718 S1D1 m7214,Vann,400.0,,,400.0,Nei,13.0,Betong,,,POINT Z (133488.955 6508014.944 99.676),Enkel bilveg,,Froland,Sirkulær,Kum,StikkKulv
232.0,232.0,237,238,,"2 små kulverter, noe stengt av kvist oppstrøms. Grei vannføring, men noe hinder.",Nei,0,0,20.0,Hødnebøveien (forbindelse mellom Skarvann og Lonene),Ja,"515 554,678","6 513 427,542",238.0,"mye kvist ellers fin, 2 rør ",15.0,60.0,600.0,10.0,Middels,Middels,0,0.0,"515 544,235","6 513 431,04",Absolutt,Ja,018-78-R,0,,,018.1C,84453723,-128472,,,"Skardvatnet, utløpselv",,,,,84453723.0,FV3450 S1D1 m654,Vann,400.0,,,400.0,,9.0,Betong,,,POINT Z (168704.244 6527586.193 18.598),Enkel bilveg,,Risør,Sirkulær,,StikkKulv
440.0,440.0,445,442,,"Hinder, begge stikkrennene er tett oppstrøms, vann graver seg på siden av stikkrenner. litt kvist i bekk nedstrøms. Helt tør bekk. ",Nei,0,0,0.0,Moveien (Sidebekk Vegår),Ja,"492 119,104","6 521 608,779",442.0,Ikke noe vann her nå. En stikkrenne på 40 og en på 60. Begge ser tette ut. Vann graver seg rundt kulvert. ,0.0,60.0,600.0,12.0,Lav,Lav,Vegårshei ,0.0,"492 129,299","6 521 619,339",Absolutt,Ja,018-264-R,0,,,018.F,84465678,11955,,,Vegår bekkefelt,,,,,84465678.0,FV3702 S1D1 m6847,Vann,400.0,,,400.0,Nei,11.80162755,Betong,,,POINT Z (146069.547 6537848.406 191.564),Enkel bilveg,Det går to rørtraseer på 400 mm betong pararelt.,Vegårshei,Sirkulær,I bekk/elv,StikkKulv
521.0,521.0,526,521,,Denne er jeg også usikker på. Er 2 stikkrenner i forskjellig diameter. Der det er litt høyde opp mot den største. Den lille har veldig høy vannhastighet. Ser for meg at denne er krevende for nåde anadrom fisk og ål. ,Nei,10,0,40.0,Eid 3980 (bekk renner ut i Kumlefjorden),Ja,"420 996,914","6 434 287,699",521.0,"Bekk burde vært rensket. God vannføring. Er tre stikkrenner der 2 er på 40cm og den siste er på 100cm. Vanskelig å sette ord på, men syns bare denne virker suboptimal . ",40.0,100.0,1000.0,14.0,Middels,Høy,Mandal ,0.0,"420 983,802","6 434 291,667",Absolutt,Ja,Ikke VF,0,,,022.226,86101170,1635492,,,,,,,,86101170.0,FV3980 S1D1 m459,Vann,,800.0,800.0,800.0,,4.0,Naturstein,,,POINT Z (67275.142 6457062.871 2.552),Enkel bilveg,,Kristiansand,Rektangulær,I bekk/elv,StikkKulv
464.0,464.0,469,465,,"Tenker denne er hinder, da det er litt høyt fra vannflate til kulvert. Plus at siste del av stikkrenne ser ny ut. ",Nei,40,0,10.0,Vålandsveien (sidebekk Marendalselva),Ja,"489 205,749","6 496 995,517",465.0,Veldig tør bekk oppstrøms. Litt stein foran kulvert. ,2.0,60.0,600.0,14.0,Lav,Lav,Tvedestrand ,0.0,"489 188,133","6 496 996,739",Absolutt,Ja,018-267-R,0,,,018.C23,84581972,-1519198,,,Elv fra Øynesvann bekkefelt,,,,,84581972.0,FV3718 S2D1 m8072,Vann,500.0,,,500.0,Nei,10.0,Plast,,,POINT Z (140942.479 6513552.635 86.196),Enkel bilveg,,Tvedestrand,Sirkulær,I bekk/elv,StikkKulv
543.0,543.0,548,543,,Ser fisk nedstrøms. Kulvert ser ikke ut som hinder. Men bekk ser ut til å bære preg av avrenning fra anlegg lengre oppstrøms. ,Nei,0,0,40.0,Mandal ,Nei,"412 086,128","6 431 089,641",543.0,"Kulvert ser ikke ut som hinder. Grei bekk, men litt tåkete vann. ",40.0,60.0,600.0,12.0,Lav,Middels,Mandal ,0.0,"412 091,344","6 431 097,581",Ikke hinder,Nei,022-801-R,0,,,022.322,86101472,1519500,,,Mannefjorden bekkefelt,,,,,86101472.0,FV4232 S1D1 m5967,Vann,500.0,,,500.0,Nei,12.06,Plast,,Ja,POINT Z (58105.221 6454674.557 7.754),Enkel bilveg,,Lindesnes,Sirkulær,Åpen grøft,StikkKulv
208.0,208.0,213,215,,"Helt tør bekk, og noe igjengrodd innløp. Skal mye vann her for st fisk skal kunne vandre. Sannsynlig bare drenering ",Nei,0,0,0.0,Mandal Finslandsvegen,Ja,"417 750,587","6 461 828,631",215.0,overgrodd og tørr,0.0,60.0,600.0,8.0,Lav,Lav,0,0.0,"417 737,853","6 461 809,685",Absolutt,Ja,022-879-R,0,,,022.AC5,86104683,3211,,,Meåna,,,,,86104683.0,FV3936 S1D1 m1269,Vann,500.0,,,500.0,,10.0,Plast,,,POINT Z (66497.037 6484837.613 224.019),Enkel bilveg,,Kristiansand,Sirkulær,Kum,StikkKulv
289.0,289.0,294,292,,"Vandringsbarriere, er 300cm til der jeg tror vanstanden vil være ved grei vannføring. ",Nei,300,0,0.0,Fosseveien (Einermobekken),Ja,"449 864,192","6 457 006,939",292.0,"stillestående  og tørr, mye kvist og greier i innløp",0.0,100.0,1000.0,15.0,Lav,Lav,0,0.0,"449 848,585","6 457 011,979",Absolutt,Ja,Ikke VF,0,,,020.A40,86126870,22187,,,,,,,,86126870.0,FV3748 S1D1 m783,Vann,1000.0,,,1000.0,,17.32,Betong,,,POINT Z (98116.658 6477171.78 31.668),Enkel bilveg,,Kristiansand,Sirkulær,I skråning/terreng,StikkKulv
132.0,132.0,138,140,,"Ikke under fylkesvei, på siden. Stikkrenne ligger lavt i bekken. Mye mudder og gjengrodd bekk. ",Nei,0,0,20.0,Søm ,Nei,"448 416,428","6 443 400,757",140.0,bekk,20.0,60.0,600.0,4.0,Lav,Lav,Randesund ,0.0,"448 458,896","6 443 391,624",Ikke hinder,Nei,020-319-R,0,,,020.4240,86134627,7757,,,Østergapet-ytre bekkefelt,,,,,86134627.0,FV3900 S1D1 m435,Vann,500.0,,,500.0,,6.06,Plast,,,POINT Z (95470.627 6463709.732 13.28),Enkel bilveg,,Kristiansand,Sirkulær,Åpen grøft,StikkKulv
324.0,324.0,329,325,,"Kulvert rast i front. Kulvert ser fin ut, lite vann. Men kan ikke se gjennom kulvert, derfor usikker på hinder. Grunneier mente denne holdt på å utbedres.",Nei,0,0,5.0,Frolandsveien (sidebekk Mårvannet),Ja,"480 109,317","6 483 525,642",325.0,"hmm ikke bra kulvert, ser ikke rør, tørt",0.0,0.0,,15.0,Lav,Lav,0,0.0,"480 131,246","6 483 548,853",Ikke angitt,0,ikke VF,0,,,019.A1Z,84796373,-1338254,,,,,,,,84796373.0,FV42 S1D1 m5511,Vann,,600.0,700.0,600.0,,34.0,Tre,,,POINT Z (130682.421 6500928.962 80.987),Enkel bilveg,,Froland,Sirkulær,,StikkKulv
414.0,414.0,419,416,,"Tenker denne er lagt noe høyt. Bekk er helt tør nedstrøms. Er noe småfisk nedstrøms, men disse er fanget. ",Nei,10,0,15.0,Tauleveien (bekk fra Skrubbedalstjenn),Ja,"476 539,765","6 471 917,945",416.0,"Ikke noe vann oppstrøms. Men sannsynligvis grei bekk, ved mer vann. ",0.0,60.0,600.0,15.0,Lav,Lav,Grimstad ,0.0,"476 542,88","6 471 905,448",Absolutt,Ja,"oppstr 019-456-R
",0,,,019.A,84434184,-362189,,,,,,,,84434184.0,FV3602 S2D1 m2688,,600.0,,,600.0,,12.0,Betong,,,POINT Z (126070.753 6489662.528 60.337),Enkel bilveg,,Grimstad,,,StikkKulv
430.0,430.0,435,432,,"Usikker på hinder. Liten stikkrenne. Helt tør, gjengtrodd bekk. ",Nei,0,0,0.0,Grimstad ,Usikker,"468 753,369","6 459 721,621",432.0,Lite vann og veldig gjengrodd bekk. Kulvert sannsynligvis ok ,5.0,60.0,600.0,20.0,Lav,Lav,Grimstad ,0.0,"468 770,965","6 459 735,286",Partiell,Usikker,020-69-R,0,,,020.11Z,84438474,4290,,,"Vestre Bjørkesund - Sønningdalsund, bekkefelt",,,,,84438474.0,FV3608 S1D1 m37,Vann,600.0,,,600.0,Nei,23.22,Betong,,Ja,POINT Z (117224.887 6478196.752 14.183),Enkel bilveg,,Grimstad,Sirkulær,I bekk/elv,StikkKulv
10.0,10.0,14,19,,både gitter og stålplate nedstrøms vil gjøre dette til hinder  men ikke barriere. hvorfor plate? bedre vannføring hadde gjort ok.,Nei,10,0,20.0,gillsvannet,Usikker,"443 256,542","6 450 558,184",19.0,"gitter 10cm mellom staver, lite vann men vil kunne fungere for sjøaure. dårlig vannføring nå. mulighet for blokade. ",0.0,100.0,1000.0,20.0,Lav,Lav,gillsvannet,0.0,"443 284,761","6 450 526,901",Absolutt,Usikker,ikke VF,"Hinder, uviktig bekk",,,021.123Z,86131832,1693358,,,,,,,,86131832.0,FV452 S1D1 m3681,Vann,350.0,,,350.0,Ja,41.09,Betong,,Ja,POINT Z (90976.752 6471300.07 6.94),Enkel bilveg,,Kristiansand,Sirkulær,I skråning/terreng,StikkKulv
605.0,815.0,,92,,,,,,,,,,,92.0,"Mye fisk nedstrøms, ser ikke utløp, sannsynlig barriere. ",40.0,60.0,600.0,10.0,Middels,Lav,Tromøy ,0.0,"490 007,208","6 478 896,831",Ikke angitt,0,019-498-R,0,,,019.11,84443787,-1688045,,,"Arendal - Tromøy, bekkefelt",,,,,84443787.0,FV3566 S1D1 m940,Vann,600.0,,,600.0,Nei,18.0,Betong,,Ja,POINT Z (140129.402 6495419.813 3.121),Enkel bilveg,,Arendal,Sirkulær,Åpen grøft,StikkKulv
441.0,441.0,446,443,,"Noe redusert bekk, sannsynligvis ok. ",Nei,0,0,0.0,Vegårshei ,Nei,"492 049,721","6 521 791,274",443.0,"Ikke hinder, er antydning til myr en bekk oppstrøms ",10.0,60.0,600.0,10.0,Lav,Lav,Vegårshei ,0.0,"492 057,075","6 521 795,441",Ikke hinder,Nei,018-198-R,0,,,018.G,84465675,21888,,,Vegårvasselva,,,,,84465675.0,FV3702 S1D1 m7038,Vann,600.0,,,600.0,Nei,9.31807429,Betong,,,POINT Z (146018.44 6538029.921 191.05),Enkel bilveg,,Vegårshei,Sirkulær,I bekk/elv,StikkKulv
439.0,439.0,444,441,,"Liten stikkrenne, men ser ok ut. ",Nei,5,0,10.0,Vegårshei ,Nei,"492 805,443","6 521 620,662",441.0,Liten vannføring. Noe kvist i fremkant. Ellers ok ,30.0,60.0,600.0,10.0,Lav,Lav,Vegårshei ,0.0,"492 804,731","6 521 630,321",Ikke hinder,Nei,018-264-R,0,,,018.F,84465690,15,,,Vegår bekkefelt,,,,,84465690.0,FV3702 S1D1 m6021,Vann,600.0,,,600.0,Nei,12.39071147,Plast,,Nei,POINT Z (146778.565 6537782.318 199.514),Enkel bilveg,,Vegårshei,Sirkulær,I bekk/elv,StikkKulv
399.0,399.0,404,401,,"Er en del kvist oppstrøms, som delvis blokerer. Ser fisk nedstrøms, lite vann. Men kulvert ser ok ut.",Nei,0,0,30.0,Langangsveien (sidebekk Langangselva),Ja,"494 552,149","6 490 803,932",401.0,"Blokkeres av kvist, lite vann. Ellers kulvert ok ",10.0,60.0,600.0,10.0,Lav,Lav,Tvedestrand ,0.0,"494 546,298","6 490 792,636",Absolutt,Ja,018-258-R,0,,,018.7AZ,84582395,116705,,,Langangselva bekkefelt,,,,,84582395.0,FV422 S1D1 m5148,Vann,600.0,,,600.0,Nei,16.0,Betong,,,POINT Z (145731.773 6506884.859 9.09),Enkel bilveg,,Tvedestrand,Sirkulær,I skråning/terreng,StikkKulv
374.0,374.0,379,376,,"Veldig lite vann, men bør være fiskeførende ved høyere vannstand. Kulvert sannsynligvis ok ",Nei,0,0,2.0,Arendal ,Nei,"490 351,853","6 490 404,093",376.0,"Veldig lite vann, vokser en rot litt foran åpning. Men bør bære ok ved høyere vannføring ",5.0,60.0,600.0,12.0,Lav,Lav,Arendal ,0.0,"490 357,549","6 490 409,385",Ikke hinder,Nei,018-254-R,0,,,018.7B,84586226,3831,,,Molandsvann bekkefelt,,,,,84586226.0,FV3496 S1D1 m1336,Vann,600.0,,,600.0,Nei,7.99265911,Betong,,Nei,POINT Z (141508.949 6506876.81 28.881),Enkel bilveg,,Arendal,Sirkulær,I bekk/elv,StikkKulv
344.0,344.0,349,345,,"Overraskende god vannkvalitet. Kulvert forsvinner under jorder på begge siders. Kulvert sannsynligvis grei, usikker på om det kommer fisk opp hit ",Nei,0,0,20.0,Gjerstad ,Nei,"498 047,021","6 528 698,602",345.0,Tålig god vannføring med tanke på «bekk» oppstrømsvirksom. Mye vegetasjon og deler av bekken forsvinner inn i ny kulvert inder jorder. ,15.0,60.0,600.0,8.0,Lav,Høy,Gjerstad ,0.0,"498 058,109","6 528 719,92",Ikke hinder,Nei,018-204-R,0,,,018.2E4,84586932,706,,,"Storelva (Lundvatnet - Gjerstadvatnet), bekkefelt",,,,,84586932.0,FV418 S4D1 m5299,Vann,600.0,,,600.0,Nei,13.03269738,Betong,,Nei,POINT Z (152623.73 6544389.605 90.657),Enkel bilveg,,Gjerstad,Sirkulær,I bekk/elv,StikkKulv
477.0,477.0,482,478,,Noe landbrukspreget bekk. Usikker på hinder ,Nei,2,0,10.0,Arendal ,Usikker,"478 231,514","6 474 812,562",478.0,Lite vann renner gjennom kulvert. Gjengrodd bekk oppstrøms. Men noe vann i bekk. ,10.0,60.0,600.0,20.0,Lav,Lav,Arendal ,0.0,"478 243,684","6 474 846,796",Partiell,Usikker,019-698-R,0,,,019.B1,84685740,98808,,,Nidelva Furre - Rygene kraftverk bekkefelt,,,,,84685740.0,FV408 S1D1 m1242,Vann,600.0,,,600.0,,30.0,Betong,,,POINT Z (128028.976 6492420.726 49.8),Enkel bilveg,,Arendal,Sirkulær,,StikkKulv
358.0,358.0,363,360,,Mulig hinder. Lite vann og tre gjennom kulvert. ,Nei,0,0,20.0,Gjerstad ,Usikker,"501 865,499","6 520 344,377",360.0,Dårlig vannkvalitet. Lite vannføring.,20.0,100.0,1000.0,10.0,Lav,Lav,Gjerstad ,0.0,"501 864,982","6 520 358,305",Partiell,Usikker,Ikke VF,0,,,018.2C,84654783,-30957,,,,,,,,84654783.0,FV417 S1D1 m4131,Vann,1000.0,,,1000.0,Nei,7.68052773,Betong,,Nei,POINT Z (155674.823 6535713.007 206.872),Enkel bilveg,,Gjerstad,Sirkulær,I bekk/elv,StikkKulv
532.0,532.0,537,533,,Enten ligger denne veldig lavt. Ellers så er siste betongelementet løsnet. Ser ut som hinder. ,Nei,0,0,70.0,Tregdeveien (bekk renner ut mot myr/Lillestøltjørna),Ja,"417 810,887","6 432 012,78",533.0,"Tror ikke denne kulverten ligger helt optimalt. Burde nok vært større og ligget lavere. En del vann oppstrøms, men lite går inn i kulvert. ",30.0,60.0,600.0,12.0,Lav,Lav,Mandal ,0.0,"417 798,197","6 432 016,793",Absolutt,Ja,022-767-R,0,,,022.321,86102191,1447408,,,Harkmarkfjorden bekkfelt,,,,,86102191.0,FV4228 S1D1 m7068,Vann,600.0,,,600.0,,15.0,Betong,,,POINT Z (63896.367 6455080.327 7.209),Enkel bilveg,,Lindesnes,Sirkulær,I bekk/elv,StikkKulv
492.0,492.0,497,492,,"Mulig hinder, er forskjellig rør i utløp og innløp. Så disse er koblet sammen under veien et sted. Kan være hinder. Bekk fin nedstrøms. Og der går vann gjennom kulvert. ",Nei,0,0,30.0,Mandal ,Usikker,"418 689,425","6 443 544,498",492.0,"Litt lite vann, ellers går det noe vann gjennom kulvert. Ok bekk oppstrøms. Noe kvist foran åpning, men ikke nok til å sperre ",15.0,60.0,600.0,20.0,Lav,Lav,Mandal ,0.0,"418 672,833","6 443 578,329",Partiell,Usikker,022-726-R,0,,,022.22Z,86114014,11823,,,Trysfjorden bekkefelt,,,,,86114014.0,FV3978 S1D1 m4179,Vann,600.0,,,600.0,,35.0,Plast,,,POINT Z (65803.999 6466528.405 102.254),Enkel bilveg,,Kristiansand,Sirkulær,I bekk/elv,StikkKulv
494.0,494.0,499,494,,"Mulig hinder, da denne ser ut til å være skjøtet på midten, betongstikkrenne i topp og plaststikkrenne i bunn. ",Nei,0,0,10.0,Mandal ,Usikker,"418 925,318","6 442 929,983",494.0,"Liten bekk, kulvert ok oppstrøms. ",10.0,60.0,600.0,15.0,Lav,Lav,0,0.0,"418 913,934","6 442 925,729",Partiell,Usikker,022-726-R,0,,,022.22Z,86114047,33,,,Trysfjorden bekkefelt,,,,,86114047.0,FV3978 S1D1 m3427,Vann,600.0,,,600.0,,15.0,Betong,,,POINT Z (65993.011 6465871.162 94.581),Enkel bilveg,,Kristiansand,Sirkulær,Kum,StikkKulv
33.0,33.0,38,43,,"Bør utbedres. Rør er lite og samler mye rusk i åpning på grunn av vannrør. Selve stikkrenna er noe liten, og vil kunne få veldig høy vannhastighet. Demningen nedenfor kulp vil kunne være barriere. ",Ja,10,"Stor kulp, laget demning ved kulpen. Vanndybde 40-60cm. ",40.0,Mot søgne ,Ja,"435 871,833","6 437 704,203",43.0,"rør litt ned under vann åpent og fint, ekstra rør for drenering høyere oppe",5.0,60.0,600.0,12.0,Middels,Lav,langenes,0.0,"435 848,484","6 437 708,563",Absolutt,Ja,022-715-R,0,,,022.110,86123164,9117,,,Herøyfjorden - Sandvikdalsfjorden bekkefelt,,,,,86123164.0,FV456 S2D1 m6216,Vann,600.0,,,600.0,Nei,21.31,Plast,,Ja,POINT Z (82429.583 6459152.946 8.618),Enkel bilveg,,Kristiansand,Sirkulær,I skråning/terreng,StikkKulv
416.0,416.0,421,417,,"Selve kulvert er nok ikke hinder, men er veldig bratt opp mot innløp. ",Nei,0,0,0.0,Grimstad ,Nei,"476 259,671","6 470 396,168",417.0,"Kulvert, ikke ordentlig bekk oppstrøms.",0.0,60.0,600.0,10.0,Lav,Lav,Grimstad ,0.0,"476 254,084","6 470 401,024",Ikke hinder,Nei,ikke VF,0,,,019.2161Z,84434232,-1688932,,,,,,,,84434232.0,FV3602 S2D1 m1016,,,400.0,500.0,400.0,,7.0,Naturstein,,,POINT Z (125662.348 6488181.781 64.697),Enkel bilveg,,Grimstad,,,StikkKulv
57.0,57.0,62,67,,"Ser fisk nedstrøms. Ikke vandringshinder, sannsynligvis ok ålehabitat oppstrøms. Men litt bratt ",Nei,25,0,10.0,Mandal 8 ,Nei,"411 849,561","6 436 371,598",67.0,kulvert i stein,2.0,60.0,600.0,8.0,Lav,Lav,mandal,0.0,"411 833,869","6 436 375,482",Ikke hinder,Nei,022-814-R,bru,,,022.A6,272319086,187884854,,,Mandalselva - Øyslebø til Mandal,,,,,272319086.0,FV4226 S1D1 m4333-4338,,,,,600.0,,,Betong,,,,Enkel bilveg,,Lindesnes,,Platebru (210),Bru
210.0,210.0,215,217,,"Ser ikke helt utløp, sannsynligvis bare drenering fra landbruk. ",Nei,0,0,0.0,Mandal ,Nei,"417 232,892","6 463 006,332",217.0,"gjengrodd,  men ok kulvert",6.0,60.0,600.0,8.0,Lav,Lav,0,0.0,"417 242,579","6 463 008,191",Ikke hinder,Nei,022-650-R,0,,,022.B1Z,325368577,53049491,,,Mandalselva - Laudal til Øyslebø bekkefelt,,,,,325368577.0,FV3936 S1D1 m2724,Vann,600.0,,,600.0,Nei,8.0,Plast,,,POINT Z (66096.249 6486070.544 226.703),Enkel bilveg,,Kristiansand,Sirkulær,I skråning/terreng,StikkKulv
424.0,424.0,429,426,,"Ikke hinder, men noe jord og sand i kulvert. Gjengrodd bekk, med lite vann. ",Nei,0,0,15.0,Grimstad ,Nei,"471 773,227","6 463 492,217",426.0,"Lite vann oppstrøms, kulvert ser ok ut. ",2.0,60.0,600.0,22.0,Lav,Lav,Grimstad ,0.0,"471 788,831","6 463 460,247",Ikke hinder,Nei,019-587-R,bru,,,019.2Z,376607319,51238742,,,Bekker ved Hestehaven - Tjore,,,,,376607319.0,EV18 S8D1 m9419,,,,,600.0,,,Spennbetong,,,,Kanalisert veg,,Grimstad,,Platebru (212),Bru
546.0,546.0,551,546,,Vandringshinder ved mindre det er mye mer vann en nå. Mulig kulvert skulle lagt lavere oppstrøms. ,Nei,2,0,0.0,Dyrstadveien (bekk fra Farestadtjernet ned til fjord),Ja,"412 478,494","6 428 557,62",546.0,Stillestående vann foran stikkrenne. Ser ikke ut som det renner vann gjennom denne. ,20.0,60.0,600.0,18.0,Lav,Lav,Mandal ,0.0,"412 464,37","6 428 570,256",Absolutt,Ja,022-801-R,0,,,022.322,1009014287,632406968,,,Mannefjorden bekkefelt,,,,,1009014287.0,FV4232 S1D1 m1494,Vann,600.0,,,600.0,Nei,17.96,Plast,,Ja,POINT Z (58266.015 6452109.983 25.624),Enkel bilveg,,Lindesnes,Sirkulær,Åpen grøft,StikkKulv
511.0,511.0,516,511,,"Ser ikke ut som hinder, men er helt tørt. ",Nei,0,0,1.0,Mandal ,Nei,"412 335,612","6 431 828,89",511.0,Ser ut som grøft oppstrøms. Men er noe vann her i forhold til nedstrøms. Vokser en del vegetasjon foran kulvert som blokkerer noe vann. ,10.0,60.0,600.0,7.0,Lav,Lav,Mandal ,0.0,"412 340,663","6 431 837,338",Ikke hinder,Nei,022-801-R,0,,,022.322,1013608491,dubl,,,Mannefjorden bekkefelt,,,,,1013608491.0,FV230 S1D1 m2119,Vann,600.0,,,600.0,,43.68,Betong,,Ja,POINT Z (58405.929 6455363.846 48.54),Enkel bilveg,,Lindesnes,Sirkulær,Åpen grøft,StikkKulv
89.0,89.0,94,98,,"Ikke hinder, så lenge rørene ikke tettes med kvist. Mye vegetasjon i bekk. ",Nei,0,0,17.0,Grimstad ,Nei,"475 359,667","6 466 299,586",98.0,"2 rør på 80cm. Begge samler kvist, men ene skal gå å vandre igjenom.",15.0,80.0,800.0,12.0,Middels,Middels,Grimstad ,0.0,"475 349,817","6 466 292,308",Ikke hinder,Nei,ikke VF,0,,,019.216Z,84643773,-928964718,,,,,,,,84643773.0,FV420 S7D1 m5186,Vann,600.0,,,600.0,Nei,12.0,Stål,,Ja,POINT Z (124390.94 6484163.355 15.116),Enkel bilveg,,Grimstad,Sirkulær,I bekk/elv,StikkKulv
409.0,409.0,414,411,,"Nederste betongelementer i kulvert er løsnet, og denne blir hinder og sannsynligvis barriere. Bør utbedres. Noe gjengrodd bekkeløp nedstrøms, men ok. ",Nei,0,0,40.0,Kroken 3602 (sidebekk fra Nidelva),Ja,"477 138,563","6 473 741,77",411.0,"Veldig tørr og gjengrodd bekk. Ingen vannføring gjennom kulvert, slik vannnivået er nå. ",5.0,60.0,600.0,20.0,Lav,Lav,Arendal ,0.0,"477 114,143","6 473 719,437",Absolutt,Ja,019-698-R,0,,,019.B1,1018106018,933462245,,,Nidelva Furre - Rygene kraftverk bekkefelt,,,,,1018106018.0,FV3602 S2D1 m5931,Vann,,,,600.0,,17.41,Plast,,,POINT Z (126821.265 6491417.574 43.419),Enkel bilveg,,Grimstad,Sirkulær,I bekk/elv,StikkKulv
573.0,573.0,579,576,,0,Nei,0,0,15.0,Hesland,Nei,"407 098,091","6 435 982,9",576.0,0,10.0,60.0,600.0,15.0,Lav,Lav,Hesland,0.0,"407 111,147","6 435 989,199",Ikke hinder,Nei,"oppstr 022-753-R
",0,,,022.A21,1018321685,215667,,,,,,,,1018321685.0,FV3996 S1D1 m2211,Vann,600.0,,,600.0,,16.0,Plast,,Ja,POINT Z (53565.398 6459998.152 109.143),Enkel bilveg,,Lindesnes,Sirkulær,I bekk/elv,StikkKulv
523.0,523.0,528,524,,"Tenker denne er hinder, lav vannføring og en del høyde opp mot innløp. ",Nei,30,0,2.0,Harkmarksveien (bekk renner ut i Dalskilen),Ja,"420 186,04","6 432 662,473",524.0,Liten brakk bekk oppstrøms. Som er noe gjengrodd. ,4.0,50.0,500.0,12.0,Lav,Middels,Mandal ,0.0,"420 172,421","6 432 667,065",Absolutt,Ja,Ikke VF,0,,,022.226,86101055,-932220630,,,,,,,,86101055.0,FV3980 S2D1 m1620,Vann,600.0,,,600.0,,8.0,Betong,,,POINT Z (66326.595 6455515.992 10.241),Enkel bilveg,,Lindesnes,Sirkulær,I bekk/elv,StikkKulv
516.0,516.0,521,518,,Ser ut som om den lange kulverten under jordet lander her. Men er litt lav vannføring så er usikker. Denne er mulig hinder.  ,Nei,0,0,20.0,Mandal ,Usikker,"422 926,736","6 434 958,803",518.0,Merkelig åpning for kulvert. Denne er mulig hinder. ,20.0,60.0,600.0,10.0,Lav,Lav,Mandal ,0.0,"422 927,096","6 434 957,439",Partiell,Usikker,022-792-R,0,,,022.226,ikke i nvdb,,nær 86099904,,Kumlefjorden bekkfelt,,,,,,,,,,,600.0,,,,,,,,,,,,
527.0,527.0,532,529,,"Usikker på denne, grunneier mener denne stikkrenne stopper fisk. Gjengrodd bekk nedstrøms. ",Nei,0,0,20.0,Harkmarksveien (bekk renner ut i Eidskilen),Ja,"419 900,889","6 434 366,516",529.0,Gjengrodd bekk. Kulvert sannsynligvis hinder. ,20.0,80.0,800.0,30.0,Middels,Middels,Mandal ,0.0,"419 935,506","6 434 378,58",Absolutt,Ja,Ikke VF,0,,,022.226,ikke i nvdb,,nær 86109259,,,,,,,,,,,,,800.0,,,,,,,,,,,,
80.0,80.0,85,90,,"Lav kulvert, men bør kunne passeres. Mye vegetasjon foran kulvert begge sider ",Nei,0,0,25.0,Hove ,Usikker,"490 946,193","6 478 621,663",90.0,"Liten kulvert, sikkert ok, men mye vegetasjon i bekkeløp ",10.0,50.0,500.0,10.0,Lav,Lav,Hove ,0.0,"490 944,56","6 478 629,839",Partiell,Usikker,ikke VF,0,,,019.11,ikke i nvdb,,,,,,,,,,,,,,,500.0,,,,,,,,,,,,
503.0,503.0,508,503,,Kulvert sannsynligvis ok. ,Nei,0,0,30.0,Mandal ,Nei,"414 677,556","6 437 207,555",503.0,Litt krunglete rundt innløp oppstrøms. Men ser grei ut innvendig. ,5.0,60.0,600.0,7.0,Lav,Lav,Mandal ,0.0,"414 674,03","6 437 205,299",Ikke hinder,Nei,022-758-R,0,,,022.3C,86109466,dubl,,,Skagestadvatnet bekkefelt,,,,,86109466.0,FV3973 S1D1 m1780,Vann,,700.0,500.0,700.0,,6.0,Naturstein,,,POINT Z (61232.146 6460543.644 32.251),Enkel bilveg,,Lindesnes,Rektangulær,,StikkKulv
411.0,411.0,416,413,,"Kulvert ser ok ut nedstrøms. Veldig lite vann, men bekkeleie indikerer bekk med noe størrelse ved normal vannføring. ",Nei,0,0,2.0,Grimstsdb,Nei,"476 946,181","6 473 835,583",413.0,"Veldig redusert bekk oppstrøms, lite vann. ",5.0,60.0,600.0,18.0,Lav,Lav,Grimstad ,0.0,"476 957,179","6 473 852,653",Ikke hinder,Nei,019-698-R,0,,,019.B1,84434124,-1675342,nær 84434124,,Nidelva Furre - Rygene kraftverk bekkefelt,,,,,84434124.0,FV3602 S2D1 m5741,,800.0,,,800.0,,10.0,Betong,,,POINT Z (126674.892 6491531.79 44.599),Enkel bilveg,,Grimstad,,,StikkKulv
472.0,472.0,477,473,,Fisk vil ikke kunne komme opp til kulvert. Men er ikke mye til bekk nedstrøms uansett. ,Nei,300,0,0.0,Løddesølveien (Hildebrandsbekken renner ned i Nordtjenna),Ja,"479 590,125","6 478 239,411",473.0,"Tør bekk oppstrøms, men ser ut som denne kan ha sesongvis grei vannføring. Kulvert er 60cm bred og 50cm høy. ",0.0,60.0,600.0,16.0,Lav,Lav,Arendal ,0.0,"479 580,874","6 478 249,581",Absolutt,Ja,019-698-R,0,,,019.B1,84586410,152286,,,Nidelva Furre - Rygene kraftverk bekkefelt,,,,,84586410.0,FV3536 S1D1 m3754,Vann,,800.0,500.0,800.0,Nei,10.0,Naturstein,,,POINT Z (129683.541 6495706.258 79.235),Enkel bilveg,,Arendal,Rektangulær,I skråning/terreng,StikkKulv
364.0,364.0,369,366,,Skal mye vann til før denne kan brukes av fisk ,Nei,0,0,0.0,Gjerstad ,Usikker,"499 493,796","6 512 126,775",366.0,"Helt tør, kulvert ikke hinder. Men må mye vann til før vandring skal kunne være mulig ",0.0,60.0,600.0,9.0,Lav,Lav,Gjerstad ,0.0,"499 487,87","6 512 117,793",Partiell,Usikker,018-118-R,0,,,018.3Z,84657752,71342,,,"Ekksjø, bekkeløp",,,,,84657752.0,FV416 S1D1 m9480,Vann,,800.0,600.0,800.0,Nei,7.54097466,Naturstein,,,POINT Z (152568.074 6527717.408 139.081),Enkel bilveg,,Vegårshei,Rektangulær,,StikkKulv
28.0,28.0,32,37,,"Ikke barriere hvis det er fisk her, men mye av kulveeten er full av sediment nedstrøms. Er veldig tør og ",Nei,0,0,2.0,Ålefjær,Nei,"440 187,503","6 458 189,038",37.0,"Vil kunne vandres gjennom ved riktig vannmengde, hvis det er fisk her ",0.0,60.0,600.0,12.0,Lav,Lav,Ålefjær,0.0,"440 166,919","6 458 182,931",Partiell,Nei,021-1485-R,drensrør,,,021.A4Z,86132736,dubl,,,Venneslafjorden bekkefelt,,,,,86132736.0,FV453 S1D1 m673,Vann,800.0,,,800.0,Ja,27.22,Betong,,Ja,POINT Z (88702.418 6479032.078 80.352),Enkel bilveg,,Vennesla,Sirkulær,I skråning/terreng,StikkKulv
82.0,82.0,87,finner ikke,,"Sliter med å finne ingang, bør graves ut, veldig mye vegetasjon",,0,0,0.0,Hove ,,"490 918,511","6 478 635,391",,,,,,,,,,,,,Ikke angitt,,ikke VF,0,,,019.11,84443757,-1688979,,,,,,,,84443757.0,FV3566 S1D1 m1998,Vann,300.0,600.0,600.0,300.0,Nei,9.0,Plast,,Nei,POINT Z (141032.038 6495076.363 1.204),Enkel bilveg,,Arendal,Rektangulær,Åpen grøft,StikkKulv
582.0,582.0,588,585,,Mye vann renner utenom kulverten,Nei,10,0,7.0,Kårstøl,Ja,"409 153,805","6 445 091,199",585.0,"Mye stein, vannet renner ikke synlig i dagen",10.0,60.0,600.0,12.0,Middels,Middels,Gasekleiva,0.0,"399 731,644","6 438 685,957",Absolutt,Ja,023-138-R,0,,,023.A1D,86201381,1757624,,,Grundelandsvatnet bekkefelt,,,,,86201381.0,FV4006 S2D1 m795,Vann,800.0,,,800.0,,7.0,Betong,,,POINT Z (56423.056 6468907.287 234.967),Enkel bilveg,,Lindesnes,Sirkulær,Kum,StikkKulv
175.0,175.0,180,183,,"Grei kulvert, fin liten bekk. ",Nei,10,0,20.0,Høvåg ,Nei,"458 503,232","6 455 083,937",183.0,"rent vann og renner fint, en del bakke",6.0,60.0,600.0,8.0,Lav,Lav,0,0.0,"458 526,451","6 455 092,077",Ikke hinder,Nei,020-5-R,0,,,020.222Z,1019521464,933320083,,,"Fjelldalselva, bekkefelt",,,,,1019521464.0,FV3660 S1D1 m2250,Vann,800.0,,,800.0,Nei,6.0,Betong,,Ja,POINT Z (106582.453 6474481.274 22.077),Enkel bilveg,Geometri oppdatert for NVDBID 84437900,Lillesand,Sirkulær,I bekk/elv,StikkKulv
152.0,152.0,158,161,,"Ikke hinder, men veldig begrenset bekk. Gjengrodd og mye sediment, og avrenning ",Nei,20,0,20.0,Kvinesdal ,Nei,"376 554,033","6 462 081,771",161.0,seig treg bekk,5.0,60.0,600.0,8.0,Lav,Lav,Kvinesdal ,0.0,"376 596,681","6 462 099,364",Ikke hinder,Nei,025-463-R,0,,,025.33,1025449539,5928075,,,Fedafjorden bekkefelt frå nord,,,,,1025449539.0,FV4164 S1D1 m268,Vann,800.0,800.0,800.0,800.0,Nei,6.96,Plast,,Ja,POINT Z (25397.893 6488786.068 1.685),Enkel bilveg,,Kvinesdal,Sirkulær,I bekk/elv,StikkKulv
452.0,452.0,457,453,,"Tør bekk, helt grei nedstøms. ",Nei,0,0,30.0,Vegårshei ,Nei,"482 277,867","6 508 589,805",453.0,"Veldig lite vann. 2 rør på 60cm, der et er delvis gravd ned. ",10.0,60.0,600.0,10.0,Lav,Lav,Vegårshei ,0.0,"482 273,904","6 508 600,12",Ikke hinder,Nei,019-408-R,0,,,019.C3,1026128456,678917,,,"Ufsvatn, bekkefelt",,,,,1026128456.0,FV3698 S1D1 m4795,Vann,800.0,,,800.0,Nei,11.45,Plast,,Ja,POINT Z (135078.38 6525742.755 294.82),Enkel bilveg,,Vegårshei,Sirkulær,Åpen grøft,StikkKulv
438.0,438.0,443,440,,"Er noe høyde mot kuvert, og noe kvist oppstrøms. Ser flere døde aurer nedstrøms. Noe gjengrodd bekkeløp ",Nei,20,0,35.0,Vegårshei ,Usikker,"492 983,079","6 519 816,775",440.0,"Steinkulvert, ender i stikkrenne nedstrøms. En del kvist i bekk og foran kulvert. Lite vann. ",0.0,60.0,600.0,14.0,Lav,Lav,Vegårshei ,0.0,"492 999,339","6 519 834,672",Partiell,Usikker,018-264-R,0,,,018.F,84465795,-941662661,,,Vegår bekkefelt,,,,,84465795.0,FV3702 S1D1 m3327,Vann,900.0,,,900.0,Nei,15.1217258,Plast,,,POINT Z (146776.543 6535982.964 192.357),Enkel bilveg,,Vegårshei,Sirkulær,I bekk/elv,StikkKulv
561.0,561.0,566,564,,"Sannsynlig kun sesongmessig bekk. Denne vil kunne være hinder, men det vil sannsynligvis aldri være fisk i denne bekken. ",Nei,0,0,0.0,Bykle ,Usikker,"414 437,143","6 570 131,584",564.0,"bratt fossete oppstrøms, kulvert grei i plast, tørr",0.0,60.0,600.0,15.0,Lav,Lav,0,0.0,"414 451,682","6 570 128,346",Partiell,Usikker,021-1274-R,0,,,021.F53Z,84710323,244528,,,Otra - Bykil til Flåren bekkfelt,,,,,84710323.0,FV450 S8D1 m6863,Vann,900.0,,,900.0,Nei,6.0,Betong,,,POINT Z (72929.338 6593246.348 542.464),Enkel bilveg,,Valle,Rektangulær,,StikkKulv
578.0,578.0,584,581,,"Hinder, men ikke barriere",Ja,1,"Rask hastighet gjennom kulpen, relativt liten",60.0,Kallåsen,Usikker,"407 541,895","6 438 664,086",581.0,0,5.0,60.0,600.0,10.0,Middels,Middels,Nødingsdale,0.0,"414 348,954","6 440 784,953",Partiell,Usikker,022-886-R,0,,,022.4B,86180129,1469806,,,Sjølingstadbekken bekkefelt,,,,,86180129.0,FV4002 S1D1 m6793,Vann,900.0,,,900.0,,20.0,Betong,,,POINT Z (54270.705 6462638.12 152.858),Enkel bilveg,,Lindesnes,Sirkulær,Kum,StikkKulv
79.0,79.0,84,89,,"Kulvert tett oppstrøms, mye vegetasjon i bekkeløp begge sider. ",Nei,0,0,0.0,Hoveveien (bekk som renner ut i sandumkilen),Ja,"490 995,292","6 478 325,374",89.0,Mye vegetasjon og søppel som blokkerer bekkeløp.,0.0,60.0,600.0,15.0,Lav,Lav,Hove,0.0,"491 008,001","6 478 373,922",Absolutt,Ja,ikke VF,0,,,019.11,84429409,-1750720,,,,,,,,84429409.0,FV3580 S1D1 m389,Vann,600.0,,,600.0,Nei,22.0,Plast,,Ja,POINT Z (141086.78 6494767.645 8.374),Enkel bilveg,,Arendal,Sirkulær,I bekk/elv,StikkKulv
207.0,207.0,212,214,,"Veldig lav vannføring. Ikke nødvendigvis vandringshinder, hvis det kommer fisk hit ",Nei,5,0,0.0,Mandal ,Nei,"417 920,766","6 460 512,869",214.0,"i stein hele veien, stillestående, gjengrodd rundt, men eller ok",15.0,60.0,600.0,15.0,Lav,Lav,0,0.0,"417 904,088","6 460 528,901",Ikke hinder,Nei,022-650-R,0,,,022.B1Z,815353486,730924077,,,Mandalselva - Laudal til Øyslebø bekkefelt,,,,,815353486.0,FV461 S2D1 m8238,Vann,1000.0,,,1000.0,,,Naturstein,,,POINT Z (66546.277 6483532.288 219.814),Enkel bilveg,,Kristiansand,Sirkulær,I bekk/elv,StikkKulv
351.0,351.0,356,352,,Ser grei ut nedstrøms. Trolig greit bekkeløp. Usikker på hvor denne ender ,Nei,0,0,20.0,Risør ,Usikker,"504 833,046","6 513 511,857",352.0,"Ser ikke tydelig kulvert, men ser antydning til bekk.",0.0,60.0,600.0,10.0,Lav,Lav,Risør ,0.0,"504 864,118","6 513 524,503",Partiell,Usikker,018-249-R,0,,,018.21,84709006,-730644480,,,Bekk fra Dukane,,,,,84709006.0,FV351 S1D1 m439,Vann,1200.0,,,1200.0,Nei,13.0,Stål,,,POINT Z (158048.504 6528630.715 8.144),Enkel bilveg,,Risør,Sirkulær,Kum,StikkKulv
128.0,128.0,133,136,,Sannsynligvis grei for vandring. Men er veldig tør nå. Mulig noe underdimensjoner kulvert. Sikkert ok for brunaure. ,Nei,0,0,0.0,Søm ,Nei,"447 008,97","6 445 934,747",136.0,"gjengrodd, men fin bekk og steinkulvert",10.0,60.0,600.0,12.0,Lav,Lav,Sukkevann,0.0,"447 006,476","6 446 011,543",Ikke hinder,Nei,020-324-R,0,,,020.424Z,1027480821,942771815,,,Sukkevatnet bekkefelt,,,,,1027480821.0,FV401 S2D1 m4800,Vann,1200.0,,,1200.0,Ja,24.73,Betong,,Ja,POINT Z (94294.708 6466386.378 11.482),Enkel bilveg,,Kristiansand,Sirkulær,I skråning/terreng,StikkKulv
471.0,471.0,476,472,,Usikker på om fisk noen gang vil kunne bruke denne bekken. Kulvert blokkert av kvist nedstrøms. Bekk gjengrodd ,Nei,0,0,0.0,Løddesølveien (Hildebrandsbekken renner ned i Nordtjenna),Ja,"479 652,261","6 478 246,952",472.0,"Helt tør bekk, gammel steinkulvert. Ser litt blokkert ut innvendig ",0.0,60.0,600.0,20.0,Lav,Lav,Arendal ,0.0,"479 654,59","6 478 258,62",Absolutt,Ja,019-698-R,0,,,019.B1,84586411,-942894410,,,Nidelva Furre - Rygene kraftverk bekkefelt,,,,,84586411.0,FV3536 S1D1 m3682,Vann,,1400.0,600.0,1400.0,Nei,12.0,Naturstein,,,POINT Z (129754.926 6495707.218 81.221),Enkel bilveg,,Arendal,Rektangulær,I skråning/terreng,StikkKulv
325.0,325.0,330,326,,"Sannsynligvis fin, men veldig gjengrodd nedstrøms. ",Nei,0,0,10.0,Froland ,Nei,"480 732,888","6 482 464,906",326.0,"fin, så en 10cm fisk",20.0,60.0,600.0,12.0,Lav,Lav,0,0.0,"480 714,292","6 482 473,221",Ikke hinder,Nei,019-1-R,0,,,019.A1Z,84796386,209975,,,"Assævannet, bekkefelt",,,,,84796386.0,FV42 S1D1 m4248,Vann,,3000.0,1000.0,3000.0,,12.0,Betong,,,POINT Z (131194.425 6499801.486 57.807),Enkel bilveg,,Froland,Sirkulær,,StikkKulv
161.0,161.0,166,169,,"2 plast stikkrenner etter hverandre, mulig disse kan gjennomvandres. Veldig gjengrodd og begrenset bekk",Nei,0,0,2.0,Høvåg ,Usikker,"456 401,681","6 448 995,02",169.0,"gjengrodd og grumsete, pvc rør",10.0,30.0,300.0,6.0,Lav,Lav,0,0.0,"456 401,029","6 448 995,324",Partiell,Usikker,ikke VF,0,,,020.41,84439357,-357029,,,,,,,,84439357.0,FV3654 S1D1 m1260,Vann,350.0,,,350.0,Nei,5.0,Plast,,Nei,POINT Z (103941.884 6468587.715 20.254),Enkel bilveg,,Lillesand,Sirkulær,Åpen grøft,StikkKulv
293.0,293.0,298,296,,"Liten betongkulvert, underdimensjoner. Ser ut som denne er full av jord og slam. Ikke noe vann i bekk nedstrøms. Ikke bra, avhengig av hvor mye vann der kan gå her ",Nei,0,0,0.0,Rugslandsveien (sidebekk Tovdalsåna),Ja,"451 488,177","6 460 476,857",296.0,"fin oppstrøms, mye bra fine stein",5.0,70.0,700.0,80.0,Lav,Lav,0,0.0,"451 472,945","6 460 545,445",Absolutt,Ja,020-183-R,0,,,020.A5,84466847,27490,,,Topdalselva,,,,,84466847.0,FV3748 S2D1 m768,Vann,300.0,,,300.0,,18.0,Betong,,,POINT Z (100051.148 6480483.587 19.784),Enkel bilveg,,Birkenes,Sirkulær,Kum,StikkKulv
159.0,159.0,164,167,,"Fin kulvert, bra substrat i bekk. Når det er så tørt som nå så vil noe saltvann flytte gjennom kulvert. Men ok. ",Nei,0,0,20.0,Høvåg ,Nei,"454 170,157","6 443 330,675",167.0,saltvann kommer gjennom kulvert,15.0,70.0,700.0,15.0,Lav,Lav,0,0.0,"454 170,768","6 443 347,454",Ikke hinder,Nei,ikke VF,0,,,020.421,84431962,-34885,,,,,,,,84431962.0,FV3644 S1D1 m689,Vann,1000.0,,,1000.0,Nei,8.0,Betong,,Ja,POINT Z (101204.892 6463144.795 1.942),Enkel bilveg,,Lillesand,Sirkulær,I bekk/elv,StikkKulv
56.0,56.0,61,66,,"Litt høyde mot kulvert, men er kulvert i stein og fin Inngang til kulvert. Ikke vandringshinder nedstrøms.",Nei,30,0,5.0,Mandal 7 ,Nei,"411 495,569","6 435 623,438",66.0,"Helt tør oppstrøms, mye kvist som delvis stopper bekken lengre oppe, noe hinder men fisk vil kunne passere ok for ål. ",0.0,70.0,700.0,8.0,Lav,Lav,Mandal 7 ,0.0,"411 489,897","6 435 626,68",Ikke hinder,Nei,022-814-R,lang avstan mellom bekk og kulvert,,,022.A6,86189174,1757212,,,Mandalselva - Øyslebø til Mandal,,,,,86189174.0,FV4226 S1D1 m3392,Vann,,500.0,600.0,500.0,,7.0,Naturstein,,,POINT Z (57911.622 6459241.284 2.019),Enkel bilveg,,Lindesnes,Rektangulær,Kum,StikkKulv
574.0,574.0,580,577,,0,Ja,0,30 cm vannstand,30.0,Holtekryss,Nei,"406 891,798","6 436 554,764",577.0,0,20.0,70.0,700.0,7.0,Middels,Middels,Holte Kryss,0.0,"406 894,693","6 436 537,996",Ikke hinder,Nei,022-885-R,0,,,022.4A,86191048,1874,,,Elv fra Skadbergvatnet,,,,,86191048.0,FV3996 S1D1 m3035,Vann,500.0,,,500.0,,6.0,Betong,,,POINT Z (53408.329 6460574.087 52.268),Enkel bilveg,,Lindesnes,Sirkulær,Kum,StikkKulv
167.0,167.0,172,175,,"Leder ikke til noe serlig bekk, mest myr ",Nei,0,0,25.0,Kjøbmannsvigveien (bekk til Lusekilen),Ja,"457 791,195","6 450 177,478",175.0,bensinsøl og tett,40.0,60.0,600.0,8.0,Lav,Lav,0,0.0,"457 803,534","6 450 148,487",Absolutt,Ja,ikke VF,0,,,020.32,84439222,-1751826,,,,,,,,84439222.0,FV3656 S1D1 m1758,Vann,400.0,,,400.0,Nei,6.0,Plast,,Nei,POINT Z (105424.465 6469630.259 23.509),Enkel bilveg,,Lillesand,Sirkulær,I skråning/terreng,StikkKulv
162.0,162.0,167,170,,"Bekk ok nedstrøms, men ser svært begrenset ut oppstrøms. Bekk burde utbedres med tanke på jordbruk og kulverter under jorder. ",Nei,0,0,25.0,Høvågveien (Øreslandsbekken),Ja,"455 323,201","6 448 859,385",170.0,stopper brått og  stillestående vann,8.0,70.0,700.0,10.0,Lav,Lav,0,0.0,"455 337,134","6 448 868,426",Absolutt,Ja,020-397-R,0,,,020.41,84439577,dubl,,,Isefjærfjorden bekkefelt,,,,,84439577.0,FV401 S1D1 m3699,,,600.0,800.0,600.0,,12.0,Naturstein,,,POINT Z (102854.812 6468541.635 1.224),Enkel bilveg,,Lillesand,,,StikkKulv
148.0,148.0,154,157,,"Veldig tør og gjenngrodd bekk, kulvert fin ",Nei,0,0,0.0,Kvinesdal ,Nei,"377 856,407","6 462 860,633",157.0,"tørr, og med søppel",0.0,110.0,1100.0,10.0,Lav,Lav,Kvinesdal ,0.0,"377 818,92","6 462 888,955",Ikke hinder,Nei,Ikke VF,0,,,025.A0,1025912254,941472677,,,,,,,,1025912254.0,FV465 S4D1 m5372,Vann,,1600.0,1000.0,1600.0,Nei,10.22,Betong,,Nei,POINT Z (26747.915 6489461.127 3.946),Enkel bilveg,,Kvinesdal,Rektangulær,Åpen grøft,StikkKulv
37.0,37.0,42,48,,"Ikke barriere, fin å vandre gjennom. Gode forhold nedstrømstrøms.  ",Nei,15,0,5.0,Søgne vgs ,Nei,"432 386,338","6 439 169,17",48.0,"Lav vannføring nå, sannsynligvis ok vanligvis. Greit bunnsubstrat. ",5.0,70.0,700.0,7.0,Lav,Lav,Søgne vgs ,0.0,"432 393,987","6 439 173,242",Ikke hinder,Nei,022-705-R,Mulig kulvert for langt fra bekken. Mangler kulvert?,,,022.1A12,86110903,-939801351,,,Søgneelva - Brennåsen til utløp,,,,,86110903.0,FV3958 S1D1 m796,Vann,,600.0,1400.0,600.0,,6.0,Naturstein,,,POINT Z (79095.383 6460939.862 3.952),Enkel bilveg,,Kristiansand,Rektangulær,I bekk/elv,StikkKulv
205.0,205.0,210,212,,"Veldig lav vannføring, og stillestående vann, med mye slam. Ikke bra fiskehabitat nedstrøms. Lav gjennomføring av vann ",Nei,0,0,20.0,Mandal ,Usikker,"416 589,355","6 459 918,399",212.0,"ekkelt vann, stillestående,  ok bekk og kulvert",20.0,70.0,700.0,20.0,Lav,Lav,0,0.0,"416 571,255","6 459 933,522",Partiell,Usikker,022-650-R,0,,,022.B1Z,815353473,729242570,,,Mandalselva - Laudal til Øyslebø bekkefelt,,,,,815353473.0,FV461 S2D1 m9719,Vann,600.0,,,600.0,,,Betong,,,POINT Z (65164.817 6483053.148 210.687),Enkel bilveg,,Kristiansand,Sirkulær,I bekk/elv,StikkKulv
105.0,105.0,110,113,,Grei bekk nedstrøms. Høyt fra vannflate opp mot kulvert. Vandringshinder etter kulvert oppstrøms.,Ja,110,Grunn kulp støpt i betong på siden.,20.0,Risørveien (sidebekk Sørfjorden),Ja,"511 122,468","6 508 314,21",113.0,stein trapp ,5.0,70.0,700.0,15.0,Lav,Lav,Risør,0.0,"511 128,018","6 508 290,896",Absolutt,Ja,"ikke VF, ved 018-182-R",0,,,018.23,762039285,-53314188,,,,,,,,762039285.0,FV416 S2D1 m9800,Vann,,,,700.0,Nei,,Betong,,,POINT Z (163831.127 6522867.453 16.147),Enkel bilveg,,Risør,Sirkulær,I bekk/elv,StikkKulv
157.0,157.0,162,165,,"Noe hinder for ål muligens, og kunne vært dannet noe kulp nedstrøms. Men anadrom fisk bør kunne gjennomvandring med høy vannføring. ",Nei,25,0,10.0,Høvåg ,Usikker,"455 422,316","6 444 278,583",165.0,litt gjwngordd men greit med vann  ref speilbilde i vann haha,15.0,70.0,700.0,80.0,Lav,Lav,0,0.0,"455 388,31","6 444 235,961",Partiell,Usikker,020-280-R,0,,,020.32,84431902,-677607383,,,"Bliksfjorden - Røynevardsfjorden, bekkefelt",,,,,84431902.0,FV3644 S1D1 m2747,Vann,800.0,,,800.0,Nei,25.0,Betong,,Ja,POINT Z (102504.714 6463941.558 3.029),Enkel bilveg,,Lillesand,Sirkulær,I bekk/elv,StikkKulv
485.0,485.0,490,485,,"Så noe som vaket, enten frosk eller fisk. Er 2 kulverter, der kun den ene er i bruk. Kulvert mulig hinder siden den er lang og kan være tett. Landbrukspreget bekk ",Nei,0,0,30.0,Arendal ,Usikker,"477 964,353","6 478 670,975",485.0,Ytterste betongelement er løsnet og ser ut som om det begynner å rase stein nedi. Vil kunne tettes. Stillestående vann oppstrøms. Og en del vegetasjon rundt bekk. ,40.0,70.0,700.0,22.0,Lav,Lav,Arendal ,0.0,"477 953,083","6 478 691,155",Partiell,Usikker,019-698-R,0,,,019.B1,84685154,253252,,,Nidelva Furre - Rygene kraftverk bekkefelt,,,,,84685154.0,FV408 S1D1 m5326,Vann,800.0,,,800.0,,15.0,Betong,,,POINT Z (128094.443 6496272.806 45.263),Enkel bilveg,,Arendal,Sirkulær,,StikkKulv
495.0,495.0,500,495,,"Ligger en stor stein foran utløp, som også samler kvist. Denne er hinder ",Nei,0,0,20.0,Brunvatneveien (sidebekk Trybekken),Ja,"419 601,06","6 442 183,206",495.0,Litt bratt bekk oppstrøms. Kulvert ikke hinder ,10.0,70.0,700.0,10.0,Lav,Middels,Mandal ,0.0,"419 592,321","6 442 185,724",Absolutt,Ja,022-726-R,0,,,022.22Z,86114086,1428932,,,Trysfjorden bekkefelt,,,,,86114086.0,FV3978 S1D1 m2150,Vann,800.0,1000.0,,800.0,,8.0,Naturstein,,,POINT Z (66591.796 6465067.276 58.059),Enkel bilveg,,Kristiansand,Rektangulær,I bekk/elv,StikkKulv
603.0,806.0,,600,,,,,,,,,,,600.0,0,50.0,70.0,700.0,6.0,Middels,Lav,Øvre Laudal,0.0,"408 916,903","6 459 659,662",Ikke angitt,0,022-650-R,0,,,022.B1Z,86331467,217381,,,Mandalselva - Laudal til Øyslebø bekkefelt,,,,,86331467.0,FV461 S3D1 m5245,Vann,800.0,,,800.0,,13.0,Betong,,,POINT Z (57497.637 6483460.999 203.347),Enkel bilveg,,Lindesnes,Sirkulær,Kum,StikkKulv
149.0,149.0,155,158,,"Slammete og sannsynligvis noe tett kulvert. Lite betongrør under bru. Veldig stillestående og slammete vann, ikke bra habitat nedstrøms ",Nei,0,0,30.0,Kvinesdal ,Ja,"377 492,933","6 462 539,762",158.0,"gjengrodd og ekkelt vann med mye mudder, beongkulvert inni kulvert",20.0,150.0,1500.0,10.0,Lav,Lav,Kvinesdal ,0.0,"377 478,335","6 462 571,499",Absolutt,Ja,Ikke VF,bru,,,025.A0,376592456,290260989,,,,,,,,376592456.0,FV465 S4D1 m4893-4894,,,,,1500.0,,,Betong,,,,Enkel bilveg,,Kvinesdal,,Platebru (210),Bru
108.0,108.0,113,116,,"Denne er sannsynligvis helt ok. Litt stigning opp mot kulvert, men bør gå bra, hvis der e fisk her ",Nei,40,0,20.0,Risør ,Nei,"508 809,89","6 508 300,927",116.0,fin gammel kulvert i stein 4kanta,7.0,70.0,700.0,25.0,Lav,Lav,Risør,0.0,"508 797,134","6 508 277,286",Ikke hinder,Nei,018-184-R,0,,,018.23,84656137,-291936319,,,"Sørfjorden-vestre, bekkefelt",,,,,84656137.0,FV416 S2D1 m7413,Vann,1000.0,,,1000.0,Nei,27.0,Betong,,,POINT Z (161519.389 6523061.213 29.46),Enkel bilveg,,Risør,Sirkulær,,StikkKulv
69.0,69.0,74,79,,"Sannsynligvis vandringshinder lengre opp, fin bekk ned mot sjøen. ",Nei,0,0,10.0,Kystveien ,Usikker,"489 122,572","6 481 331,824",79.0,"Sannsynligvis ubetydelig for fisk, går nytt før oppstrøms under meny osv. ",10.0,200.0,,15.0,Lav,Lav,Kystveien ,0.0,"489 149,849","6 481 336,163",Partiell,Usikker,ikke VF,0,,,019.1210,84684124,27987,,,,,,,,84684124.0,KV55264 S1D1 m51,Vann,1200.0,,,1200.0,Nei,6.0,Betong,,Ja,POINT Z (139494.682 6497925.035 4.172),Enkel bilveg,,Arendal,Sirkulær,I bekk/elv,StikkKulv
54.0,54.0,59,64,,"Fint habitat nedstrøms, ikke vandringshinder. ",Nei,0,0,15.0,Mandal Daleveien Årekjerrsbekken,Nei,"411 075,744","6 434 782,025",64.0,"Ikke vandringshinder, fin kulvert. Ikke rør. Ser fisk oppstrøms ",20.0,70.0,700.0,9.0,Middels,Lav,Mandal 5 ,0.0,"411 068,432","6 434 782,883",Ikke hinder,Nei,022-815-R,0,,,022.A3Z,1021363380,dubl,,,Mandalselva - Øyslebø til Mandal bekkefelt,,,,,1021363380.0,FV4226 S1D1 m2406,Vann,1200.0,,,1200.0,,7.7,Betong,,Ja,POINT Z (57423.737 6458444.08 1.723),Enkel bilveg,,Lindesnes,Sirkulær,I bekk/elv,StikkKulv
155.0,155.0,160,164,,"Fin kulvert, bekk kunne hatt noe gytegrus",Nei,0,0,2.0,Høvåg ,Nei,"455 024,872","6 444 555,492",164.0,tørr men fin og naturlig ish ,3.0,75.0,750.0,3.0,Lav,Lav,0,0.0,"454 999,362","6 444 575,741",Ikke hinder,Nei,020-280-R,0,,,020.32,84431890,dubl,,,"Bliksfjorden - Røynevardsfjorden, bekkefelt",,,,,84431890.0,FV3644 S1D1 m3275,Vann,,700.0,900.0,700.0,Nei,2.0,Naturstein,,Ja,POINT Z (102162.465 6464278.258 1.967),Enkel bilveg,,Lillesand,Rektangulær,I bekk/elv,StikkKulv
308.0,308.0,313,310,,Kommer nytt rør med 20-40 stigning inne i kulvert. Usikker på om dette er fiskehabitat uansett. Dette er mulig hinder ,Nei,0,0,15.0,Birkenes ,Usikker,"457 267,204","6 467 129,193",310.0,fin,5.0,80.0,800.0,40.0,Lav,Lav,0,0.0,"457 304,458","6 467 124,062",Absolutt,Usikker,020-356-R,0,,,020.B2Z,84451092,dubl,,,Tovdalselva Herefossfjorden - Flakksvatn bekkefelt,,,,,84451092.0,FV3744 S1D1 m2283,Vann,300.0,,,300.0,,,Plast,,,POINT Z (106417.425 6486601.276 158.935),Enkel bilveg,,Birkenes,,,StikkKulv
608.0,818.0,,516,,,,,,,,,,,516.0,"Grei bekk oppstrøms. Kan ikke se gjennom kulvert, og er litt usikker på lengde på denne. Ser ikke ut som hinder oppstrøms. ",15.0,80.0,800.0,50.0,Middels,Høy,Mandal ,0.0,"422 928,532","6 435 137,609",Partiell,0,022-792-R,0,,,022.226,86109076,dubl,,,Kumlefjorden bekkfelt,,,,,86109076.0,FV3972 S2D1 m3849,Vann,300.0,,,300.0,,6.0,Betong,,,POINT Z (69267.06 6457645.584 6.684),Enkel bilveg,,Kristiansand,Sirkulær,,StikkKulv
228.0,228.0,233,234,,"Veldig mye slam og sediment i bekk, ingen vannføring. Mulig noe fisk kan passere ved veldig gode forhold, ellers hinder. ",Nei,30,0,15.0,Lagveien (bekk renner ned til Svinebutjern),Ja,"505 281,395","6 501 154,358",234.0,"meget tørr, rør litt hevet over terreng",0.0,60.0,600.0,17.0,Lav,Lav,0,0.0,"505 318,145","6 501 184,876",Absolutt,Ja,Ikke VF,0,,,018.5Z,1014363602,928254526,,,,,,,,1014363602.0,FV411 S2D1 m4841,"Voll, vanngjennomløp",600.0,,,600.0,,21.46,Plast,,,POINT Z (157367.795 6516281.619 40.697),Enkel bilveg,,Tvedestrand,Sirkulær,I skråning/terreng,StikkKulv
269.0,269.0,274,273,,Noe usikker på vandring på grunn av lengde og vannføring. Men bør gå fint ,Nei,0,0,10.0,Søgne ,Usikker,"425 628,234","6 437 885,983",273.0,"gjengrodd og stillestående, masse slirekne og gyvel, eller ok, kulvert noe langt nede under vann",40.0,80.0,800.0,100.0,Middels,Lav,0,0.0,"425 542,741","6 437 919,428",Partiell,Usikker,022-723-R,0,,,022.221,86108869,-928254733,,,Hundsøyfjorden bekkefelt,,,,,86108869.0,FV3972 S3D1 m4378,Vann,400.0,,,400.0,,10.0,Betong,,,POINT Z (72238.826 6460252.01 20.27),Enkel bilveg,,Kristiansand,Sirkulær,I bekk/elv,StikkKulv
514.0,514.0,519,515,,"Grei bekk nedstrøms. Denne vil nok ikke være hinder for anadrom fisk. Men kan være problematisk for ål, siden kulvert stikker litt ut over vannflate. ",Nei,30,0,50.0,Åloveien (bekk renner fra Ålotjønna ned til fjord),Ja,"422 998,207","6 435 347,566",515.0,Grei vannføring. Kulvert ser ikke ut som hinder oppstrøms. ,30.0,80.0,800.0,30.0,Middels,Middels,Mandal ,0.0,"423 001,14","6 435 357,403",Absolutt,Ja,022-792-R,0,,,022.226,86109058,189,,,Kumlefjorden bekkfelt,,,,,86109058.0,FV3972 S2D1 m4181,Vann,400.0,,,400.0,,7.0,Betong,,,POINT Z (69376.626 6457958.472 13.211),Enkel bilveg,,Kristiansand,Sirkulær,,StikkKulv
599.0,599.0,605,603,,Umulig å komme trygt ned til,,0,0,0.0,0,Usikker,"405 720,997","6 445 431,638",603.0,0,15.0,80.0,800.0,15.0,Middels,Lav,Merslandsveien,0.0,"405 721,5","6 445 408,949",Partiell,Usikker,023-168-R,0,,,023.A121Z,86187741,78683,,,Audna - Spilling til Melhusfossen bekkefelt,,,,,86187741.0,FV4008 S2D1 m6160,Vann,400.0,,,400.0,,8.0,Plast,,,POINT Z (53039.076 6469536.7 206.766),Enkel bilveg,,Lindesnes,Sirkulær,Kum,StikkKulv
252.0,252.0,257,257,,"Grei kulvert, fint habitat og mye fisk nedstrøms. Ikke hinder ",Nei,0,0,20.0,Kristiansand ,Nei,"426 126,823","6 444 878,741",257.0,"så en 7cm fisk, fin kulvert I plast, 2 rør",10.0,80.0,800.0,10.0,Lav,Lav,0,0.0,"426 122,83","6 444 870,258",Ikke hinder,Nei,022-696-R,0,,,022.2B0,86106677,-81064,nær 86106677,,Trondstadvatnet bekkefelt,,,,,86106677.0,FV3976 S1D1 m6178,Vann,500.0,,,500.0,,10.0,Plast,,,POINT Z (73372.63 6467184.087 79.574),Enkel bilveg,,Kristiansand,Sirkulær,I bekk/elv,StikkKulv
62.0,62.0,67,72,,Mulig denne vil kunne vandres med høyere vannføring. Sannsynligvis delvis hinder ,Nei,0,0,0.0,Mandal 13,Usikker,"412 273,833","6 438 998,286",72.0,tørr og overgrodd,0.0,80.0,800.0,10.0,Lav,Lav,Mandal,0.0,"412 253,811","6 439 006,068",Partiell,Usikker,022-814-R,0,,,022.A6,86189033,82356,,,Mandalselva - Øyslebø til Mandal,,,,,86189033.0,FV4226 S1D1 m7124,Vann,500.0,,,500.0,,11.0,Plast,,,POINT Z (58993.073 6462550.523 4.938),Enkel bilveg,,Lindesnes,Sirkulær,Kum,StikkKulv
294.0,294.0,299,297,,"Veldig slammete bekkeløp, med stillestående vann. Noe bratt på oppsiden Av kulvert. Plus at rør er litt lite, gjør at denne kategoriseres som mulig hinder",Nei,0,0,40.0,Birkenes ,Usikker,"451 302,012","6 460 958,97",297.0,"en del kvist og ekkelt stillestående vann, gammelt betongrør",10.0,80.0,800.0,17.0,Lav,Lav,0,0.0,"451 285,592","6 460 983,778",Partiell,Usikker,020-183-R,0,,,020.A5,84466869,-1722164,,,Topdalselva,,,,,84466869.0,FV3748 S2D1 m1346,Vann,600.0,,,600.0,,32.0,Betong,,,POINT Z (99905.804 6481004.707 21.808),Enkel bilveg,,Birkenes,Sirkulær,Kum,StikkKulv
181.0,181.0,186,189,,"Ikke hinder, leder ut på jorde ",Nei,0,0,0.0,Lillesand ,Nei,"461 516,018","6 454 783,603",189.0,"strømgjerde med sau ved kulvert, god vegetasjon rundt men ser grumsete og slimete ut",20.0,70.0,700.0,25.0,Lav,Lav,0,0.0,"461 492,71","6 454 779,473",Ikke hinder,Nei,ikke VF,0,,,020.2210,84437735,-29134,,,,,,,,84437735.0,FV3664 S1D1 m778,,500.0,,,500.0,,45.0,Betong,,,POINT Z (109542.924 6473912.202 13.168),Enkel bilveg,,Lillesand,,,StikkKulv
117.0,117.0,122,125,,"Ikke egnet for vandring, lite plastrør. Ikke velegnet for vandring. Dårli habitat oppstrøms. ",Nei,20,0,0.0,Lyngør ,Usikker,"509 364,355","6 505 666,444",125.0,tørr og en del fjell,0.0,80.0,800.0,15.0,,0,sørlandet feriesenter,0.0,"509 363,935","6 505 635,873",Partiell,Usikker,Ikke VF,0,,,018.4,268828879,184391144,,,,,,,,268828879.0,FV3438 S1D1 m5729,Vann,300.0,,,300.0,Nei,,Plast,,,POINT Z (161838.99 6520392.432 24.477),Enkel bilveg,,Risør,Sirkulær,Åpen grøft,StikkKulv
284.0,284.0,289,287,,"Kulvert ikke hinder, men er ikke noe serlig bekk nedstrøms, veldig mye vegetasjon",Nei,0,0,0.0,Arendal ,Usikker,"497 157,802","6 490 190,716",287.0,"Gammel steinkulvert, ikke hinder. Men bekk helt tør ",0.0,80.0,800.0,10.0,Lav,Lav,Arendal ,0.0,"497 191,615","6 490 204,259",Partiell,Usikker,018-172-R,0,,,018.712,84679381,-184149498,,,"Flostadøysund, bekkefelt",,,,,84679381.0,FV410 S3D1 m10035,Vann,600.0,,,600.0,Nei,11.0,Betong,,,POINT Z (148290.391 6506052.097 28.308),Enkel bilveg,,Arendal,Sirkulær,,StikkKulv
242.0,242.0,247,248,,"Selve kulvert ikke hinder, men bekk nedstrøms ser begrenset ut. Ser dog noen rumpetroll. Usikker på vandring opp fra elv hit ",Nei,0,0,15.0,Mandal ,Nei,"418 635,2","6 447 808,108",248.0,gjengrodd men greit rør,5.0,80.0,800.0,12.0,Lav,Lav,0,0.0,"418 640,608","6 447 823,962",Ikke hinder,Nei,022-872-R,0,,,022.AA1B,86105539,1426158,,,Eidsåna,,,,,86105539.0,FV3976 S2D1 m7174,Vann,600.0,,,600.0,,10.0,Stål,,,POINT Z (66132.384 6470780.445 146.918),Enkel bilveg,,Lindesnes,Sirkulær,I bekk/elv,StikkKulv
518.0,518.0,523,519,,Usikker på om der kommer fisk til denne kulverten. Men den er ikke hinder. ,Nei,0,0,40.0,Mandal ,Nei,"421 135,328","6 435 190,684",519.0,Usikker på om bekken ut fra kulvert går opp til kjenn. Eller om dette bare en en bekk som er dannet på grunn av regn. ,60.0,80.0,800.0,12.0,Lav,Middels,Mandal ,0.0,"421 133,55","6 435 203,542",Ikke hinder,Nei,022-792-R,0,,,022.226,86109139,3600,,,Kumlefjorden bekkfelt,,,,,86109139.0,FV3972 S2D1 m1812,Vann,600.0,,,600.0,,12.0,Plast,,,POINT Z (67483.134 6457969.1 15.115),Enkel bilveg,,Kristiansand,Sirkulær,,StikkKulv
601.0,601.0,607,605,,Dobbelt med rør,Nei,0,0,18.0,Kvernsbekken,Nei,"401 046,062","6 440 287,77",605.0,To stk kuverter,30.0,80.0,800.0,15.0,Middels,Middels,Kvernbekken,0.0,"401 059,762","6 440 290,599",Ikke hinder,Nei,023-137-R,0,,,023.A21,297498622,211389483,,,Audna - Melhusfossen til Kittelsbekken bekkefelt,,,,,297498622.0,FV460 S2D1 m1306,Vann,600.0,,,600.0,,10.63,Plast,,,POINT Z (47906.989 6464833.624 4.49),Enkel bilveg,,Lindesnes,Sirkulær,I bekk/elv,StikkKulv
428.0,428.0,433,430,,"Ikke hinder, kulvert ser ok ut. Greit med vann. ",Nei,0,0,80.0,Grimstad ,Nei,"470 363,338","6 459 459,789",430.0,Lav vannhastighet. Noe kvist foran kulvert ellers ok. Grei bekk oppstrøms. ,20.0,80.0,800.0,10.0,Lav,Lav,Grimstad ,0.0,"470 365,716","6 459 447,011",Ikke hinder,Nei,019-578-R,0,,,019.220,766073580,468574958,,,"Bufjorden, bekkefelt",,,,,766073580.0,FV3608 S1D1 m2436,Vann,600.0,,,600.0,Nei,9.53,Betong,,Ja,POINT Z (118801.625 6477779.53 1.547),Enkel bilveg,,Grimstad,Sirkulær,I bekk/elv,StikkKulv
119.0,119.0,124,127,,Ikke fiskehabitat oppstrøms. Igjengrodd nedstrøms,Nei,0,0,10.0,Lyngør ,Usikker,"511 681,686","6 505 308,153",127.0,"Igjengrodd bekk, kulvert ikke nødvendigvis hinder. ",5.0,80.0,800.0,10.0,Lav,Lav,0,0.0,"511 672,356","6 505 295,856",Partiell,Usikker,Ikke VF,0,,,018.4,84585498,-681488082,,,,,,,,84585498.0,FV3438 S1D1 m8269,Vann,800.0,,,800.0,Nei,15.0,Plast,,,POINT Z (164116.101 6519819.469 14.363),Enkel bilveg,,Risør,Sirkulær,Kum,StikkKulv
318.0,318.0,323,319,,"Grei kulvert nedstrøms, og fint bekkeløp. Bekk er helt tør. Stålkulvert, som er noe ødelagt innvendig oppstrøms. Se bilder på punkt oppstrøms. ",Nei,0,0,0.0,Arendal ,Usikker,"485 240,14","6 483 036,959",319.0,"Helt tør bekk, men fint bekkeløp. Vannrør i plast inni kulvert, denne vil kunne samle noe kvist. Selve kulverten er rustet og denne vil lekke mye vann oppstrøms. Bør utbedres. ",0.0,80.0,800.0,12.0,Lav,Lav,Arendal ,0.0,"485 228,052","6 483 030,374",Partiell,Usikker,019-497-R,0,,,019.12Z,84434435,-151063,,,"Longumvatnet, bekkefelt",,,,,84434435.0,FV3508 S1D1 m853,Vann,800.0,700.0,1000.0,800.0,Nei,6.0,Stål,,Ja,POINT Z (135743.157 6499977.058 37.081),Enkel bilveg,,Arendal,Sirkulær,I bekk/elv,StikkKulv
334.0,334.0,339,335,,"Er noe høyde opp mot kulvert, men ikke så høyt at denne ikke burde kunne vandres ved litt høyere vannføring. Fint habitat nedstrøms. 2 betongkulverter på rundt 80cm invendig ",Nei,30,0,10.0,Gjerstad ,Usikker,"507 604,348","6 524 180,356",335.0,"Tørre oppstrøms, ikke hinder. Samlet seg noe grein foran ingang, men disse ble fjernet. Disse ser greie ut oppstrøms. ",0.0,80.0,800.0,22.0,Lav,Lav,Gjerstad ,0.0,"507 604,295","6 524 206,331",Partiell,Usikker,018-76-R,0,,,018.2D,84453714,19279,,,"Gjerstadvatnet, bekkefelt",,,,,84453714.0,FV3688 S1D1 m3819,Vann,800.0,,,800.0,Nei,20.0,Betong,,,POINT Z (161751.064 6539038.228 144.383),Enkel bilveg,,Gjerstad,Sirkulær,I bekk/elv,StikkKulv
85.0,85.0,90,94,,"Finner ikke utløp, veldig mye vegetasjon, gravd ned? ",Nei,0,0,0.0,Skoleveien (bekk fra Stemmetjønn til fjord),Ja,"492 390,218","6 484 456,07",94.0,"Kulvert ok, bekk igjengrodd. ",10.0,80.0,800.0,10.0,Lav,Lav,Eydehavn,0.0,"492 377,976","6 484 473,717",Absolutt,Ja,018-172-R,0,,,018.712,84464853,11139,,,"Flostadøysund, bekkefelt",,,,,84464853.0,KV13438 S1D1 m138,Vann,800.0,,,800.0,Nei,20.0,Betong,,,POINT Z (143001.157 6500760.242 5.47),Enkel bilveg,,Arendal,Sirkulær,I skråning/terreng,StikkKulv
436.0,436.0,441,438,,"Litt lite vann. Fint bekk ned til tjern, noe småfisk nedstrøms. ",Nei,15,0,20.0,Vegårshei ,Nei,"493 154,246","6 519 554,95",438.0,Grei bekk oppstrøms. ,20.0,80.0,800.0,20.0,Lav,Lav,Vegårshei ,0.0,"493 183,424","6 519 555,11",Ikke hinder,Nei,018-264-R,0,,,018.F,84465822,969,,,Vegår bekkefelt,,,,,84465822.0,FV3702 S1D1 m2968,Vann,800.0,,,800.0,Nei,24.23430061,Betong,,,POINT Z (146932.7 6535698.119 192.374),Enkel bilveg,,Vegårshei,Sirkulær,I skråning/terreng,StikkKulv
367.0,367.0,372,369,,Sikkert grei kulvert. Lav vannføring.,Nei,5,0,40.0,0,Nei,"495 441,557","6 502 287,814",369.0,Noe kvist foran kulvert. Veldig tørt. ,0.0,80.0,800.0,10.0,Lav,Lav,0,0.0,"495 438,461","6 502 272,281",Ikke hinder,Nei,018-196-R,0,,,018.BZ,84466513,691,,,Skjerka,,,,,84466513.0,FV3470 S1D1 m2531,Vann,800.0,,,800.0,Nei,8.0,Betong,,,POINT Z (147633.146 6518264.43 45.994),Enkel bilveg,,Tvedestrand,Sirkulær,I skråning/terreng,StikkKulv
451.0,451.0,456,452,,Tjern/myr nedstrøms. Ikke hinder ,Nei,0,0,20.0,Vegårshei ,Nei,"482 728,167","6 508 540,879",452.0,"Tre kulverter i betong på 80cm. Fin bekk oppstrøms, litt lite vann. Går ikke vann gjennom kulvert. ",20.0,80.0,800.0,10.0,Lav,Lav,Vegårshei ,0.0,"482 731,659","6 508 548,917",Ikke hinder,Nei,019-408-R,0,,,019.C3,84520799,54286,,,"Ufsvatn, bekkefelt",,,,,84520799.0,FV3698 S1D1 m4333,Vann,800.0,,,800.0,Nei,5.79506111,Betong,,Ja,POINT Z (135527.191 6525652.435 292.139),Enkel bilveg,,Vegårshei,Sirkulær,I bekk/elv,StikkKulv
450.0,450.0,455,451,,"Tørt rett ved kulverter, ellers mye vann nedstrøms. Renner ikke vann gjennom kulvert. ",Nei,10,0,60.0,Vegårshei ,Nei,"483 339,395","6 508 388,302",451.0,To rør på 80cm. Mest mye oppstrøms ,30.0,80.0,800.0,12.0,Lav,Lav,Vegårshei ,0.0,"483 330,479","6 508 379,685",Ikke hinder,Nei,019-408-R,0,,,019.C3,84520820,21,,,"Ufsvatn, bekkefelt",,,,,84520820.0,FV3698 S1D1 m3687,Vann,800.0,,,800.0,Nei,7.05220582,Betong,,Nei,POINT Z (136112.263 6525434.057 291.697),Enkel bilveg,To stk 800 betong ligger paralelt.,Vegårshei,Sirkulær,I bekk/elv,StikkKulv
400.0,400.0,405,402,,Kulvert blokkert av stor stein og kvist. Helt klart hinder. Dette har gjort at siste betongelement er løsnet fra resten. Greit bekkeløp nedstrøms,Nei,0,0,20.0,Langangsveien (sidebekk Langangselva),Ja,"494 737,407","6 490 556,797",402.0,"Tørt oppstrøms, greit bekkeleie. Blokkert i bunn. ",2.0,80.0,800.0,16.0,Lav,Lav,Tvedestrand ,0.0,"494 753,432","6 490 557,474",Absolutt,Ja,018-258-R,0,,,018.7AZ,84582390,61570,,,Langangselva bekkefelt,,,,,84582390.0,FV422 S1D1 m5468,Vann,800.0,,,800.0,Nei,15.0,Betong,,,POINT Z (145905.177 6506629.94 15.134),Enkel bilveg,,Tvedestrand,Sirkulær,I bekk/elv,StikkKulv
397.0,397.0,402,399,,"Noe høyde opp mot kulvert, og kan ikke se gjennom rør. Mulig hinder. Renner ikke vann igjennom. Stillestående vann nedstrøms.",Nei,40,0,40.0,Tvedestrand ,Usikker,"494 486,648","6 490 911,04",399.0,"Ser ikke ut som vann renner igjennom. Lite vann oppstrøms, men greit bekkeløp ",15.0,80.0,800.0,16.0,Lav,Lav,Tvedestrand ,0.0,"494 504,913","6 490 907,36",Partiell,Usikker,018-258-R,0,,,018.7AZ,84582398,8,,,Langangselva bekkefelt,,,,,84582398.0,FV422 S1D1 m5017,Vann,800.0,,,800.0,Nei,14.0,Betong,,,POINT Z (145687.367 6507008.143 6.874),Enkel bilveg,,Tvedestrand,Sirkulær,I bekk/elv,StikkKulv
118.0,118.0,123,126,,"Plaststikkrenne, noe bregrenset habitat. Usikker på fisk, noe hinder",Ja,50,"Noe kulp an stein som ligger under kulvert, så skal gå å hoppe. Hvis der e fisk.",0.0,Lyngør ,Usikker,"511 606,951","6 505 328,08",126.0,lite vann og gjengrodd og i plast,2.0,80.0,800.0,30.0,Lav,Lav,Lyngør,0.0,"511 558,432","6 505 314,973",Partiell,Usikker,Ikke VF,0,,,018.4,84585500,3102,,,,,,,,84585500.0,FV3438 S1D1 m8156,Vann,800.0,,,800.0,Nei,40.0,Betong,,,POINT Z (164009.85 6519854.195 16.979),Enkel bilveg,,Risør,Sirkulær,Kum,StikkKulv
114.0,114.0,119,122,,Grei kulvert ,Nei,0,0,0.0,Lyngør ,Nei,"507 549,919","6 505 160,74",122.0,0,0.0,80.0,800.0,8.0,Lav,Lav,Lyngør ,0.0,"507 554,405","6 505 137,059",Ikke hinder,Nei,Ikke VF,0,,,018.4,84585588,88,,,,,,,,84585588.0,FV3438 S1D1 m3678,Vann,800.0,,,800.0,Nei,12.0,Betong,,,POINT Z (159987.488 6520036.926 32.946),Enkel bilveg,,Risør,Sirkulær,Kum,StikkKulv
488.0,488.0,493,488,,"Tett nedstrøms, en kombinasjon av kvist, søppel og stein. Ved høy vannføring ville nok denne vært krevende og vandre gjennom på grunn av kum i tillegg. ",Nei,0,0,5.0,Messelveien (sidebekk Nidelva),Ja,"478 039,186","6 482 150,139",488.0,"Helt tørt oppstrøms, ser ut som der er en kun midt i. ",0.0,80.0,800.0,20.0,Lav,Lav,Froland ,0.0,"478 084,491","6 482 149,393",Absolutt,Ja,019-695-R,0,,,019.B31,84584859,-729,,,Nidelva Eivindstad - Messel bekkefelt,,,,,84584859.0,FV408 S1D1 m9020,Vann,800.0,,,800.0,Nei,25.0,Betong,,,POINT Z (128519.872 6499737.104 47.035),Enkel bilveg,,Froland,Sirkulær,,StikkKulv
524.0,524.0,529,525,,Kulvert ser ikke ut som hinder. Gjengrodd bekk nedstrøms. ,Nei,0,0,10.0,Mandal ,Nei,"419 119,889","6 432 527,884",525.0,"To stikkrenner som ligger over hverandre det den ene leder vann og er 50cm, med en over på 40cm. Denne kan fort tette deg med kvist. ",5.0,50.0,500.0,10.0,Lav,Høy,Mandal ,0.0,"419 121,925","6 432 535,595",Ikke hinder,Nei,Ikke VF,0,,,022.312,86100984,1516125,,,,,,,,86100984.0,FV3980 S2D1 m2995,Vann,400.0,,,400.0,,8.0,Plast,,,POINT Z (65255.581 6455479.478 14.145),Enkel bilveg,,Lindesnes,Sirkulær,Kum,StikkKulv
506.0,506.0,511,506,,Sannsynligvis ikke hinder. Litt gjengrodd bekk nedstrøms og litt vann ,Nei,20,0,5.0,Mandal ,Nei,"413 316,139","6 434 149,601",506.0,Sildrer såvidt vann igjennom. Gjengrodd og litt tør bekk oppstrøms. ,5.0,60.0,600.0,13.0,Lav,Lav,Mandal ,0.0,"413 305,768","6 434 151,702",Ikke hinder,Nei,Ikke VF,0,,,022.32A,86101877,893,,,,,,,,86101877.0,FV3984 S1D1 m370,Vann,600.0,,,600.0,,9.0,Betong,,,POINT Z (59603.046 6457613.281 13.142),Enkel bilveg,,Lindesnes,Sirkulær,I bekk/elv,StikkKulv
525.0,525.0,530,526,,"Kulvert ok, ikke hinder. Veldig gjengrodd bekk nedstrøms ",Nei,0,0,20.0,Mandal ,Nei,"418 911,634","6 433 051,56",526.0,Gjengrodd landbrukspreget bekk oppstrøms. Gammel steinkulvert. Ikke hinder ,20.0,60.0,600.0,9.0,Lav,Lav,Mandal ,0.0,"418 916,974","6 433 048,449",Ikke hinder,Nei,Ikke VF,0,,,022.312,86100954,-923,,,,,,,,86100954.0,FV3980 S2D1 m3743,Vann,,700.0,1500.0,700.0,,9.0,Naturstein,,,POINT Z (65097.93 6456015.625 2.581),Enkel bilveg,,Lindesnes,Rektangulær,I bekk/elv,StikkKulv
408.0,408.0,413,410,,"Betongelementer er løsnet fra hverandre i bunn. Lite vannføring. Usikker på om fisk kommer opp hit, hvis de gjør det, vil denne sannsynligvis være hinder ",Nei,35,0,30.0,Rykeneveien 407 (sidebekk for bekk som renner fra Temse til Nidelva),Ja,"479 322,36","6 473 067,487",410.0,"Svært redusert bekkeløp, går sau langs bekk. My vegetasjon i bekk. ",10.0,80.0,800.0,40.0,Lav,Lav,Arendal ,0.0,"479 291,721","6 473 072,505",Absolutt,Ja,019-493-R,0,,,019.A23Z,84686604,-1414350,,,"Temse, bekkefelt",,,,,84686604.0,FV407 S3D1 m879,Vann,800.0,,,800.0,Nei,17.0,Betong,,Ja,POINT Z (128936.798 6490575.201 22.612),Enkel bilveg,,Grimstad,Sirkulær,I bekk/elv,StikkKulv
140.0,140.0,146,149,,"Grei kulvert, sikkert ok for Aure fra tjern til tjern. Noe tør oppstrøms. Gammel kulvert ",Nei,0,0,30.0,Søm ,Nei,"450 764,62","6 446 077,034",149.0,mye vann og grei betongkulvert,3.0,80.0,800.0,15.0,Lav,Lav,Fylkesgrensa,0.0,"450 769,256","6 446 010,267",Ikke hinder,Nei,020-405-R,0,,,020.4231,84704863,18259,,,Kvåsefjorden - Kvarenesfjorden bekkefelt,,,,,84704863.0,FV401 S1D1 m11331,Vann,800.0,,,800.0,,12.0,Betong,,,POINT Z (98051.692 6466166.711 54.227),Enkel bilveg,,Lillesand,Sirkulær,,StikkKulv
429.0,429.0,434,431,,"Ser grei ut nedstrøms, men er ikke noe vann. Usikker på grunn av lengde ",Nei,0,0,0.0,Grimstad ,Usikker,"468 855,077","6 459 795,405",431.0,Helt tør oppstrøms. Men kan se bekkeleie. ,0.0,80.0,800.0,60.0,Lav,Lav,Grimstad ,0.0,"468 881,872","6 459 840,108",Partiell,Usikker,"oppstr 020-69-R

",0,,,020.11Z,84767563,62700,,,,,,,,84767563.0,FV420 S9D1 m8027,Vann,800.0,,,800.0,,56.0,Betong,,,POINT Z (117362.224 6478284.171 20.748),Enkel bilveg,,Grimstad,Sirkulær,,StikkKulv
528.0,528.0,533,528,,Mistenker at denne er hinder. Lite vannføring gjennom kulvert. Og substrat nedstrøms bærer preg av lav vannføring. ,Nei,0,0,40.0,Mandal ,Usikker,"419 783,792","6 434 381,654",528.0,Ser ikke ut som om mye vann renner gjennom stikkrenne. Mye vegetasjon foran innløp til stikkrenne og i bekk. ,40.0,70.0,700.0,30.0,Lav,Lav,Mandal ,0.0,"419 824,12","6 434 375,476",Partiell,Usikker,Ikke VF,0,,,022.312,86109271,1341708,,,,,,,,86109271.0,FV3972 S1D1 m5229,Vann,600.0,,,600.0,,23.0,Plast,,,POINT Z (66103.14 6457262.381 1.807),Enkel bilveg,,Lindesnes,Sirkulær,,StikkKulv
222.0,222.0,227,229,,"Ok kulvert sannsynligvis, vannet er veldig stillestående og mye sediment og slam ",Nei,0,0,20.0,Tvedestrand ,Nei,"502 031,758","6 498 203,678",229.0,"gjengrodd, men ok, mye rør og ledninger i grøft",5.0,80.0,800.0,20.0,Lav,Lav,0,0.0,"502 044,216","6 498 225,395",Ikke hinder,Nei,018-175-R,0,,,018.61Z,84793177,-1316094,,,"Kråkvågbekken, inkl. bekkefelt",,,,,84793177.0,FV411 S3D1 m807,Vann,800.0,,,800.0,Nei,33.0,Plast,,,POINT Z (153872.535 6513619.088 16.585),Enkel bilveg,,Tvedestrand,Sirkulær,I skråning/terreng,StikkKulv
265.0,265.0,270,269,,"Tenker vandringshinder siden det er mye mellomrom mellom betongelementer i kulvert, vil derfor lekke mye vann. Kulvert veldig tør ",Nei,5,0,20.0,Leireveien (bekk renner ut mot Stølekilen),Ja,"426 482,138","6 437 740,232",269.0,"helt ok, kulvert grei, tørr",10.0,80.0,800.0,12.0,Lav,Lav,0,0.0,"426 487,712","6 437 765,203",Absolutt,Ja,022-723-R,0,,,022.221,86099858,1306681,,,Hundsøyfjorden bekkefelt,,,,,86099858.0,FV3972 S3D1 m5265,Vann,800.0,,,800.0,,25.0,Betong,,,POINT Z (73073.428 6460034.168 1.848),Enkel bilveg,,Kristiansand,Sirkulær,I skråning/terreng,StikkKulv
513.0,513.0,518,514,,God vannføring nå. Kulvert ikke hinder. Grei bekk nedstrøms. ,Nei,0,0,50.0,Mandal ,Nei,"423 023,513","6 435 448,504",514.0,Grei vannføring. Fin bekk oppstrøms. Kulvert ser ikke ut som hinder oppstrøms. ,50.0,80.0,800.0,16.0,Middels,Middels,Mandal ,0.0,"423 025,105","6 435 483,381",Ikke hinder,Nei,022-792-R,0,,,022.226,86109052,9194,,,Kumlefjorden bekkfelt,,,,,86109052.0,FV3972 S2D1 m4284,Vann,800.0,,,800.0,,17.0,Plast,,,POINT Z (69413.74 6458053.527 13.154),Enkel bilveg,,Kristiansand,Sirkulær,,StikkKulv
602.0,805.0,,34,,,,,,,,,,,34.0,"Gitter med 20cm mellomrom, samler søppel og noe sediment. Tenker denne er krevende og skulle vandre gjennom. ",10.0,80.0,800.0,100.0,Middels,Lav,Ålefjær,0.0,"440 661,88","6 457 807,895",Ikke angitt,0,021-1485-R,0,,,021.A4Z,86132701,23649,,,Venneslafjorden bekkefelt,,,,,86132701.0,FV453 S1D1 m1105,Vann,800.0,,,800.0,Ja,15.94,Betong,,Ja,POINT Z (89006.193 6478788.967 96.812),Enkel bilveg,,Vennesla,Sirkulær,Kum,StikkKulv
26.0,26.0,30,35,,"Lite vann, noe sedimenter i bunnen av kulvert. Ikke barriere. ",Nei,0,0,3.0,Ålefjær,Nei,"440 509,097","6 457 981,699",35.0,"Burde være ok å vandre gjennom, lav vannføring nå. Noe tør. Er fjernet en del kantvegetasjon oppstrøms. ",5.0,80.0,800.0,10.0,Lav,Lav,Ålefjær,0.0,"440 521,173","6 457 974,797",Ikke hinder,Nei,021-1485-R,0,,,021.A4Z,86132720,19,,,Venneslafjorden bekkefelt,,,,,86132720.0,FV453 S1D1 m893,Vann,800.0,,,800.0,Nei,13.06,Betong,,Ja,POINT Z (88881.94 6478960.427 92.228),Enkel bilveg,,Vennesla,Sirkulær,Åpen grøft,StikkKulv
29.0,29.0,33,38,,Lite vann og veldig mye stigning vil gjøre veien opp mot røret vanskelig. Ikke mulighet for serlig hopping heller. Sannsynlig hinder mulig barriere ,Nei,50,0,0.0,Ålefjær,Usikker,"440 323,048","6 458 037,284",38.0,Sannsynligvis høy vannføring og hastighet ved mer nedbør grunnet vinkling. Gitter forann åpning med 15cm åpning. Vil sannsynligvis ikke fungere til vandring. ,2.0,80.0,800.0,15.0,Lav,Lav,Ålefjær ,0.0,"440 335,427","6 458 008,277",Partiell,Usikker,021-1485-R,0,,,021.A4Z,86132736,dubl,,,Venneslafjorden bekkefelt,,,,,86132736.0,FV453 S1D1 m673,Vann,800.0,,,800.0,Ja,27.22,Betong,,Ja,POINT Z (88702.418 6479032.078 80.352),Enkel bilveg,,Vennesla,Sirkulær,I skråning/terreng,StikkKulv
13.0,13.0,17,22,,"Det renner ikke vann gjennom rør, røret er tett oppstrøms inni. burde ryddes. mye søppel nedstrøms, ellers fin  kantvegetasjon. mye søppel nedstrøms. vandringsbarriere nå",Nei,0,0,0.0,Ålefjørveien (bekk renner ut i Hemningsvannet),Ja,"443 035,647","6 452 806,201",22.0,"grei vannføring, hastighet nå dårlig, alt for aeutroft vann for øyeblikket, landbruksavdeling. mulig og gyttelmråde hvis bekk blir bedre. RØR ikke vandringshinder ",30.0,80.0,800.0,17.0,Middels,Lav,jålefjær,0.0,"443 051,95","6 452 812,737",Absolutt,Ja,021-717-R,Liten bekk,,,021.122Z,86133110,374,,,"Hemmingsvatnet, bekkefelt",,,,,86133110.0,FV452 S1D1 m6694,Vann,800.0,400.0,600.0,800.0,Nei,16.78,Naturstein,,Ja,POINT Z (90946.47 6473586.49 20.949),Enkel bilveg,Betong rør forlenger innløpet,Kristiansand,Rektangulær,I skråning/terreng,StikkKulv
133.0,133.0,139,141,,"Noe kvist nedstrøms, kort avstand til sjøen, litt lang, og rist foran. Rist er hinder ",Nei,0,0,30.0,Stangenesveien (bekk mellom Stangenestjørna og Stølekilen),Ja,"448 966,51","6 442 367,363",141.0,"gitter oppstrøms, fint vann, mye kvist foran",30.0,80.0,800.0,60.0,Lav,Lav,Randesund,0.0,"449 018,831","6 442 361,384",Absolutt,Ja,020-319-R,0,,,020.4240,86134575,1465,,,Østergapet-ytre bekkefelt,,,,,86134575.0,FV3900 S1D1 m1760,Vann,,,,800.0,,7.0,Naturstein,,,POINT Z (95959.61 6462619.174 1.998),Enkel bilveg,,Kristiansand,Rektangulær,Kum,StikkKulv
189.0,189.0,194,197,,Kulvert noe høyt over vannflate. Død fisk i vannet? Denne vil være hinder for ål. Noe anadrom fisk kan nok passere ,Nei,50,0,50.0,Mandal ,Usikker,"412 823,484","6 442 071,55",197.0,"litt kvistermsom demmer opp, og kalk på topp?",15.0,80.0,800.0,20.0,Lav,Lav,0,0.0,"412 811,365","6 442 071,933",Partiell,Usikker,022-815-R,0,,,022.A3Z,86188970,54395,,,Mandalselva - Øyslebø til Mandal bekkefelt,,,,,86188970.0,FV4226 S1D1 m10878,Vann,,800.0,900.0,800.0,,5.0,Naturstein,,,POINT Z (59814.895 6465558.835 12.811),Enkel bilveg,,Lindesnes,Rektangulær,Kum,StikkKulv
200.0,200.0,205,207,,"Grei kulvert, vandring fra innsjø til innsjø. ",Nei,0,0,20.0,Mandal ,Nei,"409 185,605","6 456 440,972",207.0,"vann til vann, ser småfisk, I plast",30.0,80.0,800.0,10.0,Middels,Lav,0,0.0,"409 195,939","6 456 448,853",Ikke hinder,Nei,022-650-R,0,,,022.B1Z,86200856,11886,,,Mandalselva - Laudal til Øyslebø bekkefelt,,,,,86200856.0,FV4016 S1D1 m5280,Vann,800.0,,,800.0,,12.0,Plast,,,POINT Z (57472.146 6480241.293 264.277),Enkel bilveg,,Lindesnes,Sirkulær,Kum,StikkKulv
520.0,520.0,525,522,,Usikker på denne. Bekk burde nok også vært rensket. ,Nei,0,0,10.0,Mandal ,Usikker,"420 965,212","6 434 302,287",522.0,Denne er relativt litt den lengre nedstrøms. Med stikkrenner i forskjellig høyde. Bekk burde renskes. Og synes kulvert burde vært anlagt anderledes. ,20.0,100.0,1000.0,10.0,Lav,Lav,Mandal ,0.0,"420 942,359","6 434 306,107",Partiell,Usikker,Ikke VF,0,,,022.226,86101116,-99740,,,,,,,,86101116.0,FV3980 S1D1 m417,Vann,1000.0,,,1000.0,,11.0,Plast,,,POINT Z (67242.638 6457089.462 3.726),Enkel bilveg,,Kristiansand,Sirkulær,I bekk/elv,StikkKulv
403.0,403.0,408,405,,"Usikker på hinder, siden man ikke ser gjennom kulvert. Mistenker at denne er delvis fylt med sand og jord på grunn av vannhastighet. Og siden den ligger så dypt. Fin bekk nedstrøms, men noe kvist i bekk. ",Nei,0,0,20.0,Tvedestrand ,Usikker,"493 994,149","6 488 579,156",405.0,God vannføring. Ser fisk oppstrøms. Ser ikke gjennom kulvert. Fin bekk,60.0,80.0,800.0,10.0,Høy,Middels,Tvedestrand ,0.0,"494 003,531","6 488 595,57",Partiell,Usikker,018-257-R,0,,,018.712,119588630,33487514,,,Bekk til Strengereidvannet,,,,,119588630.0,FV422 S2D1 m2026,Vann,800.0,,,800.0,,10.0,Betong,,,POINT Z (144990.179 6504735.068 19.446),Enkel bilveg,,Arendal,Sirkulær,I bekk/elv,StikkKulv
221.0,221.0,226,228,,"Innløp oppstrøms muligens hinder, ble ikke funnet. Kulp som hjelper hopping opp kulvert. Noe usikker på hvor grei kulvert er invendig med tanke på hvordan den ligger. Men bør være ok for anadrom fisk, barriere for ål ",Ja,25,"Naturlig liten men dyp kulp, skal gå greit å hoppe opp ",60.0,Dypvågveien (bekk mellom Størdalstjennog Krogvågkilen),Ja,"501 879,09","6 498 106,307",228.0,"gjengrodd, masse kvist, finner ikke innløp, gjetter",20.0,80.0,800.0,50.0,Lav,Lav,0,0.0,"501 919,643","6 498 104,159",Absolutt,Ja,018-175-R,0,,,018.61Z,657407157,537818527,,,"Kråkvågbekken, inkl. bekkefelt",,,,,657407157.0,FV411 S3D1 m1010,Vann,800.0,,,800.0,,42.74,Betong,,Ja,POINT Z (153701.183 6513515.881 6.764),Enkel bilveg,,Tvedestrand,Sirkulær,I bekk/elv,StikkKulv
305.0,305.0,310,307,,"Helt stillestående vann, men andemat? På toppen. Vannkvaliteten ser dårlig ut. Kulverter sannnsynligvis fine. ",Nei,0,0,20.0,Birkenes ,Nei,"455 633,573","6 465 132,319",307.0,"så noe som svømte, grumsete, rør under vann, stillestående, 2 rør",40.0,80.0,800.0,17.0,Middels,Lav,0,0.0,"455 630,755","6 465 106,978",Ikke hinder,Nei,020-422-R,0,,,020.A7,672894854,15487697,,,,,,,,672894854.0,FV402 S4D1 m5420,Vann,800.0,,,800.0,,,Betong,,Ja,POINT Z (104608.785 6484752.194 45.211),Enkel bilveg,,Birkenes,Sirkulær,I bekk/elv,StikkKulv
547.0,547.0,552,547,,"Sølete vann, men kulvert ser ikke ut som hinder ",Nei,5,0,5.0,Mandal ,Nei,"411 645,381","6 429 032,301",547.0,Litt lite vann. Kulvert ser ikke ut som hinder. ,5.0,100.0,1000.0,14.0,Lav,Lav,Mandal ,0.0,"411 652,773","6 429 046,351",Ikke hinder,Nei,Ikke VF,0,,,022.322,86101615,-586793239,,,,,,,,86101615.0,FV4232 S1D1 m299,Vann,1000.0,,,1000.0,Nei,12.86,Betong,,Ja,POINT Z (57485.467 6452661.326 6.9),Enkel bilveg,,Lindesnes,Sirkulær,Åpen grøft,StikkKulv
536.0,536.0,541,537,,Kulvert ser ok ut nedstrøms. Står noe fisk nedenfor kulvert. ,Nei,0,0,70.0,Mandal ,Nei,"416 227,661","6 430 571,018",537.0,Ok bekk oppstrøms. Kulvert bittelitt blokkert av en stein i åpningen. Men ikke hinder. ,25.0,100.0,1000.0,12.0,Lav,Lav,Mandal ,0.0,"416 236,635","6 430 582,989",Ikke hinder,Nei,Ikke VF,0,,,022.322,86102278,663,,,,,,,,86102278.0,FV4228 S1D1 m4441,Vann,1000.0,,,1000.0,,13.0,Betong,,,POINT Z (62195.764 6453786.745 2.133),Enkel bilveg,,Lindesnes,Sirkulær,I bekk/elv,StikkKulv
187.0,187.0,192,195,,"Vannet renner under steiner som er rast nedi, denne vil være hinder og bør ryddes ut ",Nei,40,0,10.0,Marnarveien,Ja,"412 565,165","6 437 893,708",195.0,kulvert I stein/fjell ,10.0,80.0,800.0,3.0,Middels,Høy,0,0.0,"412 566,706","6 437 887,722",Absolutt,Ja,022-814-R,0,,,022.A6,ikke i nvdb,,,,Mandalselva - Øyslebø til Mandal,,,,,,,,,,,800.0,,,,,,,,,,,,
220.0,220.0,225,227,,"Denne er vandringshinder, flere meter uten vann opp mot kulvert. Tenker denne er barriere for all oppstrøms vandring ",Nei,600,0,0.0,Dypvågveien (bekk ut i fjord),Ja,"501 135,833","6 497 646,886",227.0,"gammelnkulvert i stein,  mye helning",5.0,80.0,800.0,15.0,Lav,Lav,0,0.0,"501 108,015","6 497 641,229",Absolutt,Ja,018-272-R,0,,,018.62AZ,ikke i nvdb,,nær 1017816899,,Østeråbekken,,,,,,,,,,,800.0,,,,,,,,,,,,
500.0,500.0,505,500,,Skjønner ikke hvilken vei vannet går her ,Nei,10,0,0.0,Mandal ,Nei,"413 584,249","6 437 195,634",500.0,"Helt tørt, skjønner ikke hvor denne bekken renner. ",0.0,120.0,1200.0,22.0,Lav,Lav,Mandal ,0.0,"413 570,169","6 437 177,267",Ikke hinder,Nei,Ikke VF,0,,,022.A12,1014431038,,,,,,,,,1014431038.0,FV3973 S1D1 m2914,Vann,1200.0,,,1200.0,Nei,14.7,Betong,,Ja,POINT Z (60189.593 6460618.729 39.72),Enkel bilveg,,Lindesnes,Sirkulær,I bekk/elv,StikkKulv
237.0,237.0,242,243,,"Veldig gammel kulvert, usikker på om det vil kunne komme nok vann til at fisk og ål skal kunne vandre her. ",Nei,220,0,0.0,Brelandsveien (bekk renner fra Stemmetjørna til Høyevatnet),Ja,"418 458,269","6 451 906,255",243.0,"vann renner godt, men renner ikke synlig lenger oppe, gjengrodd",10.0,80.0,800.0,8.0,Lav,Lav,0,0.0,"418 470,932","6 451 906,391",Absolutt,Ja,022-663-R,0,,,022.ABZ,ikke i nvdb,,,,Høyevatnet bekkefelt,,,,,,,,,,,800.0,,,,,,,,,,,,
379.0,379.0,384,381,,"Kunstig bekkeløp? Er helt tørt. Noe høyde opp mot kulvert. Usikker på denne, kommer Ann på hvor stor vannføringen kan bli. ",Ja,60,"Kulp lager av stein, menneskeskapt. ",0.0,Tvedestrand ,Usikker,"494 314,388","6 497 090,746",381.0,"Tålig pen bekk oppstrøms, ser menneskeskapt ut. Men er veldig tør, og noe vei preget. Er lagt en stokk for å holde på noe vann oppstrøms ",1.0,80.0,800.0,60.0,Lav,Lav,Tvedestrand ,0.0,"494 369,833","6 497 094,334",Partiell,Usikker,018-167-R,kunstig tørrlagt,,,018.63Z,ikke i nvdb,,Grenstøl,,"Kvåstadkilen, bekkefelt",,,,,,,,,,,800.0,,,,,,,,,,,,
501.0,501.0,506,501,,Ikke hinder. Men veldig tørt. ,Nei,0,0,5.0,Mandal ,Nei,"413 715,861","6 437 222,003",501.0,"Ikke hinder, men er veldig tørt ",5.0,120.0,1200.0,20.0,Lav,Lav,Mandal ,0.0,"413 730,312","6 437 227,19",Ikke hinder,Nei,Ikke VF,0,,,022.A12,1014431041,,,,,,,,,1014431041.0,FV3973 S1D1 m2816,Vann,1200.0,,,1200.0,Nei,13.4,Betong,,Ja,POINT Z (60286.762 6460635.024 42.007),Enkel bilveg,,Lindesnes,Sirkulær,I bekk/elv,StikkKulv
196.0,196.0,201,204,,En terskel før innløp til kulverter. Hinder for både anadrom fisk og ål. Mulig ål kunne gjennomvandret med noe tau eller annet de kunne klatret på. Men blir bratt mot kulvert.,Ja,80,Noe antydning til naturlig kulp nedstrøms. Liten kulp ,40.0,Mandal Spillingsveien (Fidjebekken som renner ut i Heptetjønn),Ja,"411 802,414","6 448 906,422",204.0,"litt kvist, og noe høyde, eller ok, litt naturlig kulper",5.0,80.0,800.0,10.0,Lav,Middels,0,0.0,"411 773,977","6 448 911,1",Absolutt,Ja,022-650-R,0,,,022.B1Z,86195909,-928235132,,,Mandalselva - Laudal til Øyslebø bekkefelt,,,,,86195909.0,FV4012 S1D1 m3408,Vann,900.0,,,900.0,,8.0,Betong,,,POINT Z (59403.24 6472485.921 123.274),Enkel bilveg,,Lindesnes,Sirkulær,Kum,StikkKulv
476.0,476.0,481,477,,Småfisk i bekk nedstrøms. Usikker på om denne er hinder. Kan se ut som at ved lav vannføring renner vann ikke gjennom selve kulverten. Plus at betongelement er delvis løsnet oppstrøms. ,Nei,0,0,0.0,Arendal ,Usikker,"480 166,07","6 476 418,511",477.0,Ingen vannføring gjennom kulvert for øyeblikket. Ytterste betongelement er løsnet fra resten av kulvert. Og er fylt igjen med jord på siden som er rast ned delvis foran kulvert. Lite vann. Ser en fisk oppstrøms. ,10.0,80.0,800.0,18.0,Lav,Lav,Arendal ,0.0,"480 178,182","6 476 429,335",Partiell,Usikker,019-492-R,0,,,019.A12Z,84428909,-1767000,,,"Nidelva, Bekkefelt Helle",,,,,84428909.0,FV3556 S1D1 m1871,Vann,,1000.0,600.0,1000.0,Nei,10.0,Naturstein,,Ja,POINT Z (130103.473 6493832.665 45.572),Enkel bilveg,,Arendal,Rektangulær,I bekk/elv,StikkKulv
499.0,499.0,504,499,,"Ikke hinder, veldig tør nedstrøms. ",Nei,20,0,5.0,Mandal ,Nei,"413 619,249","6 437 201,813",499.0,"Usikker på bekk, men kulvert ikke hinder ",5.0,120.0,1200.0,10.0,Lav,Lav,Mandal ,0.0,"413 629,742","6 437 207,561",Ikke hinder,Nei,Ikke VF,0,,,022.A12,1014431148,930002239,,,,,,,,1014431148.0,FV3973 S1D1 m2968,Vann,1200.0,,,1200.0,Nei,24.6,Betong,,Nei,POINT Z (60136.476 6460618.481 40.958),Enkel bilveg,,Lindesnes,Sirkulær,I bekk/elv,StikkKulv
122.0,122.0,127,130,,Ser fisk nedstrøms. Håper derfor at vandring under e 18 går greit. 2 store kulverten. Bra substrat og habitat for fisk nedstrøms. Ikke hinder ,Nei,0,0,20.0,Songeveien ,Nei,"500 210,969","6 505 423,318",130.0,"en del kvis mot rør, 2 rør fin bekk",10.0,80.0,800.0,12.0,Lav,Lav,Risør,0.0,"500 217,98","6 505 465,787",Ikke hinder,Nei,018-205-R,0,,,018.32Z,84585074,-929846074,,,"Songebekken, inkl. bekkefelt",,,,,84585074.0,FV3442 S2D1 m1175,Vann,1000.0,,,1000.0,Nei,13.0,Betong,,,POINT Z (152686.165 6520986.452 11.011),Enkel bilveg,,Tvedestrand,Sirkulær,,StikkKulv
482.0,482.0,487,483,,"Noe høyde opp mot kulvert, men kulvert så dyp at denne bør kunne passeres (ikke ål) ved høyere vannføring. Er flere fisk nedstrøms, disse kommer ikke ned til elv ved lav vannføring. ",Ja,40,"Naturlig kulp, dannet av vegetasjon, holder fisk igjen ved lav vannføring, slik at de ikke kommer ned til elv. ",60.0,Arendal,Usikker,"475 869,706","6 478 005,358",483.0,"Noe gjengrodd bekk oppstrøms, men ok. Kulvert ser ikke ut som hinder ",30.0,80.0,800.0,16.0,Lav,Lav,Arendal ,0.0,"475 874,336","6 478 021,067",Partiell,Usikker,019-534-R,0,,,019.B20,84586323,1249,,,Mørløsvatnet - Nidelva,,,,,84586323.0,FV3737 S1D1 m2026,Vann,1000.0,,,1000.0,Nei,10.0,Betong,,,POINT Z (125946.771 6495805.743 44.688),Enkel bilveg,,Arendal,Sirkulær,I skråning/terreng,StikkKulv
550.0,550.0,555,550,,"Stillestående vann, gjengrodd bekkeløp. Ellers kulvert ikke hinder. ",Nei,0,0,10.0,Arendal ,Nei,"482 512,215","6 477 833,83",550.0,gjengrodd ellers fin,5.0,80.0,800.0,8.0,Lav,Lav,0,0.0,"482 521,242","6 477 853,262",Ikke hinder,Nei,019-645-R,0,,,019.A1Z,84586455,132,,,Lillelv oppstrøms dam,,,,,84586455.0,FV3536 S1D1 m162,Vann,1000.0,,,1000.0,Nei,9.0,Betong,,,POINT Z (132566.837 6495041.717 18.773),Enkel bilveg,,Arendal,Sirkulær,I bekk/elv,StikkKulv
341.0,341.0,346,342,,"Veldig gjengrodd bekk, men stillestående vann. Men kulvert ser grei ut. ",Nei,0,0,20.0,Gjerstad ,Nei,"501 935,129","6 527 916,657",342.0,"Grei kulvert, men bekk er veldig grodd igjen oppstrøms. Ser fisk oppstrøms. ",15.0,80.0,800.0,10.0,Lav,Lav,Gjerstad ,0.0,"501 954,197","6 527 913,971",Ikke hinder,Nei,018-204-R,0,,,018.2E4,84586694,239,,,"Storelva (Lundvatnet - Gjerstadvatnet), bekkefelt",,,,,84586694.0,FV3686 S1D1 m4276,Vann,1000.0,,,1000.0,Nei,11.84515348,Betong,,Nei,POINT Z (156431.576 6543253.64 58.413),Enkel bilveg,,Gjerstad,Sirkulær,I bekk/elv,StikkKulv
130.0,130.0,135,138,,gjengrodd og grumsete,Nei,0,0,20.0,Frikstadkrysset,Nei,"447 823,955","6 445 001,579",138.0,Greit med vann oppstrøms. Jord som substrat i bekk. Igjengrod nedstrøms. For mye planter i bekk,20.0,80.0,800.0,12.0,Middels,Lav,Søm ,0.0,"447 854,708","6 444 983,337",Ikke hinder,Nei,020-324-R,0,,,020.424Z,86135168,1548474,,,Sukkevatnet bekkefelt,,,,,86135168.0,FV401 S2D1 m3464,Vann,1000.0,,,1000.0,Nei,16.38,Betong,,Ja,POINT Z (95047.87 6465358.658 18.755),Enkel bilveg,,Kristiansand,Sirkulær,Åpen grøft,StikkKulv
129.0,129.0,134,137,,"Tør noe igjengrod bekk, bør renskes. oppstrøms og nedstrøms må byttes omm. ",Nei,0,0,20.0,Søm ,Usikker,"447 711,9","6 445 118,869",137.0,"fin bekk, stillestående og usikkert hva som er oppstrøms",10.0,80.0,800.0,15.0,Lav,Lav,Sukkevann,0.0,"447 656,639","6 445 114,608",Partiell,Usikker,020-324-R,0,,,020.424Z,86135183,15,,,Sukkevatnet bekkefelt,,,,,86135183.0,FV401 S2D1 m3720,Vann,1000.0,,,1000.0,Nei,13.79,Betong,,Ja,POINT Z (94910.532 6465494.739 17.135),Enkel bilveg,,Kristiansand,Sirkulær,Åpen grøft,StikkKulv
386.0,386.0,391,388,,Tror dette er utløp. Ser ut til å være blokkert eller rast over.,,0,0,0.0,Holtsveien / Langangsveien (sidebekk Strengelva),Ja,"492 459,205","6 495 449,643",388.0,Greit habitat oppstrøms. Ser småfisk. Er litt usikker på hvor disse ender. 2 betongkulverter  på 80cm,5.0,80.0,800.0,0.0,Lav,Lav,Tvedestrand ,0.0,"492 477,747","6 495 411,799",Absolutt,Ja,018-33-R,0,,,018.C2Z,759144220,673009037,Usikkert om det er 84653547,,Strengselva,,,,,759144220.0,FV422 S1D1 m70,Vann,1000.0,,,1000.0,Nei,114.02,Betong,,Nei,POINT Z (144090.449 6511594.448 50.011),Enkel bilveg,,Tvedestrand,Sirkulær,Åpen grøft,StikkKulv
240.0,240.0,245,246,,"Veldig høy på oppsiden, vandringshinder, ikke nødvendigvis barriere. ",Nei,0,0,5.0,Mandal Skjævesland 3976 (Trebekken),Ja,"415 939,227","6 448 707,931",246.0,"fin og ok, rør til rør da..",20.0,80.0,800.0,9.0,Lav,Lav,0,0.0,"415 939,759","6 448 722,064",Absolutt,Ja,022-877-R,0,,,022.AA12,1017867491,dubl,,,Høyeåna - Høyevatnet til Øyslebø bekkefelt,,,,,1017867491.0,FV3976 S3D1 m424,Vann,1000.0,,,1000.0,Nei,10.44,Plast,,,POINT Z (63521.34 6471917.466 25.831),Enkel bilveg,,Lindesnes,Sirkulær,I bekk/elv,StikkKulv
127.0,127.0,132,135,,"Usikker på egnetheten av habitat oppstrøms. Jord som substrat i bekk, ikke hinder ",Nei,0,0,10.0,Søm ,Nei,"447 077,319","6 445 793,347",135.0,gjengrood og mye grumsete vann,15.0,80.0,800.0,12.0,Lav,Lav,Sukkevann,0.0,"447 131,811","6 445 822,832",Ikke hinder,Nei,020-324-R,0,,,020.424Z,1027480825,9613334,,,Sukkevatnet bekkefelt,,,,,1027480825.0,FV401 S2D1 m4623,Vann,1000.0,,,1000.0,Ja,28.92,Betong,,Nei,POINT Z (94353.559 6466225.543 10.986),Enkel bilveg,,Kristiansand,Sirkulær,I skråning/terreng,StikkKulv
50.0,50.0,55,60,,Ikke vandringshinder. Men er bru ,Nei,0,0,60.0,Mandal 1,Nei,"409 850,073","6 433 493,045",60.0,"Ikke hinder for ål eller anadrom fisk, sakteflyttende vann nå. Er breddemessig en bru",50.0,450.0,4500.0,8.0,Høy,Lav,Mandal 1,0.0,"409 846,811","6 433 507,718",Ikke hinder,Nei,ikke VF,bru,,,022.A21,272319091,-755161734,,,,,,,,272319091.0,FV4226 S1D1 m568-574,,,,,4500.0,,,Betong,,,,Enkel bilveg,,Lindesnes,,Platebru (210),Bru
307.0,307.0,312,309,,Fisk bør kunne hoppe opp ved grei vannføring. Ser en Aure på 15cm nedstrøms. ,Nei,20,0,35.0,Birkenes ,Nei,"456 873,663","6 467 419,332",309.0,fin gammel kulvert I stein,2.0,80.0,800.0,10.0,Lav,Lav,0,0.0,"456 905,164","6 467 399,961",Ikke hinder,Nei,020-356-R,0,,,020.B2Z,84451113,dubl,,,Tovdalselva Herefossfjorden - Flakksvatn bekkefelt,,,,,84451113.0,FV3744 S1D1 m1799,,,1200.0,1000.0,1200.0,,,Naturstein,,,POINT Z (106066.186 6486922.824 145.325),Enkel bilveg,,Birkenes,,,StikkKulv
595.0,595.0,601,598,,Mangler sikring og er kommentert underdimensjonert av en nabo,Nei,50,0,40.0,Viblemo nord,Ja,"403 234,453","6 458 819,134",598.0,0,3.0,80.0,800.0,14.0,Middels,Lav,Kjærålsnasa,0.0,"403 395,913","6 459 698,75",Absolutt,Ja,023-94-R,0,,,023.B110,86331839,dubl,,,Audna - Helle til Tryland bekkefelt,,,,,86331839.0,FV460 S2D1 m23296,Vann,1400.0,,,1400.0,,9.0,Betong,,,POINT Z (51753.828 6483162.449 70.453),Enkel bilveg,,Lyngdal,Sirkulær,,StikkKulv
473.0,473.0,478,474,,"Grei bekk nedstrøms, kulvert ikke hinder ",Nei,0,0,10.0,Arendal ,Nei,"479 549,153","6 477 907,553",474.0,"Mulig jeg tar feil av opp og nedstrøms her. Tør bekk oppstrøms, kulvert ikke hinder ",2.0,80.0,800.0,12.0,Lav,Lav,Arendal ,0.0,"479 530,042","6 477 899,091",Ikke hinder,Nei,019-698-R,0,,,019.B1,84586404,-1745435,,,Nidelva Furre - Rygene kraftverk bekkefelt,,,,,84586404.0,FV3536 S1D1 m4120,Vann,,2000.0,1000.0,2000.0,Nei,10.0,Naturstein,,,POINT Z (129603.027 6495369.879 77.798),Enkel bilveg,,Arendal,Rektangulær,I skråning/terreng,StikkKulv
186.0,186.0,191,194,,Fin gammel steinkulvert. Ikke vandringshinder. ,Nei,0,0,25.0,Mandal ,Nei,"412 563,364","6 437 867,329",194.0,"demning av kvist, og mye stor kant vegetasjon ",10.0,80.0,800.0,17.0,Lav,Lav,0,0.0,"412 580,704","6 437 863,213",Ikke hinder,Nei,022-814-R,0,,,022.A6,86217046,1630642,,,Mandalselva - Øyslebø til Mandal,,,,,86217046.0,FV455 S1D1 m5526,Vann,,2300.0,1300.0,2300.0,,13.0,Betong,,,POINT Z (59195.962 6461379.461 5.565),Enkel bilveg,,Lindesnes,Rektangulær,Kum,StikkKulv
575.0,575.0,581,578,,Langt strekke,Nei,0,0,25.0,Dåletjønna,Ja,"407 951,476","6 436 750,404",578.0,0,35.0,90.0,900.0,6.0,Middels,Lav,0,0.0,"408 204,455","6 436 319,412",Absolutt,Ja,022-885-R,0,,,022.4A,86190476,-26570,,,Elv fra Skadbergvatnet,,,,,86190476.0,FV4002 S1D1 m4388,Vann,300.0,,,300.0,,9.0,Betong,,,POINT Z (54510.716 6460679.116 93.658),Enkel bilveg,,Lindesnes,Sirkulær,Kum,StikkKulv
537.0,537.0,542,538,,"Grei gammel kulvert. Lite vann, men ikke hinder. Gjengrodd bekk nedstrøms. ",Nei,0,0,2.0,Mandal ,Nei,"414 781,405","6 430 719,753",538.0,Kulvert ikke hinder. Men veldig lite vann i bekk. ,4.0,90.0,900.0,14.0,Lav,Lav,Mandal ,0.0,"414 784,074","6 430 741,81",Ikke hinder,Nei,022-786-R,0,,,022.322,86102338,-88138,,,Buøysund indre bekkfelt,,,,,86102338.0,FV4228 S1D1 m2849,Vann,,600.0,800.0,600.0,,14.0,Naturstein,,,POINT Z (60772.688 6454061.944 1.846),Enkel bilveg,,Lindesnes,Rektangulær,I bekk/elv,StikkKulv
154.0,154.0,160,163,,"Fin kulvert, bekk kunne hatt noe gytegrus",Nei,0,0,2.0,Høvåg ,Nei,"455 024,872","6 444 555,492",163.0,fin liten bekk ,3.0,90.0,900.0,5.0,Lav,Lav,Høvåg,0.0,"455 017,25","6 444 557,628",Ikke hinder,Nei,020-280-R,0,,,020.32,84431890,dubl,,,"Bliksfjorden - Røynevardsfjorden, bekkefelt",,,,,84431890.0,FV3644 S1D1 m3275,Vann,,700.0,900.0,700.0,Nei,2.0,Naturstein,,Ja,POINT Z (102162.465 6464278.258 1.967),Enkel bilveg,,Lillesand,Rektangulær,I bekk/elv,StikkKulv
590.0,590.0,596,593,,Stillestående vann,Nei,0,0,15.0,Lølandsveien,Nei,"402 401,787","6 451 797,162",593.0,Går rett over i kulvert under jorde,28.0,90.0,900.0,10.0,Middels,Lav,Styggedalen,0.0,"402 613,073","6 452 050,482",Ikke hinder,Nei,023-131-R,0,,,023.A22,223776788,139344898,,,Audna - Tryland til Spilling bekkefelt,,,,,223776788.0,FV4060 S1D1 m3724,Vann,800.0,,,800.0,,13.5,Plast,,,POINT Z (50277.206 6476206.261 30.157),Enkel bilveg,,Lindesnes,Sirkulær,,StikkKulv
182.0,182.0,187,190,,"Hvis kulvert går som på kartet, er utløpet gravd ned and kvist og kvast. Ser åpning lenger nede fra kulvert inder sykkelsti. Bør utbedres hvis dette stemmer. Sannsynligvis vandringshinder ",,0,0,0.0,Lillesand ,Ja,"462 423,677","6 455 631,176",190.0,"en del blad og kvister eller ok, en del bakke",15.0,90.0,900.0,100.0,Middels,Lav,0,0.0,"462 332,498","6 455 691,933",Absolutt,Ja,020-307-R,0,,,020.2210,84765588,-139011200,,,"Tingsakerfjorden, bekkefelt",,,,,84765588.0,FV420 S10D1 m3214,Vann,,,,900.0,,,Betong,,,POINT Z (110515.953 6474675.9 29.167),Enkel bilveg,,Lillesand,Sirkulær,,StikkKulv
176.0,176.0,181,184,,"Kulvert ligger helt under vann, ser ikke utløp. Mulig vanskelig å vandre gjennom. Vann renner gjennom. Mulig hinder ",Nei,0,0,80.0,Lillesand ,Usikker,"459 458,702","6 453 495,198",184.0,litt grein og en del mose ellers ok,9.0,90.0,900.0,50.0,Lav,Lav,0,0.0,"459 458,912","6 453 496,717",Partiell,Usikker,020-282-R,bru,,,020.2220,272300624,187535036,,,"Blindleia - Nesefjorden, bekkefelt",,,,,272300624.0,FV420 S11D1 m1594-1597,,,,,900.0,,,Betong,,,,Enkel bilveg,,Lillesand,,"Kulvert, pref. (122)",Bru
541.0,541.0,546,542,,"Gjenfinnes ikke oppstrøms. Mer grøft en bekk, usikker på om denne er hinder. ",Nei,0,0,10.0,Mandal ,Usikker,"412 098,615","6 431 491,712",542.0,Grøft oppstrøms. Kulvert ikke hinder ,10.0,90.0,900.0,14.0,Lav,Lav,Mandal ,0.0,"412 071,729","6 431 474,743",Partiell,Usikker,022-801-R,0,,,022.322,ikke i nvdb,,nær 1013608491,,Mannefjorden bekkefelt,,,,,,,,,,,900.0,,,,,,,,,,,,
212.0,212.0,217,219,,Kulvert sannsynligvis grei. Fint habitat nedstrøms ,Nei,0,0,20.0,Mandal ,Nei,"417 369,087","6 463 996,859",219.0,"venn renner under betongrør, men fin kulvert I stein lenger inne, fin bekk, noe helning",10.0,90.0,900.0,10.0,Lav,Lav,0,0.0,"417 381,019","6 463 996,724",Ikke hinder,Nei,022-650-R,0,,,022.B1Z,86104591,,,,Mandalselva - Laudal til Øyslebø bekkefelt,,,,,86104591.0,FV3936 S1D1 m3752,Vann,,2000.0,2000.0,2000.0,,10.0,Betong,,,POINT Z (66324.601 6487070.135 243.723),Enkel bilveg,,Kristiansand,Rektangulær,,StikkKulv
586.0,586.0,592,589,,"Hinder, ikke barriere. Det er ikke helt ideelt. Bekken renner rett over i ny kulvert, ca 3,5 meter mellom utløp av første kulvert til innløp av neste.",Ja,30,"3kv meter, rundt 30-40cm dyp, renner rett inn i ny kulvert",30.0,Rekebekken,Usikker,"406 887,769","6 476 400,562",589.0,0,7.0,95.0,950.0,6.0,Lav,Middels,Naglestadveien,0.0,"404 247,652","6 471 558,827",Partiell,Usikker,023-36-R,0,,,023.E1A,996465767,910361176,,,Øydnavatnet Øvre bekkefelt,,,,,996465767.0,FV4026 S2D1 m6104,Vann,250.0,,,250.0,,14.57,Plast,,,POINT Z (56962.804 6500371.45 114.206),Enkel bilveg,,Lyngdal,Sirkulær,I bekk/elv,StikkKulv
52.0,52.0,57,62,,"Ikke hinder. Kan samle seg slam, og er mye vegetasjon oppstrøms. Savner en litt tydeligere bekk oppstrøms. Med mer kantvegetasjon og tydeligere bekk. Mye landbruksavrenning. ",Nei,0,0,10.0,Mandal 3,Nei,"410 459,175","6 433 998,308",62.0,"Ikke vandringshinder sannsynligvis, men er mye vegetasjon oppstrøms. Sannsynligvis ikke problematisk ved høyere vannstand. ",5.0,60.0,600.0,8.0,Lav,Lav,Mandal 3 ,0.0,"410 466,26","6 434 001,346",Ikke hinder,Nei,ikke VF,0,,,022.A21,86190146,-910275621,,,,,,,,86190146.0,FV3986 S1D1 m62,Vann,,600.0,600.0,600.0,,6.0,Naturstein,,,POINT Z (56747.372 6457710.77 1.62),Enkel bilveg,,Lindesnes,Rektangulær,Kum,StikkKulv
596.0,596.0,602,599,,0,Nei,0,0,10.0,Mosvatnet,Nei,"405 585,345","6 460 774,617",599.0,0,6.0,95.0,950.0,10.0,Middels,Middels,Mosvatnet,0.0,"405 578,301","6 460 770,988",Ikke hinder,Nei,023-94-R,0,,,023.B110,86331432,141286,,,Audna - Helle til Tryland bekkefelt,,,,,86331432.0,FV461 S3D1 m8875,Vann,1000.0,,,1000.0,,13.0,Betong,,,POINT Z (54267.895 6484874.56 226.702),Enkel bilveg,,Lyngdal,Sirkulær,Kum,StikkKulv
251.0,251.0,256,256,,"Grei kulvert, noe bratt bekk oppstrøms. Ser fisk på begge sider av kulvert.",Nei,4,0,40.0,Kristiansand ,Nei,"426 007,302","6 444 905,205",256.0,"ok, så en fisk, bratt stigning, 2 små rør oger",5.0,100.0,1000.0,12.0,Lav,Middels,0,0.0,"425 983,979","6 444 907,832",Ikke hinder,Nei,022-696-R,0,,,022.2B0,86106668,-224764,nær 86106668,,Trondstadvatnet bekkefelt,,,,,86106668.0,FV3976 S1D1 m6346,Vann,300.0,,,300.0,,7.0,Plast,,,POINT Z (73224.259 6467230.75 87.368),Enkel bilveg,,Kristiansand,Sirkulær,I bekk/elv,StikkKulv
266.0,266.0,271,270,,"Ikke hinder nødvendigvis, men veldig gjengrodd bekk, stillestående vann ",Nei,0,0,15.0,Søgne ,Nei,"425 830,949","6 437 774,278",270.0,"hele kulvert under vann, ser temmelig tett ut, så en fisk",40.0,100.0,1000.0,15.0,Høy,Lav,0,0.0,"425 839,5","6 437 796,593",Ikke hinder,Nei,022-723-R,0,,,022.221,86136687,30019,,,Hundsøyfjorden bekkefelt,,,,,86136687.0,FV3970 S1D1 m16,Vann,300.0,,,300.0,,30.0,Betong,,,POINT Z (72420.466 6460119.792 18.224),Enkel bilveg,,Kristiansand,Sirkulær,I bekk/elv,StikkKulv
589.0,589.0,595,592,,0,Ja,10,"20 cm dyp, middels stor",20.0,Listadveien,Nei,"403 146,94","6 457 391,741",592.0,0,3.0,100.0,1000.0,12.0,Lav,Lav,Lølandsveiem,0.0,"402 386,421","6 451 799,908",Ikke hinder,Nei,023-94-R,0,,,023.B110,296046343,209909656,,,Audna - Helle til Tryland bekkefelt,,,,,296046343.0,FV460 S2D1 m21792,,300.0,,,300.0,,,Plast,,,POINT Z (51550.384 6481741.226 66.127),Enkel bilveg,,Lyngdal,,,StikkKulv
63.0,63.0,68,73,,"Ser ikke utløp, vandring blir begrenset av lengde sannsynligvis ",Nei,0,0,0.0,Mandal Daleveien Hovmoen,Ja,"412 628,055","6 439 718,852",73.0,"Gitter med 20cm, veldig lang, usikker på vandring her. ",8.0,120.0,1200.0,60.0,Middels,Lav,Mandal 13,0.0,"412 543,185","6 439 679,524",Absolutt,Ja,ikke VF,bekkelukking,,,022.A410,1026122399,730076056,,,,,,,,1026122399.0,KV20230 S1D1 m47,Vann,,,,1200.0,,,,,,POINT Z (59327.861 6463234.62 7.182),Enkel bilveg,,Lindesnes,,,StikkKulv
363.0,363.0,368,365,,"Gitter oppstrøms, som kan fange kvist. Noe høyt opp mot kulvert ved lav vannstand. Rett ut i innsjø nedstrøms. ",Nei,45,0,20.0,Aklandsveien (sidebekk Ekjsø),Ja,"498 860,012","6 512 305,109",365.0,Stillestående bekk oppstrøms. Gitter foran åpning med 15cm mellom gitter. ,10.0,100.0,1000.0,15.0,Lav,Lav,Gjerstad ,0.0,"498 838,803","6 512 276,802",Absolutt,Ja,018-118-R,0,,,018.3Z,84657829,-941464570,,,"Ekksjø, bekkeløp",,,,,84657829.0,FV416 S1D1 m8324,Vann,400.0,,,400.0,Nei,11.58105014,Plast,,Nei,POINT Z (151636.085 6528111.665 138.495),Enkel bilveg,,Vegårshei,Sirkulær,I skråning/terreng,StikkKulv
99.0,99.0,104,108,,"Kulvert nesten gravd ned, og helt under vann. Vil kunne være tungvind å vandre gjennom, sannsynlig hinder.",Nei,0,0,40.0,Grimstad ,Usikker,"466 396,489","6 473 761,404",108.0,stikkrenne,10.0,100.0,1000.0,8.0,Lav,Lav,Grimstad ,0.0,"466 402,543","6 473 784,795",Partiell,Usikker,019-583-R,0,,,019.AZ,84697318,39489,,,Storåna (Rjukanfossen - Vrålstadvatnet),,,,,84697318.0,FV404 S3D1 m6813,Vann,400.0,,,400.0,,12.0,Betong,,,POINT Z (116122.167 6492415.839 166.011),Enkel bilveg,,Grimstad,Sirkulær,,StikkKulv
580.0,580.0,586,583,,0,Ja,0,Vannspeil på 20 kvm god dybde,40.0,Bjørkenes,Nei,"412 649,249","6 443 837,686",583.0,Burde hatt fisketerskler for å ha høyere vannføring,10.0,100.0,1000.0,6.0,Middels,Middels,Kyredalen,0.0,"412 426,642","6 444 561,572",Ikke hinder,Nei,022-815-R,0,,,022.A3Z,223774408,139077090,,,Mandalselva - Øyslebø til Mandal bekkefelt,,,,,223774408.0,FV4006 S1D1 m1391,Vann,400.0,,,400.0,,,Plast,,,POINT Z (59796.403 6467342.558 26.393),Enkel bilveg,,Lindesnes,,,StikkKulv
236.0,236.0,241,242,,"Vandringshinder for ål, ligger en flat stein foran utløp til kulvert. Og rør stikker ut av vegg ",Nei,40,0,20.0,Brelandsveien (bekk renner ned til Nedre Smørtjenn),Ja,"420 041,163","6 452 679,071",242.0,"1 stort og 2 små rør, ser grei ut",15.0,100.0,1000.0,8.0,Middels,Lav,0,0.0,"420 028,196","6 452 672,489",Absolutt,Ja,022-663-R,0,,,022.ABZ,1007467850,783693442,,,Høyevatnet bekkefelt,,,,,1007467850.0,FV4238 S2D1 m5817,Vann,400.0,,,400.0,,6.55,Plast,,,POINT Z (67968.747 6475506.923 178.313),Enkel bilveg,,Lindesnes,Sirkulær,I bekk/elv,StikkKulv
322.0,322.0,327,323,,"Usikker på om denne er hinder da den ligger dypt, og er vanskelig å se. Men mulig ok. Bekk er kalket nedstrøms ",Nei,0,0,40.0,Froland ,Usikker,"481 677,029","6 486 019,72",323.0,"vanskelig å se rør, men må være et rør der",50.0,100.0,1000.0,8.0,Middels,Lav,0,0.0,"481 684,662","6 486 046,801",Partiell,Usikker,019-691-R,0,,,019.B31,84437139,-923030711,,,Solheimsvannet - Hurvjeevja bekkefelt,,,,,84437139.0,FV3724 S1D1 m3489,Vann,600.0,,,600.0,Nei,6.0,Plast,,Ja,POINT Z (132445.826 6503283.238 95.328),Enkel bilveg,,Froland,Sirkulær,I bekk/elv,StikkKulv
163.0,163.0,168,171,,Kulvert helt grei. Tør bekk nedstrøms. Vandring mulig ved høyere vannstand. ,Nei,0,0,20.0,Høvåg ,Nei,"455 011,995","6 449 590,427",171.0,fin bekk og betong kulvert,5.0,100.0,1000.0,12.0,Lav,Lav,0,0.0,"455 026,906","6 449 600,02",Ikke hinder,Nei,020-397-R,0,,,020.41,84706503,269364,,,Isefjærfjorden bekkefelt,,,,,84706503.0,FV401 S1D1 m2860,Vann,600.0,,,600.0,,10.0,Betong,,,POINT Z (102605.167 6469304.428 8.091),Enkel bilveg,,Lillesand,Sirkulær,,StikkKulv
579.0,579.0,585,582,,Renner ut i annen bekk,Nei,80,0,40.0,Nøding,Ja,"414 338,827","6 440 775,661",582.0,Umulig for å vandre til kulvert,10.0,100.0,1000.0,10.0,Middels,Lav,0,0.0,"414 876,382","6 446 168,439",Absolutt,Ja,022-815-R,0,,,022.A3Z,86121088,1414585,,,Mandalselva - Øyslebø til Mandal bekkefelt,,,,,86121088.0,FV459 S2D1 m4710,Vann,600.0,,,600.0,Nei,13.47,Betong,,Ja,POINT Z (61221.675 6464138.045 23.73),Enkel bilveg,Plast forlenger innløpet,Lindesnes,Sirkulær,I bekk/elv,StikkKulv
412.0,412.0,417,414,,Kulvert ser ok ut. Men bekk svært tør og redusert. Nesten vanskelig å se bekk. ,Nei,0,0,20.0,Grimstad ,Nei,"476 512,248","6 474 188,346",414.0,"Ser ikke ut som hinder. Men bekk svært redusert, kun tydelig bekkeløp rett ved kulvert, ellers bare vegetasjon. ",20.0,100.0,1000.0,16.0,Lav,Lav,Grimstad ,0.0,"476 501,414","6 474 174,743",Ikke hinder,Nei,019-698-R,0,,,019.B1,84433938,-1687150,,,Nidelva Furre - Rygene kraftverk bekkefelt,,,,,84433938.0,FV3638 S1D1 m159,,800.0,,,800.0,,12.0,Betong,,,POINT Z (126242.379 6491925.698 40.591),Enkel bilveg,,Grimstad,,,StikkKulv
173.0,173.0,178,181,,"Kulvert sannsynligvis grei, veldig tør. Men usikker på stigning på bekk lengre nede. ",Nei,0,0,0.0,Høvåg ,Nei,"456 243,335","6 454 362,054",181.0,"kulvert ligger akkurat over bekk, dermed tørr, tørt vær",0.0,100.0,1000.0,5.0,Lav,Lav,0,0.0,"456 228,206","6 454 373,124",Ikke hinder,Nei,020-281-R,0,,,020.223Z,84450794,16856,,,"Vallesværelva, bekkefelt",,,,,84450794.0,FV3658 S1D1 m2423,Vann,800.0,,,800.0,,,Betong,,,POINT Z (104255.464 6473972.48 53.147),Enkel bilveg,,Lillesand,,,StikkKulv
398.0,398.0,403,400,,"Denne ser fin ut, er støpt. Ser fisk nedstrøms, og det er noe vannføring. ",Nei,40,0,10.0,Tvedestrand ,Nei,"494 534,435","6 490 845,233",400.0,"Lite vann oppstrøms, men passerer noe vann igjennom, kulvert ser fin ut ",5.0,100.0,1000.0,12.0,Lav,Lav,Tvedestrand ,0.0,"494 540,596","6 490 826,477",Ikke hinder,Nei,018-258-R,0,,,018.7AZ,84582396,131602,,,Langangselva bekkefelt,,,,,84582396.0,FV422 S1D1 m5110,Vann,800.0,,,800.0,Nei,9.0,Betong,,,POINT Z (145718.887 6506920.124 8.511),Enkel bilveg,,Tvedestrand,Sirkulær,I bekk/elv,StikkKulv
489.0,489.0,494,489,,"Veldig bratt opp til åpning, og kulvert er nok bratt også. Plus naturlig hinder oppstrøms. ",,100,0,10.0,Messelveien (sidebekk Nidelva),Ja,"478 286,462","6 482 795,127",489.0,"Sliter med å finne åpning på grunn av vegetasjon. Men er så bratt oppstrøms, at fisk ikke vil komme lengre opp. ",0.0,0.0,,0.0,,0,Froland ,0.0,"478 313,737","6 482 816,624",Absolutt,Ja,Ikke VF,0,,,019.B31,84584853,2457,,,,,,,,84584853.0,FV408 S1D1 m9731,Vann,800.0,,,800.0,,26.0,Betong,,,POINT Z (128806.311 6500376.329 54.845),Enkel bilveg,,Froland,,,StikkKulv
30.0,30.0,35,40,,"Ikke hinder, men noe avstand fra kulp til stikkrenne. Vandring bør være ok. Litt mye vegetasjon foran stikkrenne. ",Ja,60,"Liten kulp, sannsynligvis større ved mer vann. Stor avstand fra kulvert til rør. ",10.0,Mot søgne,Nei,"436 881,005","6 440 397,721",40.0,ingen vandringshinder,2.0,60.0,600.0,15.0,Lav,Lav,holskogen,0.0,"436 854,307","6 440 394,855",Partiell,Nei,ikke VF,"partiell, ubetydelig bekk",,,022.110,86123319,1538466,,,,,,,,86123319.0,FV456 S2D1 m1905,Vann,1000.0,,,1000.0,,21.06,Betong,,,POINT Z (83923.417 6461938.724 8.557),Enkel bilveg,,Kristiansand,Sirkulær,Åpen grøft,StikkKulv
343.0,343.0,348,344,,"Ikke hinder, ved riktig vannføring. Bekk helt tør. Kulverter ok.",Nei,30,0,0.0,Gjerstad ,Nei,"500 961,705","6 529 031,352",344.0,"Helt tør bekk, noe igjengrodd. Men selve kulverten ser grei ut.",0.0,100.0,1000.0,10.0,Lav,Lav,Gjerstad ,0.0,"500 955,722","6 529 052,298",Ikke hinder,Nei,018-204-R,0,,,018.2E4,84586712,-1536607,,,"Storelva (Lundvatnet - Gjerstadvatnet), bekkefelt",,,,,84586712.0,FV3686 S1D1 m2582,Vann,800.0,,,800.0,Nei,6.52254947,Plast,,Nei,POINT Z (155552.903 6544462.81 58.699),Enkel bilveg,2 stk 800 plast paralelt.,Gjerstad,Sirkulær,I bekk/elv,StikkKulv
224.0,224.0,229,231,,"Kulvert lander på en sandstrand, mulig denne kan vandres ved veldig mye høyere vann, men tenker det er usannsynlig ",Nei,40,0,0.0,Normannvikveien (bekk Dypvågkilen),Ja,"503 660,191","6 498 788,277",231.0,bratt og tørr  eller ok,0.0,80.0,800.0,20.0,Lav,Lav,0,0.0,"503 672,901","6 498 807,137",Absolutt,Ja,Ikke VF,0,,,018.52,ikke i nvdb,,nær 84494447,,,,,,,,,,,,,800.0,,,,,,,,,,,,
160.0,160.0,165,168,,"Ikke egnet habitat for ferskvannsfisk, noe rumpetroll nedstrøms. Ikke relevandt ",Nei,0,0,20.0,Ramsdalen,Nei,"455 072,669","6 446 014,242",168.0,sjø til sjø kulvert på myr,30.0,70.0,700.0,8.0,Lav,Lav,RAMSDALEN,0.0,"455 076,669","6 445 976,851",Ikke hinder,Nei,ikke VF,0,,,020.421,84439138,,,,,,,,,84439138.0,FV3648 S1D1 m1402,Vann,300.0,,,300.0,Nei,6.0,Betong,,Nei,POINT Z (102343.708 6465708.972 1.504),Enkel bilveg,,Lillesand,Sirkulær,I skråning/terreng,StikkKulv
47.0,47.0,52,57,,"Fin kulvert, ikke vandringshinder. Grei vannføring ",Nei,0,0,20.0,Søgne ,Nei,"428 487,826","6 438 228,406",57.0,en del kvister eller ok,10.0,100.0,1000.0,10.0,Lav,Middels,høllen,0.0,"428 516,847","6 438 242,538",Ikke hinder,Nei,022-719-R,0,,,022.21,86110936,1671798,,,Høllefjorden bekkefelt,,,,,86110936.0,FV3966 S1D1 m1913,Vann,800.0,,,800.0,,15.0,Stål,,,POINT Z (75120.715 6460336.839 1.648),Enkel bilveg,,Kristiansand,Sirkulær,I bekk/elv,StikkKulv
591.0,591.0,597,594,,Stillestående vann gjennom kulvert ,Nei,0,0,30.0,Styggedalen,Nei,"402 608,791","6 452 034,679",594.0,0,30.0,100.0,1000.0,10.0,Middels,Lav,Audnedalsveien 1445,0.0,"402 820,713","6 451 462,861",Ikke hinder,Nei,023-131-R,0,,,023.A22,86331902,220966,,,Audna - Tryland til Spilling bekkefelt,,,,,86331902.0,FV460 S2D1 m15704,Vann,800.0,,,800.0,,12.0,Plast,,,POINT Z (50517.689 6476427.562 31.207),Enkel bilveg,,Lindesnes,Sirkulær,,StikkKulv
564.0,564.0,569,567,,"Vann renner ikke gjennom kulvert, men på siden. Kulvert er derfor hinder. Noe blokkering av kvist og stein nedstrøms. ",Ja,200,Naturlig kulp dannet av stein. ,20.0,Tvedestrand ,Ja,"492 439,332","6 500 280,535",567.0,fin,5.0,100.0,1000.0,12.0,Middels,Lav,0,0.0,"492 463,275","6 500 273,418",Absolutt,Ja,018-270-R,0,,,018.C12,742844851,656512949,,,Storelva Ubergsvann - Songevann bekkefelt,,,,,742844851.0,FV3468 S1D1 m1836,Vann,800.0,,,800.0,Nei,18.51781026,Betong,,Nei,POINT Z (144480.922 6516527.697 59.926),Enkel bilveg,,Tvedestrand,Sirkulær,I skråning/terreng,StikkKulv
137.0,137.0,143,146,,"Noe igjengrodd bekk, men kulvert er grei, fin gammel steinkulvert. ",Nei,0,0,10.0,Søm,Nei,"450 545,931","6 444 673,749",146.0,"kulvert I stein, gjengrodd, sildrer bra, plastrør inni",10.0,100.0,1000.0,12.0,Lav,Lav,Randesund ,0.0,"450 557,912","6 444 671,931",Ikke hinder,Nei,020-400-R,0,,,020.423Z,814781923,71937072,,,Eftevågbekken,,,,,814781923.0,FV496 S1D1 m16536,Vann,,800.0,800.0,800.0,,,Naturstein,,,POINT Z (97708.774 6464800.92 17.51),Enkel bilveg,,Kristiansand,Rektangulær,Åpen grøft,StikkKulv
370.0,370.0,375,372,,"Selve kulvert er nok ikke hinder. Men er veldig bratt opp mot kulvert, uten veldig tydelig bekkeløp. ",Nei,0,0,0.0,Arendal ,Usikker,"488 724,272","6 489 261,082",372.0,Noe bratt stigning oppstrøms. Og helt tørt. ,0.0,100.0,1000.0,15.0,Lav,Lav,Arendal ,0.0,"488 695,037","6 489 261,726",Partiell,Usikker,018-254-R,0,,,018.7B,915718120,100936197,,,Molandsvann bekkefelt,,,,,915718120.0,FV421 S6D1 m5617,Vann,800.0,,,800.0,Nei,19.88,Betong,,,POINT Z (139770.176 6505876.07 46.132),Enkel bilveg,,Arendal,Sirkulær,,StikkKulv
24.0,24.0,28,33,,Ikke vandringshinder hvis fisken kommer hit ,Nei,0,0,5.0,Ålefjær,Nei,"440 696,033","6 457 767,735",33.0,"Sannsynligvis uinteressant i forhold til fisk, men vil ikke være barriere ",5.0,100.0,1000.0,8.0,Lav,Lav,0,0.0,"440 702,481","6 457 761,828",Ikke hinder,Nei,021-1485-R,0,,,021.A4Z,1025889676,110171556,,,Venneslafjorden bekkefelt,,,,,1025889676.0,FV453 S1D1 m1161,Vann,800.0,,,800.0,,26.0,Plast,,Ja,POINT Z (89038.211 6478742.729 97.149),Enkel bilveg,,Vennesla,Sirkulær,Åpen grøft,StikkKulv
598.0,598.0,604,602,,Blir litt dypere i kulpen,Ja,8,"Stor, romslig, dyp",25.0,Utløp Bjødneråsen,Nei,"408 083,447","6 446 726,941",602.0,0,27.0,100.0,1000.0,6.0,Middels,Lav,Utløp Bjødneråsen,0.0,"408 085,052","6 446 717,758",Ikke hinder,Nei,023-168-R,0,,,023.A121Z,86187874,-939701802,,,Audna - Spilling til Melhusfossen bekkefelt,,,,,86187874.0,FV4008 S2D1 m3337,Vann,900.0,,,900.0,,12.0,Plast,,,POINT Z (55494.557 6470632.712 219.401),Enkel bilveg,,Lindesnes,Sirkulær,Kum,StikkKulv
422.0,422.0,427,424,,"Fisk nedstrøms. Kulvert er fulstending blokkert for vandring oppstrøms av kvist, og delvis nedstrøms av stein, sand og kvist. Denne bør ryddes, nåværende hinder ",Nei,0,0,10.0,Mollandsveien (bekk leder mot Morvigfjorden),Ja,"473 712,591","6 464 300,396",424.0,"To kulverter på 100cm. Blir blokkert av kvist foran kulverter. Og i bekk før kulvert. Vann renner ikke gjennom ingang, men under også inn i kulvert. Denne bør renskes. ",20.0,100.0,1000.0,20.0,Lav,Lav,Grimstad ,0.0,"473 704,355","6 464 343,278",Absolutt,Ja,019-576-R,0,,,019.218Z,84427115,-1760759,,,"Morvigbekken, bekkefelt",,,,,84427115.0,FV3622 S1D1 m3310,Vann,1000.0,,,1000.0,Nei,15.0,Betong,,Ja,POINT Z (122562.261 6482335.896 22.436),Kanalisert veg,,Grimstad,Sirkulær,I bekk/elv,StikkKulv
421.0,421.0,426,423,,"Ikke hinder, kulvert sannsynligvis ok. Fin bekk nedstrøms. Ser fisk. Kommer inn en liten stikkrenne ved utløp, vet ikke hvor denne kommer fra ",Nei,0,0,30.0,Grimstad ,Nei,"473 844,839","6 464 421,123",423.0,"Fisk oppstrøms. Grei vannføring, litt lite vann i bekk. Noe kvist foran åpning, men ikke hinder. ",5.0,100.0,1000.0,20.0,Middels,Middels,Grimstad ,0.0,"473 874,187","6 464 408,023",Ikke hinder,Nei,019-576-R,0,,,019.218Z,84427124,9,,,"Morvigbekken, bekkefelt",,,,,84427124.0,FV3622 S1D1 m3125,Vann,1000.0,,,1000.0,Nei,15.0,Betong,,Ja,POINT Z (122728.092 6482417.408 22.433),Enkel bilveg,,Grimstad,Sirkulær,I bekk/elv,StikkKulv
553.0,553.0,558,553,,Ikke vandringshinder. Men veldig stillestående vann. Noe fisk lengre nedstrøms. ,Nei,0,0,25.0,Grimstad ,Nei,"481 200,328","6 471 770,031",553.0,"Lav vannføring, og gjengrodd bekkeløp. Kulvert ikke hinder. ",5.0,100.0,1000.0,14.0,Lav,Lav,Grimstad ,0.0,"481 190,104","6 471 766,027",Ikke hinder,Nei,019-580-R,0,,,019.212Z,84433923,6799,,,Allemannsbekken,,,,,84433923.0,FV3630 S1D1 m43,,1000.0,,,1000.0,,14.0,Betong,,,POINT Z (130710.217 6489095.243 10.865),Enkel bilveg,,Grimstad,,,StikkKulv
417.0,417.0,422,419,,Denne ser ok ut. En del stillestående vann nedstrøms. Men grei bekk. ,Nei,0,0,50.0,Grimstad ,Nei,"476 181,944","6 469 966,44",419.0,Lav vannhastighet gjennom kulvert. Ikke hinder. Mye vegetasjon langs bekk oppstrøms. ,30.0,100.0,1000.0,9.0,Lav,Lav,Grimstad ,0.0,"476 172,443","6 469 964,61",Ikke hinder,Nei,019-510-R,0,,,019.2161Z,84434250,327,,,"Vikkilen, bekkefelt",,,,,84434250.0,FV3602 S2D1 m553,,1000.0,,,1000.0,,9.0,Betong,,,POINT Z (125538.82 6487752.933 46.544),Enkel bilveg,,Grimstad,,,StikkKulv
486.0,486.0,491,486,,Demning blokkerer foran kulverter. Selve kulvert sannsynligvis ok. ,Nei,0,0,50.0,Riseveien / Jernbaneveien (bekk del av Riseevja som renner ut i Nidelva),Ja,"478 357,583","6 480 663,409",486.0,"Stillestående vann, veldig turbid. Bekk landbrukspreget.",30.0,100.0,1000.0,18.0,Lav,Lav,0,0.0,"478 365,2","6 480 646,195",Absolutt,Ja,019-694-R,0,,,019.B1,84436129,1879,,,Messelbekken,,,,,84436129.0,FV3540 S1D1 m3747,Vann,1000.0,,,1000.0,Nei,18.0,Betong,,Ja,POINT Z (128675.799 6498216.159 43.563),Enkel bilveg,,Arendal,Sirkulær,I bekk/elv,StikkKulv
158.0,158.0,163,166,,Kulvert igjengrodd og fylt igjen med jord/slam nedstrøms. Bekkeløp er tørt og fult med kvist og jord. Bekk må graves ut for at denne skal kunne vandres og kulvert må graves ut og utbedres ,Nei,0,0,10.0,Skottevigveien (bekk renner ut i Bjåviga),Ja,"455 405,97","6 443 641,962",166.0,"tørr og gjengrodd,  kan ikke se kulvert, men må være et rør der",30.0,0.0,,12.0,Lav,Lav,0,0.0,"455 392,009","6 443 645,146",Absolutt,Ja,ikke VF,0,,,020.421,84431917,-4212,,,,,,,,84431917.0,FV3644 S1D1 m2067,Vann,400.0,,,400.0,Nei,8.0,Betong,,Nei,POINT Z (102459.929 6463336.942 10.377),Enkel bilveg,Finner ikke innløp,Lillesand,Sirkulær,I skråning/terreng,StikkKulv
296.0,296.0,301,299,,Litt kvist og stein i fremkant av kulvert. Bør være fin. Men noe høyde opp. Usikker på normal vannføring her ,Ja,40,"Ser ut som menneskeskapt kulp, men laget av steinz ",0.0,Birkenes ,Usikker,"451 379,313","6 463 484,208",299.0,tørr med fin  noe kvist,0.0,100.0,1000.0,12.0,Lav,Lav,0,0.0,"451 367,533","6 463 495,937",Partiell,Usikker,020-436-R,0,,,020.A6,84466993,35076,,,,,,,,84466993.0,FV3748 S2D1 m4351,Vann,1000.0,,,1000.0,,11.0,Betong,,,POINT Z (100215.059 6483504.833 62.736),Enkel bilveg,,Birkenes,Sirkulær,Kum,StikkKulv
448.0,448.0,453,449,,"Ikke hinder, men veldig bratt oppstrøms. ",,10,0,0.0,Vegårshei ,Nei,"490 059,576","6 511 510,805",449.0,"Veldig bratt etter kulvert, sannsynligvis ikke fiskehabitat ",0.0,100.0,1000.0,12.0,,0,Vegårshei ,0.0,"490 046,177","6 511 530,692",Ikke hinder,Nei,018-238-R,0,,,018.E,84488010,21017,,,Storelva - Hauglandselva bekkefelt,,,,,84488010.0,FV3700 S1D1 m2639,Vann,1000.0,,,1000.0,Nei,9.71660295,Betong,,Nei,POINT Z (143099.409 6527962.618 191.665),Enkel bilveg,,Vegårshei,Sirkulær,I bekk/elv,StikkKulv
274.0,274.0,279,278,,"Kulvert sannsynligvis fin, bekk er nok mest egnet som leder for vann fra jordbruk. Veldig igjengrodd og sølete stillestående vann. ",,0,0,0.0,Arendal ,,"490 361,237","6 488 017,244",278.0,"Kulverter ok, bekk med stillestående vann og mye vegetasjon i bekkeløp. Men fortsatt mulig habitat for brun Aure ",30.0,100.0,1000.0,14.0,Lav,Lav,Arendal ,0.0,"490 365,278","6 487 998,232",Ikke angitt,,018-254-R,0,,,018.7B,84506894,18884,,,Molandsvann bekkefelt,,,,,84506894.0,FV3500 S1D1 m1962,Vann,1000.0,,,1000.0,Nei,17.84189313,Betong,,Nei,POINT Z (141305.093 6504484.966 30.724),Enkel bilveg,,Arendal,Sirkulær,I bekk/elv,StikkKulv
380.0,380.0,385,382,,"Usikker på hinder, da dette er en lang kulvert. Og mulig det er kummer langs vei som renner ned i denne. Ved dagens vannføring lekker vann ut mellom to betongelementer før bekk. Ser ikke fisk, en del rumpetroll. ",Nei,30,0,30.0,Tvedestrand ,Usikker,"493 628,496","6 498 364,791",382.0,Går noe vann igjenom kulvert. Ser ok ut oppstrøms. ,20.0,100.0,1000.0,30.0,Lav,Lav,Tvedestrand ,0.0,"493 648,748","6 498 320,803",Partiell,Usikker,018-270-R,0,,,018.C12,84508661,1767,,,Storelva Ubergsvann - Songevann bekkefelt,,,,,84508661.0,KV1203 S1D1 m1519,Vann,1000.0,,,1000.0,Nei,38.0,Betong,,,POINT Z (145496.578 6514478.091 56.761),Enkel bilveg,,Tvedestrand,Sirkulær,,StikkKulv
419.0,419.0,424,420,,"Potensielt vandringshinder. Terskel inni kulvert, der det lekker vann i tillegg, vil børe krevende og passere. Fin bekk nedstrøms. ",Nei,40,0,30.0,Grimstad ,Ja,"476 857,641","6 469 869,692",420.0,"Lite vann, gammel kulvert. Mye kvist i bekk. Men ser ok ut ellers oppstrøms. Kort vei til lik kulvert oppstrøms ",5.0,100.0,1000.0,20.0,Lav,Lav,Grimsatd,0.0,"476 845,589","6 469 886,038",Absolutt,Ja,019-510-R,0,,,019.2161Z,84581461,72800,,,"Vikkilen, bekkefelt",,,,,84581461.0,FV3600 S1D1 m819,Vann,,,,1000.0,,,,,,POINT Z (126208.591 6487607.044 47.219),Enkel bilveg,,Grimstad,,,StikkKulv
120.0,120.0,125,128,,"Veldig høy stigning i noe uegnet bekk, med underdimensjoner plaststikrenne. Gjør denne til hinder og sannsynligvis barriere ",Nei,150,0,0.0,Songeveien ,Ja,"499 394,838","6 504 065,777",128.0,bratt men fin,10.0,80.0,800.0,80.0,Lav,Lav,Risør e18,0.0,"499 368,45","6 504 103,373",Absolutt,Ja,Ikke VF,0,,,018.322,84777899,196438,,,,,,,,84777899.0,EV18 S19D1 m3904,Vann,800.0,,,800.0,Nei,40.0,Betong,,,POINT Z (151742.903 6519711.694 21.776),Enkel bilveg,,Tvedestrand,Sirkulær,,StikkKulv
350.0,350.0,355,351,,Kulverter ser ok ut. 3 betongkulverter der 2 er like store. Ikke mange meter ut i fjorden etter kulvert. ,Nei,0,0,60.0,Risør ,Nei,"504 578,345","6 513 340,073",351.0,"2 kulverter i betong på 60cm og en i midten på 100cm. Der den største får alt vannet, siden det er lav vannføring. Slammete sediment oppstrøms. Men ser noe småfisk.",5.0,100.0,1000.0,8.0,Lav,Middels,Risør ,0.0,"504 586,112","6 513 351,376",Ikke hinder,Nei,018-249-R,0,,ikke sjekka,018.21,84585745,-192154,84453724 og 84585748,,Bekk fra Dukane,,,,,84585745.0,FV3446 S1D1 m327,Vann,1000.0,,,1000.0,Nei,8.0,Betong,,,POINT Z (157758.201 6528482.796 1.635),Enkel bilveg,,Risør,Sirkulær,,StikkKulv
335.0,335.0,340,336,,Greie betongkulverter. Ikke hinder.,Nei,0,0,15.0,Gjerstad,Nei,"507 353,147","6 523 977,123",336.0,"2 betongkulverter på 100cm, ikke hinder. Ser fine ut oppstrøms, men veldig lite vann. ",0.0,100.0,1000.0,16.0,Lav,Lav,Gjerstad ,0.0,"507 360,791","6 523 985,107",Ikke hinder,Nei,018-76-R,0,,,018.2D,84586643,898,Usikker NVDB da kulv er på sidevei,,"Gjerstadvatnet, bekkefelt",,,,,84586643.0,FV3688 S1D1 m3266,Vann,1000.0,,,1000.0,Nei,11.0,Betong,,,POINT Z (161328.004 6538694.224 105.693),Enkel bilveg,,Gjerstad,Sirkulær,Kum,StikkKulv
342.0,342.0,347,343,,"Det er mye kvist foran inngang, og der ligger et gammel sauegjerde foran. Vet ikke hvor mye fisk som kommer hit, men vil være hinder.",Nei,0,0,0.0,Indre vei (sidebekk storeelva),Ja,"501 548,562","6 528 301,981",343.0,"Helt tør oppstrøms, og bekk går gjennom et område med sau, ikke veldig tydelig bekkeleie. Sannsynligvis bare vann her ved veldig mye nedbør ",0.0,100.0,1000.0,12.0,Lav,Lav,Gjerstad ,0.0,"501 566,949","6 528 311,365",Absolutt,Ja,018-204-R,0,,,018.2E4,84586700,57,,,"Storelva (Lundvatnet - Gjerstadvatnet), bekkefelt",,,,,84586700.0,FV3686 S1D1 m3682,Vann,1000.0,,,1000.0,Nei,6.66392369,Betong,,Nei,POINT Z (156075.794 6543675.03 60.956),Enkel bilveg,,Gjerstad,Sirkulær,I bekk/elv,StikkKulv
346.0,346.0,351,347,,"Stillestående bekk, veldig mørt vannfarge. Kulvert ikke hinder. ",Nei,0,0,40.0,Gjerstad ,Nei,"494 643,611","6 531 828,579",347.0,"Veldig stillestående vann, men kulvert ikke hinder. ",30.0,100.0,1000.0,100.0,Lav,Lav,Gjerstad ,0.0,"494 650,887","6 531 844,543",Ikke hinder,Nei,018-59-R,0,,,018.2F,84586892,192,,,"Solemelva, bekkefelt",,,,,84586892.0,FV418 S4D1 m11064,Vann,1000.0,,,1000.0,Nei,12.0,Stål,,,POINT Z (149507.278 6547814.323 200.694),Enkel bilveg,,Gjerstad,Sirkulær,I bekk/elv,StikkKulv
345.0,345.0,350,346,,"Kulvert ikke hinder, helt tørt. Mulig bekk er for bratt til å vandres. Men må mye nedbør til før det skal kunne være aktuelt ",Nei,10,0,0.0,Gjerstad ,Nei,"495 482,689","6 531 481,069",346.0,"Bekk helt tør, og god stigning opp fra elv. Skal være høy vannføring før fisk går opp hit. ",0.0,100.0,1000.0,8.0,Lav,Lav,Gjerstad ,0.0,"495 489,202","6 531 491,505",Ikke hinder,Nei,018-59-R,0,,,018.2F,84586898,6,,,"Solemelva, bekkefelt",,,,,84586898.0,FV418 S4D1 m10131,Vann,1000.0,,,1000.0,Nei,9.0,Betong,,,POINT Z (150316.134 6547393.859 201.373),Enkel bilveg,,Gjerstad,Sirkulær,I bekk/elv,StikkKulv
126.0,126.0,131,134,,Rør ser ut til å være slammet igjen. Usikker på hvor egnet habitat på oversiden er uansett. Men ser fisk nedstrøms ,Nei,0,0,50.0,Søm,Ja,"446 655,54","6 446 213,255",134.0,"masse rør etter fv og grunt og masse mudder, gjwngrodd rør",20.0,60.0,600.0,12.0,Lav,Lav,Høvågveien,0.0,"446 664,453","6 446 236,1",Absolutt,Ja,Ikke VF,0,,,020.424Z,86135252,1548354,,,,,,,,86135252.0,FV401 S2D1 m5257,Vann,800.0,,,800.0,,11.0,Betong,,,POINT Z (93962.927 6466691.221 10.472),Enkel bilveg,,Kristiansand,Sirkulær,Kum,StikkKulv
362.0,362.0,367,364,,"Usikker på hinder, mulig denne kan vandres ved god vannføring. ",Nei,0,0,50.0,Gjerstad ,Usikker,"498 318,753","6 512 499,454",364.0,"Kulvert ser ok ut oppstrøms. Men helt tørt bekkeleie, og det går ikke vann gjennom kulvert ",0.0,100.0,1000.0,15.0,Lav,Lav,Gjerstad ,0.0,"498 300,911","6 512 502,691",Partiell,Usikker,018-118-R,0,,ikke sjekka,018.3Z,84657858,-1477394,,,"Ekksjø, bekkeløp",,,,,84657858.0,FV416 S1D1 m8056,Vann,1000.0,,,1000.0,Nei,15.64205655,Betong,,,POINT Z (151424.404 6528201.931 138.123),Enkel bilveg,,Vegårshei,Sirkulær,I bekk/elv,StikkKulv
134.0,134.0,140,142,,"Ser ikke gjennom kulvert. Veldig stillestående vann. Sikkert ok, mulig hinder lengre nedstrøms. Mye vegetasjon i bekk.",Nei,0,0,30.0,Søm,Nei,"448 094,855","6 441 797,392",142.0,"gjørmete og mye mudder, greit betonrør",2.0,100.0,1000.0,12.0,Lav,Lav,Randesund ,0.0,"448 099,822","6 441 815,37",Ikke hinder,Nei,Ikke VF,0,,,020.4240,814781866,730124008,,,,,,,,814781866.0,FV496 S1D1 m10460,Vann,1000.0,,,1000.0,,,Betong,,,POINT Z (95013.585 6462154.121 16.366),Enkel bilveg,,Kristiansand,Sirkulær,I bekk/elv,StikkKulv
481.0,481.0,486,482,,Renner omtrent ikke noe vann gjennom denne. Grei bekk nedstrøms. ,Nei,0,0,2.0,Arendal ,Usikker,"477 863,525","6 478 312,626",482.0,"Gjengrodd bekk, og lav vannføring. Usikker på om kulvert er hinder ",20.0,100.0,1000.0,20.0,Lav,Lav,Arendal ,0.0,"477 888,06","6 478 326,735",Partiell,Usikker,019-698-R,0,,,019.B1,84685221,-730096645,,,Nidelva Furre - Rygene kraftverk bekkefelt,,,,,84685221.0,FV408 S1D1 m4979,Vann,,,,1000.0,,,Betong,,,POINT Z (127985.936 6495941.309 45.025),Enkel bilveg,,Arendal,Sirkulær,,StikkKulv
101.0,101.0,106,110,,"Sannsynligvis grei ved normal vannstand, sannsynligvis ikke hinder ",Nei,20,0,0.0,Grimstad ,Nei,"464 536,906","6 474 662,994",110.0,"Dårlig vannstand, men sannsynligvis ok.",0.0,100.0,1000.0,10.0,Lav,Lav,Grimstad ,0.0,"464 528,203","6 474 644,287",Ikke hinder,Nei,019-466-R,0,,,019.AD,84697151,11930,,,"Kilandsvatnet, bekkefelt",,,,,84697151.0,FV404 S3D1 m9020,Vann,,,,1000.0,,,Betong,,,POINT Z (114344.316 6493463.19 163.966),Enkel bilveg,,Grimstad,Sirkulær,,StikkKulv
368.0,368.0,373,370,,"Sannsynligvis ikke hinder. Greit bekkeløp nedstrøms, men vanskelig å finne oppstrøms.",Nei,0,0,5.0,Arendal,Usikker,"488 351,008","6 487 914,627",370.0,"Ser noe småfisk oppstrøms. Noe redusert bekk oppstrøms, ser ut som om denne er gravd ut. ",0.0,100.0,1000.0,40.0,Lav,Lav,Arendal ,0.0,"488 307,046","6 487 938,684",Partiell,Usikker,018-254-R,0,,,018.7B,84773630,76479,,,Molandsvann bekkefelt,,,,,84773630.0,FV421 S6D1 m7064,Vann,1000.0,,,1000.0,Nei,40.0,Betong,,,POINT Z (139281.78 6504575.238 29.864),Enkel bilveg,,Arendal,Sirkulær,,StikkKulv
353.0,353.0,358,355,,"Ikke hinder, men vannkvalitet ser ikke bra ut, oljete skinnende vann. Og gjengrodd bekk, med lite vann. ",Nei,0,0,20.0,Gjerstad ,Nei,"504 262,27","6 519 480,149",355.0,"Helt stillestående vann, kulvert ikke hinder, men ikke veldig fint habitat oppstrøms slik vannføringen er nå ",40.0,100.0,1000.0,22.0,Lav,Lav,Gjerstad ,0.0,"504 237,506","6 519 457,474",Ikke hinder,Nei,018-75-R,0,,,018.2C,84782002,8372,,,"Sunda, bekkefelt",,,,,84782002.0,FV418 S1D1 m10152,Vann,1000.0,,,1000.0,Nei,35.0,Betong,,,POINT Z (157979.445 6534626.573 97.933),Enkel bilveg,,Gjerstad,Sirkulær,I bekk/elv,StikkKulv
141.0,141.0,147,150,,"Usikker på vandring gjennom selve kulvert, er litt liten ",Ja,70,"Grunn steinkulp 10cm vann nå, sikkert fin ved meir nedbør. ",10.0,Søm ,Usikker,"451 900,45","6 446 028,15",150.0,bekk ok litt mudder,3.0,70.0,700.0,25.0,Lav,Lav,Vesterhus,0.0,"451 845,464","6 446 031,859",Partiell,Usikker,Ikke VF,0,,,020.4231,84439441,-342561,,,,,,,,84439441.0,FV401 S1D1 m10191,,600.0,,,600.0,,14.0,Betong,,,POINT Z (99167.263 6466028.257 28.519),Enkel bilveg,,Lillesand,,,StikkKulv
352.0,352.0,357,354,,"Naturstein i bunn. Setter denne som hinder fordi denne sannsynligvis ikke er veldig fin oppstrøms. Plus noe høyde opp mot kulvert. Lite vann, men fin bekk nedstrøms",,40,0,30.0,Søndeledveien (bekk renner mot Brøbøvann),Ja,"504 907,552","6 515 961,652",354.0,Vann forsvinner ned i bakken et sted før kulvert. Rast en del stein her og ,0.0,80.0,800.0,20.0,Lav,Lav,Risør ,0.0,"504 881,284","6 515 968,734",Absolutt,Ja,Ikke VF,0,,,018.2A21,84469444,30003,2 til er mulige her,,,,,,,84469444.0,FV418 S1D1 m6209,Vann,600.0,,,600.0,Nei,18.0,Plast,,,POINT Z (158298.788 6531073.63 19.55),Enkel bilveg,,Risør,Sirkulær,I skråning/terreng,StikkKulv
530.0,530.0,535,531,,"Grei bekk nedstrøms, kulvert ikke hinder ",Nei,0,0,30.0,Mandal ,Nei,"418 343,025","6 433 334,727",531.0,"Grei bekk oppstrøms, kulvert ser ikke ut som hinder. Kommer naturlig hinder i form av en foss lengre oppstrøms. ",30.0,100.0,1000.0,14.0,Middels,Middels,Mandal ,0.0,"418 330,826","6 433 336,322",Ikke hinder,0,022-767-R,0,,,022.321,86102179,dubl,,,Harkmarkfjorden bekkfelt,,,,,86102179.0,FV4228 S1D1 m8544,Vann,1000.0,,,1000.0,,12.0,Betong,,,POINT Z (64543.968 6456347.988 1.768),Enkel bilveg,,Lindesnes,Sirkulær,I bekk/elv,StikkKulv
415.0,415.0,420,418,,"Kulvert tett innvendig. Hinder hvis fisk kommer hit, ellers bør dette utbedres uansett på grunn av potensialet for erosjon langs vei. ",Nei,0,0,0.0,Tauleveien (bekk fra Holletjenn),Ja,"476 275,374","6 470 424,347",418.0,"Kan se bekkeleie. Ikke noe vann. Selve kulvert er sannsynligvis tett oppstrøms av kvist. Hvis dette stemmer bør denne ses på, da vei sliter med en del erosjon lengre opp. ",0.0,60.0,600.0,20.0,Lav,Lav,Grimstad ,0.0,"476 270,263","6 470 435,705",Absolutt,Ja,ikke VF,0,,,019.2161Z,84434229,-1667950,,,,,,,,84434229.0,FV3602 S2D1 m1055,,,700.0,700.0,700.0,,12.0,Naturstein,,,POINT Z (125679.946 6488216.112 69.094),Enkel bilveg,,Grimstad,,,StikkKulv
540.0,540.0,545,541,,Sannsynligvis ikke hinder. Litt stillestående vann rett ved kulvert. Og steinkulvert går inn i rør lengre oppstrøms. ,Nei,0,0,40.0,Mandal ,Nei,"413 068,607","6 431 268,058",541.0,Litt stillestående vann. Og litt grøftepreget bekk. ,60.0,100.0,1000.0,16.0,Middels,Lav,Mandal ,0.0,"413 057,245","6 431 297,447",Ikke hinder,Nei,022-801-R,0,,,022.322,86103144,,,,Mannefjorden bekkefelt,,,,,86103144.0,FV4228 S1D1 m851,Vann,1000.0,,,1000.0,,25.0,Plast,,,POINT Z (59090.045 6454784.718 11.209),Enkel bilveg,,Lindesnes,Sirkulær,I skråning/terreng,StikkKulv
509.0,509.0,514,509,,"Denne er sannsynligvis ikke vandringshinder. Men med tanke på erosjon oppstrøms, burde rør nummer to vært rensket. Noe grøftepreget bekkeløp. ",Nei,0,0,5.0,Mandal ,Usikker,"412 190,68","6 432 904,75",509.0,God vannføring. Noe grøftepreget bekk oppstrøms. Det er to stålstikkrenner ø100cm. Der den ene av disse er blokkert av kvist oppstrøms. ,10.0,100.0,1000.0,10.0,Middels,Høy,Mandal ,0.0,"412 195,749","6 432 896,724",Ikke hinder,Usikker,022-789-R,0,,,022.32A,86103239,dubl,,,Jåbekken bekkfelt,,,,,86103239.0,FV230 S1D1 m943,Vann,1000.0,,,1000.0,,8.0,Stål,,,POINT Z (58366.779 6456464.771 24.806),Enkel bilveg,,Lindesnes,Sirkulær,I bekk/elv,StikkKulv
247.0,247.0,252,253,,"Tenker denne er grei å passere for fisk, ved litt høyere vannføring. Sannsynligvis hinder for ål, hvis det er ål her. ",Nei,15,0,10.0,Mandal ,Nei,"425 270,297","6 446 131,796",253.0,OK kulvert og masse parkslirekne ,10.0,100.0,1000.0,20.0,Lav,Lav,0,0.0,"425 246,307","6 446 102,603",Partiell,Nei,022-696-R,0,,,022.2B0,86106569,dubl,,,Trondstadvatnet bekkefelt,,,,,86106569.0,FV3976 S1D1 m8342,Vann,1000.0,,,1000.0,,23.0,Betong,,,POINT Z (72597.799 6468483.458 144.523),Enkel bilveg,,Kristiansand,Sirkulær,I bekk/elv,StikkKulv
249.0,249.0,254,254,,"Grei stikkrenne, ikke hinder.",Nei,0,0,20.0,Mandal ,Nei,"425 716,414","6 445 368,362",254.0,greinm2n bratt litt senere,5.0,100.0,1000.0,10.0,Lav,Lav,0,0.0,"425 703,431","6 445 361,852",Ikke hinder,Nei,022-696-R,0,,,022.2B0,86106641,dubl,nær 86106641,,Trondstadvatnet bekkefelt,,,,,86106641.0,FV3976 S1D1 m7080,Vann,1000.0,,,1000.0,,7.0,Plast,,,POINT Z (72997.025 6467701.8 112.138),Enkel bilveg,,Kristiansand,Sirkulær,I bekk/elv,StikkKulv
255.0,255.0,260,260,,"Se kart, er det demning lengre oppstrøms? Men kulverter ok, ene med vannføring lekker litt, men bør kunne passeres ",Nei,20,0,10.0,Kristiansandn,Usikker,"426 414,929","6 443 535,723",260.0,"steinbro  ok, to store betongrør,  ser greit ut",5.0,100.0,1000.0,12.0,Middels,Lav,0,0.0,"426 451,167","6 443 518,703",Ikke hinder,Usikker,022-777-R,0,,,022.2A,86106752,dubl,,,Tverråna – Tronstadvannet til Lundeelva bekkefelt,,,,,86106752.0,FV3976 S1D1 m4289,Vann,1000.0,,,1000.0,,9.0,Betong,,,POINT Z (73525.047 6465810.757 40.505),Enkel bilveg,,Kristiansand,Sirkulær,I bekk/elv,StikkKulv
502.0,502.0,507,502,,Kulvert ikke hinder. ,Nei,0,0,5.0,Mandal ,Nei,"414 619,291","6 437 232,669",502.0,Litt lite vann oppstrøms. Men grei vannføring. Ligger en del sand inni kulvert. Veldig utgravd bekk oppstrøms. ,10.0,100.0,1000.0,14.0,Middels,Middels,Mandal ,0.0,"414 615,021","6 437 244,226",Ikke hinder,Nei,022-758-R,0,,,022.3C,86109478,2726,,,Skagestadvatnet bekkefelt,,,,,86109478.0,FV3973 S1D1 m1848,Vann,1000.0,,,1000.0,,12.0,Betong,,,POINT Z (61176.326 6460582.468 35.631),Enkel bilveg,,Lindesnes,Sirkulær,,StikkKulv
45.0,45.0,50,55,,"Ikke vandringshinder, ser fisk nedstrøms. Sannsynligvis mindre avstand mot røret når vannet er høyere. ",Nei,15,0,40.0,Birkelandveien,Nei,"432 193,811","6 444 588,665",55.0,"Et av elementene i kulverten er ødelagt, risiko? Vandringsmessig ok, men lite vannføring nå. ",5.0,100.0,1000.0,15.0,Lav,Lav,Birkenesveien ,0.0,"432 181,934","6 444 584,595",Ikke hinder,Nei,022-840-R,0,,,022.A21,86116849,dubl,,,Songdalselva - Samløp Sogna og Gumpedalselva til Brennåsen,,,,,86116849.0,FV3952 S1D10 m281,Vann,1000.0,,,1000.0,,22.0,Betong,,,POINT Z (79378.654 6466337.662 14.182),Enkel bilveg,,Kristiansand,Sirkulær,I bekk/elv,StikkKulv
534.0,534.0,539,535,,"Tenker denne er hinder både på grunn av høyde mot inngang, der det i tillegg ligger et vannføring. Plus stigningen på stikkrennen. ",Ja,40,"Antydning til kulp, fordypning i bekk. ",40.0,Tredgeveien (bekk renner ned til Skogøysundet),Ja,"416 617,756","6 430 701,088",535.0,"Noe kvist foran kulvert, men ikke hinder. Ellers grei bekk. ",5.0,100.0,1000.0,20.0,Lav,Høy,Mandal ,0.0,"416 616,245","6 430 727,824",Absolutt,Ja,Ikke VF,0,,,022.322,86102269,-14580,,,,,,,,86102269.0,FV4228 S1D1 m4856,Vann,800.0,,,800.0,,20.0,Betong,,,POINT Z (62593.532 6453888.704 11.747),Enkel bilveg,,Lindesnes,Sirkulær,I bekk/elv,StikkKulv
21.0,21.0,25,30,,"Bra bunnforhold og vegetasjon. Kulvert ikke vandringshinder, bra ",Nei,5,0,10.0,Ålefjær,Nei,"442 336,913","6 456 115,371",30.0,"Ikke vandringshinder bra, forholdsvis greit med vann, vil derfor ha høy vannføring ved normalt nedbørsnivå. ",10.0,100.0,1000.0,15.0,Middels,Lav,Ålefjær,0.0,"442 325,291","6 456 137,634",Ikke hinder,Nei,021-851-R,0,,,021.121Z,86132589,30320,,,Ålefjærfjorden bekkefelt,,,,,86132589.0,FV453 S1D1 m3989,Vann,1000.0,,,1000.0,Nei,21.1,Naturstein,,Ja,POINT Z (90526.251 6476963.57 29.101),Enkel bilveg,betong inn/Utløp,Kristiansand,Sirkulær,Åpen grøft,StikkKulv
139.0,139.0,145,148,,Selve kulvert ok. Mye sediment og planter i bekk. Mye landbruksavrenning,Nei,0,0,10.0,Søm ,Nei,"449 426,54","6 446 058,139",148.0,små bekk/grøft,20.0,100.0,1000.0,10.0,Lav,Lav,Drange,0.0,"449 417,535","6 446 065,978",Ikke hinder,Nei,020-327-R,0,,,020.4260,86135049,2460,,,Drangsvatna bekkefelt,,,,,86135049.0,FV401 S2D1 m1261,Vann,1000.0,,,1000.0,Nei,8.97,Betong,,Ja,POINT Z (96717.734 6466275 13.277),Enkel bilveg,,Kristiansand,Sirkulær,Åpen grøft,StikkKulv
136.0,136.0,142,145,,Ikke nødvendigvis vandringshinder selve kulverten. Men kommer hinder lengre nedstrøms sannsynligvis. Ny liten betongstikkrenne.,Nei,0,0,2.0,Søm,Usikker,"448 878,751","6 445 912,639",145.0,bekk ut i myr,30.0,100.0,1000.0,10.0,Lav,Lav,Drange,0.0,"448 886,26","6 445 890,966",Partiell,Usikker,020-327-R,0,,,020.4260,86135085,36,,,Drangsvatna bekkefelt,,,,,86135085.0,FV401 S2D1 m1856,Vann,1000.0,,,1000.0,Nei,12.24,Plast,,Ja,POINT Z (96155.054 6466176.881 12.572),Enkel bilveg,,Kristiansand,Sirkulær,Åpen grøft,StikkKulv
267.0,267.0,272,271,,"Kulvert helt under vann, mye gjengroing og rør fylt av slam. Burde spyles ",Nei,0,0,20.0,Trynesveien (bekk renner ned fra Oftenestjønna),Ja,"425 781,162","6 437 730,735",271.0,grumsete  og kulvert under vann,40.0,100.0,1000.0,12.0,Lav,Lav,0,0.0,"425 791,294","6 437 730,337",Ikke hinder,Ja,022-723-R,0,,,022.221,86136683,dubl,,,Hundsøyfjorden bekkefelt,,,,,86136683.0,FV3970 S1D1 m87,Vann,,,,1000.0,,7.0,,,,POINT Z (72374.778 6460069.556 18.193),Enkel bilveg,,Kristiansand,,I bekk/elv,StikkKulv
597.0,597.0,603,601,,0,Nei,0,0,40.0,Vågestad,Nei,"408 319,485","6 447 951,031",601.0,0,29.0,100.0,1000.0,7.0,Middels,Lav,0,0.0,"408 303,855","6 447 944,526",Ikke hinder,Nei,022-650-R,0,,,022.B1Z,86187950,51267,,,Mandalselva - Laudal til Øyslebø bekkefelt,,,,,86187950.0,FV4008 S2D1 m1013,Vann,1000.0,,,1000.0,,8.0,Betong,,,POINT Z (55849.123 6471828.222 229.936),Enkel bilveg,,Lindesnes,Sirkulær,Kum,StikkKulv
58.0,58.0,63,68,,"Bratt, mulig ål vandrer. Lite vann nå ",Nei,10,0,0.0,Mandal 9 ,Usikker,"411 484,48","6 436 727,969",68.0,"Ikke hinder, men bratt oppstrøms. ",5.0,100.0,1000.0,8.0,Lav,Lav,Mandal 9 ,0.0,"411 478,816","6 436 716,519",Partiell,Usikker,022-815-R,0,,,022.A3Z,86189791,1841,,,Mandalselva - Øyslebø til Mandal bekkefelt,,,,,86189791.0,FV4000 S1D1 m469,Vann,1000.0,,,1000.0,,10.0,Plast,,,POINT Z (58018.867 6460340.874 14.276),Enkel bilveg,,Lindesnes,Sirkulær,Kum,StikkKulv
581.0,581.0,587,584,,"Kulvert er grunn, Max 5cm vann",Nei,5,0,20.0,Kyrredalen,Usikker,"412 425,04","6 444 564,863",584.0,0,30.0,100.0,1000.0,5.0,Middels,Middels,Nedre foss,0.0,"401 966,932","6 442 802,7",Partiell,Usikker,022-815-R,0,,,022.A3Z,86203172,13381,,,Mandalselva - Øyslebø til Mandal bekkefelt,,,,,86203172.0,FV4006 S1D1 m2559,Vann,1000.0,,,1000.0,,7.0,Betong,,,POINT Z (59657.315 6468091.198 77.818),Enkel bilveg,,Lindesnes,Sirkulær,Kum,StikkKulv
91.0,91.0,96,100,,"Kulvert sannsynligvis grei. Noe slam og finkornet sediment nedstrøms. Går småkulverten in fra siden, med vann av ukjent kvalitet. ",Nei,0,0,15.0,Gross ,Nei,"475 400,723","6 465 387,428",100.0,"Kulvert er egentlig fin, men ligger litt lavt på oppsiden, så fisk må da vandre over en liten kant igjen. Sannsynligvis ikke barriere ",15.0,100.0,1000.0,12.0,Middels,Middels,Groos,0.0,"475 383,716","6 465 391,99",Ikke hinder,Nei,019-575-R,0,,,019.216Z,267338922,181135750,,,"Groosfjorden, bekkefelt",,,,,267338922.0,FV3622 S1D1 m809,Vann,1000.0,,,1000.0,Nei,8.0,Betong,,Ja,POINT Z (124345.488 6483251.684 5.6),Enkel bilveg,,Grimstad,Sirkulær,I bekk/elv,StikkKulv
483.0,483.0,488,484,,2 betongkulverter under bru. Vann passerer i kulverter ved lav vannføring.  Disse er tilbøyelige til å tettes oppstrøms. Ligger 3 sykler i bekk nedstrøms. ,Nei,0,0,30.0,Arendal ,Usikker,"475 714,688","6 478 042,2",484.0,Grei vannføring. Kulverter kan tettes. Bru er rundt 500cm bred. Fin bekk oppstrøms. ,30.0,100.0,1000.0,22.0,Middels,Lav,Arendal ,0.0,"475 707,382","6 478 052,162",Partiell,Usikker,019-534-R,bru,,,019.B20,272299074,4960152,,,Mørløsvatnet - Nidelva,,,,,272299074.0,FV3737 S1D1 m2190-2198,,,,,1000.0,,,Betong,,,,Enkel bilveg,,Arendal,,Platebru (211),Bru
535.0,535.0,540,536,,"Mulig hinder, noe høyde opp mot kulvert og ikke veldig god plass til å hoppe fra. Sannsynligvis hinder for ål. ",Nei,10,0,20.0,Tredgeveien (bekk renner ned til Skogøysundet),Ja,"416 475,061","6 430 663,997",536.0,Gjengrodd bekk. Men kulvert ser ikke ut som hinder. ,10.0,100.0,1000.0,8.0,Lav,Høy,Mandal ,0.0,"416 484,339","6 430 670,114",Absolutt,Ja,Ikke VF,0,,,022.322,ikke i nvdb,,nær 86102272,,,,,,,,,,,,,1000.0,,,,,,,,,,,,
425.0,425.0,430,427,,Hele innløpet til kulverten ligger under saltvann. ,Nei,0,0,200.0,Grimstad ,Usikker,"471 477,788","6 462 475,516",427.0,"Saltvann oppstrøms, usikker på om denne er hinder. Men er sannsynligvis ok, så lenge den ikke er tett. ",80.0,100.0,1000.0,20.0,Lav,Lav,Grimstad ,0.0,"471 464,32","6 462 502,518",Partiell,Usikker,019-578-R,0,,,019.220,640440388,,,,"Bufjorden, bekkefelt",,,,,640440388.0,FV420 S9D1 m4199,Vann,1000.0,,,1000.0,,,Betong,,,POINT Z (120172.519 6480712.766 1.433),Enkel bilveg,,Grimstad,Sirkulær,I bekk/elv,StikkKulv
300.0,300.0,305,303,,"Fint habitat og kulvert ikke vandringshinder. Kulvert lekker noe vann, men ikke betydelig. Denne er grei. Men bekk er veldig tør nedstrøms. Mye fisk nedstrøms, en på rundt 20cm.",Ja,20,"Naturlig kulp, 3-4 meter bred og 50-60 cm vann på dypeste. ",45.0,Birkenes ,Nei,"452 263,799","6 461 517,416",303.0,tørr men fin,10.0,100.0,1000.0,6.0,Lav,Lav,0,0.0,"452 285,021","6 461 518,361",Ikke hinder,Nei,020-433-R,0,,,020.A6,799388480,158948092,,,,,,,,799388480.0,FV3752 S1D1 m503,,,,,1000.0,,,Betong,,,POINT Z (100928.69 6481452.856 25.412),Enkel bilveg,,Birkenes,,,StikkKulv
72.0,72.0,77,82,,"Ikke barriere, noe hinder. mye vegetasjon og igjengrod bekk. Selve kulvert mulig litt liten. Noe fisk bør passere.",Ja,30,"Liten kulp, dannet av en stein som bremser vannføring nedstrømsz ",15.0,Tromøy,Usikker,"494 189,006","6 484 438,731",82.0,Mye vegetasjon oppstrøms og nedstrøms. Som sannsynligvis er like begrensende som selve kulverten.Begrenset bekk begge sider ,5.0,50.0,500.0,10.0,Lav,Lav,Tromøy ,0.0,"494 185,616","6 484 416,826",Partiell,Usikker,ikke VF,0,,,019.11,84444794,-714943686,,,,,,,,84444794.0,FV419 S2D1 m3494,Vann,500.0,,,500.0,Nei,15.0,Betong,,Ja,POINT Z (144793.07 6500561.997 9.967),Enkel bilveg,,Arendal,Sirkulær,Åpen grøft,StikkKulv
164.0,164.0,169,172,,"Denne ser ut til å ligge litt for dypt, og regner med det er mye slam og kvist innvendig, regner med denne er vanskelig å vandre gjennom ",Nei,0,0,40.0,Høvågveien (bekk mellom Bragetjønn og Kjøstveittjønna),Ja,"455 278,665","6 449 973,28",172.0,"gjengrodd, men vannførwndwnog grumsete ",5.0,100.0,1000.0,15.0,Lav,Lav,0,0.0,"455 261,571","6 449 982,911",Absolutt,Ja,020-397-R,0,,,020.41,857340180,772895386,,,Isefjærfjorden bekkefelt,,,,,857340180.0,FV401 S1D1 m2375,Vann,1000.0,,,1000.0,Nei,15.0,Plast,,,POINT Z (102895.56 6469671.418 10.481),Enkel bilveg,,Lillesand,Sirkulær,I bekk/elv,StikkKulv
558.0,558.0,563,558,,"Litt stinging opp mot kulvert. Sannsynligvis ikke hinder, hvis fisk skulle komme så langt opp. ",Ja,60,Liten naturlig kulp. ,30.0,Bykle ,Nei,"413 809,767","6 574 419,391",558.0,"Grei, noe stein i forkant av kulvert ",5.0,100.0,1000.0,15.0,Lav,Lav,0,0.0,"413 841,48","6 574 440,678",Ikke hinder,Nei,021-1135-R,0,,,021.F7A52,914641811,57301631,,,Vasstølåni bekkfelt,,,,,914641811.0,FV450 S8D1 m1333,Vann,1000.0,,,1000.0,Nei,16.65,Betong,,,POINT Z (72690.329 6597588.856 724.096),Enkel bilveg,,Valle,Sirkulær,,StikkKulv
71.0,71.0,76,81,,Sannsynligvis ikke fiskeførende. ,Nei,0,0,0.0,Tromøy,Usikker,"491 780,92","6 481 186,058",81.0,"Noe merkelig vinkling på rør, ser på det som usannsynlig at noe vil vandre opp denne. ",10.0,100.0,1000.0,25.0,Lav,Lav,Tromøy,0.0,"491 807,395","6 481 054,616",Partiell,Usikker,ikke VF,0,,,019.11,84683214,-829958597,,,,,,,,84683214.0,FV419 S1D1 m2138,Vann,1000.0,,,1000.0,Nei,40.0,Betong,,Ja,POINT Z (142088.69 6497464.176 7.166),Enkel bilveg,,Arendal,Sirkulær,I bekk/elv,StikkKulv
372.0,372.0,377,374,,"Usikker på vandringshinder på grunn av lengde på hvordan kulvert går. Noe høyde opp mot kulvert, greit for anadrom fisk, sannsynligvis problematisk for ål.",Ja,20,"På sett og vis en kulp nedstrøms, dannet av at bekk er blokkert av kvist ",10.0,Arendal ,Usikker,"489 460,132","6 491 315,106",374.0,"Lav vannføring, noe blokkering av kvist oppstrøms. Og ser ut til å være rast noe stein med i bekk oppstrøms. Ser muligens noe småfisk oppstrøms. ",5.0,100.0,1000.0,40.0,Lav,Middels,Arendal ,0.0,"489 445,907","6 491 351,277",Partiell,Usikker,018-253-R,0,,,018.7C,ikke i nvdb,,,,Brekkeelva,,,,,,,,,,,1000.0,,,,,,,,,,,,
74.0,74.0,79,84,,"Liten kulvert, liten vannføring. Kulvert nesten helt under vann. ",Nei,0,0,40.0,Tromøy ,Nei,"494 545,923","6 482 368,952",84.0,Liten kulvert. Bekk uansett begrenset i begge retninger. Mye vegetasjon. ,40.0,50.0,500.0,8.0,Lav,Lav,Tromøy,0.0,"494 540,963","6 482 374,469",Ikke hinder,Nei,ikke VF,0,,,019.11,84444578,,,,,,,,,84444578.0,FV3570 S1D1 m780,Vann,,800.0,400.0,800.0,Nei,5.0,Naturstein,,Ja,POINT Z (144971.94 6498485.534 1.714),Enkel bilveg,,Arendal,Rektangulær,Åpen grøft,StikkKulv
77.0,77.0,82,87,,"Veldig igjengrodd bekkeløp, ser ikke utløp",Nei,0,0,5.0,Tromøy ,Usikker,"494 179,514","6 482 850,74",87.0,"Ikke nødvendigvis hinder, men igjengrod bekkeløp ",10.0,80.0,800.0,10.0,Lav,Lav,Tromøy ,0.0,"494 155,267","6 482 827,961",Partiell,Usikker,ikke VF,0,,,019.11,ikke i nvdb,,,,,,,,,,,,,,,800.0,,,,,,,,,,,,
73.0,73.0,78,83,,Grei kulvert. Mye slam i bekkeløp. ,Nei,0,0,10.0,Tromøy ,Nei,"494 026,736","6 482 697,557",83.0,Fin gammel kulvert. Mye vegetasjon i bekkeløp. Ikke hinder.,15.0,80.0,800.0,7.0,Lav,Lav,Tromøy,0.0,"494 014,63","6 482 689,24",Ikke hinder,Nei,ikke VF,0,,,019.11,84444602,,,,,,,,,84444602.0,FV3570 S1D1 m72,Vann,,1000.0,1200.0,1000.0,Nei,4.0,Naturstein,,Ja,POINT Z (144478.547 6498854.362 9.808),Enkel bilveg,,Arendal,Rektangulær,I bekk/elv,StikkKulv
392.0,392.0,397,394,,"Grei kulvert, noe redusert bekk. Men er noe vann ",Nei,0,0,15.0,Tvedestrand ,Nei,"493 061,996","6 493 830,559",394.0,0,30.0,100.0,1000.0,6.0,,0,Tvedestrand ,0.0,"493 061,413","6 493 838,122",Ikke hinder,Nei,018-258-R,0,,,018.7AZ,ikke i nvdb,,nær 761447715,,Langangselva bekkefelt,,,,,,,,,,,1000.0,,,,,,,,,,,,
418.0,418.0,423,421,,"Gammel kulvert i stein, denne ser ok ut, men er noe større stokker foran kulvert. Men bør være ok. ",Nei,0,0,15.0,Grimstad ,Nei,"476 840,443","6 469 892,174",421.0,Noe stokker og kvist oppstrøms. Men bør alikevel greit kunne passeres. Fin bekk oppstrøms. ,5.0,100.0,1000.0,20.0,Lav,Lav,Grimstad ,0.0,"476 842,636","6 469 906,39",Ikke hinder,Nei,019-510-R,0,,,019.2161Z,ikke i nvdb,,nær 84581461,,"Vikkilen, bekkefelt",,,,,,,,,,,1000.0,,,,,,,,,,,,
76.0,76.0,81,86,,"Ikke hinder, men bekkeløp burde vært renska/gravd ut ",Nei,0,0,25.0,Tromøy ,Nei,"494 137,982","6 482 804,681",86.0,"Grei gammel kulvert, mye vegetasjon opp og nedstrøms. Bekkeløp burde renskes ",25.0,80.0,800.0,14.0,Middels,Lav,Tromøy ,0.0,"494 125,423","6 482 788,818",Ikke hinder,Nei,ikke VF,0,,,019.11,84444521,,,,,,,,,84444521.0,FV3568 S1D1 m1276,Vann,,1200.0,1200.0,1200.0,Nei,12.0,Naturstein,,Ja,POINT Z (144600.078 6498947.294 9.527),Enkel bilveg,,Arendal,Rektangulær,I bekk/elv,StikkKulv
539.0,539.0,544,540,,Kulvert ser ikke ut som hinder. Men det er mye vegetasjon i bekkeløp. ,Nei,0,0,20.0,Mandal ,Nei,"413 114,629","6 431 200,41",540.0,Gjengrodd bekk. Men kulvert ser ikke ut som hinder ,20.0,100.0,1000.0,6.0,Lav,Middels,Mandal ,0.0,"413 110,783","6 431 205,393",Ikke hinder,Nei,022-801-R,0,,,022.322,ikke i nvdb,,nær 86103138,,Mannefjorden bekkefelt,,,,,,,,,,,1000.0,,,,,,,,,,,,
475.0,475.0,480,476,,"Klein vannkvalitet nedstrøms. Mulig hinder, er litt høyde opp mot kulvert og bekk i stinging før dette. Ingen kulp og hoppe fra. ",Nei,40,0,10.0,Arendal ,Usikker,"479 203,06","6 475 574,887",476.0,"Tør oppstrøms, kulvert ser ikke ut som hinder. Ligger en sykkel inni kulvert. ",10.0,100.0,1000.0,14.0,Lav,Lav,Arendal ,0.0,"479 181,978","6 475 561,892",Partiell,Usikker,019-492-R,0,,,019.A12Z,84436610,,,,"Nidelva, Bekkefelt Helle",,,,,84436610.0,FV3538 S1D1 m1689,Vann,1200.0,,,1200.0,Nei,18.0,Betong,,Ja,POINT Z (129047.123 6493069.81 54.043),Enkel bilveg,,Arendal,Sirkulær,I skråning/terreng,StikkKulv
567.0,567.0,572,570,,Lav vannføring. Men ser ikke på kulverter som hinder ved normal vannføring. ,Nei,35,0,5.0,Tvedestrand ,Nei,"491 455,175","6 498 471,183",570.0,"ser små fisk, tørr men fin, 2 rør",2.0,100.0,1000.0,8.0,Lav,Lav,0,0.0,"491 445,139","6 498 462,762",Ikke hinder,Nei,018-270-R,0,,,018.C12,84453711,17101,,,Storelva Ubergsvann - Songevann bekkefelt,,,,,84453711.0,FV3484 S1D1 m2001,Vann,1200.0,,,1200.0,Nei,8.51782963,Betong,,Nei,POINT Z (143320.424 6514821.67 30.662),Enkel bilveg,,Tvedestrand,Sirkulær,I skråning/terreng,StikkKulv
273.0,273.0,278,277,,Kulvert er nok ikke noe mer hinder en det selve bekken er. Tvilsomt at denne bekken fører fisk ,Nei,0,0,0.0,Arendal ,Usikker,"490 394,709","6 487 877,39",277.0,"Veldig gjengrodd bekk, tviler litt på at fisk kommer helt opp hit. Bekk mellom to jorder ",20.0,100.0,1000.0,7.0,Lav,Lav,Arendal ,0.0,"490 386,085","6 487 859,294",Partiell,Usikker,018-254-R,0,,,018.7B,84465054,11343,,,Molandsvann bekkefelt,,,,,84465054.0,FV3530 S1D1 m133,Vann,1200.0,,,1200.0,Nei,7.66603297,Betong,,Ja,POINT Z (141321.818 6504339.272 30.144),Enkel bilveg,,Arendal,Sirkulær,I bekk/elv,StikkKulv
588.0,588.0,594,591,,Vandringshinder i to etasjer,Ja,40,Liten og grunn (15 cm) ,30.0,Øygarden,Ja,"405 328,41","6 468 936,468",591.0,0,18.0,100.0,1000.0,12.0,Middels,Lav,Listadveien,0.0,"403 171,483","6 457 394,105",Absolutt,Ja,023-38-R,0,,,023.C3Z,86262558,1797504,,,Øydnavatnet Ytre bekkefelt,,,,,86262558.0,FV460 S3D1 m8141,Vann,1400.0,,1600.0,1400.0,,9.0,Plast,"Vegetasjonstetting, utløp",,POINT Z (54738.541 6493045.787 101.119),Enkel bilveg,,Lyngdal,Sirkulær,I bekk/elv,StikkKulv
75.0,75.0,80,85,,"Kulvert under jorde, mye vegetasjon som vil kunne sperre ",Nei,0,0,15.0,Tromøy ,Usikker,"494 116,847","6 482 779,142",85.0,Helt igjengrodd bekkeløp. Kulvert ok. ,20.0,100.0,1000.0,8.0,Lav,Lav,Tromøy,0.0,"494 107,101","6 482 763,51",Partiell,Usikker,ikke VF,0,,,019.11,84444518,-1818040,,,,,,,,84444518.0,FV3568 S1D1 m1307,Vann,1000.0,,,1000.0,Nei,12.0,Betong,,Ja,POINT Z (144625.426 6498963.907 9.52),Enkel bilveg,,Arendal,Sirkulær,I bekk/elv,StikkKulv
577.0,577.0,583,580,,Kunne hatt terskeler i kulverten,Nei,0,0,10.0,Hageland kryss,Nei,"407 748,24","6 438 404,668",580.0,Kvist ol. ,30.0,110.0,1100.0,8.0,Middels,Middels,Hageland kryss,0.0,"407 762,688","6 438 412,861",Ikke hinder,Nei,022-886-R,0,,,022.4B,86190413,1745895,,,Sjølingstadbekken bekkefelt,,,,,86190413.0,FV4002 S1D1 m6450,Vann,230.0,,,230.0,,10.0,Betong,,,POINT Z (54438.597 6462352.327 133.052),Enkel bilveg,,Lindesnes,Sirkulær,Kum,StikkKulv
576.0,576.0,582,579,,0,Nei,0,0,45.0,0,Nei,"408 220,472","6 436 319,163",579.0,Fisk observert,40.0,110.0,1100.0,45.0,Høy,Lav,Skjøllungstadbekken,0.0,"408 018,346","6 436 765,228",Ikke hinder,Nei,022-885-R,0,,,022.4A,86190488,75,,,Elv fra Skadbergvatnet,,,,,86190488.0,FV4002 S1D1 m3857,Vann,400.0,,,400.0,,10.04,Stål,,,POINT Z (54706.275 6460235.302 94.866),Enkel bilveg,,Lindesnes,Sirkulær,Åpen grøft,StikkKulv
83.0,83.0,88,91,,"Mulig utløp, vil være barriere ",,0,0,0.0,Tromøy kirkevei (bekk som renner ut i Hovekilen)),Ja,"490 438,236","6 478 750,04",91.0,"Liten kulver som ligger lavt, sannsynligvis mye sediment i kulvert. Liten og sannsynlig hinder. Finner ikke utløp ",0.0,40.0,400.0,10.0,Lav,Lav,Tromøy ,0.0,"490 443,888","6 478 767,089",Absolutt,Ja,ikke VF,0,,,019.11,ikke i nvdb,,,,,,,,,,,,,,,400.0,,,,,,,,,,,,
151.0,151.0,157,160,,"Fin kulvert, ser fisk nedstrøms. Litt gjengrodd, men grei bekk. ",Nei,0,0,50.0,Kvinesdal ,Nei,"376 370,553","6 462 160,707",160.0,"litennmen dyp og mye vann, stillestående ",30.0,110.0,1100.0,9.0,Lav,Lav,Kvinesdal ,0.0,"376 396,602","6 462 174,284",Ikke hinder,Nei,025-463-R,0,,,025.33,1023846388,,,,Fedafjorden bekkefelt frå nord,,,,,1023846388.0,FV4164 S1D1 m462,Vann,800.0,800.0,800.0,800.0,Nei,12.77,Plast,,Ja,POINT Z (25228.593 6488880.149 1.629),Enkel bilveg,,Kvinesdal,Sirkulær,I bekk/elv,StikkKulv
156.0,156.0,161,162,,"Grei kulvert, ikke hinder. Mye vegetasjon, kunne hatt grus ",Nei,0,0,25.0,Høvåg ,Nei,"454 919,848","6 444 633,102",162.0,tørr bekk/grøft,0.0,110.0,1100.0,8.0,Lav,Lav,Høvåg,0.0,"454 914,439","6 444 634,209",Partiell,Nei,020-280-R,0,,,020.32,84431878,dubl,,,"Bliksfjorden - Røynevardsfjorden, bekkefelt",,,,,84431878.0,FV3644 S1D1 m3399,Vann,1000.0,,,1000.0,Nei,4.0,Betong,,Ja,POINT Z (102069.087 6464358.342 7.753),Enkel bilveg,,Lillesand,Sirkulær,I bekk/elv,StikkKulv
112.0,112.0,117,120,,Grei kulvert. Greit habitat nedstrøms. God vannføring.,Nei,0,0,25.0,Lyngør ,Nei,"506 497,845","6 505 082,544",120.0,stillestående og ogergrodd,20.0,110.0,1100.0,12.0,Lav,Lav,0,0.0,"506 481,232","6 505 096,108",Ikke hinder,Nei,018-157-R,0,,,018.4,84495326,63448,,,"Sandnesfjorden, bekkefelt",,,,,84495326.0,FV3438 S1D1 m2591,Vann,1000.0,,,1000.0,Nei,18.0,Betong,,,POINT Z (158922.445 6520077.72 41.23),Enkel bilveg,,Risør,Sirkulær,Kum,StikkKulv
116.0,116.0,121,124,,"Hinder på grunn av lengde, mulig barriere. Fin bekk nedstrøms. Veldig lang ",Nei,0,0,15.0,Nipeveien (bekk mellom Hudalstjenna og Nipekilen,Ja,"508 435,566","6 504 292,196",124.0,fin men laaang kulvert,3.0,110.0,1100.0,80.0,Lav,Lav,Lyngør,0.0,"508 403,155","6 504 393,167",Absolutt,Ja,018-181-R,0,,,018.51Z,84585181,89855,,,"Lyngørfjorden-østre, bekkefelt",,,,,84585181.0,FV3460 S1D1 m1159,Vann,1000.0,,,1000.0,Nei,,Betong,,,POINT Z (160782.3 6519181.62 19.211),Enkel bilveg,,Risør,Sirkulær,,StikkKulv
111.0,111.0,116,119,,"Fin, litt avstand opp mot kulvert, men er ikke bratt og vann renner fint opp. Fungerer bra for vandring ",Nei,40,0,30.0,Lyngør ,Nei,"506 334,05","6 504 980,266",119.0,fin bekk  og kulvert,6.0,110.0,1100.0,8.0,Middels,Lav,aRisør,0.0,"506 363,833","6 504 929,983",Ikke hinder,Nei,018-157-R,0,,,018.4,84585608,427,,,"Sandnesfjorden, bekkefelt",,,,,84585608.0,FV3438 S1D1 m2400,Vann,1000.0,,,1000.0,Nei,13.0,Betong,,,POINT Z (158761.385 6519980.475 42.392),Enkel bilveg,,Risør,Sirkulær,Kum,StikkKulv
124.0,124.0,129,132,,"Er noe kvist som blokerer ene rør ved innløp, og mye kvist invendig i andre rør. Ville ryddet opp. Ellers fint habitat, noe lav vannstand nå. Ser fisk nedstrøms. ",Nei,0,0,20.0,Songeveien ,Usikker,"500 036,419","6 505 683,412",132.0,"ene rør blokkert, lupin, fin bekk, noe helnin",10.0,110.0,1100.0,10.0,Lav,Middels,risør,0.0,"500 034,427","6 505 692,239",Partiell,Usikker,018-205-R,0,,,018.32Z,915723196,831137588,,,"Songebekken, inkl. bekkefelt",,,,,915723196.0,FV3442 S2D1 m873,Vann,1000.0,,,1000.0,Nei,8.52,Betong,,,POINT Z (152533.845 6521244.327 16.534),Enkel bilveg,,Tvedestrand,Sirkulær,,StikkKulv
81.0,81.0,86,90,,"Sliter med å finne ingang på grunn av vegetasjon, hinder ",,0,0,0.0,Tromøy kirkevei (bekk som renner ut i sandumkilen),Ja,"490 948,25","6 478 619,502",90.0,"Liten kulvert, sikkert ok, men mye vegetasjon i bekkeløp ",10.0,50.0,500.0,10.0,Lav,Lav,Hove ,0.0,"490 944,56","6 478 629,839",Absolutt,Ja,ikke VF,0,,,019.11,ikke i nvdb,,,,,,,,,,,,,,,500.0,,,,,,,,,,,,
600.0,600.0,606,604,,0,Nei,40,0,20.0,0,Ja,"403 979,206","6 445 616,075",604.0,Kombinasjon av gammel steinstikkrenne med naturlig bekkenbunn og rør ,8.0,120.0,1200.0,8.0,Middels,Lav,0,0.0,"403 982,066","6 445 603,404",Absolutt,Ja,023-168-R,0,,,023.A121Z,86211696,,,,Audna - Spilling til Melhusfossen bekkefelt,,,,,86211696.0,FV460 S2D1 m8386,Vann,200.0,,,200.0,,3.5,Plast,,,POINT Z (51337.479 6469910.099 27.828),Enkel bilveg,,Lindesnes,Sirkulær,,StikkKulv
313.0,313.0,318,315,,"Grei kulvert, noe landbrukspreget bekk. Stillestående vann nedstrøms. Kulvert ligger under vann oppstrøms ser det ut til. ",Nei,10,0,20.0,Grimstad ,Nei,"462 360,865","6 468 295,391",315.0,"strømgjerde foran, ser ok ut",10.0,120.0,1200.0,8.0,Lav,Lav,0,0.0,"462 390,92","6 468 311,407",Ikke hinder,Nei,020-259-R,0,,,020.1C,84426483,-1785213,,,"Stigselva, bekkefelt",,,,,84426483.0,FV3596 S2D1 m8098,Vann,300.0,,,300.0,Nei,,Plast,,,POINT Z (111609.85 6487322.097 183.38),Enkel bilveg,,Grimstad,Sirkulær,I skråning/terreng,StikkKulv
321.0,321.0,326,322,,Noe stillestående og slammete vann. Litt gjengrodd foran kulvert. Men ok for vandring. ,Nei,0,0,35.0,Arendal ,Nei,"486 406,733","6 486 009,579",322.0,"Noe landbruksbreget bekk, men slammete vann. Men kulvert ikke hinder, ok ",35.0,120.0,1200.0,7.0,Lav,Lav,Arendal ,0.0,"486 398,563","6 486 002,541",Ikke hinder,Nei,019-497-R,0,,,019.12Z,84586003,159520,,,"Longumvatnet, bekkefelt",,,,,84586003.0,FV3532 S1D1 m1356,Vann,300.0,,,300.0,Nei,9.0,Betong,,,POINT Z (137170.745 6502847.317 39.711),Enkel bilveg,,Arendal,Sirkulær,I bekk/elv,StikkKulv
327.0,327.0,332,328,,"Stor fin kulvert, grei vannføring med tanke på hvor tørt det er. Ikke hinder ",Nei,0,0,10.0,Froland ,Nei,"480 846,611","6 482 156,617",328.0,fin bro lignende kulvert,20.0,120.0,1200.0,12.0,Middels,Lav,0,0.0,"480 862,542","6 482 176,278",Ikke hinder,Nei,019-1-R,0,,,019.A1Z,84796390,210387,,,"Assævannet, bekkefelt",,,,,84796390.0,FV42 S1D1 m3941,Vann,500.0,,,500.0,,15.0,Betong,,,POINT Z (131292.966 6499523.953 44.989),Enkel bilveg,,Froland,Sirkulær,,StikkKulv
66.0,66.0,71,76,,Bør ikke være vandringshinder ved normal vannføring. Fin gammel kulvert. Ok for ål og anadrom fisk ,Nei,0,0,0.0,Mandal 17,Nei,"412 936,266","6 439 567,001",76.0,overgrodd og søppel ,2.0,120.0,1200.0,20.0,Lav,Lav,Mandal,0.0,"412 969,176","6 439 575,442",Ikke hinder,Nei,022-815-R,0,,,022.A3Z,86279782,1483392,,,Mandalselva - Øyslebø til Mandal bekkefelt,,,,,86279782.0,FV455 S1D1 m7326,Vann,,600.0,1200.0,600.0,Nei,27.0,Naturstein,,,POINT Z (59734.319 6463066.469 7.558),Enkel bilveg,,Lindesnes,Rektangulær,Kum,StikkKulv
480.0,480.0,485,481,,"Grei bekk nedstrøms, renner 2 forskjellige kulverter ut her. Litt lav vannstand, men renner en del vann igjennom. ",Nei,0,0,2.0,Arendal ,Usikker,"477 859,774","6 478 309,839",481.0,"Ikke noe vann oppstrøms, ser ut som om kulvert åpnes midt på. Usikker på hvordan denne ligger. ",0.0,120.0,1200.0,0.0,Lav,Lav,Arendal ,0.0,"477 871,074","6 478 349,378",Partiell,Usikker,019-698-R,0,,,019.B1,84685213,-1594569,,,Nidelva Furre - Rygene kraftverk bekkefelt,,,,,84685213.0,FV408 S1D1 m4974,Vann,800.0,,,800.0,,19.0,Betong,,,POINT Z (127985.807 6495936.693 45.025),Enkel bilveg,,Arendal,Sirkulær,,StikkKulv
142.0,142.0,148,151,,"Noe hinder, kvist oppstrøms. Grei kulvert. Noe hopp opp til kulvert nå, men renger med denne er grei ved høyere vannstand. Ser en del fisk nedstrøms ",Nei,20,0,40.0,Høvåg ,Usikker,"452 002,675","6 446 533,055",151.0,"fin gammel bekk, litt kvist som sperrer",10.0,120.0,1200.0,20.0,Lav,Lav,vesterhus,0.0,"451 979,236","6 446 529,727",Partiell,Usikker,020-405-R,0,,,020.4231,84439453,-245760,,,Kvåsefjorden - Kvarenesfjorden bekkefelt,,,,,84439453.0,FV401 S1D1 m9634,,1000.0,,,1000.0,,20.0,Betong,,,POINT Z (99314.392 6466532.54 6.987),Enkel bilveg,,Lillesand,,,StikkKulv
309.0,309.0,314,311,,"Hvis kulvert ikke er tett, er denne fin. Gjengrodd bekk og veldig stillestående vann. Ser overraskende nok fisk nedstrøms, størrelse 10cm. ",Nei,0,0,30.0,Birkenes ,Nei,"457 429,989","6 467 018,78",311.0,"betongrør 1 meter inni, fint klart vann selvom stillestående ",15.0,120.0,1200.0,20.0,Lav,Lav,0,0.0,"457 449,069","6 467 005,861",Ikke hinder,Nei,020-356-R,0,,,020.B2Z,84451080,11627,,,Tovdalselva Herefossfjorden - Flakksvatn bekkefelt,,,,,84451080.0,FV3744 S1D1 m2481,Vann,1000.0,,,1000.0,,,Betong,,,POINT Z (106568.825 6486478.773 161.101),Enkel bilveg,,Birkenes,,,StikkKulv
233.0,233.0,238,239,,"Grei gammel kulvert, noe tømmerstokker invendig, som hindrer vandring ved veldig lav vannstand, men ellers ok. ",Nei,10,0,5.0,Risør ,Nei,"515 818,829","6 515 002,955",239.0,"ser småfisk, fin broaktig",5.0,120.0,1200.0,5.0,Lav,Lav,0,0.0,"515 833,412","6 515 038,678",Ikke hinder,Nei,018-83-R,0,,,018.1C,84468878,17798,,,"Leivann, bekkefelt",,,,,84468878.0,FV3450 S1D1 m2379,Vann,,1000.0,2000.0,1000.0,Nei,6.0,Naturstein,,,POINT Z (169107.35 6529137.374 9.976),Enkel bilveg,,Risør,Rektangulær,I skråning/terreng,StikkKulv
557.0,557.0,562,557,,"Fin bekk, kulvert ikke hinder. Men er bratt ned til elv. ",Nei,0,0,35.0,Bykle ,Nei,"413 709,415","6 574 859,66",557.0,"grei, en del stein/grus i forkant",10.0,120.0,1200.0,8.0,Middels,Lav,0,0.0,"413 723,269","6 574 869,215",Ikke hinder,Nei,021-1135-R,0,,,021.F7A52,84709920,241042,,,Vasstølåni bekkfelt,,,,,84709920.0,FV450 S8D1 m881,Vann,1000.0,,,1000.0,Nei,8.0,Betong,,,POINT Z (72627.636 6598033.347 724.659),Enkel bilveg,,Valle,Sirkulær,,StikkKulv
206.0,206.0,211,213,,"Bedre bekk her en lengre oppstrøms. Sandete bunn, ser fisk. Grei å vandre gjennom ",Nei,0,0,5.0,Mandal ,Nei,"416 789,955","6 459 854,097",213.0,"bedre her enn forrige i samme bekk, helt ok",5.0,120.0,1200.0,14.0,Lav,Lav,0,0.0,"416 767,823","6 459 852,261",Ikke hinder,Nei,022-650-R,0,,,022.B1Z,86102519,1392599,,,Mandalselva - Laudal til Øyslebø bekkefelt,,,,,86102519.0,FV4014 S2D1 m2101,Vann,1000.0,,,1000.0,,9.0,Betong,,,POINT Z (65365.211 6482953.798 210.057),Enkel bilveg,,Kristiansand,Sirkulær,I bekk/elv,StikkKulv
245.0,245.0,250,251,,"Tenker disse er hinder for ål, mulig Aure kan passere kulvert, selv om disse vil slite med demning på andre siden ",Nei,15,0,30.0,Eiksåveien (bekk fra Røyrvatnet til Auslandsvatnet),Ja,"423 085,398","6 447 948,68",251.0,"Plaststikkrenner, demning oppstrøms. Hinder mulig barriere for oppvamdring, regner med noe Aure kommer ned ",20.0,120.0,1200.0,10.0,Lav,Middels,Mandal ,0.0,"423 082,725","6 447 963,279",Absolutt,Ja,022-696-R,0,,,022.2B0,86105734,dubl,,,Trondstadvatnet bekkefelt,,,,,86105734.0,FV3976 S2D1 m2181,Vann,1000.0,,,1000.0,,14.0,Plast,,,POINT Z (70591.268 6470521.33 171.869),Enkel bilveg,,Lindesnes,Sirkulær,I bekk/elv,StikkKulv
519.0,519.0,524,520,,Kulvert går rett ut i saltvann. Denne er ikke hinder. Bra at denne ikke er for bratt. ,Nei,0,0,100.0,Mandal ,Nei,"420 782,959","6 435 320,121",520.0,Fin bekk oppstrøms. Men mulig denne blir bratt lengre oppstrøms. Grei kulvert. Ser ikke ut som hinder oppstrøms. ,60.0,120.0,1200.0,12.0,Høy,Høy,Mandal ,0.0,"420 792,544","6 435 336,034",Ikke hinder,Nei,022-792-R,0,,,022.226,86109145,3411,,,Kumlefjorden bekkfelt,,,,,86109145.0,FV3972 S2D1 m1451,Vann,1000.0,,,1000.0,,14.0,Betong,,,POINT Z (67174.671 6458119.062 3.094),Enkel bilveg,,Kristiansand,Sirkulær,,StikkKulv
571.0,571.0,577,574,,0,Nei,0,0,20.0,Skjønnefjellveien,Nei,"408 653,538","6 434 516,564",574.0,Kulvert med gitter. Antatt ikke vandringshinder,20.0,120.0,1200.0,30.0,Middels,Middels,Skjønefjellveien,0.0,"408 606,655","6 434 529,54",Absolutt,Nei,022-753-R,0,,,022.A21,86190524,dubl,,,Mandalselva - Mandal til utløp bekkefelt,,,,,86190524.0,FV4002 S1D1 m1330,Vann,1000.0,,,1000.0,,47.57,Betong,,Ja,POINT Z (54961.689 6458402.124 57.857),Enkel bilveg,,Lindesnes,Sirkulær,I bekk/elv,StikkKulv
496.0,496.0,501,496,,"Kulvert ikke hinder, fin bekk nedstrøms. Veldig bratt oppstrøms. ",Nei,20,0,30.0,Mandal ,Nei,"420 148,718","6 441 685,556",496.0,"Veldig bratt bekk oppstrøms, mulig hinder. Men selve kulverten er ikke hinder ",2.0,120.0,1200.0,14.0,Lav,Høy,Mandal ,0.0,"420 152,137","6 441 671,074",Partiell,Nei,022-726-R,0,,,022.22Z,86114143,dubl,,,Trysfjorden bekkefelt,,,,,86114143.0,FV3978 S1D1 m1329,Vann,1100.0,,,1100.0,,13.0,Betong,,,POINT Z (67109.141 6464518.18 36.726),Enkel bilveg,,Kristiansand,Sirkulær,I bekk/elv,StikkKulv
7.0,7.0,11,16,,"ikke barriere, god for vandring, ligger stein som terskler nedstrøms. ",Nei,0,0,30.0,langenesveien ,Nei,"437 375,356","6 441 186,78",16.0,"ikke vandringshinder oppstrøms. fin bekk, bra vannføring ",20.0,120.0,1200.0,17.0,Middels,Middels,langenesveien,0.0,"437 362,546","6 441 198,35",Ikke hinder,Nei,021-846-R,Fungerer godt,,,021.23Z,86123351,9208,,,Kristiansandsfjorden indre bekkefelt,,,,,86123351.0,FV456 S2D1 m1116,Vann,,1100.0,,1100.0,,16.91,Betong,,,POINT Z (84246.422 6462502.083 9.453),Enkel bilveg,,Kristiansand,Sirkulær,Åpen grøft,StikkKulv
302.0,302.0,307,304,,"Noe hinder, Noe høyde opp mot kulvert, plus begrenses til betongrør inni kulvert, med 20-30cm høyde fra vannflate. Vandring for anadrom fisk bør gå bra, men er noe høyt. Mulig noe tiltak burde gjøres. Og gjerne rydde litt i utløp fra kulvert. ",Ja,60,"Bred, stor kulp. Tipper denne er menneskeskapt. Litt mye grein ut fra kulp til bekk. ",90.0,Birkenes ,Usikker,"455 058,532","6 465 424,23",304.0,egentlig ganske fin,10.0,120.0,1200.0,20.0,Middels,Lav,0,0.0,"455 084,739","6 465 391,163",Partiell,Usikker,020-422-R,0,,,020.A7,84426438,dubl,,,,,,,,84426438.0,FV3754 S1D1 m60,,1200.0,,,1200.0,,20.0,Betong,,,POINT Z (104058.332 6485077.891 42.809),Enkel bilveg,,Birkenes,,,StikkKulv
420.0,420.0,425,422,,"Setter disse som hinder. Disse er veldig nye, men ligger høyere oppe en det som ser optimalt ut. Siden det er to rør burde de kunne hatt forskjellig høyde feks. Vann renner ikke gjennom kulvert nå. Men på siden. ",Nei,20,0,10.0,Mollandsveien (bekk leder muligens mot Morvigfjorden),Ja,"474 070,793","6 464 599,368",422.0,"2 stikkrenner i betong på 120cm. Ser litt ut som at disse krummer feil vei, ellers tar jeg feil av opp og nedstrøms. Renner bittelitt vann på siden av kulvert her. Helt tør bekk ",0.0,120.0,1200.0,20.0,Lav,Lav,Grimstad ,0.0,"474 056,366","6 464 620,778",Absolutt,Ja,019-576-R,0,,,019.218Z,84427136,698,,,"Morvigbekken, bekkefelt",,,,,84427136.0,FV3622 S1D1 m2849,Vann,1200.0,,,1200.0,Nei,9.0,Betong,,Ja,POINT Z (122941.601 6482587.806 35.037),Enkel bilveg,,Grimstad,Sirkulær,I bekk/elv,StikkKulv
407.0,407.0,412,409,,"Ikke hinder, men lite vann i bekk. Fin bekk nedstrøms. ",Nei,0,0,15.0,Grimstad ,Nei,"477 922,931","6 472 390,422",409.0,Noe kvist i bekk oppstrøms. Ser fisk på 10-20cm. Ok. ,20.0,120.0,1200.0,15.0,Lav,Lav,Grimstad ,0.0,"477 926,043","6 472 402,767",Ikke hinder,Nei,019-493-R,0,,,019.A23Z,84433220,6084,,,"Temse, bekkefelt",,,,,84433220.0,FV3632 S1D1 m1741,,1200.0,,,1200.0,,12.0,Betong,,,POINT Z (127506.023 6490012.145 32.372),Enkel bilveg,,Grimstad,,,StikkKulv
177.0,177.0,182,185,,"Fin kulvert, fint bekkeløp",Nei,0,0,10.0,Lillesand ,Nei,"460 032,565","6 456 374,457",185.0,"grei fin bekk, litt helning, fin sau",2.0,120.0,1200.0,12.0,Lav,Lav,0,0.0,"460 009,867","6 456 391,885",Partiell,Nei,020-6-R,0,,,020.221Z,84437855,dubl,,,Glamslandvatnet med bekkefelt,,,,,84437855.0,FV3662 S1D1 m1385,Vann,1200.0,,,1200.0,Nei,8.0,Betong,,Ja,POINT Z (108215.074 6475640.708 10.625),Enkel bilveg,,Lillesand,Sirkulær,I bekk/elv,StikkKulv
166.0,166.0,171,174,,"Grei kulvert, et av de 2 rørene er litt tett nedstrøms. Veldig fint bekkeløp og ser laks/sjøørret nedstrøms(smolt) ",,0,0,0.0,0,,"456 409,899","6 450 598,35",174.0,"2 store betongrør, fin bekk ",30.0,120.0,1200.0,12.0,Middels,Middels,0,0.0,"456 383,925","6 450 575,489",Ikke angitt,,020-16-R,0,,,020.3Z,84439309,1454,,,Holtevannsbekken,,,,,84439309.0,FV3656 S1D1 m145,Vann,1200.0,,,1200.0,Nei,10.0,Betong,,Ja,POINT Z (104074.125 6470176.779 18.558),Enkel bilveg,,Lillesand,Sirkulær,I bekk/elv,StikkKulv
449.0,449.0,454,450,,"Bekk ser blokkert ut lengre nedstrøms, og det er litt for høyt opp mot kulvert. ",Nei,50,0,25.0,Vegårshei ,Ja,"487 961,012","6 508 121,595",450.0,"Lite vann oppstrøms, bekk delvis blokkert av kvist eller kulvert. ",5.0,120.0,1200.0,14.0,Lav,Lav,Vegårshei ,0.0,"487 981,535","6 508 143,441",Absolutt,Ja,018-238-R,0,,,018.E,84487652,48343,,,Storelva - Hauglandselva bekkefelt,,,,,84487652.0,FV414 S3D1 m24428,Vann,1200.0,,,1200.0,Nei,36.18164352,Betong,,Nei,POINT Z (140719.829 6524770.897 190.196),Enkel bilveg,,Vegårshei,Sirkulær,I bekk/elv,StikkKulv
447.0,447.0,452,448,,"Tenker denne er grei, ved høyere vannføring. Er fisk nedstrøms. Kulvert ok. ",Nei,10,0,40.0,Vegårshei ,Nei,"489 332,394","6 510 752,365",448.0,"Lite vannføring gjennom kulvert. Ser ikke ut som hinder. Er en del Aure oppstrøms. Og noe høyde mot kulvert, men ikke slik at det er problematisk ved høyere vannføring ",35.0,120.0,1200.0,16.0,Lav,Lav,Vegårshei ,0.0,"489 302,541","6 510 746,713",Ikke hinder,Nei,018-238-R,0,,,018.E,84487977,325,,,Storelva - Hauglandselva bekkefelt,,,,,84487977.0,FV3700 S1D1 m3724,Vann,1200.0,,,1200.0,Nei,20.75882987,Betong,,Nei,POINT Z (142294.129 6527258.263 191.552),Enkel bilveg,,Vegårshei,Sirkulær,I bekk/elv,StikkKulv
361.0,361.0,366,363,,"Sannsynligvis grei, men lite vann, og noe høyde opp mot kulvert. ",Nei,15,0,10.0,Gjerstad ,Usikker,"494 928,772","6 513 203,245",363.0,Lite vannføring. Grei kulvert oppstrøms. Ser noe veldig små fisk ,5.0,120.0,1200.0,14.0,Lav,Lav,Gjerstad ,0.0,"494 929,419","6 513 204,175",Partiell,Usikker,018-235-R,0,,,018.E,84493963,5986,,,Ljøstadvann bekkefelt,,,,,84493963.0,FV417 S2D1 m5417,Vann,1200.0,,,1200.0,Nei,15.99642183,Betong,,Nei,POINT Z (148111.68 6529222.249 180.915),Enkel bilveg,,Vegårshei,Sirkulær,I bekk/elv,StikkKulv
454.0,454.0,459,455,,"Mulig hinder, ligger et par plank og noe stein foran kulvert. ",Nei,50,0,2.0,Vegårshei ,Usikker,"481 057,752","6 508 724,786",455.0,"Tørr men grei bekk oppstrøms, litt kvist foran innløp. ",5.0,120.0,1200.0,22.0,Lav,Lav,Vegårshei ,0.0,"481 051,014","6 508 698,842",Partiell,Usikker,019-408-R,0,,,019.C3,84520748,26785,,,"Ufsvatn, bekkefelt",,,,,84520748.0,FV3698 S1D1 m6290,Vann,1200.0,,,1200.0,Nei,15.07158783,Betong,,Nei,POINT Z (133873.771 6525972.947 228.941),Enkel bilveg,,Vegårshei,Sirkulær,I bekk/elv,StikkKulv
555.0,555.0,560,555,,Kulvert ok nedstrøms. Men rist og demning oppstrøms gjør denne til hinder. ,Ja,50,Halvnaturlig kulp. Dannet av samme stein som elv. Rundt 60cm dyp og er et par meter bred. Kulp er sperret fra elv. ,60.0,Skisentervegen (sidebekk Otra),Ja,"407 155,877","6 604 530,27",555.0,"rist og demning rett over, en del kvist, store riller i rist",10.0,120.0,1200.0,15.0,Middels,Middels,0,0.0,"407 168,436","6 604 551,035",Absolutt,Ja,021-1361-R,0,,,021.K3,84540771,20023,,,Otra - Lislevatn til Hartevatn bekkefelt,,,,,84540771.0,FV3822 S1D1 m520,Vann,1200.0,,,1200.0,Nei,23.0,Betong,,,POINT Z (68773.474 6628243.767 811.681),Enkel bilveg,,Bykle,Sirkulær,,StikkKulv
349.0,349.0,354,350,,Både terskel oppstrøms og habitat oppstrøms er hinder. Ser fisk nedstrøms. ,Ja,30,"Dannes naturlig kulp, når vannstand er så lav. ",60.0,Søndeledveien (sidebekk Søndeleddfjorden),Ja,"503 686,338","6 512 693,284",350.0,"Høy terskel etter kulvert, vannet oppstrøms ser ikke bra ut. Helt klart hinder ",30.0,120.0,1200.0,100.0,Middels,Lav,Risør ,0.0,"503 624,757","6 512 604,696",Absolutt,Ja,018-161-R,0,,,018.2210,84585765,44994,,,"Søndeledfjorden, bekkefelt",,,,,84585765.0,FV3444 S1D1 m12,Vann,,,,1200.0,,,,,,POINT Z (156746.504 6527866.775 21.386),Enkel bilveg,,Risør,,,StikkKulv
271.0,271.0,276,275,,"Vandringshinder, er gitter oppstrøms. Noe hjemmelaget. Bekk stillestående og vannkvaliteten ser dårlig ut. ",Nei,0,0,30.0,Dalenveien (sidebekk Totjern),Ja,"490 170,772","6 485 503,874",275.0,"Gitter oppstrøms som blokokerer deler av innløp, og mye gjengroing oppstrøms. ",30.0,120.0,1200.0,12.0,Lav,Lav,Arendal ,0.0,"490 163,586","6 485 492,328",Absolutt,Ja,018-40-R,0,,,018.72,84586076,311,,,Mørfjærbekken inkl. bekkefelt,,,,,84586076.0,FV3498 S1D1 m4165,Vann,1200.0,,,1200.0,Nei,11.0,Betong,,,POINT Z (140882.887 6501996.488 7.793),Enkel bilveg,,Arendal,Sirkulær,I bekk/elv,StikkKulv
285.0,285.0,290,288,,"Naturstein nedstrøms som strupes ned til stort betongrør 120cm oppstrøms. Veldig mye vegetasjon i bekk, men bør være grei ved nok vannføring. Bør sjekkes for hindere lengre ned ",Nei,0,0,2.0,Arendal ,Nei,"497 093,29","6 490 045,856",288.0,"Grei kulvert oppstrøms, litt lav vannføring men ser greit ut med tanke på sesong. Veldig kort fra kulvert til innsjø. Kulvert ok oppstrøms ",30.0,120.0,1200.0,12.0,Middels,Lav,Arendal ,0.0,"497 078,62","6 490 067,77",Ikke hinder,Nei,018-172-R,0,,,018.712,84679367,93291,,,"Flostadøysund, bekkefelt",,,,,84679367.0,FV410 S3D1 m10200,Vann,1200.0,,,1200.0,Nei,13.0,Betong,,,POINT Z (148191.062 6505930.431 28.964),Enkel bilveg,,Arendal,Sirkulær,,StikkKulv
104.0,104.0,109,112,,Sannsynligvis grei for gjennomvandring ved normal vannstand. Noe bøy på rør invendig. Et av 2 rør er mulig tett. Men ok.,Nei,0,0,0.0,Grimstad nord ,Nei,"463 445,284","6 476 062,961",112.0,stillestående vann  og fine markjordbær,5.0,120.0,1200.0,15.0,Lav,Lav,Herrefoss,0.0,"463 416,885","6 476 073,13",Ikke hinder,Nei,019-558-R,0,,,019.AD,84696944,17577,,,"Rosevatnet, utløpselv",,,,,84696944.0,FV404 S3D1 m11351,Vann,,,,1200.0,,,Betong,,,POINT Z (113371.201 6494976.978 189.988),Enkel bilveg,,Grimstad,Sirkulær,,StikkKulv
78.0,78.0,83,88,,Mye vegetasjon som fungerer som hinder nedstrøms. Mye vegetasjon som blokerer ,Nei,0,0,0.0,Tromøy kirkevei (sidebekk Gjerstadvannet),Ja,"492 100,88","6 480 097,753",88.0,"Lite vannføring, sannsynligvis grei kulvert.",0.0,60.0,600.0,10.0,Lav,Lav,Tromøy ,0.0,"492 107,358","6 480 111,388",Absolutt,Ja,ikke VF,0,,,019.11,84443712,-253232,,,,,,,,84443712.0,FV3566 S1D1 m4618,Vann,600.0,,,600.0,Nei,12.0,Betong,,Nei,POINT Z (142332.359 6496445.24 14.696),Enkel bilveg,"Utløpet rast sammen, finner ikke betongrenna. Må utbedres",Arendal,Sirkulær,Åpen grøft,StikkKulv
526.0,526.0,531,527,,"Kulvert ikke hinder, grei bekk nedstrøms. Flere fisk nedstrøms. ",Nei,0,0,15.0,Mandal ,Nei,"419 096,805","6 434 099,817",527.0,Kulvert er grei oppstrøms. Bekk er ok ved kulvert. Men blir mer gjengrodd og landbrukspreget lengre oppstrøms. ,20.0,120.0,1200.0,10.0,Middels,Middels,Mandal ,0.0,"419 105,596","6 434 093,05",Partiell,Nei,022-767-R,0,,,022.321,86100915,dubl,,,Harkmarkfjorden bekkfelt,,,,,86100915.0,FV3980 S2D1 m4966,Vann,1200.0,,,1200.0,,12.13,Plast,,,POINT Z (65377.143 6457041.673 2.993),Enkel bilveg,,Lindesnes,Sirkulær,I bekk/elv,StikkKulv
505.0,505.0,510,505,,"Veldig gjengrodd bekk nedstrøms, stillestående vann. Kulvert ikke hinder ",,0,0,70.0,Mandal ,Nei,"413 363,733","6 433 866,005",505.0,To kulverter i plast på ø120cm. Stillestående vann. ,40.0,120.0,1200.0,15.0,Lav,Lav,Mandal ,0.0,"413 372,984","6 433 868,995",Ikke hinder,Nei,022-789-R,0,,,022.32A,86101898,dubl,,,Jåbekken bekkfelt,,,,,86101898.0,FV3984 S1D1 m60,Vann,1200.0,,,1200.0,,8.0,Plast,,,POINT Z (59635.431 6457323.525 7.12),Enkel bilveg,,Lindesnes,Sirkulær,I bekk/elv,StikkKulv
531.0,531.0,536,532,,Grei betongstikkrenne. Denne er ikke hinder. ,Nei,0,0,80.0,Mandal ,Nei,"417 934,266","6 432 332,448",532.0,Relativt dypt og stillestående oppstrøms. Delvis stillestående på grunn av kulverter lengre oppstrøms. Men også kvist i bekk på grunn av bever ,80.0,120.0,1200.0,12.0,Middels,Lav,Mandal ,0.0,"417 923,064","6 432 337,769",Ikke hinder,Nei,022-767-R,0,,,022.321,86102188,dubl,,,Harkmarkfjorden bekkfelt,,,,,86102188.0,FV4228 S1D1 m7414,Vann,1200.0,,,1200.0,,16.0,Betong,,,POINT Z (64046.438 6455384.719 6.322),Enkel bilveg,,Lindesnes,Sirkulær,I bekk/elv,StikkKulv
533.0,533.0,538,534,,Kulvert ikke hinder. Fin bekk nedstrøms. ,Nei,0,0,50.0,Mandal ,Nei,"417 810,79","6 431 489,381",534.0,Smal men steinlagt og fin bekk. God vannføring. Kulvert ser ikke ut som hinder oppstrøms. ,50.0,120.0,1200.0,14.0,Middels,Middels,Mandal ,0.0,"417 786,915","6 431 499,748",Partiell,Nei,022-767-R,0,,,022.321,86102209,dubl,,,Harkmarkfjorden bekkfelt,,,,,86102209.0,FV4228 S1D1 m6543,Vann,1200.0,,,1200.0,,20.0,Betong,,,POINT Z (63847.688 6454565.228 11.779),Enkel bilveg,,Lindesnes,Sirkulær,I bekk/elv,StikkKulv
288.0,288.0,293,293,,"Stor fin steinkulvert, ikke hinder nedstrøms. ",Nei,0,0,3.0,Kristiansand ,Nei,"448 479,91","6 454 155,373",291.0,"bratt.... renner vann greit, overgrodd",20.0,120.0,1200.0,12.0,Lav,Lav,0,0.0,"448 499,017","6 454 144,378",Ikke hinder,Nei,020-433-R,0,,,020.A6,86131134,28925,,,,,,,,86131134.0,FV3910 S1D1 m2731,Vann,,1200.0,1000.0,1200.0,,10.0,Naturstein,,,POINT Z (96488.564 6474437.561 9.374),Enkel bilveg,,Kristiansand,Rektangulær,I skråning/terreng,StikkKulv
268.0,268.0,273,272,,"Grei kulvert, ikke hinder ",Nei,0,0,30.0,Søgne ,Nei,"425 871,44","6 437 357,881",272.0,"ekkel vann, med hvit gugge, stillestående,  eller ok,  noe gjengrodd ",35.0,120.0,1200.0,12.0,Middels,Lav,0,0.0,"425 850,265","6 437 362,706",Ikke hinder,Nei,022-723-R,0,,,022.221,86136915,5781,,,Hundsøyfjorden bekkefelt,,,,,86136915.0,FV3970 S1D1 m519,Vann,1200.0,,,1200.0,,13.0,Betong,,,POINT Z (72411.512 6459697.718 13.614),Enkel bilveg,,Kristiansand,Sirkulær,Kum,StikkKulv
32.0,32.0,37,42,,"Det renner ikke vann igjennom kulvert, dette vil kunne være vandringshinder. Usikker på vandring, men mulig ved høyere vannføring",Nei,10,0,10.0,Holskogveien (bekk renner fra Tjuviktjønna ned til Sandvigdalsfjorden,Ja,"436 480,398","6 438 924,531",42.0,"Lav vannføring for øyeblikket, vanligvis ok. Greit gytehabitat, ikke vandringshinder ved normal vannføring. Vil kunne samle vegetasjon foran innløp. ",5.0,120.0,1200.0,15.0,Lav,Lav,Mot søgne ,0.0,"436 453,441","6 438 942,125",Absolutt,Ja,022-724-R,"relevant for ål, må sjekkes",,,022.11Z,86332407,195492,,,Ytre Sandvikdalsfjord bekkefelt,,,,,86332407.0,FV456 S2D1 m4420,Vann,1200.0,,,1200.0,Nei,27.19,Betong,,Ja,POINT Z (83134.621 6460327.104 12.929),Enkel bilveg,,Kristiansand,Sirkulær,I skråning/terreng,StikkKulv
572.0,572.0,578,575,,0,Nei,0,0,30.0,Rugland,Nei,"407 613,702","6 435 010,577",575.0,Ikke merket på kartet. Kloakklukt ,30.0,120.0,1200.0,10.0,Middels,Middels,Rugland,0.0,"407 620,674","6 435 026,965",Ikke hinder,Nei,022-753-R,0,,,022.A21,152195075,dubl,,,Mandalselva - Mandal til utløp bekkefelt,,,,,152195075.0,FV3996 S1D1 m1085,,1200.0,,,1200.0,,14.0,Betong,,,POINT Z (53988.317 6458994.068 81.25),Enkel bilveg,,Lindesnes,Sirkulær,,StikkKulv
593.0,593.0,599,596,,Fisk observert,Ja,25,15kvm overflate,30.0,Ekland,Usikker,"403 312,52","6 450 946,155",596.0,0,27.0,120.0,1200.0,13.0,Middels,Lav,Nonåsen,0.0,"402 349,104","6 453 825,15",Partiell,Usikker,023-131-R,bru,,,023.A22,376607549,224412474,,,Audna - Tryland til Spilling bekkefelt,,,,,376607549.0,FV460 S2D1 m14326-14329,,,,,1200.0,,,Betong,,,,Enkel bilveg,,Lindesnes,,"Rør, glattveg. (151)",Bru
356.0,356.0,361,358,,Kulvert ser fin ut. Sannsynligvis fisk nedstrøms. Ikke mye vannflyt ut fra kulp,Ja,0,"Naturlig bred kulp, sikkert opp mot meteren dyp. ",40.0,Gjerstad ,Nei,"503 723,993","6 521 567,386",358.0,Renner ikke vann gjennom kulvert med vannstand som er nå. Ser fisk oppstrøms. Ikke hinder ,10.0,120.0,1200.0,8.0,Lav,Lav,Gjerstad ,0.0,"503 715,937","6 521 563,522",Ikke hinder,Nei,018-75-R,0,,,018.2C,745655127,369047578,,,"Sunda, bekkefelt",,,,,745655127.0,FV417 S1D1 m1818,Vann,1200.0,,,1200.0,Nei,8.3478194,Betong,,Ja,POINT Z (157627.118 6536768.36 109.497),Enkel bilveg,,Gjerstad,Sirkulær,I bekk/elv,StikkKulv
216.0,216.0,221,223,,Ok kulverter. Bekk noe gjengrodd. Stillestående vann. Men bør kunne passeres av fisk ,Nei,0,0,25.0,Mandal ,Nei,"421 756,088","6 458 220,246",223.0,"2 betongkulveeter, mye vegetasjon i bekk og noe kvist som blokerer ",35.0,120.0,1200.0,12.0,Lav,Lav,Mandal ,0.0,"421 734,096","6 458 224,976",Ikke hinder,Nei,022-677-R,0,,,022.1BZ,815353627,dubl,,,Gumpedalselva,,,,,815353627.0,FV461 S2D1 m2571,Vann,1200.0,,,1200.0,,,Betong,,,POINT Z (70172.697 6480888.893 244.264),Enkel bilveg,,Kristiansand,Sirkulær,I bekk/elv,StikkKulv
202.0,202.0,207,209,,"Ser stor Aure nedstrøms, men er terskel før kulvert. Og innløp mot kulvert er grodd igjen. Blir hinder for ål og fisk. Men sannsynligvis ikke 100% barriere ",Nei,60,0,20.0,Mandal Øygårdsveien (sidebekk Logåna),Ja,"411 369,903","6 458 666,505",209.0,"gitter foran, en del mudder ellers fin, ryddig og ren, liten kuling i front",5.0,120.0,1200.0,60.0,Lav,Lav,0,0.0,"411 375,825","6 458 737,12",Absolutt,Ja,022-650-R,0,,,022.B1Z,917897543,102543916,,,Mandalselva - Laudal til Øyslebø bekkefelt,,,,,917897543.0,FV4022 S1D1 m388,Vann,1200.0,,,1200.0,Nei,77.94,Betong,,Ja,POINT Z (59859.598 6482305.608 60.979),Enkel bilveg,,Lindesnes,Sirkulær,I bekk/elv,StikkKulv
238.0,238.0,243,244,,"Veldig høyt opp mot kulvert, plus at denne lekker foran slik at vann ikke passerer gjennom kulvert. Hinder for ål og fisk ",Nei,250,0,10.0,Brelandsveien (bekk renner fra Stemmetjørna til Høyevatnet),Ja,"418 448,702","6 451 925,049",244.0,"vann renner under selve røret, ellers greit",0.0,120.0,1200.0,15.0,Lav,Lav,0,0.0,"418 456,756","6 451 904,729",Absolutt,Ja,022-663-R,0,,,022.ABZ,1007467883,dubl,,,Høyevatnet bekkefelt,,,,,1007467883.0,FV4238 S2D1 m8225,Vann,1200.0,,,1200.0,,13.08,Betong,,Ja,POINT Z (66322.107 6474889.359 121.878),Enkel bilveg,,Lindesnes,Sirkulær,I bekk/elv,StikkKulv
227.0,227.0,232,233,,"Kulvert ikke bra, men heller ikke hinder. Liten og dårlig vannkvalitet nedstrøms. Lite habitat oppstrøms. Sannsynligvis ok. ",Nei,0,0,40.0,Tvedestrand ,Usikker,"507 192,165","6 500 900,473",233.0,"tørr, men ok",2.0,50.0,500.0,15.0,Lav,Lav,0,0.0,"507 170,791","6 500 891,01",Partiell,Usikker,Ikke VF,0,,,018.52,ikke i nvdb,,nær 84468758,,,,,,,,,,,,,500.0,,,,,,,,,,,,
388.0,388.0,393,390,,"Kulvert ok. Begynner å bli mindre vann i bekk, sammenlignet med nedstrøms. Ikke like landbrukspreget som punkt lengre nedstrøms. ",Nei,20,0,10.0,Tvedestrand ,Nei,"492 562,823","6 495 091,045",390.0,"Grei vannmengde i bekk oppstrøms, bekk ser fin ut. Selv om der muligens går beitedyr her. Kulvert ok.",35.0,80.0,800.0,12.0,Lav,Lav,Tvedestrand ,0.0,"492 554,582","6 495 084,433",Ikke hinder,Nei,Ikke VF,0,,,018.C2Z,84582490,,,,,,,,,84582490.0,FV422 S1D1 m321,Vann,800.0,,,800.0,Nei,11.61,Betong,,Nei,POINT Z (144128.824 6511346.731 53.083),Enkel bilveg,,Tvedestrand,Sirkulær,Åpen grøft,StikkKulv
387.0,387.0,392,389,,Ser en liten fisk. Slammete bekk sammenlignet med lengre nedstrøms. Noe vannføring. Ser ikke ut som hinder. ,Nei,3,0,5.0,Tvedestrand ,Nei,"492 555,918","6 495 142,897",389.0,Slammete sediment. Ellers fin bekk. Kulvert ikke hinder ,20.0,80.0,800.0,20.0,Lav,Lav,Tvedestrand ,0.0,"492 562,38","6 495 107,012",Ikke hinder,Nei,Ikke VF,0,,,018.C2Z,84582491,1,,,,,,,,84582491.0,FV422 S1D1 m282,Vann,800.0,,,800.0,Nei,33.04,Betong,,Nei,POINT Z (144122.817 6511385.443 52.615),Enkel bilveg,,Tvedestrand,Sirkulær,Åpen grøft,StikkKulv
382.0,382.0,387,384,,"Kulvert sannsynligvis ok. Men er veldig mye vegetasjon fra ny bekk, til eksisterende bekk. ",Nei,0,0,4.0,Tvedestrand ,Usikker,"492 883,804","6 497 706,935",384.0,Noe høyde etter kulvert 70. Og veldig slammete sediment. Men ellers pent,5.0,120.0,1200.0,25.0,Lav,Lav,Tvedestrand ,0.0,"492 935,17","6 497 710,555",Partiell,Usikker,018-33-R,0,,,018.C2Z,1017102715,932520224,,,Strengselva,,,,,1017102715.0,FV415 S1D1 m35,Vann,1200.0,,,1200.0,Nei,36.78,Betong,,Ja,POINT Z (144710.103 6513931.619 41.368),Enkel bilveg,,Tvedestrand,Sirkulær,I bekk/elv,StikkKulv
551.0,551.0,556,551,,"Mye søppel. Det er lav vannstand, men kulvert er veldig høy. Denne vil sannsynligvis by på problemer for både ål og anadrom fisk. Bekk ut fra kulvert burde vært lagt slik at vandring er greiere. ",Nei,500,0,40.0,Rykeneveien (Rannekleivbekken ned til Nidelva),Ja,"482 471,936","6 476 286,295",551.0,"Gitter foran kulvert 10cm mellom gitter. Dette kan heves eller senkes. Rør ligger høyt etter gitter. Lite vann i hage, men fin bekk lengre oppstrøms. Bør utbedres. Hinder ",10.0,120.0,1200.0,180.0,Lav,Lav,Arendal ,0.0,"482 348,634","6 476 453,29",Absolutt,Ja,019-492-R,0,,,019.A12Z,1019526156,2423441,,,"Nidelva, Bekkefelt Helle",,,,,1019526156.0,FV407 S2D1 m1379,Vann,1200.0,,,1200.0,Ja,80.0,Betong,,Ja,POINT Z (132362.28 6493572.019 21.245),Enkel bilveg,,Arendal,Sirkulær,I skråning/terreng,StikkKulv
391.0,391.0,396,392,,Denne er veldig lang og kan ikke ses igjenom. Er en del kvist i bekk nedstrøms og veldig lite vann. Usikker på hinder,Nei,2,0,5.0,Tvedestrand ,Usikker,"492 719,713","6 494 691,903",392.0,Vanskelig og se selve inngangen til kulvert. Veldig gjengrodd. Usikker på hvor denne bekken går etter den slutter på kartet. ,25.0,80.0,800.0,90.0,Lav,Lav,Tvedestrand ,0.0,"492 748,616","6 494 596,967",Partiell,Usikker,Ikke VF,0,,,018.C2Z,761447640,-258078516,,,,,,,,761447640.0,FV422 S1D1 m808,Vann,800.0,,,800.0,Nei,96.37,Betong,,Ja,POINT Z (144269.317 6510888.918 60.321),Enkel bilveg,,Tvedestrand,Sirkulær,I bekk/elv,StikkKulv
59.0,59.0,64,69,,"Bra kulvert, litt stigning opp mot åpning, men greit med normal vannstand, ser fisk nedstrøms. Fint bunnforhold ",Nei,40,0,30.0,Mandal 10 ,Nei,"410 656,477","6 436 901,8",69.0,fin kulvert med mose,7.0,120.0,1200.0,5.0,Middels,Lav,Mandal ,0.0,"410 648,474","6 436 860,357",Ikke hinder,Nei,022-815-R,0,,,022.A3Z,ikke i nvdb,,nær 86189767,,Mandalselva - Øyslebø til Mandal bekkefelt,,,,,,,,,,,1200.0,,,,,,,,,,,,
168.0,168.0,173,176,,Fine kulverter ikke fylkesvei ,Ja,0,Stor naturlig kulp 40-50cm dyp nå. Fin ,40.0,Høvåg ,Nei,"455 908,6","6 451 121,131",176.0,"grumsete men mye vann, 2 rør i betong ",40.0,120.0,1200.0,10.0,Lav,Lav,0,0.0,"455 903,152","6 451 085,027",Ikke hinder,Nei,020-16-R,0,,,020.3Z,ikke i nvdb,,,,Holtevannsbekken,,,,,,,,,,,1200.0,,,,,,,,,,,,
254.0,254.0,259,259,,"Noe lav vannføring nå, men regner med denne er fin med meir vann. ",Nei,20,0,10.0,Kristiansand ,Nei,"426 497,523","6 444 944,515",259.0,"en del småfisk, fin kulvert I stein",10.0,120.0,1200.0,8.0,Middels,Middels,0,0.0,"426 489,073","6 444 939,868",Ikke hinder,Nei,022-696-R,0,,,022.2B0,ikke i nvdb,,se 86106695,,Trondstadvatnet bekkefelt,,,,,,,,,,,1200.0,,,,,,,,,,,,
256.0,256.0,261,261,,"Ikke hinder, men ligger noe tegl inni kulvert, som blokerer noe, ellers ok.",Nei,0,0,5.0,Søgne ,Nei,"427 425,133","6 440 415,562",261.0,litt grums og søppel og kvist innløp ellers ok,5.0,120.0,1200.0,8.0,Lav,Lav,0,0.0,"427 425,039","6 440 428,034",Ikke hinder,Nei,022-775-R,0,,,022.2A,ikke i nvdb,,,,Lundeelva bekkefelt,,,,,,,,,,,1200.0,,,,,,,,,,,,
257.0,257.0,262,262,,"Grei kulvert nedstrøms, ok oppstrøms ",Nei,0,0,20.0,Søgne ,,"427 479,203","6 440 321,082",262.0,Helt ok ,2.0,120.0,1200.0,6.0,Lav,Lav,Søgne ,0.0,"427 473,309","6 440 327,124",Ikke angitt,,022-775-R,0,,,022.2A,ikke i nvdb,,nær 86099650,,Lundeelva bekkefelt,,,,,,,,,,,1200.0,,,,,,,,,,,,
463.0,463.0,468,464,,"Litt stillestående vann, sannsynligvis ikke hinder. Mye vegetasjon ",Nei,0,0,40.0,Tvedestrand ,Nei,"489 528,982","6 497 325,778",464.0,"Stillestående vann, ellers grei bekk. Ikke hinder ",50.0,120.0,1200.0,8.0,Middels,Lav,Tvedestrand ,0.0,"489 521,434","6 497 325,085",Ikke hinder,Nei,018-267-R,0,,,018.C23,ikke i nvdb,,nær 84490252,,Elv fra Øynesvann bekkefelt,,,,,,,,,,,1200.0,,,,,,,,,,,,
466.0,466.0,471,467,,"Ser grei ut nedstrøms, litt stillestående vann. Er et par store aurer. ",Nei,25,0,50.0,Froland ,Nei,"485 925,723","6 497 011,289",467.0,"Stillestående vann, ellers fin bekk ",30.0,120.0,1200.0,15.0,Lav,Lav,Froland,0.0,"485 933,234","6 497 014,18",Ikke hinder,Nei,019-425-R,0,,,019.B6,ikke i nvdb,,nær 84582093,,"Nidelva (Eivindstad - Bøylefoss), bekkefelt",,,,,,,,,,,1200.0,,,,,,,,,,,,
583.0,583.0,589,586,,"0 mellom kulvert og vannflate, men 50cm med grunt vann over sten. Ikke kulp men ganske stille vann",Nei,0,0,10.0,Nedre Foss,Nei,"401 981,532","6 442 808,523",586.0,0,30.0,120.0,1200.0,5.0,Middels,Lav,Bjørkenes,0.0,"412 629,156","6 443 835,232",Ikke hinder,Nei,023-38-R,0,,,023.C3Z,ikke i nvdb,,mangler id nord for 154769414,,Øydnavatnet Ytre bekkefelt,,,,,,,,,,,1200.0,,,,,,,,,,,,
510.0,510.0,515,510,,Usikker på om denne er hinder. Stikkrennen er lang og ser ut til å være bratt noen steder innvendig. Noe mudrete vann nedstrøms. ,Nei,50,0,55.0,Mandal ,Usikker,"412 073,004","6 433 049,033",510.0,"Grei bekk oppstrøms, god vannføring. Denne er lang og er derfor litt usikker på vandring. ",10.0,120.0,1200.0,65.0,Middels,Høy,Mandal ,0.0,"412 126,038","6 433 015,125",Partiell,Usikker,022-789-R,0,,,022.32A,86103245,,,,Jåbekken bekkfelt,,,,,86103245.0,FV230 S1D1 m810,Vann,1300.0,,,1300.0,,70.0,Betong,,,POINT Z (58311.159 6456585.861 16.519),Enkel bilveg,,Lindesnes,Sirkulær,Kum,StikkKulv
35.0,35.0,40,46,,"Ikke vandringshinder, mulig kulvert er noe lav i forhold til vannstand. Sannsynligvis helt ok. ",Ja,0,"Stor grunn kulp, ikke nødvendig med hopp.",40.0,Søgne vgs ,Nei,"431 989,564","6 439 445,264",46.0,"Mye sediment, sannsynligvis drenering fra landbruk. Usikker på fiskevandring",50.0,120.0,1200.0,10.0,Middels,Lav,Søgne vgs ,0.0,"431 996,905","6 439 459,799",Ikke hinder,Nei,022-706-R,0,,,022.1A2,86110912,7667,,,Søgneelva - Brennåsen til utløp bekkefelt,,,,,86110912.0,FV3958 S1D1 m275,Vann,1300.0,,,1300.0,,18.0,Plast,,,POINT Z (78724.437 6461240.987 4.137),Enkel bilveg,,Kristiansand,Sirkulær,I bekk/elv,StikkKulv
259.0,259.0,264,264,,"Noe tett oppstrøms Veldig lav vannstand, men grei kulvert ",Nei,0,0,4.0,Søgne ,Usikker,"427 501,226","6 440 001,903",264.0,"kvistdemning og tørr, ellers ok",5.0,120.0,1200.0,12.0,Lav,Lav,0,0.0,"427 500,774","6 440 021,723",Ikke hinder,Usikker,022-775-R,0,,,022.2A,86118205,dubl,,,Lundeelva bekkefelt,,,,,86118205.0,FV3975 S1D1 m2763,Vann,,1300.0,1400.0,1300.0,,12.0,Betong,,,POINT Z (74292.046 6462198.392 3.888),Enkel bilveg,,Kristiansand,Rektangulær,,StikkKulv
92.0,92.0,97,101,,"Vet ikke hvor denne kommer fra, ser fisk nedstrøms. Kan ikke se igjennom kulvert. Mudrete sediment, mye slam og sand. ",Nei,0,0,10.0,Terje Løvås vei (Støyterbekken),Ja,"474 840,016","6 465 679,245",101.0,"Kulvert går langt inn på et jorde med begrenset bekk, grunnet lengde tenker jeg vandringshinder og barriere på denne. Plante kantvegetasjon i bekk og finne ut om kulvert er grei invendig.",35.0,120.0,1200.0,120.0,Middels,Lav,Grimstad ,0.0,"474 725,129","6 465 720,1",Absolutt,Ja,019-575-R,0,,,019.216Z,84429130,-1689075,,,"Groosfjorden, bekkefelt",,,,,84429130.0,FV3640 S1D1 m804,Vann,1400.0,,,1400.0,Nei,60.0,Betong,,Ja,POINT Z (123811.169 6483608.936 33.141),Enkel bilveg,Finner ikke innløp,Grimstad,Sirkulær,I bekk/elv,StikkKulv
474.0,474.0,479,475,,Noe gjengrodd foran åpning oppstrøms. Stillestående vann og relativt gjødselpreget. ,Nei,5,0,15.0,Arendal ,Nei,"478 318,215","6 477 697,518",475.0,Veldig gjengrodd bekk. Stillestående vann. Kulvert ikke hinder ,20.0,120.0,1200.0,10.0,Lav,Lav,Arendal ,0.0,"478 346,08","6 477 728,67",Ikke hinder,Nei,019-698-R,0,,,019.B1,84436523,7393,,,Nidelva Furre - Rygene kraftverk bekkefelt,,,,,84436523.0,FV3538 S1D1 m4113,Vann,1400.0,,,1400.0,Nei,7.0,Betong,,Ja,POINT Z (128384.04 6495277.198 42.853),Enkel bilveg,,Arendal,Sirkulær,I bekk/elv,StikkKulv
272.0,272.0,277,276,,"Noe merkelig vannføring nedstrøms ut av kulvert, slik som vannmengden er nå. Kulvert bør ryddes for kvist. Tenker denne er hinder i lav grad, men ikke barriere. ",Nei,40,0,30.0,Arendal ,Usikker,"490 026,632","6 485 901,077",276.0,"Fisk oppstrøms, 2 betongkulverter, noe blokkering av kvist i den ene, og det renner kun vann i den ene slik som vannnivået er nå. Fin bekk oppstrøms ",35.0,120.0,1200.0,8.0,Lav,Middels,Arendal ,0.0,"490 018,855","6 485 911,586",Partiell,Usikker,018-40-R,0,,,018.72,84464991,28468,,,Mørfjærbekken inkl. bekkefelt,,,,,84464991.0,FV3530 S1D1 m2440,Vann,1400.0,1600.0,,1400.0,Nei,6.60081977,Betong,,Ja,POINT Z (140779.628 6502417.667 10.419),Enkel bilveg,,Arendal,Sirkulær,I bekk/elv,StikkKulv
290.0,290.0,295,293,,"Vandringshinder, men ikke barriere sannsynligvis. Noe høyde opp mot kulvert. Kunne gjerne hatt finere ingang. Mye stor Aure nedstrøms. Og fint bekkeløp. ",Ja,40,"Naturlig kulp, mulig fisk kan hoppe ved litt mer vann. ",30.0,Fosseveien (Hengefoss ned til Tovdalsåna),Ja,"450 395,437","6 457 790,862",293.0,"meget fin, god vannføring ognen del stein i ulik størrelse , klart vann",30.0,120.0,1200.0,25.0,Middels,Lav,0,0.0,"450 355,43","6 457 813,913",Absolutt,Ja,020-372-R,0,,,020.A40,86126811,1661820,,,Elv fra Stemtjønn,,,,,86126811.0,FV3748 S1D1 m1969,Vann,,1600.0,1600.0,1600.0,,32.05,Betong,,,POINT Z (98715.919 6477906.328 20.293),Enkel bilveg,,Kristiansand,Rektangulær,I skråning/terreng,StikkKulv
178.0,178.0,183,186,,"Stor grei kulvert, ikke vandringshinder. Lite vegetasjon langs bekk, men bekk ok ",Nei,2,0,20.0,Lillesand ,Nei,"460 897,467","6 455 440,113",186.0,"gjennomført kulvert , rent vann",15.0,120.0,1200.0,20.0,Middels,Middels,0,0.0,"460 871,724","6 455 422,535",Ikke hinder,Nei,020-6-R,0,,,020.221Z,777506988,691380177,,,Glamslandvatnet med bekkefelt,,,,,777506988.0,FV3662 S1D1 m26,Vann,1600.0,,,1600.0,,,Betong,,Ja,POINT Z (108977.946 6474612.588 24.703),Kanalisert veg,,Lillesand,Sirkulær,I bekk/elv,StikkKulv
65.0,65.0,70,75,,"Noe tør, men fin kulvert med naturlig substrat, ikke hinder. ",Nei,0,0,3.0,Mandal 16,Nei,"413 381,827","6 440 315,344",75.0,"overgrodd og bratt, men fin bekk, firkant",10.0,120.0,1200.0,15.0,Lav,Lav,Mandal,0.0,"413 408,377","6 440 312,535",Ikke hinder,Nei,022-814-R,0,,,022.A6,86217008,-691289980,,,Mandalselva - Øyslebø til Mandal,,,,,86217008.0,FV455 S1D1 m8187,Vann,,2000.0,1300.0,2000.0,,19.0,Betong,,,POINT Z (60235.946 6463764.636 4.61),Enkel bilveg,,Lindesnes,Rektangulær,Kum,StikkKulv
239.0,239.0,244,245,,"Fin kulvert, ikke hinder. Mye fisk nedstrøms (Aure/sjøaure)",Nei,0,0,20.0,Mandal ,Nei,"417 303,328","6 449 001,005",245.0,"ser en 12cm fisk, ser fin ut, vannspeil",20.0,120.0,1200.0,8.0,Middels,Lav,0,0.0,"417 308,695","6 448 992,947",Neppe fiskeførende,Nei,022-877-R,0,,,022.AA12,1007467916,dubl,,,Høyeåna - Høyevatnet til Øyslebø bekkefelt,,,,,1007467916.0,FV4238 S2D1 m11656,Vann,,2200.0,1000.0,2200.0,,4.98,Betong,,Ja,POINT Z (64914.33 6472079.756 86.434),Enkel bilveg,,Lindesnes,Rektangulær,,StikkKulv
209.0,209.0,214,216,,"Mesteparten av vannet går gjennom en mindre kulvert, som ser ut som vandringshinder siden den er tett.",Nei,60,0,15.0,Mandal ,Usikker,"415 162,304","6 464 033,411",216.0,"betongrør, men meste av vann går gjennom gammelt stein kulvert, så en liten fisk",5.0,130.0,1300.0,8.0,Lav,Lav,0,0.0,"415 158,677","6 464 026,965",Partiell,Usikker,022-644-R,0,,,022.C2,86102012,-921365904,,,Mannflåvatnet bekkefelt,,,,,86102012.0,FV3938 S1D1 m2852,Vann,800.0,,,800.0,,8.0,Betong,,,POINT Z (64119.261 6487269.087 215.3),Enkel bilveg,,Kristiansand,Sirkulær,I bekk/elv,StikkKulv
31.0,31.0,36,41,,Noe tørt nedstrøms. Ikke høyt mot kulvert i forhold til hopp. Bør fungere bra for vandring. Lite vannføring for øyeblikket. Bra ,Nei,5,0,0.0,Mot søgne ,Nei,"436 558,949","6 439 460,812",41.0,"stein fylt kulvert, vann sildrer fint, litt hinder av grein og kvister vannføring normalt høyere",10.0,130.0,1300.0,15.0,Lav,Lav,holskogen,0.0,"436 530,758","6 439 481,053",Ikke hinder,Nei,022-711-R,0,,,022.110,86123251,21239,,,Indre Sandvikdalsfjord bekkefelt,,,,,86123251.0,FV456 S2D1 m3602,Vann,1000.0,,,1000.0,Nei,20.18,Betong,,Ja,POINT Z (83274.658 6460852.926 14.467),Enkel bilveg,,Kristiansand,Sirkulær,Åpen grøft,StikkKulv
201.0,201.0,206,208,,"Høyt opp mot kulvert, men bør kunne vandres av anadrom fisk. Mye Aure nedstrøms, som er fanget i kulp ved vannstand som er nå. Vanskelig for ål opp mot kulvert ",Ja,70,"Semi naturlig kulp, ikke bekk etter kulp sånn som vannstand er nå ",30.0,Konsmoheiveien (sidebekk Logåna),Ja,"411 935,112","6 457 206,945",208.0,"ganske tørr, mye store stein",3.0,130.0,1300.0,20.0,Lav,Lav,0,0.0,"411 917,631","6 457 185,341",Absolutt,Ja,022-650-R,0,,,022.B1Z,86192819,69568,,,Mandalselva - Laudal til Øyslebø bekkefelt,,,,,86192819.0,FV461 S3D1 m949,Vann,1200.0,,,1200.0,,17.0,Betong,,,POINT Z (60279.588 6480739.627 40.284),Enkel bilveg,,Lindesnes,Sirkulær,Kum,StikkKulv
106.0,106.0,111,114,,Usikker på om det er fisk her. Kulvert sikkert grei ved høyere vannstand ,Nei,30,0,20.0,Risør ,Nei,"510 464,446","6 507 889,013",114.0,vandinghinder og grumsete bekk,2.0,130.0,1300.0,20.0,Lav,Lav,risør,0.0,"510 428,811","6 507 858,873",Ikke hinder,Nei,018-182-R,0,,,018.23,84789199,-1403620,,,"Sørfjorden-østre, bekkefelt",,,,,84789199.0,FV3454 S1D1 m493,Vann,1300.0,,,1300.0,Nei,30.0,Betong,,,POINT Z (163127.046 6522497.763 39.775),Enkel bilveg,,Risør,Sirkulær,I bekk/elv,StikkKulv
195.0,195.0,200,203,,Ser mye fisk nedstrøms. Men noe brakk bekk. Usikker i forhold til ål. Fisk sannsynligvis ok.,Nei,0,0,10.0,Mandal ,Nei,"411 914,843","6 448 820,003",203.0,"fin og broaktig tørr, ser en del fisk i kulvert nedenfor ",10.0,130.0,1300.0,6.0,Middels,Lav,0,0.0,"411 906,936","6 448 828,463",Ikke hinder,Nei,022-650-R,0,,,022.B1Z,86199005,1409806,,,Mandalselva - Laudal til Øyslebø bekkefelt,,,,,86199005.0,FV4012 S1D1 m3200,Vann,,1700.0,1500.0,1700.0,,6.0,Betong,,,POINT Z (59513.647 6472387.658 99.482),Enkel bilveg,,Lindesnes,Rektangulær,Kum,StikkKulv
115.0,115.0,120,123,,Mulig hinderbarriere på grunn av lengde. Noe underdimensjonert rør sannsynligvis. Mudrete vann nedstrøms,Nei,0,0,30.0,Åkvågveien (Hopetjenn til Sadnesfjorden),Ja,"508 314,842","6 505 539,444",123.0,kvist demning og svært ekkelt grums vann,12.0,140.0,1400.0,160.0,Lav,Lav,Lyngør,0.0,"508 293,198","6 505 444,292",Absolutt,Ja,018-157-R,0,,,018.4,84585197,-1613808,reng gjett på ID,,"Sandnesfjorden, bekkefelt",,,,,84585197.0,FV3460 S1D1 m13,Vann,200.0,,,200.0,Nei,10.0,Betong,,,POINT Z (160778.967 6520305.773 4.032),Enkel bilveg,,Risør,Sirkulær,,StikkKulv
87.0,87.0,92,96,,"Bør utbedres. Uegnet grunnet lengde og habitat nedstrøms. To rør under vei, sand som sediment, dette streket er sannsynligvis uegnet for fisk. ",Nei,0,0,25.0,Tønnevoldsgate / Frivoldveien (Vossbekken som renner ut i Groosefjorrden),Ja,"475 599,082","6 467 193,166",96.0,"Gitter foran åpning, tettes med kvist. 2 rør på 140 cm. Vandringshinder. Alt for langt rør, og gitter. 15cm åpning mellom gitterstaver. Må utbedres. ",30.0,140.0,1400.0,80.0,Middels,Lav,Grimstad ,0.0,"475 640,098","6 467 316,624",Absolutt,Ja,019-575-R,0,,,019.216Z,84633168,47971,,,"Groosfjorden, bekkefelt",,,,,84633168.0,FV3624 S1D1 m190,Vann,300.0,,,300.0,Nei,25.0,Betong,,Nei,POINT Z (124739.906 6485026.367 15.944),Enkel bilveg,,Grimstad,Sirkulær,Kum,StikkKulv
332.0,332.0,337,333,,"Grei kulvert, ikke vandringshinder. ",Nei,0,0,20.0,Arendal ,Nei,"483 047,2","6 481 497,996",333.0,"tørr, noe helning ellers ok",5.0,140.0,1400.0,20.0,Lav,Lav,0,0.0,"483 076,325","6 481 504,963",Ikke hinder,Nei,019-502-R,0,,,019.124Z,84722573,89405,,,Biebekken - Solbergvassdraget ,,,,,84722573.0,FV42 S1D1 m1403,Vann,300.0,,,300.0,,23.0,Betong,,,POINT Z (133432.048 6498650.854 49.505),Enkel bilveg,,Arendal,Sirkulær,,StikkKulv
522.0,522.0,527,523,,"Fin gammel kulvert. Ikke hinder. Fin bekk, ser ut som om denne er ryddet kvist utav tidligere. Bra. ",Nei,0,0,20.0,Mandal ,Nei,"421 328,097","6 433 072,936",523.0,Tjern rett ved kulvert oppstrøms. Fin gammel steinkulvert. Ikke hinder. ,20.0,140.0,1400.0,10.0,Lav,Lav,Mandal ,0.0,"421 319,902","6 433 085,021",Ikke hinder,Nei,022-723-R,0,,,022.221,86101113,1378540,,,Hundsøyfjorden bekkefelt,,,,,86101113.0,FV3980 S2D1 m13,Vann,400.0,,,400.0,,6.0,Plast,,,POINT Z (67506.335 6455830.258 9.537),Enkel bilveg,,Lindesnes,Sirkulær,I bekk/elv,StikkKulv
587.0,587.0,593,590,,0,Nei,0,0,30.0,Naglestadveien,Nei,"404 253,424","6 471 552,343",590.0,0,22.0,140.0,1400.0,6.0,Middels,Middels,Øygaarden,0.0,"405 333,831","6 468 927,117",Ikke hinder,Nei,023-38-R,0,,,023.C3Z,86193424,92311,,,Øydnavatnet Ytre bekkefelt,,,,,86193424.0,FV4045 S1D1 m562,Vann,400.0,,,400.0,,7.0,Plast,,,POINT Z (53891.717 6495765.347 96.09),Enkel bilveg,,Lyngdal,Sirkulær,Kum,StikkKulv
314.0,314.0,319,316,,"Hinder slik som vannstand er nå, mulig denne kan passeres ved mer nedbør. ",,40,0,20.0,Nygrenda 3596 (mulig bekk ender i Reddalsvannet),Ja,"464 056,911","6 467 426,18",316.0,"kvist demning, grumsete vann",10.0,140.0,1400.0,10.0,Lav,Lav,0,0.0,"464 047,468","6 467 502,345",Absolutt,Ja,019-488-R,0,,,019.2D,84426528,-1766896,,,"Reddalsåna, bekkefelt",,,,,84426528.0,FV3596 S2D1 m5839,Vann,1000.0,,,1000.0,,12.0,Betong,,,POINT Z (113220.459 6486339.838 193.235),Enkel bilveg,,Grimstad,,,StikkKulv
609.0,819.0,,317,,,,,,,,,,,317.0,"seigt og grumsete vann, kvistdemning, 2 rør",5.0,140.0,1400.0,14.0,Middels,Lav,0,0.0,"465 340,935","6 467 527,959",Ikke hinder,0,019-488-R,0,,,019.2D,84426570,dubl,,,"Reddalsåna, bekkefelt",,,,,84426570.0,FV3596 S2D1 m4434,Vann,1000.0,,,1000.0,,16.0,Betong,,,POINT Z (114521.409 6486302.77 185.698),Enkel bilveg,,Grimstad,,,StikkKulv
299.0,299.0,304,302,,Ikke vandringshinder for anadrom fisk. Skal gå fint å hoppe opp mot kulvert. Fin kulp nedstrøms. Ser en del Aure nedstrøms ,Ja,25,"Halvstor naturlig kulp, holder på en del vann. Enda en liten kulp rett ved inngang til kulvert ",30.0,Birkenes ,Nei,"452 455,746","6 461 741,481",302.0,"tørr, men grei",5.0,140.0,1400.0,17.0,Lav,Lav,0,0.0,"452 457,86","6 461 784,231",Partiell,Nei,020-433-R,0,,,020.A6,84450391,23821,,,,,,,,84444458.0,FV3752 S1D1 m97,,1000.0,,,1000.0,,30.0,Betong,,,POINT Z (101132.304 6481683.757 46.332),Enkel bilveg,,Birkenes,,,StikkKulv
113.0,113.0,118,121,,Kulvert noe redusert invendig. Ikke hinder. Noe slam fra veiarbeid nedstrøms i bekk. Og noe ras fra arbeid. Men ok. ,Nei,0,0,20.0,Lyngør ,Nei,"506 810,437","6 505 172,786",121.0,fin og litt dyr i bunn ,7.0,140.0,1400.0,15.0,Lav,Lav,0,0.0,"506 783,368","6 505 155,342",Ikke hinder,Nei,018-157-R,0,,,018.4,84495311,44920,,,"Sandnesfjorden, bekkefelt",,,,,84495311.0,FV3438 S1D1 m2919,Vann,1000.0,,,1000.0,Nei,18.0,Betong,,,POINT Z (159243.767 6520125.929 39.815),Enkel bilveg,,Risør,Sirkulær,Kum,StikkKulv
490.0,490.0,495,490,,Noe grus foran kulvert. Og er veldig tør. Men ikke hinder. ,Nei,0,0,0.0,Froland ,Nei,"477 389,805","6 486 765,165",490.0,Steinkulvert. 140cm bred og 70cm høy. Veldig tør bekk oppstrøms. ,0.0,140.0,1400.0,8.0,Lav,Lav,0,0.0,"477 384,694","6 486 759,145",Ikke hinder,Nei,019-427-R,0,,,019.B4Z,84581507,86196,,,"Songeelva, bekkefelt",,,,,84581507.0,FV3728 S1D1 m1584,Vann,1000.0,1500.0,800.0,1000.0,Nei,4.0,Naturstein,,Ja,POINT Z (128237.472 6504408.283 90.234),Enkel bilveg,,Froland,Rektangulær,Åpen grøft,StikkKulv
390.0,390.0,395,391,,"Betongstikkrenne, ikke hinder. Men er velsig lite vann nedstrøms, og de fiskene som er her, er fanget på grunn av lav vannstand. ",Nei,10,0,10.0,Tvedestrand ,Nei,"492 701,306","6 494 777,092",391.0,Renner ikke noe vann gjennom denne nå. Vokser en bregne i åpning oppstrøms. Bekk ellers relativt gjengrodd. ,0.0,100.0,1000.0,18.0,Lav,Lav,Tvedestrand ,0.0,"492 704,336","6 494 757,275",Ikke hinder,Nei,Ikke VF,0,,,018.C2Z,84582482,975,,,,,,,,84582482.0,FV422 S1D1 m678,Vann,800.0,,,800.0,Nei,20.52788325,Betong,,Ja,POINT Z (144247.581 6511017.18 58.896),Enkel bilveg,,Tvedestrand,Sirkulær,I bekk/elv,StikkKulv
326.0,326.0,331,327,," Denne ser fin ut, ser fisk nedstrøms. ",Nei,0,0,10.0,Froland ,Nei,"480 773,224","6 482 399,012",327.0,grei noe søppel,15.0,140.0,1400.0,25.0,Middels,Lav,0,0.0,"480 746,314","6 482 433,405",Ikke hinder,Nei,019-1-R,0,,,019.A1Z,84409348,,,,"Assævannet, bekkefelt",,,,,84409348.0,FV42 S1D1 m4199,,1200.0,,,1200.0,,36.0,Betong,,,POINT Z (131216.097 6499758.195 55.678),Enkel bilveg,,Froland,,,StikkKulv
241.0,241.0,246,247,,"Grei kulvert, bør ikke være hinder ",Nei,2,0,40.0,Mandal ,Nei,"417 388,681","6 447 926,459",247.0,fin og grei,15.0,140.0,1400.0,10.0,Middels,Lav,0,0.0,"417 383,003","6 447 911,413",Partiell,Nei,022-874-R,0,,,022.AA1A,86105506,dubl,,,Eidsåna,,,,,86105506.0,FV3976 S2D1 m8526,Vann,1200.0,,,1200.0,,8.0,Betong,,,POINT Z (64904.959 6471000.674 112.55),Enkel bilveg,,Lindesnes,Sirkulær,I bekk/elv,StikkKulv
250.0,250.0,255,255,,"Ser fisk nedstrøms, noe stillestående vann. Fint substrat, ikke hinder ",Nei,0,0,50.0,Mandal ,Nei,"425 974,833","6 445 242,011",255.0,"stillestående, og noe ekkelt vann, ellers ok",30.0,140.0,1400.0,15.0,Middels,Lav,0,0.0,"425 992,559","6 445 308,123",Ikke hinder,Nei,022-696-R,0,,,022.2B0,86106653,1147,nær 86106653,,Trondstadvatnet bekkefelt,,,,,86106653.0,FV3976 S1D1 m6761,Vann,1200.0,,,1200.0,,12.0,Betong,,,POINT Z (73247.508 6467579.234 101.767),Enkel bilveg,,Kristiansand,Sirkulær,I bekk/elv,StikkKulv
594.0,594.0,600,597,,0,Ja,110,"Middels stor, passe dyp, men med stor avstand ril kulvert",30.0,Nonåsen,Ja,"402 341,182","6 453 837,646",597.0,Kunne trengt ekstra rør og autovern,20.0,140.0,1400.0,7.0,Lav,Lav,Viblemo nord,0.0,"403 246,683","6 458 819,698",Absolutt,Ja,023-94-R,0,,,023.B110,86331885,dubl,,,Audna - Helle til Tryland bekkefelt,,,,,86331885.0,FV460 S2D1 m17738,Vann,1200.0,1200.0,1200.0,1200.0,Nei,18.22,Betong,,Ja,POINT Z (50410.964 6478238.142 35.155),Enkel bilveg,geometri målt på topp av rør,Lindesnes,Sirkulær,I bekk/elv,StikkKulv
437.0,437.0,442,439,,"Tør rett ved kulvert, ellers landbrukspreget bekk nedstrøms. Ikke hinder ",Nei,0,0,5.0,Vegårshei ,Nei,"493 083,334","6 519 660,602",439.0,Greit med vann i myr/bekk oppstrøms. Går ikke vann under kulvert. Liger en plank som terskel oppstrøms. ,8.0,140.0,1400.0,14.0,Lav,Lav,Vegårshei,0.0,"493 090,004","6 519 673,316",Ikke hinder,Nei,018-264-R,0,,,018.F,84465810,-1866075,,,Vegår bekkefelt,,,,,84465810.0,FV3702 S1D1 m3121,Vann,,1400.0,1600.0,1400.0,Ja,5.68641422,Betong,,,POINT Z (146858.173 6535817.102 191.173),Enkel bilveg,,Vegårshei,Rektangulær,I bekk/elv,StikkKulv
455.0,455.0,460,456,,"Ikke hinder, grei bekk. Så en liten fisk ",Nei,0,0,10.0,Vegårshei ,Nei,"481 192,456","6 509 225,93",456.0,Tørr bekk oppstrøms. Men renner noe vann igjennom. Ser noe veldig liten fisk oppstrøms. ,5.0,140.0,1400.0,9.0,Lav,Lav,Vegårshei ,0.0,"481 211,327","6 509 222,397",Ikke hinder,Nei,019-408-R,0,,,019.C3,84520739,54929,,,"Ufsvatn, bekkefelt",,,,,84520739.0,FV3698 S1D1 m6928,Vann,1400.0,,,1400.0,Nei,6.19038217,Betong,,Nei,POINT Z (134063.762 6526465.232 187.656),Enkel bilveg,,Vegårshei,Sirkulær,I bekk/elv,StikkKulv
538.0,538.0,543,539,,"God vannføring, grei bekk. Ser ikke ut som hinder. ",Nei,5,0,30.0,Mandal ,Nei,"413 272,865","6 431 012,417",539.0,"Stor kulvert, ser grei ut oppstrøms. God vannføring i bekk. ",10.0,140.0,1400.0,8.0,Middels,Høy,Mandal ,0.0,"413 268,438","6 431 019,909",Ikke hinder,Nei,022-801-R,0,,,022.322,86103120,dubl,,,Mannefjorden bekkefelt,,,,,86103120.0,FV4228 S1D1 m1204,Vann,1400.0,,,1400.0,,9.0,Betong,,,POINT Z (59288.417 6454493.185 7.434),Enkel bilveg,,Lindesnes,Sirkulær,I bekk/elv,StikkKulv
262.0,262.0,267,267,,"Grei kulvert, ikke hinder ",Nei,10,0,30.0,Søgne ,Nei,"422 345,818","6 441 428,2",267.0,"kvist i innløp, en del helning mellomndette og punkt nærme, ellers ok",15.0,140.0,1400.0,8.0,Middels,Lav,0,0.0,"422 368,153","6 441 433,302",Ikke hinder,Nei,022-726-R,0,,,022.22Z,ikke i nvdb,,,,Trysfjorden bekkefelt,,,,,,,,,,,1400.0,,,,,,,,,,,,
467.0,467.0,472,468,,"Mulig hinder på grunn av lengde og vannføring, er en del fisk nedstrøms",Nei,0,0,70.0,Tvedestrand ,Usikker,"485 410,941","6 496 431,144",468.0,"Veldig gjengrodd bekk oppstrøms, stillestående vann. Renner ikke vann gjennom kulvert ",10.0,140.0,1400.0,30.0,Lav,Lav,Tvedestrand ,0.0,"485 409,434","6 496 460,484",Partiell,Usikker,019-425-R,0,,,019.B6,ikke i nvdb,,nær 84582110,,"Nidelva (Eivindstad - Bøylefoss), bekkefelt",,,,,,,,,,,1400.0,,,,,,,,,,,,
504.0,504.0,509,504,,"Ser ikke ut som hinder, helt ok bekk. ",Nei,0,0,5.0,Mandal ,Nei,"414 689,958","6 437 200,592",504.0,"Noe plant som løsner fra denne lille brua, men ser ikke ut som hinder ",5.0,140.0,1400.0,10.0,Lav,Middels,Mandal ,0.0,"414 680,226","6 437 205,05",Ikke hinder,Nei,022-758-R,0,,,022.3C,ikke i nvdb,,nær 86109463,,Skagestadvatnet bekkefelt,,,,,,,,,,,1400.0,,,,,,,,,,,,
355.0,355.0,360,357,,"Hinder fordi man blokkerer til utløp mot bekk. Selv om småfisk sannsynligvis passerer. Dårlig vannkvalitet, ser fisk nedstrøms. Dette er også en svært lang kulvert, som også renner under E18",Ja,0,"Menneskeskapt kulp, blokkerer fisk delsvis fra å reise til innsjø. ",60.0,"Gjerstadveien (E18, Bekk renner ut mot Nybøtjerna)",Ja,"504 287,926","6 520 001,014",357.0,Usikker på hvor denne leder. Greit med vann ved kulvert. Men tørt opp mot neste. Usikker på hinder ,40.0,140.0,1400.0,100.0,Lav,Lav,Gjerstad ,0.0,"504 389,257","6 520 209,274",Absolutt,Ja,018-75-R,0,,,018.2C,ikke i nvdb,,Nybøtjerna nordsiden,,"Sunda, bekkefelt",,,,,,,,,,,1400.0,,,,,,,,,,,,
375.0,375.0,380,377,,Tenker selve kulverten ikke er hinder. Men bekk gjengrodd både oppstrøms og nedstrøms. Men er fortsatt noe vann i bekk. ,Nei,0,0,30.0,Arendal ,Nei,"490 594,04","6 489 859,505",377.0,Kulvert ser ok ut. Men bekk veldig gjengrodd oppstrøms. ,30.0,140.0,1400.0,12.0,Lav,Lav,Arendal ,0.0,"490 602,245","6 489 863,858",Ikke hinder,Nei,018-254-R,0,,,018.7B,84586211,,,,Molandsvann bekkefelt,,,,,84586211.0,FV3496 S1D1 m1968,Vann,1500.0,,,1500.0,Nei,12.41184455,Betong,,Ja,POINT Z (141705.522 6506312.131 29.649),Enkel bilveg,,Arendal,Sirkulær,I bekk/elv,StikkKulv
354.0,354.0,359,356,,"Usikker på hinder, selve kulvert ser fin ut. Ser fisk nedstrøms. Men vannet bærer preg av å ligge så nærme riksvei. Slammete og noe oljeflekker i vann. Usikker på hinder på grunn av lengden og usikker på hvordan denne er innvendig ",Nei,0,0,40.0,Gjerstad ,Usikker,"504 378,945","6 520 313,971",356.0,"Ser fisk oppstrøms. Ser ikke ut som hinder oppstrøms. Men kulvert er veldig lang, og noe usikkerhet i forhold til hvordan denne er invendig ",50.0,140.0,1400.0,100.0,Lav,Lav,Gjerstad ,0.0,"504 332,078","6 520 400,067",Partiell,Usikker,018-75-R,0,,,018.2C,220522443,135936232,,,"Sunda, bekkefelt",,,,,220522443.0,EV18 S20D1 m10361,,1600.0,,,1600.0,,,Betong,,,POINT Z (158163.11 6535455.619 92.964),Kanalisert veg,,Gjerstad,,,StikkKulv
190.0,190.0,195,198,,Veldig lav vannføring. Kulvert kun sannsynlig hinder for ål. Mulig noe tau hadde vært fint ,Nei,20,0,5.0,Mandal ,Usikker,"413 015,711","6 442 777,228",198.0,"mye grumsete vann, fin gammel kulvert I stein",10.0,150.0,1500.0,12.0,Lav,Lav,0,0.0,"413 005,94","6 442 768,565",Partiell,Usikker,022-815-R,0,,,022.A3Z,86188946,-134333497,,,Mandalselva - Øyslebø til Mandal bekkefelt,,,,,86188946.0,FV4226 S1D1 m11632,Vann,,500.0,600.0,500.0,,15.0,Naturstein,,,POINT Z (60070.716 6466248.335 14.238),Enkel bilveg,,Lindesnes,Rektangulær,Kum,StikkKulv
170.0,170.0,175,178,,Grei kulvert. Ok bekk. Ser ut som mye avrenning fra pukkverk i vannet. Så en fisk nedstrøms. ,Nei,5,0,25.0,Høvåg ,Nei,"451 806,964","6 450 966,735",178.0,"en del greiner og kvist, og mye noe sedimenter fra pukkverk?",14.0,150.0,1500.0,16.0,Middels,Lav,0,0.0,"451 783,976","6 451 002,423",Ikke hinder,Nei,020-396-R,0,,,020.4A,84762908,-1426038,,,Elv Drangsholtvatnet - Isefjærfjorden bekkefelt,,,,,84762908.0,FV420 S12D1 m5173,Vann,1000.0,,,1000.0,Nei,15.0,Betong,,Ja,POINT Z (99508.131 6470984.225 35.908),Enkel bilveg,,Lillesand,Sirkulær,I bekk/elv,StikkKulv
562.0,562.0,567,565,,"Usikker på høyde og vanndybde. Men er hinder i bekk, da bekkeløp er fylt med kvist. Er også veldig bratt oppstrøms. ",Nei,0,0,0.0,Bykle ,Nei,"414 014,114","6 568 874,851",565.0,"bratt og broaktig kulvert, grei, kult i forkant",20.0,150.0,1500.0,10.0,Middels,Middels,0,0.0,"414 036,419","6 568 873,29",Ikke hinder,Nei,021-1274-R,0,,,021.F53Z,84710446,-52462,,,Otra - Bykil til Flåren bekkfelt,,,,,84710446.0,FV450 S8D1 m8372,Vann,1500.0,,,1500.0,Nei,7.0,Naturstein,,,POINT Z (72392.105 6592031.96 452.446),Enkel bilveg,,Valle,Rektangulær,,StikkKulv
381.0,381.0,386,383,,"Sannsynligvis fin, men er veldig tørt nedstrøms. ",Nei,0,0,0.0,Tvedestrand ,Nei,"492 976,551","6 497 726,677",383.0,Ny betongkulvert. Ser ok ut. Men er mye slam i bekk. Vanskelig å vurdere på grunn av lav vannføring ,0.0,150.0,1500.0,30.0,Lav,Lav,Tvedestrand ,0.0,"492 992,615","6 497 696,601",Ikke hinder,Nei,018-33-R,0,,,018.C2Z,1017102716,932392270,,,Strengselva,,,,,1017102716.0,KV1206 S1D1 m189,Vann,,1500.0,800.0,1500.0,Nei,32.7,Betong,,Ja,POINT Z (144801.13 6513927.069 41.516),Enkel bilveg,,Tvedestrand,Rektangulær,I bekk/elv,StikkKulv
306.0,306.0,311,308,,"Helt tør mot kulvert, noe vann etter et par meter. Selve kulverten er fin. Bekkeløp noe gjengrodd. ",Nei,15,0,5.0,Birkenes ,Nei,"456 757,027","6 467 653,128",308.0,stillestående  men ok,5.0,150.0,1500.0,15.0,Lav,Lav,0,0.0,"456 757,862","6 467 653,637",Ikke hinder,Nei,020-356-R,0,,,020.B2Z,84451140,dubl,,,Tovdalselva Herefossfjorden - Flakksvatn bekkefelt,,,,,84451140.0,FV3744 S1D1 m1510,Vann,,1600.0,1600.0,1600.0,,,Betong,,,POINT Z (105938.833 6487169.561 137.908),Enkel bilveg,,Birkenes,,,StikkKulv
311.0,311.0,316,313,,"Usikker på vandring, litt høyt mot kulvert, og ikke veldig stor Plass å hoppe fra. Men bør gå fint ved mer nedbør. Grei bekk nedstrøms.",Nei,60,0,30.0,Birkenes ,Usikker,"461 547,522","6 469 421,849",313.0,"ok kulvert is tein, ser tørr ut",5.0,150.0,1500.0,12.0,Lav,Lav,0,0.0,"461 566,621","6 469 422,334",Partiell,Usikker,020-259-R,0,,,020.1C,84451432,dubl,,,"Stigselva, bekkefelt",,,,,84451432.0,FV3744 S2D1 m1589,Vann,,2000.0,1500.0,2000.0,,,Naturstein,,,POINT Z (110903.09 6488514.26 187.451),Enkel bilveg,,Grimstad,,,StikkKulv
171.0,171.0,176,179,,Bør renskes oppstrøms. Mulig vandringshinder hvis der e mye dropp. Mulig ok. Lang og stor og ser ut til å beholde naturlig bunn ihvertfall en stund ,Nei,0,0,30.0,Vallesverdveien (bekk går opp mot Masseskjerr og Steindalsbekken og ut i Vallesverdfjorden)),Ja,"456 287,922","6 452 293,754",179.0,ser fisk og litt kvist som demmer opp,50.0,150.0,1500.0,20.0,Middels,Lav,0,0.0,"456 283,211","6 452 340,107",Absolutt,Ja,020-14-R,0,,,020.311Z,84763953,312521,,,Steindalsbekken,,,,,84763953.0,FV420 S11D1 m5372,Vann,2000.0,2000.0,2500.0,2000.0,Nei,28.0,Betong,,Ja,POINT Z (104125.579 6471918.159 13.319),Enkel bilveg,,Lillesand,Rektangulær,I bekk/elv,StikkKulv
565.0,565.0,570,568,,"Bekk helt tør, sannsynligvis ikke hinder. ",Nei,5,0,0.0,Tvedestrand ,Nei,"492 203,82","6 500 138,12",568.0,knusktørr og mye vegetasjon rundt ellers fin,0.0,100.0,1000.0,10.0,Lav,Lav,0,0.0,"492 189,342","6 500 136,436",Ikke hinder,Nei,Ikke VF,0,,,018.C12,84582574,-181379,,,,,,,,84582574.0,FV3468 S1D1 m1528,Vann,800.0,,,800.0,Nei,9.45137245,Betong,,Nei,POINT Z (144220.171 6516418.224 65.67),Enkel bilveg,,Tvedestrand,Sirkulær,I bekk/elv,StikkKulv
253.0,253.0,258,258,,"Noe høyde mot kulvert, men bør gå bra for fisk, men kan være hinder for ål. Mye fisk nedstrøms. ",Ja,30,"Dyp naturlig kulp, holder igjen groet med vann, er 2 meter dypp på dypeste. ",50.0,Kristiansand ,,"426 266,337","6 444 922,268",258.0,"kulp oppstrøms, eller ok",40.0,160.0,1600.0,15.0,Middels,Middels,0,0.0,"426 214,172","6 444 907,974",Ikke angitt,,022-696-R,0,,,022.2B0,86106683,1524109,,,Trondstadvatnet bekkefelt,,,,,86106683.0,FV3976 S1D1 m6103,Vann,300.0,,,300.0,,7.0,Plast,,,POINT Z (73445.166 6467200.124 79.118),Enkel bilveg,,Kristiansand,Sirkulær,Kum,StikkKulv
569.0,569.0,574,144,,"Denne gjenfinnes ikke nedstrøms, men er sannsynligvis problematisk. Både på grunn av lengde, usikkerhet i forhold til utløp og innvendig løp. ",,0,0,0.0,"Dvergsnesveien (bekk fra sukkevann og Korsviktjønna, ned mot fjord) ",Ja,"445 589,901","6 444 793,193",144.0,"fin bygd bekk, gitter foran rør, mye ymse søppel i bekk, utløp av sukkevann?",30.0,160.0,1600.0,100.0,Middels,Lav,Korsvik,0.0,"445 753,869","6 444 781,068",Absolutt,Ja,020-323-R,0,,,020.424Z,86136114,29431,,,Sukkevatnet utløp til Østergapet-indre,,,,,86136114.0,FV496 S1D1 m5599,Vann,300.0,,,300.0,,40.0,Betong,,,POINT Z (92902.59 6465345.73 13.591),Enkel bilveg,,Kristiansand,Sirkulær,Kum,StikkKulv
556.0,556.0,561,556,,"Rist oppstrøms, sannsynligvis ikke problematisk. Fin bekk, kulvert ikke hinder. God vannføring. ",Ja,0,"Naturlig fordypning i bekk, rundt 80cm dyp, samme bredde som bekk. ",80.0,Skisentervegen (sidebekk Otra),Usikker,"407 338,715","6 604 444,41",556.0,"rist ellers fin, så fisk 5cm svømme gjennom rist",12.0,160.0,1600.0,50.0,Middels,Lav,0,0.0,"407 390,491","6 604 438,767",Partiell,Usikker,021-1361-R,0,,,021.K3,114691960,28555846,,,Otra - Lislevatn til Hartevatn bekkefelt,,,,,114691960.0,FV3822 S1D1 m293,Vann,800.0,,,800.0,,8.0,Stål,,,POINT Z (68959.174 6628129.294 814.296),Enkel bilveg,,Bykle,Sirkulær,,StikkKulv
312.0,312.0,317,314,,"Grei kulvert, veldig stillestående vann. Ikke hinder ",Nei,0,0,30.0,Grimstad ,Nei,"462 194,26","6 468 484,967",314.0,"grumsete skogvann, grei kulvert, stillestående ",50.0,160.0,1600.0,10.0,Middels,Lav,0,0.0,"462 217,431","6 468 518,583",Ikke hinder,Nei,020-259-R,0,,,020.1C,84426486,dubl,,,"Stigselva, bekkefelt",,,,,84426486.0,FV3596 S2D1 m8353,Vann,1000.0,,,1000.0,,9.0,Betong,,,POINT Z (111467.834 6487529.464 182.31),Enkel bilveg,,Grimstad,,,StikkKulv
563.0,563.0,568,566,,Kulvert ikke vandringshinder. Men bekk er helt tør. Noe kvist som blokkerer elv nedstrøms. ,Nei,50,0,0.0,Tvedestrand ,Nei,"491 320,624","6 500 637,286",566.0,"tørr noe kvist ellers ok, ganske bratt",0.0,160.0,1600.0,18.0,Lav,Lav,0,0.0,"491 352,757","6 500 644,879",Ikke hinder,Nei,018-279-R,0,,,018.C23,84791886,365400,,,Storelva Ubergsvann - oppstrøms Hammerdammen,,,,,84791886.0,FV415 S1D1 m4367,Vann,1000.0,,,1000.0,Nei,25.0,Betong,,,POINT Z (143398.372 6516992.415 74.285),Enkel bilveg,,Tvedestrand,Sirkulær,I skråning/terreng,StikkKulv
585.0,585.0,591,588,,0,Ja,20,"2kvm, 50cm dyp",50.0,Birkeland,Nei,"419 517,822","6 447 962,126",588.0,"Kulvetrørene er ikke helt tette, vann renner ut og ned i grunnen.",20.0,160.0,1600.0,75.0,Middels,Middels,Rekedalen,0.0,"406 910,321","6 476 464,006",Partiell,Nei,022-872-R,0,,,022.AA1B,86105572,dubl,,,Eidsåna,,,,,86105572.0,FV3976 S2D1 m6223,Vann,1000.0,,,1000.0,,14.0,Plast,,,POINT Z (67034.17 6470851.784 147.015),Enkel bilveg,,Lindesnes,Sirkulær,Åpen grøft,StikkKulv
18.0,18.0,22,28,,"Noe lav vannstand, men ikke problematisk. Bra kantvegetasjon, ikke vandringshinder, bra bunnforhold i rør. ",Nei,0,0,5.0,Ålefjør,Nei,"441 204,041","6 456 708,423",28.0,"Bra vegetasjon, kulvert ikke hinder. Noe lav vannføring, men fungerer bra.",20.0,160.0,1600.0,12.0,Høy,Lav,Ålefjør,0.0,"441 206,573","6 456 716,934",Ikke hinder,Nei,021-851-R,Fungerer godt,,,021.121Z,86132642,27070,,,Ålefjærfjorden bekkefelt,,,,,86132642.0,FV453 S1D1 m2389,Vann,1000.0,,,1000.0,Nei,9.44,Betong,,Ja,POINT Z (89280.763 6477860.094 43.836),Enkel bilveg,,Kristiansand,Sirkulær,I bekk/elv,StikkKulv
100.0,100.0,105,109,,"Grei kulvert, ikke hinder ",Nei,0,0,25.0,Grimstad ,Nei,"465 315,451","6 474 103,452",109.0,god vannstand i kulvert,40.0,160.0,1600.0,10.0,Middels,Lav,herefoss,0.0,"465 279,15","6 474 044,388",Ikke hinder,Nei,019-10860-L,0,,,019.AD,84697247,-1435395,,,Kilandsvatnet,,,,,84697247.0,FV404 S3D1 m7960,Vann,1200.0,,,1200.0,,12.0,Betong,,,POINT Z (115072.11 6492836.835 163.076),Enkel bilveg,,Grimstad,Sirkulær,,StikkKulv
258.0,258.0,263,263,,"Grei kulvert, fisk nedstrøms. Ikke hinder. Lav vannføring nå, mulig noe lekk i kulvert ",Ja,5,"Naturlig brei kulp, ikke dyp. Men holder fisk ",30.0,Søgne ,Nei,"427 470,053","6 440 337,74",263.0,"punkt øvers er bare en liten beton platebro, ser greit ut, noe helning og noe kvist",5.0,160.0,1600.0,15.0,Lav,Lav,0,0.0,"427 470,866","6 440 334,271",Partiell,Nei,022-775-R,0,,,022.2A,86099650,dubl,,,Lundeelva bekkefelt,,,,,86099650.0,FV3976 S1D1 m410,Vann,1200.0,,,1200.0,,18.0,Betong,,,POINT Z (74287.129 6462542.312 19.389),Enkel bilveg,,Kristiansand,Sirkulær,I bekk/elv,StikkKulv
261.0,261.0,266,266,,"Grei kulvert, ikke hinder ",Nei,0,0,30.0,Søgne ,Nei,422 470,"6 441 371,778",266.0,fin,15.0,160.0,1600.0,15.0,Middels,Lav,0,0.0,"422 467,502","6 441 362,303",Ikke hinder,Nei,022-726-R,0,,,022.22Z,86099240,dubl,,,Trysfjorden bekkefelt,,,,,86099240.0,FV3974 S1D1 m2523,Vann,1400.0,,,1400.0,,12.0,Betong,,,POINT Z (69390.371 6464002.084 102.79),Enkel bilveg,,Kristiansand,Sirkulær,I bekk/elv,StikkKulv
211.0,211.0,216,218,,"Grei kulvert, ikke hinder. Blir fin bekk nedstrøms. Igjengrodd bekk oppstrøms ",Nei,0,0,30.0,Mandal ,Nei,"417 292,609","6 463 310,994",218.0,"fin og grei, koselig bekk",40.0,160.0,1600.0,12.0,Middels,Lav,0,0.0,"417 329,069","6 463 330,331",Ikke hinder,Nei,022-650-R,0,,,022.B1Z,86104609,5369,,,Mandalselva - Laudal til Øyslebø bekkefelt,,,,,86104609.0,FV3936 S1D1 m3040,Vann,1400.0,,,1400.0,,10.0,Betong,,,POINT Z (66186.905 6486373.45 228.114),Enkel bilveg,,Kristiansand,Sirkulær,I bekk/elv,StikkKulv
423.0,423.0,428,425,,Kulvert ser ikke ut som hinder. Er kvist som hinder lengre nede i bekk. Se bilde 2. Noe stillestående vann. ,Nei,0,0,30.0,Grimstad ,Nei,"473 522,025","6 465 117,496",425.0,"Stillestående oppstrøms. Kulvert ikke hinder. Gjengrodd bekk, usikker på naturlig bekk, eller om denne er tilegnet håndtering av vann fra E18 ",30.0,160.0,1600.0,60.0,Lav,Lav,Grimstad ,0.0,"473 492,587","6 465 146,27",Ikke hinder,Nei,019-576-R,0,,,019.218Z,245826598,159721989,,,"Morvigbekken, bekkefelt",,,,,245826598.0,FV420 S8D1 m2754,Vann,1400.0,,,1400.0,,,Plast,,,POINT Z (122441.808 6483178.776 42.5),Enkel bilveg,,Grimstad,,,StikkKulv
97.0,97.0,102,106,,"Grei kulvert, ikke hinder ",Nei,0,0,50.0,Grimstad ,Nei,"468 050,376","6 473 075,324",106.0,Grimstad ,50.0,160.0,1600.0,15.0,Middels,Middels,sandbunn og god dybde ,0.0,"468 058,241","6 473 099,377",Ikke hinder,Nei,019-583-R,0,,,019.AZ,84697487,-161129111,,,Storåna (Rjukanfossen - Vrålstadvatnet),,,,,84697487.0,FV404 S3D1 m4983,Vann,,,,1600.0,,,Betong,,,POINT Z (117710.356 6491583.449 152.458),Enkel bilveg,,Grimstad,Sirkulær,,StikkKulv
552.0,552.0,557,552,,"Kulvert ikke direkte hinder, men er noe kvist og en stein som burde ryddes. Denne bør også sjekkes da det renner mye vann som sannsynligvis har veldig dårlig kvalitet inn i bekk. Ser ikke bra ut. ",Nei,0,0,25.0,Arendal ,Usikker,"482 332,416","6 474 393,587",552.0,"Sidekulvert med veldig brunt vann, bør sjekke opphav. Mye slam oppstrøms. Kulvert delvis blokkert av stein og kvist ved lav vannføring. Bekk går inn i ny kulvert etter 10 meter. ",20.0,160.0,1600.0,35.0,Lav,Lav,Arendal ,0.0,"482 312,834","6 474 407,76",Partiell,Usikker,019-581-R,0,,,019.2120,84789695,92208,,,Nidelva-ytre bekkefelt,,,,,84789695.0,FV420 S5D1 m289,Vann,1600.0,,,1600.0,,30.0,Betong,,,POINT Z (132064.398 6491636.371 7.477),Enkel bilveg,,Arendal,Sirkulær,,StikkKulv
456.0,456.0,461,457,,"Ikke hinder, fin bekk nedstrøms. Ser noe fisk. ",Nei,2,0,10.0,Vegårshei ,Nei,"481 173,356","6 509 314,273",457.0,"Veldig lite vann oppstrøms. Ligger stokker foran innløp, men ikke nok til p blokkere. ",5.0,160.0,1600.0,10.0,Lav,Middels,Vegårshei ,0.0,"481 185,411","6 509 319,554",Ikke hinder,Nei,019-408-R,bru,,,019.C3,272300482,187510787,,,"Ufsvatn, bekkefelt",,,,,272300482.0,FV3698 S1D1 m7024-7029,,,,,1600.0,,,Betong,,,,Enkel bilveg,,Vegårshei,,"Rør, glattveg. (151)",Bru
445.0,445.0,450,446,,Tørre nedstrøms. Hinder siden disse er blokkert oppstrøms. ,Nei,0,0,5.0,Skeimoveien (Dalbekken),Ja,"485 400,614","6 511 453,972",446.0,"To betongkulverter på 160. Begge er tett i fremkant av grein og kvist. Bekk er også blokkert 15 meter lengre opp i bekk av kvist, sannsynligvis bever. ",10.0,160.0,1600.0,16.0,Lav,Lav,Vegårshei ,0.0,"485 359,136","6 511 459,042",Absolutt,Ja,018-264-R,bru,,,018.F,272300513,31,,,Vegår bekkefelt,,,,,272300513.0,FV414 S3D1 m19446-19450,,,,,1600.0,,,Betong,,,,Enkel bilveg,,Vegårshei,,"Rør, glattveg. (151)",Bru
435.0,435.0,440,437,,"Kulverter ikke hinder, veldig menneskepåvirket bekk. ",Nei,0,0,40.0,Vegårshei ,Nei,"492 124,748","6 512 709,505",437.0,Helt tør bekk oppstrøms. 2 betongkulverter på 160cm. IKKe hinder. ,0.0,160.0,1600.0,18.0,Lav,Lav,Vegårshei ,0.0,"492 105,244","6 512 709,795",Ikke hinder,Nei,018-238-R,0,,ikke sjekka,018.E,1014171678,741871165,,,Storelva - Hauglandselva bekkefelt,,,,,1014171678.0,FV414 S2D1 m3193,Vann,1600.0,,,1600.0,,18.34,Betong,,Ja,POINT Z (145262.792 6528965.057 169.03),Enkel bilveg,,Vegårshei,Sirkulær,I bekk/elv,StikkKulv
498.0,498.0,503,498,,Tørt bekkeløp. Plasttersker innvendig. Kulp holder ikke på vann og vann lekker. Ikke vann i bekk. ,Ja,20,Menneskeskapt kulp. Holder ikke på vann. ,20.0,Mandal ,Usikker,"418 781,514","6 440 086,529",498.0,Lite vann oppstrøms. Litt kunstig bekkeleie. Ser noe småfisk ,2.0,160.0,1600.0,12.0,Lav,Middels,Mandal ,0.0,"418 795,029","6 440 091,739",Partiell,Usikker,022-758-R,0,,,022.3C,1014435551,263873,,,Skagestadvatnet bekkefelt,,,,,1014435551.0,EV39 S123D1 m10734 SD1 m79,Vann,1600.0,,,1600.0,Nei,11.7,Betong,,Ja,POINT Z (65599.535 6463052.878 68.174),Enkel bilveg,,Lindesnes,Sirkulær,I bekk/elv,StikkKulv
264.0,264.0,269,268,,"Veldig stillestående vann, kulvert ok. Fisk oppstrøms ",Nei,0,0,40.0,Søgne ,Nei,"427 272,64","6 438 001,147",268.0,"ser 4-5 småfisk, fin, litt grumsete, stillestående ",40.0,160.0,1600.0,15.0,Middels,Lav,0,0.0,"427 268,666","6 438 003,595",Ikke hinder,Nei,022-783-R,0,,,022.221,1014876245,dubl,,,Torvefjorden bekkefelt,,,,,1014876245.0,FV3972 S3D1 m6179,Vann,1600.0,,,1600.0,,,Betong,,,POINT Z (73885.197 6460205.301 3.829),Enkel bilveg,,Kristiansand,Sirkulær,I bekk/elv,StikkKulv
51.0,51.0,56,61,,"Ikke vandringshinder for ål eller annen fisk. Grei størrelse, bra vannføring selv om det er tørt. Grei dimensjon på rør. ",Nei,0,0,40.0,Mandal Daleveien 1,Nei,"410 398,989","6 433 842,345",61.0,"Grei oppstrøms, god størrelse, ikke vandringshinder oppstrøms",20.0,160.0,1600.0,10.0,Middels,Lav,Mandal 2 ,0.0,"410 388,962","6 433 849,162",Ikke hinder,Nei,022-753-R,0,,,022.A21,86189237,-928687008,,,Mandalselva - Mandal til utløp bekkefelt,,,,,86189237.0,FV4226 S1D1 m1222,Vann,1800.0,,,1800.0,,10.0,Stål,,,POINT Z (56664.359 6457569.639 2.335),Enkel bilveg,,Lindesnes,Sirkulær,Kum,StikkKulv
146.0,146.0,152,155,,"Grei kulvert, ikke hinder. Noe gjengrodd nedstrøms.",Nei,0,0,25.0,Kvinesdal,Nei,"379 883,087","6 464 401,508",155.0,fin og stor bekk,20.0,160.0,1600.0,20.0,Middels,Lav,Kvinesdal ,0.0,"379 823,343","6 464 418,365",Ikke hinder,Nei,025-405-R,0,,,025.A0,1022304994,936115757,,,"Noneskardknuten, bekkefelt",,,,,1022304994.0,FV465 S4D1 m7930,Vann,2000.0,2000.0,2000.0,2000.0,Nei,28.79,Betong,,Ja,POINT Z (28919.479 6490801.776 7.245),Enkel bilveg,,Kvinesdal,Sirkulær,I bekk/elv,StikkKulv
291.0,291.0,296,294,,"Plastkulvert, stor og bred. Mye vann nedstrøms. Skal gå greit å hoppe, men mulig man kunne tilrettelagt noe.",Nei,20,0,35.0,Kristiansand ,Usikker,"451 002,04","6 458 787,67",294.0,fin og klar bekk,5.0,170.0,1700.0,12.0,Middels,Lav,0,0.0,"450 977,369","6 458 796,059",Partiell,Usikker,020-433-R,020-433-R,,,020.A6,86126250,dubl,,,,,,,,86126250.0,FV3748 S1D1 m3223,Vann,1600.0,,,1600.0,Nei,,Plast,,,POINT Z (99417.974 6478848.872 22.089),Enkel bilveg,,Kristiansand,Sirkulær,I bekk/elv,StikkKulv
217.0,217.0,222,224,,Noe usikker i forhold til vandring med tanke på lengde av kulvert. Men menneskeskapt bekkeløp nedstrøms er fint. Veldig tørt nå. Ikke noe vann ,Ja,0,"Menneskeskapt kulp, stor og bred. 2 meter dyp(ikke nå)",0.0,Tvedestrand ,Usikker,"495 654,924","6 496 385,611",224.0,tørt Laaaang kulvert men ok,0.0,170.0,1700.0,60.0,Lav,Lav,0,0.0,"495 662,137","6 496 284,97",Partiell,Usikker,018-208-R,0,,,018.630,1013628204,927501954,,,"Tvedestrandfjorden, bekkefelt",,,,,1013628204.0,FV410 S3D1 m1836 KD1 m89,Vann,1600.0,,,1600.0,,97.46,Betong,,Ja,POINT Z (147333.116 6512320.892 66.453),Rundkjøring,,Tvedestrand,Sirkulær,I bekk/elv,StikkKulv
544.0,544.0,549,544,,En del vegetasjon langs bekk. Litt lav vannhøyde. Men kulvert er ikke hinder. ,Nei,0,0,20.0,Mandal ,Nei,"412 025,896","6 430 948,587",544.0,"Grei vannføring, mye vegetasjon langs bekk. Men kulvert ser ikke ut som hinder. ",20.0,170.0,1700.0,8.0,Middels,Høy,Mandal ,0.0,"412 030,027","6 430 957,317",Ikke hinder,Nei,022-801-R,bru,,,022.322,1017807743,4179539,,,Mannefjorden bekkefelt,,,,,1017807743.0,KV20740 S1D1 m1507-1510,,,,,1700.0,,,Betong,,,,Enkel bilveg,,Lindesnes,,Platebru (2),Bru
219.0,219.0,224,226,,"Grei kulvert, mye slam i sediment. Ikke hinder ser fisk oppstrøms. Mulig noe ålehinder med stigningen opp mot kulvert. ",Nei,20,0,30.0,Tvedestrand ,Nei,"497 441,324","6 498 502,272",226.0,"broaktig og fin, mye vann",20.0,170.0,1700.0,10.0,Middels,Lav,0,0.0,"497 459,315","6 498 514,201",Ikke hinder,Nei,018-271-R,bru,,,018.62B,1017816899,9156,,,Østeråbekken,,,,,1017816899.0,KV1101 S1D1 m10-14,,,,,1700.0,,,,,,,Enkel bilveg,,Tvedestrand,,,Bru
41.0,41.0,46,51,,"Ikke barriere, men regner med denne vil fungere som delvis hinder grunnet lengde, avhengig av vannføring. Noe demningsdannelse nedstrøms av greiner. Denne vil sannsynligvis kunne passeres av fisk. ",Ja,10,"Noe kulp ved lav vannstand, men sannsynligvis ikke mye kulp når vannet når mer normal vannstand. ",15.0,Søgne ,Usikker,"432 552,036","6 443 616,696",51.0,"Stort rør, ser ut som en stor dam invendig under motorvei. Greit føre oppstrøms. Lite vann nå, men sannsynligvis høy vannføring vanligvis. ",15.0,170.0,1700.0,40.0,Lav,Lav,Søgne ,0.0,"432 612,133","6 443 653,69",Partiell,Usikker,022-701-R,delvis hinder,,,022.1AA,86125443,-931691456,,,Rossevannsbekken - Rossevannet til Songdalselva,,,,,86125443.0,FV4234 S1D1 m909,Vann,,2000.0,2000.0,2000.0,,85.0,Stål,,,POINT Z (79710.886 6465392.652 18.194),Enkel bilveg,,Kristiansand,Sirkulær,,StikkKulv
94.0,94.0,99,103,,"Hinder oppstrøms, fin nedstrøms hopper greit opp til utløp. Bør utbedres oppstrøms. ",Ja,30,"Dyp kulp, som dannes av innsnevring lengre nede. ",60.0,Opplandsveien (bekk mellom Holvannet og Syndle),Ja,"470 039,797","6 472 826,696",103.0,fin kulvert men demning rett ovenfo3,12.0,180.0,1800.0,10.0,Middels,Middels,Grimstad ,0.0,"470 038,559","6 472 854,097",Absolutt,Ja,019-473-R,0,,,019.AC,84794968,-1330475,,,"Holvatnet, utløpselv",,,,,84794968.0,FV404 S3D1 m1596,Vann,1600.0,,,1600.0,,14.0,Betong,,,POINT Z (119672.64 6491161.284 74.92),Enkel bilveg,,Grimstad,Sirkulær,,StikkKulv
554.0,554.0,559,554,,Grei bekk nedstrøms. Ikke hinder. Litt lav vannføring. Men grei kulvert. ,Nei,0,0,30.0,Arendal ,Nei,"484 210,319","6 480 434,091",554.0,"Kulvert ikke hinder. Bekk blir blokkert av kvist oppstrøms. Bør ryddes. Eller grei bekk, og der er en del Aure oppstrøms. ",50.0,180.0,1800.0,16.0,Middels,Lav,Arendal ,0.0,"484 205,257","6 480 451,532",Ikke hinder,Nei,019-502-R,0,,,019.124Z,84723093,-71875,,,Biebekken - Solbergvassdraget ,,,,,84723093.0,FV42 S1D10 m550,Vann,,,,1800.0,,,Betong,,,POINT Z (134485.059 6497483.048 35.75),Enkel bilveg,,Arendal,Sirkulær,,StikkKulv
512.0,512.0,517,513,,"Litt usikker på vanndybde, men er dypt. Kulvert ikke hinder, og det er en Fin inngang opp mot kulvert. ",Nei,50,0,100.0,Mandal ,Nei,"422 541,467","6 437 505,968",513.0,God vannføring i bekk etter regn. Ligger en metallbit og en stein foran åpning. Men ser ikke ut som hinder. ,100.0,180.0,1800.0,25.0,Høy,Høy,Mandal ,0.0,"422 515,358","6 437 518,791",Ikke hinder,Nei,022-726-R,0,,,022.22Z,152084863,67361770,,,Trysfjorden bekkefelt,,,,,152084863.0,FV3972 S3D1 m111,Vann,1800.0,,,1800.0,,23.0,Stål,,,POINT Z (69109.478 6460148.843 3.5),Enkel bilveg,,Kristiansand,,I skråning/terreng,StikkKulv
328.0,328.0,333,329,,"Stor kulvert i stål med betong i bunn, fin ikke vandringshinder ",Nei,0,0,30.0,Froland ,Nei,"481 118,67","6 481 978,527",329.0,"kulvert sprøytet med betong, fin",10.0,180.0,1800.0,17.0,Middels,Lav,0,0.0,"481 089,387","6 481 964,19",Ikke hinder,Nei,019-1-R,bru,,,019.A1Z,272299261,120214398,,,"Assævannet, bekkefelt",,,,,272299261.0,FV42 S1D1 m3546-3548,,,,,1800.0,,,Stål,,,,Enkel bilveg,,Arendal,,"Rør, korrugert (140)",Bru
310.0,310.0,315,312,,"Noe tett oppstrøms. Kulvert fin, veldig fin bekk. Kommer en stigning under kulvert på 20-30cm, dette bør kunne bestiges. Ser småfisk under kulvert. Ok, men mulig man skulle tilrettelagt litt under kulvert. ",Nei,0,0,5.0,Håbbeslandsveien (bekk fra Beislandsvannet til Stigselva),Ja,"459 805,731","6 468 139,384",312.0,god vannføring og stor ,25.0,180.0,1800.0,10.0,Høy,Middels,0,0.0,"459 855,042","6 468 126,215",Absolutt,Ja,020-259-R,bru,,,020.1C,272300535,1274,,,"Stigselva, bekkefelt",,,,,272300535.0,FV3744 S1D1 m6383-6389,,,,,1800.0,,,Betong,,,,Enkel bilveg,,Birkenes,,Platebru (211),Bru
549.0,549.0,554,549,,"Veldig lite vann, men ikke hinder ved høyere vannføring. Ok. ",Nei,15,0,60.0,Arendal ,Nei,"484 933,356","6 478 427,112",549.0,Lite vann og litt gjengrodd bekkeløp oppstrøms. For lite vann til at noe passerer gjennom kulvert. Denne bør være grei ved høyere nedbør. ,30.0,180.0,1800.0,25.0,Lav,Lav,Arendal ,0.0,"484 925,656","6 478 439,309",Ikke hinder,Nei,019-502-R,bru,,,019.124Z,272300631,96,,,Biebekken - Solbergvassdraget ,,,,,272300631.0,FV407 S1D1 m138-141,,,,,1800.0,,,Betong,,,,Enkel bilveg,,Arendal,,"Kulvert, plassp (110)",Bru
194.0,194.0,199,202,,"Samme som forigge, støpt fin slak ingang til kulvert. Ikke hinder ",Nei,15,0,40.0,Mandal ,Nei,"413 282,097","6 449 835,224",202.0,"fin og stålrør belagt betong, ser mye vannløpere",2.0,180.0,1800.0,8.0,Lav,Lav,0,0.0,"413 280,944","6 449 827,972",Ikke hinder,Nei,022-650-R,bru,,,022.B1Z,272319048,18417,,,Mandalselva - Laudal til Øyslebø bekkefelt,,,,,272319048.0,FV4012 S1D1 m251-253,,,,,1800.0,,,Stål,,,,Enkel bilveg,,Lindesnes,,"Rør, korrugert (145)",Bru
49.0,49.0,54,59,,"sannsynligvis noe vandringsbarriere, på grunn av rist oppstrøms. er fin nedstrøms. langt RØR, SER IKKE gjennom. er fisk nedstrøms",Nei,0,0,30.0,søgne,Usikker,"430 732,493","6 440 900,857",59.0,"Bør utbedres. Rist som samler kvist, vil kunne fungere som barriere hvis mye kvist samler seg.",5.0,180.0,1800.0,50.0,Lav,Lav,Søgne ,0.0,"430 656,136","6 440 944,428",Partiell,Usikker,022-706-R,bru,,,022.1A2,272319059,11,,,Søgneelva - Brennåsen til utløp bekkefelt,,,,,272319059.0,FV439 S2D1 m1092-1098,,,,,1800.0,,,Betong,,,,Kanalisert veg,,Kristiansand,,"Kulvert, plassp (112)",Bru
98.0,98.0,103,107,,"Ikke hinder, grei kulvert. Greit Aure habitat. ",Nei,0,0,25.0,Grimstad ,Nei,"467 500,81","6 473 262,235",107.0,ser bunndyr og mose i kulvert ,10.0,180.0,1800.0,12.0,Lav,Lav,Grimstad ish,0.0,"467 487,792","6 473 279,058",Ikke hinder,Nei,019-583-R,0,,,019.AZ,84697423,-187621636,,,Storåna (Rjukanfossen - Vrålstadvatnet),,,,,84697423.0,FV404 S3D1 m5583,Vann,2000.0,,,2000.0,,14.0,Betong,,,POINT Z (117166.996 6491821.346 165.239),Enkel bilveg,,Grimstad,Sirkulær,,StikkKulv
109.0,109.0,114,117,,"Små stikkrennene før kulvert vil kunne være problematiske siden de er så små. Er 5 rør på 20cm. Hinder, kanskje barriere.",Nei,20,0,45.0,Risørveien (Gartebekk til Sørfjorden),Ja,"506 962,457","6 508 530,294",117.0,fin bekk I stor 4kant betong kulvert,10.0,200.0,,12.0,Middels,Lav,Risør,0.0,"506 982,706","6 508 514,844",Absolutt,Ja,018-184-R,0,,,018.23,84656325,-41098,,,"Sørfjorden-vestre, bekkefelt",,,,,84656325.0,FV416 S2D1 m5246,Vann,200.0,,,200.0,Nei,11.0,Betong,,,POINT Z (159706.582 6523457.593 3.901),Enkel bilveg,,Risør,Sirkulær,,StikkKulv
462.0,462.0,467,463,,"Ser grei ut nedstrøms, men det ut som om kulvert er lagt feil. Ser ut som om denne ligger på siden ",Nei,0,0,100.0,Tvedestrand ,Nei,"489 607,695","6 497 387,222",463.0,Greit med vann oppstrøms . Kulvert ikke hinder. Bra med fisk oppstrøms. ,50.0,200.0,,10.0,Middels,Lav,Tvedestrand ,0.0,"489 598,746","6 497 381,393",Ikke hinder,Nei,018-267-R,0,,,018.C23,84581962,-74363,,,Elv fra Øynesvann bekkefelt,,,,,84581962.0,FV3718 S2D1 m8661,Vann,,300.0,400.0,300.0,Nei,6.0,Naturstein,,,POINT Z (141390.847 6513896.298 72.036),Enkel bilveg,,Tvedestrand,Rektangulær,Kum,StikkKulv
348.0,348.0,353,349,,"Hinder i form av kvist oppstrøms. Kulvert ser fin ut. Noe høyde opp mot innløp nedstrøms, men er en jevn overgang og bør kunne forses hvis fisk kommer opp hit. ",Nei,40,0,30.0,Gjerstadveien (bekk renner ut til Sunda),Ja,"504 870,775","6 521 493,19",349.0,"Stor fin kulvert i stein. Kommer en terskel oppstrøms som kan være hinder, sannsynligvis grei ved høyere vannføring. Men bekk blokkert av kvist oppstrøms, som er hinder ",20.0,200.0,,12.0,Middels,Lav,Gjerstad ,0.0,"504 856,904","6 521 484,421",Absolutt,Ja,018-75-R,0,,,018.2C,84586552,4590,,,"Sunda, bekkefelt",,,,,84586552.0,FV418 S2D1 m1595,Vann,400.0,,,400.0,Nei,10.0,Betong,,,POINT Z (158764.682 6536570.839 64.049),Enkel bilveg,,Gjerstad,Sirkulær,Kum,StikkKulv
347.0,347.0,352,348,,"Egentlig grei kulvert, settes som usikker på grunn av åpent gitter oppstrøms. Ser en fisk nedstrøms. God vannføring ",Nei,0,0,80.0,Gjerstad ,Usikker,"505 099,231","6 521 637,226",348.0,"Stor kulvert, spreng ut av fjellet. Ser ikke ut til å være hinder. Men er et gammelt gitter ved åpning som står åpent, men som muligens kan samle kvist og kvast. ",5.0,200.0,,80.0,Middels,Middels,Gjerstad ,0.0,"504 960,396","6 521 576,152",Partiell,Usikker,018-75-R,0,,,018.2C,84655316,68764,Usikkert om det er 84653547,,"Sunda, bekkefelt",,,,,84655316.0,FV418 S2D1 m1882,Vann,400.0,,,400.0,Nei,,Betong,,,POINT Z (158974.911 6536701.563 51.469),Kanalisert veg,,Gjerstad,Sirkulær,,StikkKulv
235.0,235.0,240,241,,"Fin kulvert, noe usikker på vandring på grunn av lengde ",Nei,0,0,10.0,Mandal ,Usikker,"421 660,066","6 452 698,193",241.0,"Gammel kulvert under tog og fylkesvei, ser grei ut oppstrøms ",10.0,200.0,,80.0,Middels,Middels,Mandal ,0.0,"421 720,371","6 452 759,708",Partiell,Usikker,022-663-R,0,,,022.ABZ,1007467834,922812518,nær 1007467834,,Høyevatnet bekkefelt,,,,,1007467834.0,FV4238 S2D1 m4103,Vann,,600.0,300.0,600.0,,8.01,Naturstein,,,POINT Z (69623.571 6475382.291 202.535),Enkel bilveg,,Lindesnes,Rektangulær,I skråning/terreng,StikkKulv
123.0,123.0,128,131,,"Mye vann rett ved utløp, men bekk tør lengre nede. Ser fisk på begge sider. Vannstand stopper fisk fra å vandre lengre ned nå. Men grei kulvert. Bra habitat, fint substrat.",Nei,0,0,30.0,Songeveien ,Nei,"500 128,253","6 505 582,018",131.0,"så to små fisk, fin bekk",40.0,200.0,,10.0,Høy,Lav,arisør,0.0,"500 106,061","6 505 575,773",Ikke hinder,Nei,018-205-R,0,,,018.32Z,84585075,-922882759,,,"Songebekken, inkl. bekkefelt",,,,,84585075.0,FV3442 S2D1 m1007,Vann,1000.0,,,1000.0,Nei,8.0,Betong,,,POINT Z (152612.119 6521135.541 14.581),Enkel bilveg,,Tvedestrand,Sirkulær,,StikkKulv
393.0,393.0,398,395,,"Bekk renner ikke gjennom  , men i åpning på siden. Denne åpningen er tett invendig, blir hinder for fisk. ",Nei,50,0,60.0,Langangsveien (Grøvene),Ja,"493 442,079","6 492 654,354",395.0,"Gammel bru som er revet, vannet renner gjennom semikulvert etter ras. Ser ut som hinder, mulig barriere ",5.0,200.0,,10.0,Middels,Middels,Tvedestrand ,0.0,"493 439,201","6 492 661,465",Absolutt,Ja,018-258-R,0,,,018.7AZ,119588588,35003513,,,Langangselva bekkefelt,,,,,119588588.0,FV422 S1D1 m2936,Vann,1000.0,,,1000.0,,8.0,Stål,,,POINT Z (144801.795 6508849.393 38.871),Enkel bilveg,,Tvedestrand,Sirkulær,I bekk/elv,StikkKulv
204.0,204.0,209,211,,"Det er usikkert om denne kan vandres gjennom, potensielt naturlig hinder som følge av stigning i bekk nedstrøms. Skal være mye større vannføring for vandring her. Veldig bratt",Nei,60,0,0.0,Sogndalsveien (sidebekk Mandalsåni),Ja,"413 729,784","6 459 174,506",211.0,"bratt og foss litt lenger inn, mye vann  til å være så tørt ellers, en del store kantete stein",10.0,200.0,,15.0,Middels,Middels,0,0.0,"413 752,291","6 459 155,465",Ikke angitt,0,022-647-R,0,,,022.B12,815353424,695764836,,,Mandalselva - Mannflåvatnet til Laudal bekkefelt,,,,,815353424.0,FV461 S2D1 m13017,Vann,,1000.0,2000.0,1000.0,,,Naturstein,,,POINT Z (62262.879 6482554.319 107.584),Enkel bilveg,,Lindesnes,Rektangulær,I skråning/terreng,StikkKulv
402.0,402.0,407,404,,"Gammel stålkulvert, noe rusten. Men ser ikke ut som hinder. Veldig gjengrodd bekk nedstrøms. ",Nei,0,0,10.0,Tvedestrand ,Nei,"494 253,888","6 489 092,243",404.0,"Stålkulvert, begynner å ruste noe. Men ser ikke ut som hinder. Lite vann oppstrøms. ",10.0,100.0,1000.0,12.0,Lav,Lav,Tvedestrand ,0.0,"494 242,274","6 489 109,034",Ikke hinder,Nei,Ikke VF,0,,,018.71Z,84582368,-730771056,,,,,,,,84582368.0,FV422 S2D1 m1437,Vann,1000.0,,,1000.0,Nei,12.0,Stål,,,POINT Z (145276.02 6505217.963 14.57),Enkel bilveg,,Arendal,Sirkulær,I bekk/elv,StikkKulv
359.0,359.0,364,361,,Ikke hinder. Noe gjengrodd ,Nei,0,0,10.0,Gjerstad ,Nei,"500 878,673","6 520 263,882",361.0,"Grei gammel kulvert, ikke hinder. Lite vann",2.0,200.0,,8.0,Lav,Lav,Gjerstad ,0.0,"500 880,603","6 520 278,76",Ikke hinder,Nei,018-124-R,0,,,018.3Z,84790250,207882,,,"Bjorvatn til Ekksjø, bekkefelt",,,,,84790250.0,FV417 S1D1 m5265,Vann,,1200.0,2000.0,1200.0,Nei,9.58435108,Betong,,Nei,POINT Z (154685.043 6535718.323 207.388),Enkel bilveg,,Gjerstad,Rektangulær,I bekk/elv,StikkKulv
11.0,11.0,15,20,,"bra kantvegetasjo, ikke hinder. bra vannføring. og ligger steiner i vannet, som skaper dynamikk i bekken ",Nei,0,0,15.0,joker justvik,Nei,"443 249,512","6 451 298,204",20.0,"ikke vandringsbarriere, observerer mye fisk. bra bunnforhold. sannsynslig bra vannføring. bra kantvegetasjon",10.0,200.0,,12.0,Middels,Lav,joker justlia,0.0,"443 238,238","6 451 306,189",Ikke hinder,Nei,021-830-R,Fungerer godt,,,021.122Z,86220714,1430464,,,Hemmingsvannet utløp til Ålefjærfjorden,,,,,86220714.0,FV452 S1D1 m4625,Vann,,1300.0,1000.0,1300.0,Nei,12.05,Betong,,Ja,POINT Z (91010.803 6472068.094 5.192),Enkel bilveg,,Kristiansand,Rektangulær,Åpen grøft,StikkKulv
229.0,229.0,234,235,,"Selve kulvert ok, grei vannføring og stor i diameter. Se annet punkt, er demning lengre nede ",Nei,0,0,40.0,Tvedestrand ,Usikker,"504 929,148","6 502 759,481",235.0,ser masse småfisk,40.0,200.0,,25.0,Middels,Lav,0,0.0,"504 943,331","6 502 786,053",Partiell,Usikker,018-220-R,0,,,018.5Z,84793297,-1427417,,,Elv Gulspettvannet -Størdalsvannet,,,,,84793297.0,FV411 S2D1 m3108,Vann,1800.0,,,1800.0,Nei,20.0,Stål,,,POINT Z (157160.475 6517892.865 67.687),Enkel bilveg,,Tvedestrand,Sirkulær,I skråning/terreng,StikkKulv
529.0,529.0,534,530,,Fin kulvert ikke hinder. Fin bekk nedstrøms. ,Nei,0,0,70.0,Mandal,Nei,"417 868,583","6 434 116,525",530.0,God vannføring og fin bekk. Gammel steinkulvert ikke hinder. ,70.0,200.0,,9.0,Høy,Middels,Mandal ,0.0,"417 856,796","6 434 105,211",Ikke hinder,Nei,022-767-R,0,,,022.321,86102149,dubl,,,Harkmarkfjorden bekkfelt,,,,,86102149.0,FV4228 S1D1 m9761,Vann,,1800.0,2000.0,1800.0,,7.0,Naturstein,,,POINT Z (64142.812 6457169.669 6.035),Enkel bilveg,,Lindesnes,Rektangulær,I bekk/elv,StikkKulv
459.0,459.0,464,460,,"Gjengrodd rett før kulvert, så lite vann rett ved kulvert. Ok bekk nedstrøms. Blokkert av kvist oppstrøms. ",Nei,0,0,5.0,Flaten (bekk renner potensiet fra Mjonevatnet til Åpåltjønn),Ja,"482 162,229","6 501 594,428",460.0,Bekk blokkert av jord/kvist rett før kulvert. Medfører stillestående vann og lav vannføring. ,30.0,200.0,,10.0,Lav,Lav,Vegårshei ,0.0,"482 177,896","6 501 582,542",Absolutt,Ja,019-17-R,0,,,019.C12,84526159,-1575990,,,"Nelaug - Flaten, bekkefelt",,,,,84526159.0,FV3708 S1D1 m4665,Vann,,2000.0,2000.0,2000.0,Nei,8.02076954,Betong,,Nei,POINT Z (134347.028 6518763.931 173.24),Enkel bilveg,,Åmli,Rektangulær,I bekk/elv,StikkKulv
460.0,460.0,465,461,,"Fin kulvert, ikke hinder. Lite vann i bekk. ",Nei,0,0,5.0,Vegårshei ,Nei,"482 433,094","6 502 061,68",461.0,Kulvert ok. Lite vann.,5.0,200.0,,10.0,Lav,Lav,Vegårshei ,0.0,"482 444,507","6 502 055,49",Ikke hinder,Nei,019-17-R,0,,,019.C12,84526171,12,,,"Nelaug - Flaten, bekkefelt",,,,,84526171.0,FV3708 S1D1 m4114,Vann,,2000.0,1000.0,2000.0,Nei,7.13442182,Betong,,Nei,POINT Z (134658.286 6519205.534 185.3),Enkel bilveg,,Åmli,Rektangulær,I bekk/elv,StikkKulv
373.0,373.0,378,375,,"Ser fisk og frosk nedstrøms. Kulvert ikke hinder, men krever mer vannføring for å kunne passeres ",Nei,0,0,20.0,Arendal ,Nei,"490 325,264","6 490 433,411",375.0,"Ingen vannføring gjennom før øyeblikket, og bekk helt tør oppstrøms. Men ser tydelig bekkeløp. Så er sannsynligvis fiskehabitat ved riktig nedbørsnivå. Kulvert ser ok ut. ",0.0,200.0,,20.0,Lav,Lav,Arendal ,0.0,"490 340,943","6 490 458,628",Ikke hinder,Nei,018-254-R,0,,,018.7B,84586227,60056,,,Molandsvann bekkefelt,,,,,84586227.0,FV3496 S1D1 m1296,Vann,2000.0,,,2000.0,Nei,15.72573228,Stål,,Ja,POINT Z (141487.278 6506910.908 29.699),Enkel bilveg,,Arendal,Sirkulær,I bekk/elv,StikkKulv
34.0,34.0,39,44,,"Ikke hinder, noe lav vannføring, ikke problematisk og vandre gjennom. God størrelse ",Nei,5,0,15.0,Søgne vgs ,Nei,"431 279,031","6 439 683,816",44.0,"Ikke hinder, stort rør. Noe lav vannføring nå, men vanligvis ok. ",5.0,200.0,,9.0,Lav,Lav,Søgne vgs ,0.0,"431 299,614","6 439 681,341",Ikke hinder,Nei,022-706-R,0,,,022.1A2,86110918,dubl,,,Søgneelva - Brennåsen til utløp bekkefelt,,,,,86110918.0,FV3960 S1D1 m1293,Vann,2000.0,,,2000.0,,18.0,Stål,,,POINT Z (78042.987 6461530.279 8.122),Enkel bilveg,,Kristiansand,Sirkulær,,StikkKulv
17.0,17.0,21,27,,"Bra habitat ikke hinder, hindrer ikke vandring. Ser fisk. God vegetasjon. ",Nei,0,0,30.0,Ålefjær,Nei,"442 648,085","6 455 150,694",27.0,"Bra forhold, litt tørt, men blir fort dypere etter kulvert oppstrøms. Vandring burde gå bra. Fungerer fint. ",30.0,200.0,,12.0,Middels,Lav,Ålefjør,0.0,"442 639,043","6 455 161,525",Ikke hinder,Nei,021-851-R,Fungerer godt,,,021.121Z,86131639,20721,,,Ålefjærfjorden bekkefelt,,,,,86131639.0,FV452 S1D1 m9471,Vann,2000.0,,,2000.0,Nei,14.18,Betong,,Ja,POINT Z (90754.789 6475964.13 7.349),Enkel bilveg,,Kristiansand,Sirkulær,Åpen grøft,StikkKulv
9.0,9.0,13,18,,"ikke vandringshinder, observerer noe småfisk. fin god vannføring",Nei,0,0,40.0,gillsvannet,Nei,"443 170,536","6 449 547,793",18.0,"mye vannføring, lav hastighet. ikke vandringshindrr. grei",40.0,200.0,,30.0,Høy,Lav,gillsvannet,0.0,"443 092,665","6 449 587,247",Ikke hinder,Nei,021-832-R,Fungerer godt,,,021.123Z,86131902,263,,,Gillsvatnet utløp til Topdalsfjorden,,,,,86131902.0,KV20239 S2D1 m135,Vann,2000.0,700.0,600.0,2000.0,Nei,88.55,Betong,,Ja,POINT Z (90782 6470331.549 5.3),Enkel bilveg,,Kristiansand,Sirkulær,Åpen grøft,StikkKulv
110.0,110.0,115,118,,"Er over 250 cm brei, ikke vandringshinder. Stor demning litt lenger nedstrøms, som kan være vandringshinder.",Ja,0,0,40.0,Risørveien (Båssviktjenna til Sørfjorden),Ja,"506 193,185","6 508 628,563",118.0,bro nesten og mye vann vanskelig å komme til,50.0,200.0,2000.0,7.0,Middels,Lav,risør,0.0,"506 181,549","6 508 610,545",Absolutt,Ja,018-155-R,bru,,,018.222Z,272300327,186168425,,,Bossvikbekken,,,,,272300327.0,FV416 S2D1 m4283-4289,,,,,2000.0,,,Betong,,,,Enkel bilveg,,Risør,,Platebru (211),Bru
333.0,333.0,338,334,,Usikker på vanndybde. Helt grønt stillestående vann. Kulvert ser grei ut. ,Nei,0,0,100.0,Arendal ,Nei,"483 555,79","6 480 835,575",334.0,"kvalmeste vannet jeg har sett i sommer, mye søppel, kulvert ser ok ut, bro lignende kulvert ",50.0,200.0,2000.0,30.0,Høy,Lav,0,0.0,"483 594,895","6 480 827,648",Ikke hinder,Nei,019-502-R,bru,,,019.124Z,272300594,267,,,Biebekken - Solbergvassdraget ,,,,,272300594.0,FV42 S1D1 m569-574,,,,,2000.0,,,Betong,,,,Enkel bilveg,,Arendal,,"Kulvert, plassp (111)",Bru
138.0,138.0,144,147,,Fin kulvert. Selve kulvert er ikke hinder. Bra ,Nei,0,0,25.0,Søm,Nei,"450 616,667","6 444 192,319",147.0,fin kulvert  4kant og stor,10.0,200.0,2000.0,12.0,Lav,Lav,Randesund ,0.0,"450 596,535","6 444 198,367",Ikke hinder,Nei,020-400-R,bru,,,020.423Z,272319017,18423,,,Eftevågbekken,,,,,272319017.0,FV496 S1D1 m15808-15811,,,,,2000.0,,,Betong,,,,Enkel bilveg,,Kristiansand,,Platebru (210),Bru
48.0,48.0,53,58,,"Burde sjekkes lengre opp i forhold til bebyggelse. Ser fisk, ikke vandringshinder. Er sannsynligvis bro i forhold til bredde >250cm. Sannsynligvis over 3 meter bred. ",Nei,0,0,40.0,Søgne ,Nei,"429 097,953","6 439 922,442",58.0,"dyp og nesten bro, steknbunn, mye tregt vann",70.0,200.0,2000.0,15.0,Middels,Lav,tangvall,0.0,"429 141,736","6 439 958,767",Ikke hinder,Nei,022-775-R,0,,,022.2A,272319044,27,,,Lundeelva bekkefelt,,,,,272319044.0,FV3975 S1D1 m1149-1153,,,,,2000.0,,,Betong,,,,Enkel bilveg,,Kristiansand,,"Kulvert, plassp (112)",Bru
193.0,193.0,198,201,,"Denne er fin, og ål bør kunne klatre opp til kulvert. Siden det er en slakk Bakke opp. Ikke hinder ",Ja,20,50 cm dyp naturlig kulp. Fin. Dannes av instrupning av Steen lengre nede ,50.0,Mandal ,Nei,"413 227,301","6 449 777,818",201.0,"litt bratt men mye fine stein og små kulvert, rør i stål men belagt av betong, ser fin ut",20.0,200.0,2000.0,12.0,Middels,Middels,0,0.0,"413 231,569","6 449 776,265",Ikke hinder,Nei,022-650-R,bru,,,022.B1Z,272319050,6,,,Mandalselva - Laudal til Øyslebø bekkefelt,,,,,272319050.0,FV4012 S1D1 m322-326,,,,,2000.0,,,Stål,,,,Enkel bilveg,,Lindesnes,,"Rør, korrugert (145)",Bru
64.0,64.0,69,74,,"Bør utbedres, flere bassenger, som vil kunne være vanskelig for ål og passere. Bør gå for anadrom fisk, selv om det vil være krevende",Ja,60,"Flere menneskeskapte kulper, som kan hindre vandring.",100.0,Mandal 15 Daleveien (Holumsbekken renner fra Holmetjørna til Mandalsåni),Ja,"413 361,048","6 440 543,297",74.0,"Bør ses på, terskeler invendig ved høy vannføring? Er 2 terskler oppstrøms, der den lagd i tre, muligens vil kunne være et vandringshinder for ål, ikke anadrom fisk. Bør ses på i forhold til Ål. ",40.0,200.0,2000.0,22.0,Høy,Middels,Mandal 15,0.0,"413 355,471","6 440 582,215",Absolutt,Ja,022-814-R,bru,,,022.A6,272319093,43,,,Mandalselva - Øyslebø til Mandal,,,,,272319093.0,FV4226 S1D1 m9145-9149,,,,,2000.0,,,Betong,,,,Enkel bilveg,,Lindesnes,,"Kulvert, plassp (110)",Bru
147.0,147.0,153,156,,"Grei kulvert, flat og brei. Noe gjengroing og slam i bekk.",Nei,0,0,20.0,Kvinesdal ,Nei,"379 165,317","6 463 839,454",156.0,"fin bekk, men plankebro i midten av kulvert",30.0,200.0,2000.0,17.0,Middels,Lav,Kvinesdal,0.0,"379 152,367","6 463 868,59",Ikke hinder,Nei,025-405-R,bru,,,025.A0,376592468,104273375,,,"Noneskardknuten, bekkefelt",,,,,376592468.0,FV465 S4D1 m7019-7022,,,,,2000.0,,,Betong,,,,Enkel bilveg,,Kvinesdal,,Platebru (210),Bru
107.0,107.0,112,115,,"Veldig lang kulvert, må være hinder, mulig barriere. Mulig man kan sette terskler invendig ved høy vannhastighet. ",Nei,50,0,10.0,Risørveien (sidebekk Sørfjorden),Ja,"510 777,584","6 508 236,048",115.0,"vann renner fint, mye kratt",5.0,200.0,2000.0,70.0,Lav,Lav,risør,0.0,"510 682,604","6 508 123,651",Absolutt,Ja,018-182-R,0,,,018.23,762039242,385446774,,,"Sørfjorden-østre, bekkefelt",,,,,762039242.0,FV416 S2D1 m9436,Vann,,,,2000.0,Nei,,Plast,,,POINT Z (163474.132 6522803.286 20.605),Enkel bilveg,,Risør,Sirkulær,I bekk/elv,StikkKulv
303.0,303.0,308,305,,"Kulvert grei, men med noe kvist invendig. Kulp stengt av grein og plank ved utløp, dette er hinder. Lav vannføring ",Ja,5,"Ikke menneskeskapt kulp, av greiner og plank",10.0,Tveideveien (bekk mellom Valetjønn og Vassbotntjønn),Ja,"455 128,648","6 464 306,638",305.0,"gammel kulvert I stein, fin",10.0,200.0,2000.0,12.0,Lav,Lav,0,0.0,"455 141,529","6 464 339,706",Absolutt,Ja,020-424-R,0,,,020.A7,799388540,dubl,,,,,,,,799388540.0,FV3754 S1D1 m1274,,,,,2000.0,,,Betong,,,POINT Z (104039.028 6483988.994 58.207),Enkel bilveg,,Birkenes,,,StikkKulv
172.0,172.0,177,180,,"Fin kulvert, god vannføring og fin bekk. Ikke hinder ",Nei,0,0,40.0,Høvåg ,Nei,"455 959,863","6 453 711,709",180.0,"to store rør, mye næring i bekk, og mye vegetasjon ",20.0,200.0,2000.0,12.0,Middels,Lav,0,0.0,"455 930,414","6 453 742,021",Ikke hinder,Nei,020-14-R,0,,,020.311Z,849123343,49734803,,,Steindalsbekken,,,,,849123343.0,FV3658 S1D1 m1611,Vann,,,,2000.0,,,Betong,,,POINT Z (103906.841 6473347.165 26.66),Enkel bilveg,,Lillesand,Sirkulær,,StikkKulv
191.0,191.0,196,199,,Fin steinkulvert. Ikke hinder for ål eller anadrom fisk. Ser fisk nedstrøms ,Nei,0,0,30.0,Mandal Daleveien Kjølemonen,Nei,"413 216,162","6 443 052,111",199.0,"fin gammel i stein, ser fisk 10cm",40.0,200.0,2000.0,8.0,Middels,Lav,0,0.0,"413 216,689","6 443 067,869",Ikke hinder,Nei,022-815-R,0,,,022.A3Z,ikke i nvdb,,,,Mandalselva - Øyslebø til Mandal bekkefelt,,,,,,,,,,,2000.0,,,,,,,,,,,,
297.0,297.0,302,300,,Denne bør gå bra å hoppe opp. Ser fisk nedstrøms. Tror fisk hadde hatt godt av noe kantvegetasjon i kulp. Er lagt en stein for å fremme vandring oppover. Grei kulvert ,Ja,20,"Menneskeskapt kulp i stein, er fin ",50.0,Birkenes ,Nei,"451 651,145","6 464 198,37",300.0,fin men noe helning ,2.0,210.0,2100.0,15.0,Middels,Middels,0,0.0,"451 628,066","6 464 180,727",Partiell,Nei,020-433-R,0,,,020.A6,84450391,dubl,,,,,,,,84450391.0,FV3750 S1D1 m1746,,2000.0,,,2000.0,,,Stål,,,POINT Z (100534.344 6484177.088 68.421),Enkel bilveg,,Birkenes,,,StikkKulv
298.0,298.0,303,301,,"Fin stor betongkulvert. Fint habitat nedstrøms. Noe rotete i forkant av kulvert oppstrøms. Men dette holder vann, sikkert greit ",Nei,0,0,20.0,Birkenes ,Nei,"451 719,16","6 464 200,825",301.0,noe bratt ellers fin,25.0,210.0,2100.0,15.0,Middels,Middels,0,0.0,"451 710,565","6 464 210,251",Ikke hinder,Nei,020-433-R,0,,,020.A6,84450394,dubl,,,,,,,,84450394.0,FV3750 S1D1 m1663,,2000.0,,,2000.0,,,Betong,,,POINT Z (100615.62 6484186.789 61.575),Enkel bilveg,,Birkenes,,,StikkKulv
1.0,1.0,5,14,,"ikke vandringssHinder, ser mye fisk ",Nei,0,0,40.0,skjosbukten,Nei,"438 383,363","6 441 902,556",14.0,"noe sein vannhastighet , ikke vandringshindrer oppstrøms. god ",45.0,210.0,2100.0,15.0,Høy,0,sjosbukten,0.0,"438 365,237","6 441 902,852",Ikke hinder,Nei,021-846-R,Ikke hinder,,,021.23Z,86219829,1769435,,,Kristiansandsfjorden indre bekkefelt,,,,,86219829.0,FV456 S1D1 m3273,Vann,,2000.0,1400.0,2000.0,Nei,15.38,Betong,,Ja,POINT Z (85313.185 6463117.884 1.506),Enkel bilveg,,Kristiansand,Rektangulær,Åpen grøft,StikkKulv
42.0,42.0,47,52,,"Ikke vandringshinder, burde gå bra og svømme gjennom. Noe redusert vegetasjon nedstrøms, men helt greit bra. ",Nei,0,0,30.0,Nodeland e39,Nei,"432 695,381","6 444 730,606",52.0,"God vannføring, bra med vegetasjon og godt bunnsubstrat. ",10.0,210.0,2100.0,20.0,Høy,Middels,Nodeland e39,0.0,"432 713,199","6 444 756,683",Ikke hinder,Nei,022-823-R,0,,,022.1B1D,815353557,729133728,,,"Møllebekken inkl. Mjåvann, Farvannet og Øygardsvannene",,,,,815353557.0,FV461 S1D1 m51,Vann,2000.0,,,2000.0,,,Stål,,,POINT Z (79906.481 6466460.121 19.837),Kanalisert veg,,Kristiansand,Sirkulær,I bekk/elv,StikkKulv
330.0,330.0,335,331,,"Stor fin plastkulvert, ikke hinder. ",Nei,0,0,50.0,Froland ,Nei,"481 926,051","6 483 464,637",331.0,"fin, ser fisk svømme kulvert I vann",60.0,210.0,2100.0,8.0,Høy,Lav,0,0.0,"481 921,806","6 483 503,182",Ikke hinder,Nei,019-1-R,0,,,019.A1Z,ikke i nvdb,,langt nord for 84434268,,"Assævannet, bekkefelt",,,,,,,,,,,2100.0,,,,,,,,,,,,
188.0,188.0,193,196,,"Kulvert i seg selv ikke hinder, men er veldig stigning på begge sider. Sannsynligvis ikke en bekk som vandres. ",Nei,30,0,5.0,Mandal ,Usikker,"411 707,124","6 440 545,541",196.0,bratt og masete og fin gammel kulvert I stein,5.0,220.0,2200.0,8.0,Lav,Lav,0,0.0,"411 703,211","6 440 544,694",Partiell,Usikker,022-815-R,0,,,022.A3Z,86190173,,,,Mandalselva - Øyslebø til Mandal bekkefelt,,,,,86190173.0,FV4002 S1D1 m13168,Vann,,1200.0,1400.0,1200.0,,7.0,Naturstein,,,POINT Z (58575.246 6464142.988 35.351),Enkel bilveg,,Lindesnes,Rektangulær,Kum,StikkKulv
218.0,218.0,223,225,,"Bygg er revet og mye av kulvert er oppe i dagen, bekk sannsynlig hinder på grunn av stigning opp mot vegen. Og lengden på kulvert. Men ser noe fisk nedstrøms. Denne bør sjekkes ",Nei,0,0,20.0,Fjærkleivene (bekk mellom Listetjenn og Fjæretjenn),Ja,"495 572,99","6 498 178,104",225.0,"stor bekk, mye vann, stor kulvert og trolig gammel, små fisk, han som bor der er bekymret ved flomhendelser",20.0,220.0,2200.0,50.0,Middels,Lav,0,0.0,"495 540,248","6 498 127,038",Absolutt,Ja,018-208-R,0,,,018.630,84680800,-1509373,,,"Tvedestrandfjorden, bekkefelt",,,,,84680800.0,FV410 S2D1 m775,Vann,2000.0,,,2000.0,Nei,95.0,Betong,,,POINT Z (147398.72 6514140.676 31.901),Enkel bilveg,,Tvedestrand,Sirkulær,,StikkKulv
179.0,179.0,184,187,,"Ikke vandringshinder for anadrom fisk, mulig hinder for ål. Kan bli litt lav vannhøyde siden kulvert er så brei. Sannsynligvis helt ok. Kunne hatt noe terskler i kulvert. ",Nei,30,0,40.0,Lillesand ,Usikker,"461 145,24","6 455 395,389",187.0,"liten demning, men overkommelig?  vann er rent og renner fint, mye stein og ulik størrelse ",20.0,220.0,2200.0,20.0,Middels,Middels,0,0.0,"461 122,923","6 455 444,819",Partiell,Usikker,020-6-R,0,,,020.221Z,84799289,118489,,,Glamslandvatnet med bekkefelt,,,,,84799289.0,FV420 S10D1 m4570,Vann,2000.0,,,2000.0,Nei,25.0,Stål,,Ja,POINT Z (109230.147 6474573.409 10.441),Enkel bilveg,,Lillesand,Sirkulær,I bekk/elv,StikkKulv
199.0,199.0,204,206,,Mye fisk nedstrøms. Men er nok ikke fisk som har vandret opp. Fin kulvert og greit habitat i bekk.,Nei,0,0,30.0,Mandal ,Nei,"411 653,462","6 454 392,631",206.0,"kulvert I stålrør, belagt i betong, fin føring",20.0,220.0,2200.0,8.0,Middels,Lav,0,0.0,"411 642,438","6 454 374,729",Ikke hinder,Nei,022-650-R,bru,,,022.B1Z,272319027,187519738,,,Mandalselva - Laudal til Øyslebø bekkefelt,,,,,272319027.0,FV4016 S1D1 m1444-1447,,,,,2200.0,,,Stål,,,,Enkel bilveg,,Lindesnes,,"Rør, korrugert (142)",Bru
244.0,244.0,249,250,,Fin stor kulvert. Stål med betong ned mot bekk. Ikke hinder ,Nei,0,0,20.0,Mandal ,Nei,"421 193,174","6 448 387,999",250.0,"stor kulvert I stål, belagt betong, fin",20.0,220.0,2200.0,15.0,Middels,Lav,0,0.0,"421 205,884","6 448 421,253",Ikke hinder,Nei,022-872-R,bru,,,022.AA1B,272319075,48,,,Eidsåna,,,,,272319075.0,FV3976 S2D1 m4262-4266,,,,,2200.0,,,Stål,,,,Enkel bilveg,,Lindesnes,,"Rør, korrugert (143)",Bru
329.0,329.0,334,330,,"Veldig stillestående vann, ikke kulvert ikke hinder. Ser noe småfisk ",Nei,0,0,15.0,Froland ,Nei,"480 848,481","6 481 720,785",330.0,"bro lignende kulvert,  fin, tørr",40.0,220.0,2200.0,6.0,Lav,Lav,0,0.0,"480 813,41","6 481 672,245",Ikke hinder,Nei,019-1-R,irrelevant,,,019.A1Z,ikke i nvdb,,,,"Assævannet, bekkefelt",,,,,,,,,,,2200.0,,,,,,,,,,,,
60.0,60.0,65,70,,"Stor fin kulvert, ikke vandringshinder for fisk. Regner med utløp er ved vannspeil ved mer nedbør. ",Nei,10,0,100.0,Mandal Daleveien Urdalen,Nei,"412 320,602","6 437 773,955",70.0,moseddekke i bunn,10.0,230.0,2300.0,10.0,Middels,Lav,Mandal,0.0,"412 301,506","6 437 772,688",Ikke hinder,Nei,022-814-R,bru,,,022.A6,272319068,,,,Mandalselva - Øyslebø til Mandal,,,,,272319068.0,FV4226 S1D1 m5767-5769,,,,,2300.0,,,Stål,,,,Enkel bilveg,,Lindesnes,,"Rør, korrugert (142)",Bru
320.0,320.0,325,321,,"Kulvert stor og fin, noe sølete vann nedstrøms. Og ser ut til at denne kan samle noe kvist som kan bli hinder. Men ok ",Nei,0,0,10.0,Arendal ,Nei,"486 540,272","6 486 146,974",321.0,"Grei kulvert, noe slammete sediment. Men ikke hinder ",20.0,240.0,2400.0,10.0,Middels,Lav,Arendal ,0.0,"486 535,226","6 486 134,363",Ikke hinder,Nei,019-497-R,0,,,019.12Z,ikke i nvdb,,langt oppstrøms 84434268,,"Longumvatnet, bekkefelt",,,,,,,,,,,2400.0,,,,,,,,,,,,
231.0,231.0,236,237,,"Noe gjengrodd nedstrøms, plastkulvert. Sannsynligvis ikke hinder ",Nei,0,0,30.0,Risør ,Nei,"516 864,189","6 512 053,522",237.0,dyp og noe overgrodd,200.0,250.0,2500.0,15.0,Høy,Lav,0,0.0,"516 870,613","6 512 101,283",Ikke hinder,Nei,018-86-R,0,,,018.12,84795285,,,,"Østerfjorden, bekkefelt",,,,,84795285.0,FV351 S1D1 m16492,Vann,1000.0,,,1000.0,Nei,23.0,Stål,,,POINT Z (169877.95 6526105.542 10.691),Enkel bilveg,,Risør,Sirkulær,Kum,StikkKulv
434.0,434.0,439,436,,Noe kvist i bekk nedstrøms. Men sansynligvis ikke hinder. ,Nei,0,0,20.0,Vegårshei ,Nei,"491 819,11","6 509 429,043",436.0,"Noe gjenngrodd bekk oppstrøms, bru ikke hinder ",10.0,250.0,2500.0,15.0,Lav,Lav,Vegårshei ,0.0,"491 831,479","6 509 413,073",Ikke hinder,Nei,018-238-R,0,,,018.E,84664393,-130892,,,Storelva - Hauglandselva bekkefelt,,,,,84664393.0,FV414 S1D1 m5580,Vann,,1500.0,3000.0,1500.0,Nei,14.51295767,Naturstein,,,POINT Z (144677.478 6525713.925 165.423),Enkel bilveg,,Vegårshei,Rektangulær,,StikkKulv
401.0,401.0,406,403,,"Litt usikker på denne, liten vannføring og ser ikke gjennom stikkrenne ",Nei,0,0,20.0,Tvedestrand ,Usikker,"494 231,771","6 489 277,151",403.0,"Ser noe som beveger seg oppstrøms, enten fisk eller frosk. Denne ser grei ut. Mye vegetasjon rundt bekk. ",10.0,100.0,1000.0,12.0,Lav,Lav,Tvedestrand ,0.0,"494 245,987","6 489 284,841",Partiell,Usikker,Ikke VF,0,,,018.71Z,1022439665,937775272,,,,,,,,1022439665.0,FV422 S2D1 m1248,Vann,1000.0,,,1000.0,,12.17,Plast,,Ja,POINT Z (145284.973 6505406.644 15.1),Enkel bilveg,,Arendal,Sirkulær,Åpen grøft,StikkKulv
395.0,395.0,400,397,,"En del vann nedstrøms, bekk ser bra ut. Kulvert ikke hinder ",Nei,0,0,40.0,Tvedestrand ,Nei,"493 660,658","6 492 275,107",397.0,"Liten vannføring gjennom, men er en del vann i bekk. Ser fisk oppstrøms. Kulvert ser ok ut. ",25.0,250.0,2500.0,12.0,Lav,Lav,Tvedestrand,0.0,"493 682,267","6 492 276,616",Ikke hinder,Nei,018-258-R,0,,,018.7AZ,119588592,-902851073,,,Langangselva bekkefelt,,,,,119588592.0,FV422 S1D1 m3396,Vann,1800.0,,,1800.0,,12.0,Stål,,,POINT Z (144985.472 6508439.472 31.167),Enkel bilveg,,Tvedestrand,Sirkulær,I bekk/elv,StikkKulv
487.0,487.0,492,487,,Noe kvist i bekk nedstrøms. Men grei bekk og kulvert ikke hinder. ,Nei,0,0,10.0,Arendal ,Usikker,"478 283,101","6 480 732,964",487.0,Grei vannføring med tanke på hvor tørt det er. Noe landbrukspreget bekk oppstrøms. Men helt grei bekk. Kulvert ser ikke ut som hinder. ,10.0,250.0,2500.0,14.0,Middels,Lav,Arendal ,0.0,"478 299,717","6 480 728,96",Partiell,Usikker,019-694-R,0,,,019.B1,84584869,-35003723,evt nær denne,,Messelbekken,,,,,84584869.0,FV408 S1D1 m7448,Vann,2200.0,,,2200.0,Nei,18.0,Stål,,,POINT Z (128611.989 6498297.536 44.678),Enkel bilveg,,Arendal,Sirkulær,,StikkKulv
185.0,185.0,190,193,,"Fin kulver, ser fisk og er bra bekkeløp. Laget laksetrap i tilleg ",Ja,0,"Flere kulper, kunstig laksetrap støp, med flere bassengers ",30.0,Mandal ,Nei,"412 612,154","6 437 721,751",193.0,"ser fin ut, og mye ulike steinstørrelse i bunn, ser småfisk ",10.0,250.0,2500.0,40.0,Middels,Lav,ny tilførselen e39,0.0,"412 605,185","6 437 682,064",Ikke hinder,Nei,022-815-R,0,,,022.A3Z,1014445665,929860796,,,Mandalselva - Øyslebø til Mandal bekkefelt,,,,,1014445665.0,FV455 S1D1 m5363,Vann,2400.0,,,2400.0,,41.7,Betong,,Ja,POINT Z (59216.31 6461219.685 13.936),Enkel bilveg,,Lindesnes,Sirkulær,I bekk/elv,StikkKulv
88.0,88.0,93,97,,"Denne e fin, litt sandete substrat nedstrøms. ",Nei,0,0,25.0,Grimstad ,Nei,"475 488,591","6 466 183,521",97.0,"Fungerer bra for vandring, fin kantvegetasjon, og greit substrat. Ser fisk oppstrøms. ",45.0,250.0,2500.0,18.0,Høy,Middels,Grimstad ,0.0,"475 495,883","6 466 219,893",Ikke hinder,Nei,019-575-R,0,,,019.216Z,84643817,-929801848,,,"Groosfjorden, bekkefelt",,,,,84643817.0,FV420 S7D1 m5025,Vann,2500.0,,,2500.0,Nei,18.0,Stål,,Ja,POINT Z (124515.481 6484061.885 11.001),Enkel bilveg,,Grimstad,Sirkulær,I bekk/elv,StikkKulv
568.0,568.0,573,571,,Veldig stor kulvert i stål. Med naturlig steinbunn. Denne er ikke hinder. ,Nei,0,0,5.0,Tvedestrand ,Nei,"492 544,996","6 498 653,044",571.0,"fin, noe bratt",30.0,250.0,2500.0,4.0,Middels,Middels,0,0.0,"492 557,123","6 498 630,198",Ikke hinder,Nei,018-33-R,0,,,018.C2Z,84663204,19387,,,Strengselva,,,,,84663204.0,FV415 S1D1 m1039,Vann,,,,2500.0,,,Stål,,,POINT Z (144427.693 6514891.982 28.649),Enkel bilveg,,Tvedestrand,Sirkulær,,StikkKulv
96.0,96.0,101,105,,"Grei kulvert, fisk kan gå igjennom. Er dette anadrom strekning? ",Nei,0,0,90.0,Grimstad ,Nei,"468 302,374","6 472 853,314",105.0,stillestående og dyp elv,50.0,250.0,2500.0,15.0,Middels,Lav,Grimstad ish,0.0,"468 268,796","6 472 843,933",Ikke hinder,Nei,019-583-R,0,,,019.AZ,84697523,34319,,,Storåna (Rjukanfossen - Vrålstadvatnet),,,,,84697523.0,FV404 S3D1 m4391,Vann,,,,2500.0,,,Betong,,,POINT Z (118113.336 6491159.573 143.541),Enkel bilveg,,Grimstad,Sirkulær,,StikkKulv
317.0,317.0,322,318,,"Grei bru, lav vannføring, men ikke hinder. ",Nei,0,0,20.0,Grimstad ,Nei,"470 390,019","6 465 504,7",318.0,"tørraltig, treg, men ok",10.0,250.0,2500.0,8.0,Lav,Lav,0,0.0,"470 393,55","6 465 535,261",Ikke hinder,Nei,019-592-R,bru,,,019.2C,272297830,187600307,,,Dalholtbekken og bekk ved Roklev,,,,,272297830.0,FV3596 S1D1 m4391-4395,,,,,2500.0,,,Betong,,,,Enkel bilveg,,Grimstad,,Platebru (214),Bru
260.0,260.0,265,265,,"Grei kulvert, noe søppel, men ikke hinder ",Nei,0,0,10.0,Søgne ,,"424 752,758","6 440 250,202",265.0,"elv og sto nesten broaktig, fin",35.0,250.0,2500.0,8.0,Høy,Lav,0,0.0,"424 746,322","6 440 268,906",Ikke angitt,,022-779-R,0,,,022.2A,272297922,92,,,Dåsåna,,,,,272297922.0,FV3975 S1D1 m5627-5631,,,,,2500.0,,,Betong,,,,Enkel bilveg,,Kristiansand,,Platebru (210),Bru
169.0,169.0,174,177,,"Avstand opp mot kulvert sannsynligvis lavere. Men er nok hinder for en del fisk, ikke barriere ",,80,0,35.0,0,Usikker,"455 267,708","6 451 293,783",177.0,fin bekk litt bratt ,40.0,250.0,2500.0,15.0,Middels,Middels,0,0.0,"455 228,196","6 451 326,634",Partiell,Usikker,020-406-R,0,,,020.312Z,272298857,935,,,Langebekken,,,,,272298857.0,FV420 S12D1 m1442-1446,,,,,2500.0,,,Betong,,,,Enkel bilveg,,Lillesand,,Platebru (210),Bru
406.0,406.0,411,408,,"Bru ikke hinder, mindre vegetasjon i bekk nedstrøms. Ser greit ut",Nei,0,0,50.0,Grimstad ,Nei,"479 319,102","6 472 079,481",408.0,"Noe stillestående vann, og mye vegetasjon i bekk. Men bru ikke hinder ",50.0,250.0,2500.0,8.0,Lav,Lav,Grimstad ,0.0,"479 315,767","6 472 071,279",Ikke hinder,Nei,019-31-R,bru,,,019.A23Z,272298975,118,,,"Temse, utløpselv",,,,,272298975.0,FV3632 S1D1 m231-236,,,,,2500.0,,,Betong,,,,Enkel bilveg,,Grimstad,,Platebru (211),Bru
405.0,405.0,410,407,,"Fin bru, ikke hinder. Noe stillestående vann. ",Nei,0,0,70.0,Grimstad ,Nei,"479 318,211","6 472 244,459",407.0,Mye vann i bekk/elv men er noe stillestående. Kulvert/bru er ikke hinder. ,70.0,250.0,2500.0,14.0,Middels,Lav,Grimstad ,0.0,"479 305,069","6 472 236,474",Ikke hinder,Nei,019-31-R,bru,,,019.A23Z,272299043,68,,,"Temse, utløpselv",,,,,272299043.0,FV407 S3D1 m1712-1716,,,,,2500.0,,,Betong,,,,Enkel bilveg,,Grimstad,,Platebru (210),Bru
470.0,470.0,475,471,,"Noe gjengrodd bekk, ikke hinder ",Nei,0,0,20.0,Froland ,Nei,"482 373,48","6 488 272,287",471.0,"Usikker på vanndybde, noe gjengrodd bekk. Men ikke hinder. ",0.0,250.0,2500.0,12.0,Lav,Lav,Froland ,0.0,"482 370,232","6 488 289,711",Ikke hinder,Nei,019-690-R,bru,,,019.B31,272299153,110,,,Hurvjeevja,,,,,272299153.0,FV3722 S1D1 m3693-3701,,,,,2500.0,,,Stål,,,,Enkel bilveg,,Froland,,"Rør, korrugert (141)",Bru
404.0,404.0,409,406,,"Ser fin ut nedstrøms, noe høyde mot kulvert, men bør være greit ved mer nedbør. Men kulvert ser ut til å være blokkert av kvist oppstrøms. ",Nei,50,0,50.0,Rykeneveien (Kvennebekken renner ned til Nidelva),Ja,"479 877,8","6 474 382,906",406.0,Blokkert av kvist/demning oppstrøms. Denne kan både være laget av bever eller mennesker. Ellers ok oppstrøms. ,60.0,250.0,2500.0,30.0,Middels,Middels,Arendal,0.0,"479 903,189","6 474 406,864",Absolutt,Ja,019-492-R,bru,,,019.A12Z,272299466,313,,,"Nidelva, Bekkefelt Helle",,,,,272299466.0,FV407 S2D1 m4851-4854,,,,,2500.0,,,Stål,,,,Enkel bilveg,,Arendal,,"Rør, korrugert (142)",Bru
93.0,93.0,98,102,,"Grei kulvert, litt stigning opp mot utløp, men ikke problematisk for annet en ål muligens. ",Ja,40,"Stor kulp 40-50cm dyp. Store rullestein i bunn. Strupes ned lengre nede, så vil være basseng her uansett vannføring ",60.0,Grimstad ,Nei,"471 309,713","6 473 234,095",102.0,"betong i bunn av kulvert, stor og fin",15.0,250.0,2500.0,9.0,Middels,Middels,Grimstad ,0.0,"471 321,254","6 473 269,429",Ikke hinder,Nei,019-477-R,bru,,,019.AZ,272300239,773,,,"Tønnesølvatnet, utløpselv",,,,,272300239.0,FV404 S3D1 m137-140,,,,,2500.0,,,Stål,,,,Enkel bilveg,,Grimstad,,"Rør, korrugert (142)",Bru
226.0,226.0,231,232,,"Denne bør være ok, er hinder lengre opp i bekken i form av demning, noe bratt oppstrøms, men fisk bør kunne passere. Ok ",Nei,0,0,10.0,Tvedestrand ,Nei,"505 709,759","6 500 669,55",232.0,"går i skutt ut fjell ser det ut som, litt bratt",50.0,250.0,2500.0,15.0,Middels,Høy,0,0.0,"505 649,849","6 500 654,29",Ikke hinder,Nei,018-18-R,bru,,,018.5Z,272300311,72,,,Gjevingelva,,,,,272300311.0,FV411 S2D1 m6307-6316,,,,,2500.0,,,Betong,,,,Enkel bilveg,,Tvedestrand,,Platebru (210),Bru
304.0,304.0,309,306,,"Fisk nedstrøms Kulvert helt tør, men ikke hinder ved høyere vannføring. Stor og fint substrat ",Nei,0,0,5.0,Birkenes ,Nei,"455 282,478","6 465 395,314",306.0,"tørr men ok, litt søppel ",0.0,250.0,2500.0,12.0,Lav,Lav,0,0.0,"455 297,918","6 465 406,863",Ikke hinder,Nei,020-422-R,bru,,,020.A7,272300314,3,,,,,,,,272300314.0,FV402 S4D1 m5869-5873,,,,,2500.0,,,Betong,,,,Enkel bilveg,,Birkenes,,Platebru (210),Bru
385.0,385.0,390,387,,"Samme som oppstrøms, kun en av kulvertene fører vann nå. Veldig landbrukspreget bekk. Mye sand inni kulvert. Svært redusert bekk, der det sannsynligvis går beitedyr. ",Nei,0,0,4.0,Tvedestrand ,Usikker,"492 901,991","6 496 195,238",387.0,Disse to registreres sammen. Like store kulverter. Den ene blir blokkert av den av kulvert oppstrøms. Ser ut som at mesteparten av vannet går gjennom en av disse. Veldig landbrukspreget bekk. ,30.0,250.0,2500.0,15.0,Lav,Lav,Tvedestrand ,0.0,"492 884,524","6 496 182,679",Partiell,Usikker,018-33-R,bru,,,018.C2Z,272300317,3,,,Strengselva,,,,,272300317.0,FV421 S5D1 m1356-1359,,,,,2500.0,,,Stål,,,,Enkel bilveg,,Tvedestrand,,"Rør, korrugert (145)",Bru
383.0,383.0,388,385,,Registrerer disse to sammen. Ser ikke ut som hinder. Vann er stillestående og tåkete. Kun god flytt gjennom et av rørene. Det andre er grodd igjen i front. ,Nei,0,0,50.0,Tvedestrand ,Nei,"492 927,916","6 496 609,045",385.0,Lite hastighet i vannet. Bekk ser grei  ut oppstrøms. Tåkete vann. ,40.0,250.0,2500.0,15.0,Lav,Lav,Tvedestrand ,0.0,"492 943,168","6 496 605,284",Ikke hinder,Nei,018-33-R,bru,,,018.C2Z,272300320,3,,,Strengselva,,,,,272300320.0,FV421 S5D1 m935-938,,,,,2500.0,,,Stål,,,,Enkel bilveg,,Tvedestrand,,"Rør, korrugert (145)",Bru
295.0,295.0,300,298,,"Kulvert fin, noe slammete bekk. Men sannsynligvis ok. Ser fisk. ",Nei,0,0,45.0,Birkenes ,Nei,"451 205,431","6 463 240,263",298.0,fin og broaktig,30.0,250.0,2500.0,8.0,Middels,Lav,0,0.0,"451 185,456","6 463 244,966",Ikke hinder,Nei,020-436-R,bru,,,020.A6,272300391,71,,,,,,,,272300391.0,FV3748 S2D1 m4039-4043,,,,,2500.0,,,Betong,,,,Enkel bilveg,,Birkenes,,Platebru (211),Bru
95.0,95.0,100,104,,"Bratt stigning opp mot kulvert, vinkel grei og vegetasjon langs stein. Hinder ikke barriere. Ål kan muligens klatre. Men helt klart hinder. ",Ja,200,Stor kulp med mye stein 70cm dyp ,70.0,Opplandsveien (bekk leder fra Syndle mot Ellingstjenn og Nedre knabbevann),Ja,"469 413,12","6 472 179,669",104.0,ser fisk og kulvert med mose i betong,12.0,250.0,2500.0,12.0,Middels,Middels,Grimstad ,0.0,"469 384,265","6 472 223,459",Absolutt,Ja,019-583-R,bru,,,019.AZ,272300498,107,,,Storåna (Rjukanfossen - Vrålstadvatnet),,,,,272300498.0,FV404 S3D1 m2803-2807,,,,,2500.0,,,Betong,,,,Enkel bilveg,,Grimstad,,"Kulvert, plassp (111)",Bru
292.0,292.0,297,295,,"Kulvert veldig fin, noe små terskler og naturlig elvebunn. Krem sjøaure habitat nedstrøms og oppstrøms. Ser stor Aure nedstrøms ",Nei,0,0,55.0,Kristiansand ,Nei,"451 269,093","6 459 725,131",295.0,meget fin,30.0,250.0,2500.0,10.0,Middels,Lav,0,0.0,"451 239,826","6 459 733,151",Ikke hinder,Nei,020-433-R,bru,,,020.A6,272318896,18398,,,,,,,,272318896.0,FV3748 S1D1 m4266-4269,,,,,2500.0,,,Betong,,,,Enkel bilveg,,Kristiansand,,"Kulvert, plassp (110)",Bru
545.0,545.0,550,545,,Både betongkloss og grein kan være hinder ved lav vannføring. Ellers er denne ok. ,Nei,0,0,15.0,Mandal ,Usikker,"411 933,063","6 430 709,159",545.0,Mulig kvist foran åpning kan være hinder ved lav vannføring. Bru i størrelse. Litt lav vannstand. Men denne er ikke hinder. Grei bekk oppstrøms. ,20.0,250.0,2500.0,10.0,Middels,Middels,Mandal ,0.0,"411 937,695","6 430 714,372",Partiell,Usikker,022-801-R,0,,,022.322,272318943,47,,,Mannefjorden bekkefelt,,,,,272318943.0,FV4232 S1D1 m5541-5544,,,,,2500.0,,,Betong,,,,Enkel bilveg,,Lindesnes,,Plateelem.bru (271),Bru
493.0,493.0,498,493,,"Fin bekk, kulvert ikke hinder ",Nei,0,0,30.0,Mandal ,Nei,"418 793,901","6 443 341,046",493.0,"Gammel bru, ikke hinder. Fin bekk. ",10.0,250.0,2500.0,8.0,Middels,Høy,Mandal ,0.0,"418 784,675","6 443 339,725",Ikke hinder,Nei,022-726-R,bru,,,022.22Z,272318954,11,,,Trysfjorden bekkefelt,,,,,272318954.0,FV3978 S1D1 m3927-3930,,,,,2500.0,,,Betong,,,,Enkel bilveg,,Kristiansand,,Platebru (210),Bru
135.0,135.0,141,143,,"Ikke hinder, bekk fin ut mot sjøen. ",Nei,0,0,30.0,Søm,Nei,"446 948,348","6 442 627,489",143.0,"fin stor betong kulvert, bekk naturlig",50.0,250.0,2500.0,8.0,Lav,Lav,Randesund ,0.0,"446 951,298","6 442 613,557",Ikke hinder,Nei,020-319-R,bru,,,020.4240,272318962,8,,,Østergapet-ytre bekkefelt,,,,,272318962.0,FV496 S1D1 m8828-8833,,,,,2500.0,,,Betong,,,,Enkel bilveg,,Kristiansand,,Platebru (210),Bru
213.0,213.0,218,220,,"Fin kulvert, ikke hinder ",Nei,0,0,15.0,Mandal ,Nei,"417 561,5","6 464 964,323",220.0,"fin kulvert I stål, med belagt betong",25.0,250.0,2500.0,12.0,Middels,Middels,0,0.0,"417 573,338","6 464 970,13",Ikke hinder,Nei,022-650-R,bru,,,022.B1Z,272319003,41,,,Mandalselva - Laudal til Øyslebø bekkefelt,,,,,272319003.0,FV3936 S1D1 m4749-4752,,,,,2500.0,,,Stål,,,,Enkel bilveg,,Kristiansand,,"Rør, korrugert (141)",Bru
61.0,61.0,66,71,,"Ål vil kunne passere den lille høyden mot kulvert. Fin kulvert, ser fisk i kulvert. Ikke hinder. ",Nei,10,0,20.0,Mandal Daleveien Langeland,Nei,"412 457,832","6 438 327,718",71.0,Fin kulvert med fisk,20.0,250.0,2500.0,12.0,Middels,Lav,Mandal,0.0,"412 438,964","6 438 316,909",Ikke hinder,Nei,022-815-R,bru,,,022.A3Z,272319045,42,,,Mandalselva - Øyslebø til Mandal bekkefelt,,,,,272319045.0,FV4226 S1D1 m6354-6358,,,,,2500.0,,,Stål,,,,Enkel bilveg,,Lindesnes,,"Rør, korrugert (142)",Bru
192.0,192.0,197,200,,Kulvert egentlig fin. Men blir begrenset av mye stein nedstrøms. Som muligens vil kunne være hinder hvis det samler seg kvist. Ok for ål og anadrom fisk. Ser grei Aure oppstrøms.,Nei,10,0,25.0,Mandal Daleveien Smeland,Usikker,"413 453,202","6 444 090,187",200.0,"fin bekk og høy nesten bro i stein, så fin size fisk ",5.0,250.0,2500.0,12.0,Middels,Lav,0,0.0,"413 424,799","6 444 093,075",Partiell,Usikker,022-815-R,bru,,,022.A3Z,272319071,26,,,Mandalselva - Øyslebø til Mandal bekkefelt,,,,,272319071.0,FV4226 S1D1 m13187-13189,,,,,2500.0,,,Stål,,,,Enkel bilveg,,Lindesnes,,"Rør, korrugert (142)",Bru
214.0,214.0,219,221,,"Bru i bredde, ikke vandringshinder. Noe gjengroing under bru. Ser fisk nedstrøms ",Nei,0,0,40.0,Mandal ,Nei,"419 787,764","6 463 344,587",221.0,"bro egt, fin og brei",30.0,250.0,2500.0,10.0,Middels,Lav,0,0.0,"419 761,005","6 463 357,912",Ikke hinder,Nei,022-879-R,bru,,,022.AC5,272319077,6,,,Meåna,,,,,272319077.0,FV3940 S1D1 m2636-2642,,,,,2500.0,,,Betong,,,,Enkel bilveg,,Kristiansand,,Platebru (210),Bru
491.0,491.0,496,491,,"God vannføring, fin bekk. Kulvert ikke hinder ",Nei,0,0,40.0,Mandal ,Nei,"418 171,325","6 443 786,362",491.0,Grei vannføring. Metallkulvert med betongbunn. Ser bra ut. ,40.0,250.0,2500.0,10.0,Middels,Lav,Mandal ,0.0,"418 147,153","6 443 793,784",Ikke hinder,Nei,022-726-R,bru,,,022.22Z,272319080,3,,,Trysfjorden bekkefelt,,,,,272319080.0,FV3978 S1D1 m4975-4978,,,,,2500.0,,,Stål,,,,Enkel bilveg,,Kristiansand,,"Rør, korrugert (144)",Bru
215.0,215.0,220,222,,Stor og grei bru. Ikke hinder. Men noe gjengroing nedstrøms ,Nei,0,0,15.0,Mandal ,Nei,"421 345,48","6 459 542,17",222.0,"stillestående, eller fin",20.0,250.0,2500.0,15.0,Middels,Lav,0,0.0,"421 355,021","6 459 563,141",Ikke hinder,Nei,022-879-R,bru,,,022.AC5,376607522,104288442,,,Meåna,,,,,376607522.0,FV461 S2D1 m4193-4197,,,,,2500.0,,,Betong,,,,Enkel bilveg,,Kristiansand,,Platebru (210),Bru
203.0,203.0,208,210,,Kulvert ok. Men bekk oppstrøms er ekstremt bratt og kan ikke vandres opp. ,Nei,0,0,10.0,Mandal ,Usikker,"408 152,785","6 459 891,357",210.0,"bro nesten og fin, tørt,  og meget bratt senere etter kulvert, fin kant vegetasjon vei",10.0,250.0,2500.0,10.0,Middels,Middels,0,0.0,"408 142,434","6 459 921,123",Partiell,Usikker,022-650-R,bru,,,022.B1Z,376607546,24,,,Mandalselva - Laudal til Øyslebø bekkefelt,,,,,376607546.0,FV461 S3D1 m6073-6079,,,,,2500.0,,,Betong,,,,Enkel bilveg,,Lindesnes,,Platebru (210),Bru
497.0,497.0,502,497,,Kulvert ikke hinder. Noe slammete sediment. Ser fisk nedstrøms. ,Nei,0,0,40.0,Mandal ,Nei,"418 758,11","6 440 070,964",497.0,Fin bekk oppstrøms. Kulvert ikke hinder. Ser småfisk ,10.0,250.0,2500.0,20.0,Lav,Middels,Mandal ,0.0,"418 737,972","6 440 082,948",Ikke hinder,Nei,022-758-R,bru,,,022.3C,1013517285,636909739,,,Skagestadvatnet bekkefelt,,,,,1013517285.0,EV39 S123D1 m10734 SD1 m18-24,,,,,2500.0,,,Betong,,,,Enkel bilveg,,Lindesnes,,"Kulvert, plassp (111)",Bru
67.0,67.0,72,77,,"Det dannes en liten terskel Av et mindre rør som krysser bekken nedstrøms, ikke vandringshinder, grei kulvert. Ser mye fisk nedstrøms mot kulvert. ",Nei,0,0,20.0,Kystveien ,Nei,"488 206,392","6 481 476,661",77.0,"Ikke hinder, grei oppstrøms.",25.0,250.0,2500.0,14.0,Middels,Lav,Kystveien ,0.0,"488 207,334","6 481 497,932",Ikke hinder,Nei,019-506-R,0,,,019.121Z,ikke i nvdb,,,,Songebekken,,,,,,,,,,,2500.0,,,,,,,,,,,,
86.0,86.0,91,95,,"Grei nedstrøms, god vannføring, stor kulvert. Ligger lavt i vannet. ",Nei,0,0,50.0,Grimstad ,Nei,"475 509,295","6 466 573,271",95.0,"Bør utbedres, se kommentar! Dumpes noe hageavfall fra grunneier på ene siden, dette er sikkert ok. Men røret som leder rustfarget vann ned i bekken ble sjekes. Ellers ok. ",20.0,250.0,2500.0,20.0,Høy,Middels,Grimstad ,0.0,"475 518,628","6 466 668,593",Ikke hinder,Nei,019-575-R,bekkelukking,,,019.216Z,ikke i nvdb,,,,"Groosfjorden, bekkefelt",,,,,,,,,,,2500.0,,,,,,,,,,,,
184.0,184.0,189,192,,Fint bekkeløp oppstrøms og nedstrøms. Ikke hinder. Plastterskler inni kulvert. ,Nei,0,0,10.0,Mandal ,Nei,"412 604,911","6 437 653,058",192.0,"Kulvert er stor og med terskler invendig, ikke hinder ",25.0,250.0,2500.0,40.0,Middels,Lav,Mandal ,0.0,"412 612,443","6 437 570,083",Ikke hinder,Nei,022-815-R,0,,,022.A3Z,ikke i nvdb,,nær 272300645,,Mandalselva - Øyslebø til Mandal bekkefelt,,,,,,,,,,,2500.0,,,,,,,,,,,,
396.0,396.0,401,398,,"Ikke hinder, relativt ny bru. Men slammete sediment på begge sider. Grei vannføring ",Nei,0,0,40.0,Tvedestrand ,Nei,"493 879,496","6 491 741,034",398.0,Veldig stillestående vann oppstrøms. Et av bekkeløpene er blokkert av sand. ,50.0,250.0,2500.0,10.0,Middels,Lav,Tvedestrand ,0.0,"493 869,994","6 491 753,814",Ikke hinder,Nei,018-27-R,0,,,018.7A0,ikke i nvdb,,nær 84582422,,Langangselva,,,,,,,,,,,2500.0,,,,,,,,,,,,
150.0,150.0,156,159,,"Er bratt, men sannsynligvis ikke barriere, mulig noe hinder. Men bør greit kunne hoppes ",Ja,70,Dyp stor naturlig kulp ,50.0,Øyekleiva ( bekk fra Felsåma mot Kleivsbekken),Ja,"376 137,765","6 462 067,519",159.0,"fin og stor bekk, mye fine naturlig stein som lager små basseng",40.0,250.0,2500.0,8.0,Middels,Middels,Kvinesdal ,0.0,"376 124,066","6 462 059,658",Absolutt,Ja,025-463-R,0,,,025.33,86153177,,,,Fedafjorden bekkefelt frå nord,,,,,86153177.0,FV4164 S1D1 m755,Vann,3000.0,,,3000.0,Nei,8.15,Naturstein,,Ja,POINT Z (24974.484 6488800.569 19.746),Enkel bilveg,,Kvinesdal,Rektangulær,I bekk/elv,StikkKulv
55.0,55.0,60,65,,"Ikke hinder, observerer mye stor fisk i gjennom kulverten. Fint habitat oppstrøms og nedstrøms. Bra ",Nei,0,0,40.0,Mandal Daleveien Slåttan,Nei,"411 446,141","6 435 532,714",65.0,"Sannsynligvis høy vannføring ved normal nedbør, ikke vandringshinder, fint habitat oppstrøm. ",30.0,280.0,2800.0,8.0,Middels,Lav,Mandal 6 ,0.0,"411 438,281","6 435 534,23",Ikke hinder,Nei,022-814-R,bru,,,022.A6,272319084,186165907,,,Mandalselva - Øyslebø til Mandal,,,,,272319084.0,FV4226 S1D1 m3290-3293,,,,,2800.0,,,Stål,,,,Enkel bilveg,,Lindesnes,,"Rør, korrugert (142)",Bru
548.0,548.0,553,548,,Kulvert egentlig grei nedstøms. Mye søppel og slam. Blir blokkert av kvist oppstrøms. Gitter oppstrøms,Nei,0,0,140.0,Langsæveien (Langsævannet til Barbuelva),Ja,"486 007,826","6 481 139,469",548.0,"Gitter i front, men åpent i bunn. 30cm mellom gitterstaver i front. Gitter egentlig ok. Men samler kvist som bør ryddes. ",60.0,300.0,3000.0,70.0,Høy,Lav,Arendal ,0.0,"485 930,909","6 481 170,825",Absolutt,Ja,019-494-R,0,,,019.12Z,267739001,-4580083,usikker ID,,Barbuelva,,,,,267739001.0,FV420 S2D1 m1083,Vann,200.0,,,2000.0,,,Betong,,,POINT Z (136299.865 6498051.017 37.003),Kanalisert veg,,Arendal,,,StikkKulv
68.0,68.0,73,78,,"Bru, ikke hinder ",Nei,0,0,0.0,Kystveien ,Nei,"488 230,099","6 481 415,868",78.0,"Ikke hinder, størrelse indikerer bru. ",50.0,300.0,3000.0,9.0,Høy,Lav,Kystveien ,0.0,"488 220,022","6 481 425,724",Ikke hinder,Nei,019-506-R,0,,,019.121Z,272298353,4559352,,,Songebekken,,,,,272298353.0,FV410 S5D1 m6586-6590,,,,,3000.0,,,Betong,,,,Enkel bilveg,,Arendal,,Platebru (210),Bru
270.0,270.0,275,274,,"Fin bru, ikke hinder, greit substrat og fin kantvegetasjon. ",Nei,0,0,15.0,Arendal ,Nei,"490 618,989","6 484 441,853",274.0,"Bru i størrelse, fin oppstrøms, god vannføring.",15.0,300.0,3000.0,8.0,Middels,Middels,Arendal ,0.0,"490 614,812","6 484 460,102",Ikke hinder,Nei,018-40-R,bru,,,018.72,272299012,659,,,Mørfjærbekken inkl. bekkefelt,,,,,272299012.0,FV3512 S1D1 m13-18,,,,,3000.0,,,Betong,,,,Enkel bilveg,,Arendal,,Platebru (214),Bru
559.0,559.0,564,563,,"Fin kulvert, og fin bekk. Skulle fisk komme opp hit er denne ikke hinder",Ja,0,Kulp dannet av stein og betongbiter. ,70.0,Bykle ,,"414 443,538","6 572 593,837",563.0,"nett klikket, fin og grei en del strøm",30.0,300.0,3000.0,15.0,Høy,Høy,0,0.0,"414 482,077","6 572 606,018",Ikke angitt,,021-1136-R,bru,,,021.F5A,272299117,105,,,Veiåni,,,,,272299117.0,FV450 S8D1 m3295-3298,,,,,3000.0,,,Betong,,,,Enkel bilveg,,Valle,,"Kulvert, plassp (114)",Bru
234.0,234.0,239,240,,"Denne er vandringshinder, men fisk bør kunne passere ved bru på siden ",Nei,500,0,200.0,SSS-veien (Breidungen/Dalsvann til Nordfjorden),Ja,"506 568,658","6 512 551,744",240.0,båten kommer gjennom kulvert/bro,100.0,300.0,3000.0,8.0,Høy,Lav,0,0.0,"506 581,171","6 512 585,099",Absolutt,Ja,018-85-R,bru,,,018.21,272299282,165,,,"Breidungen, utløp",,,,,272299282.0,FV351 S1D1 m3059-3072,,,,,3000.0,,,Spennbetong,,,,Enkel bilveg,,Risør,,Bjelkeelem.bru (340),Bru
143.0,143.0,149,152,,"Fin bru, over 250cm. Ikke hinder, fungerer bra. ",Nei,0,0,50.0,Høvåg ,Nei,"452 017,667","6 447 179,718",152.0,fin stor rolig bekk og liten bro over,50.0,300.0,3000.0,10.0,Middels,Lav,Ånastrand,0.0,"451 991,592","6 447 202,423",Ikke hinder,Nei,020-21-R,bru,,,020.42Z,272300237,955,,,Åna,,,,,272300237.0,FV401 S1D1 m8894-8900,,,,,3000.0,,,Betong,,,,Enkel bilveg,,Lillesand,,Platebru (210),Bru
145.0,145.0,151,154,,fin og stor og dyp,Nei,0,0,50.0,Isefjær,Nei,"452 400,406","6 447 469,428",154.0,"Grei bru, ikke hinder. Ligger en båt inni kulvert,",30.0,300.0,3000.0,12.0,Middels,Lav,Høvåg ,0.0,"452 404,149","6 447 475,029",Ikke hinder,Nei,020-402-R,bru,,,020.422Z,272300293,56,,,Kvåsebekken,,,,,272300293.0,FV401 S1D1 m8371-8375,,,,,3000.0,,,Betong,,,,Enkel bilveg,,Lillesand,,Platebru (210),Bru
121.0,121.0,126,129,,Grei kulvert. God størrelse. Ikke hinder ,Nei,10,0,70.0,Songeveien,Nei,"500 312,208","6 505 013,818",129.0,"fin, ser bunndyr, oval høy stål kulvert",30.0,300.0,3000.0,10.0,Middels,Lav,Risør,0.0,"500 310,84","6 505 037,243",Ikke hinder,Nei,018-205-R,bru,,,018.32Z,272300415,122,,,"Songebekken, inkl. bekkefelt",,,,,272300415.0,FV3458 S1D1 m3116-3119,,,,,3000.0,,,Stål,,,,Enkel bilveg,,Tvedestrand,,"Rør, korrugert (142)",Bru
426.0,426.0,431,428,,"Usikker på hva som er oppstrøms her, ser ut som saltvann flytter oppover slik som vannivået er nå. Ser fisk nedstrøms. ",Nei,0,0,120.0,Grimstad ,Nei,"471 495,744","6 462 620,698",428.0,"Grei vannføring, ser ut som saltvann som flytter innover. Kulvert i ene siden og 2 betongstikkrenner på 120 i andre enden. Ikke hinder ",60.0,300.0,3000.0,16.0,Middels,Middels,Grimstad ,0.0,"471 477,401","6 462 618,168",Ikke hinder,Nei,019-578-R,bru,,,019.220,272300443,28,,,"Bufjorden, bekkefelt",,,,,272300443.0,FV420 S9D1 m4066-4070,,,,,3000.0,,,Betong,,,,Enkel bilveg,,Grimstad,,Platebru (210),Bru
369.0,369.0,374,371,,"Er noe stigning opp mot bru, men denne er jevn og bør kunne forses. Men er hinder oppstrøms. ",Ja,100,"Naturlig kulp, holder på noe vann. Usikker på dybde ",20.0,Arendal ,Usikker,"488 502,119","6 488 613,11",371.0,"Bru, ikke hinder oppstrøms. Ser greit ut frem til hinder lengre oppstrøms. ",10.0,300.0,3000.0,12.0,Middels,Høy,Arendal ,0.0,"488 487,797","6 488 605,22",Partiell,Usikker,018-254-R,bru,,,018.7B,272300444,1,,,Molandsvann bekkefelt,,,,,272300444.0,FV421 S6D1 m6307-6313,,,,,3000.0,,,Betong,,,,Enkel bilveg,,Arendal,,Platebru (211),Bru
384.0,384.0,389,386,,"Gammel bru, ikke hinder. ",Nei,0,0,20.0,Tvedestrand ,Nei,"492 937,809","6 496 490,578",386.0,"Gammel bru, ikke hinder. ",10.0,300.0,3000.0,5.0,Lav,Middels,Tvedestrand ,0.0,"492 938,82","6 496 484,598",Ikke hinder,Nei,018-33-R,bru,,,018.C2Z,ikke i nvdb,,,,Strengselva,,,,,,,,,,,3000.0,,,,,,,,,,,,
103.0,103.0,108,111,,"Stor bru, ikke problematisk for gjenomvandring, ikke hinder.",Nei,0,0,50.0,Grimstad nord ,Nei,"463 727,774","6 475 702,907",111.0,bred og i stål,5.0,300.0,3000.0,10.0,Lav,Lav,Herefoss,0.0,"463 706,146","6 475 672,926",Ikke hinder,Nei,019-462-R,0,,,019.AD,84794926,,,,Hålandsbekken,,,,,84794926.0,FV404 S3D1 m10861,Vann,5000.0,,,5000.0,,20.0,Stål,,,POINT Z (113619.879 6494573.399 169.748),Enkel bilveg,,Grimstad,Sirkulær,,StikkKulv
443.0,443.0,448,445,,Fin bru ,Nei,0,0,20.0,Vegårshei ,Nei,"490 592,973","6 517 012,33",445.0,"Stillestående vann, ikke velsig antydning til bekk oppstrøms",20.0,308.0,3080.0,8.0,Lav,Lav,Vegårshei ,0.0,"490 573,431","6 517 019,497",Ikke hinder,Nei,018-264-R,bru,,,018.F,272300259,187505333,,,Vegår bekkefelt,,,,,272300259.0,FV414 S3D1 m5252-5256,,,,,3080.0,,,Betong,,,,Enkel bilveg,,Vegårshei,,Platebru (214),Bru
365.0,365.0,370,367,,Liten terskel under bru. Sannsynligvis ikke hinder. Mulig bekk er naturlig hinder nedstrøms på grunn av høyde ,Nei,0,0,5.0,Gjerstad ,Nei,"501 881,411","6 511 161,673",367.0,God vannføring. Ser fisk oppstrøms. Ser ikke ut som hinder. Går en kulvert ut på siden ifra sidebekk,30.0,308.0,3080.0,12.0,Høy,Middels,Gjerstad ,0.0,"501 866,039","6 511 169,577",Ikke hinder,Nei,018-247-R,bru,,,018.221Z,272300281,22,,,Hammarbekken,,,,,272300281.0,FV416 S1D10 m60-64,,,,,3080.0,,,Betong,,,,Enkel bilveg,,Risør,,Platebru (214),Bru
360.0,360.0,365,362,,"Vann som kommer ut av sidekulvert, lekker. Denne vil være vandringsbarriere og hinder, ved mindre det er nok vann til at fisk kan passere under bru, eller kommer inn i sidekulvert. ",Nei,130,0,20.0,Liaveien (bekk mellom Kallbergvannet og Bjorvann),Ja,"496 548,664","6 516 254,813",362.0,"Stor bru på 400cm, men alt vann går i åpning på siden på 60cm. Begge deler i naturstein. ",10.0,400.0,4000.0,6.0,Middels,Høy,Gjerstad ,0.0,"496 542,219","6 516 255,789",Absolutt,Ja,018-120-R,bru,,,018.3Z,272298218,-2063,,,"Kallbergsvatnet, utløpselv",,,,,272298218.0,FV417 S2D1 m1728-1733,,,,,4000.0,,,Betong,,,,Enkel bilveg,,Vegårshei,,Platebru (214),Bru
338.0,338.0,343,339,,"Veldig fin og stor bru, ikke hinder. Er en den stor Aure under bru. Som står delvis fast på grunn av vannstand nedstrøms. ",Nei,0,0,50.0,Gjerstad ,Nei,"506 054,743","6 522 726,225",339.0,"Stor fin kulvert, ikke hinder. Godt med vann oppstrøms. ",50.0,400.0,4000.0,11.0,Høy,Lav,Gjerstad ,0.0,"506 061,237","6 522 713,007",Ikke hinder,Nei,018-76-R,bru,,,018.2D,272299062,844,,,"Gjerstadvatnet, bekkefelt",,,,,272299062.0,FV3688 S1D1 m1259-1264,,,,,4000.0,,,Stål,,,,Enkel bilveg,,Gjerstad,,"Rør, korrugert (142)",Bru
433.0,433.0,438,435,,"Sannsynligvis ikke hinder, noe høyde opp mot bru, men er ikke vertikalt, men en litt bratt bekk. ",Nei,100,0,60.0,Tvedestrand ,Nei,"489 873,697","6 505 693,869",435.0,"God vannføring, fin bekk oppstrøms. Sannsynligvis ikke hinder ",30.0,400.0,4000.0,12.0,Middels,Høy,Tvedestrand ,0.0,"489 866,866","6 505 713,345",Ikke hinder,Nei,018-238-R,bru,,,018.E,272300234,1172,,,Storelva - Hauglandselva bekkefelt,,,,,272300234.0,FV414 S1D1 m1261-1269,,,,,4000.0,,,Betong,,,,Enkel bilveg,,Vegårshei,,Platebru (210),Bru
337.0,337.0,342,338,,"Bred fin kulvert, ikke hinder. Ser en Aure på 20cm nedstrøms. ",Nei,0,0,40.0,Gjerstad ,Nei,"506 414,295","6 522 611,402",338.0,Godt med vann i kulvert. Ikke hinder. En del Aure oppstrøms. ,40.0,400.0,4000.0,10.0,Høy,Lav,Gjerstad ,0.0,"506 456,674","6 522 606,882",Ikke hinder,Nei,018-76-R,bru,,,018.2D,272300266,32,,,"Gjerstadvatnet, bekkefelt",,,,,272300266.0,FV3696 S1D1 m149-153,,,,,4000.0,,,Stål,,,,Enkel bilveg,,Gjerstad,,"Rør, korrugert (145)",Bru
469.0,469.0,474,470,,"Kulvert ikke hinder, men bekk bør sjekkes. Usikker på vannstand, veldig stillestående vann. Svært redusert vankvalitet og veldig gjødselpreget vann. Litt stigning mot kulvert, men fin inngang. Bekk burde ses over. ",Nei,40,0,0.0,Bøylestadveien (bekk fra Horvedalstjenn til Nidelva),Ja,"479 482,902","6 486 274,024",470.0,Renner ikke noe serlig vann igjennom. Stillestående vann oppstrøms. Stålrør med betongbunn. Ser grei ut oppstrøms. ,30.0,400.0,4000.0,16.0,Lav,Lav,Froland ,0.0,"479 494,425","6 486 295,52",Absolutt,Ja,019-690-R,bru,,,019.B31,272300315,49,,,Hurvjeevja,,,,,272300315.0,FV3718 S1D1 m1486-1490,,,,,4000.0,,,Stål,,,,Enkel bilveg,,Froland,,"Rør, korrugert (142)",Bru
340.0,340.0,345,341,,"Tenker denne vil kunne være hinder. Mye kvist og gamle store ståldeler i bekk, som vil skape hinder. Plus noe stigning. Men her bør noe fisk komme opp, så hinder ikke barriere. ",Nei,60,0,0.0,Gjerstadveien (bekk renner ut til Sunda),Ja,"504 807,267","6 522 705,572",341.0,"Veldig lite vann oppstrøms, og noe bratt videre fra bru og under bru. Bør ikke være hinder ved god vannføring. ",5.0,400.0,4000.0,10.0,Lav,Lav,Gjerstad ,0.0,"504 799,154","6 522 704,488",Absolutt,Ja,018-41-R,bru,,,018.2C,272300334,19,,,Sunda,,,,,272300334.0,FV418 S3D1 m1136-1140,,,,,4000.0,,,Betong,,,,Enkel bilveg,,Gjerstad,,Platebru (210),Bru
371.0,371.0,376,373,,"Ser fisk nedstrøms. Sannsynligvis ikke hinder, ser ok ut. Er noen lave terskler inni bru. Og bru er så lav at vann muligens vil renne over ved veldig høy vannføring ",Nei,0,0,20.0,Arendal ,Nei,"488 816,281","6 490 112,227",373.0,"Ser fisk oppstrøms, registeret disse 2 sammen, fint habitat oppstrøms. Men bru kunne sannsynligvis vært høyere. Men ser ikke ut som hinder oppstrøms. ",40.0,400.0,4000.0,25.0,Middels,Lav,Arendal ,0.0,"488 799,652","6 490 133,888",Ikke hinder,Nei,018-253-R,0,,,018.7C,272300347,13,,,Brekkeelva,,,,,272300347.0,FV421 S6D1 m4721-4725,,,,,4000.0,,,Betong,,,,Enkel bilveg,,Arendal,,"Kulvert, plassp (111)",Bru
507.0,507.0,512,507,,"Bru i størrelse. Grei bekk nedstrøms, kulvert ikke hinder ",Nei,0,0,35.0,Mandal ,Nei,"411 771,192","6 433 302,717",507.0,"Grei bekk oppstrøms, ok med vann. Ser fisk oppstrøms. ",30.0,400.0,4000.0,14.0,Middels,Høy,Mandal ,0.0,"411 784,278","6 433 321,012",Ikke hinder,Nei,022-790-R,bru,,,022.32A,272318898,18551,,,Jåbekken,,,,,272318898.0,FV230 S1D1 m345-350,,,,,4000.0,,,Betong,,,,Enkel bilveg,,Lindesnes,,Platebru (210),Bru
431.0,431.0,436,433,,"Ligger en den kvist i kulp nedstrøms, og er noe høyde opp mot kulvert. Mulig hinder ",Ja,60,"Semi naturlig kulp, dannet av store steiner og kvist nedstrøms. Rundt 50-60 på det dypeste. ",40.0,Tvedestrand ,Usikker,"490 813,44","6 502 600,106",433.0,"Lite vann oppstrøms. Er steinkulvert oppstrøms, og rør nedstrøms. Ser ok ut, ikke hinder.",0.0,100.0,1000.0,25.0,Lav,Lav,Tvedestrand ,0.0,"490 842,222","6 502 608,746",Partiell,Usikker,Ikke VF,0,,,018.D,84791826,-187527072,,,,,,,,84791826.0,FV415 S1D1 m6439,Vann,,1800.0,1000.0,1800.0,Nei,30.0,Naturstein,,,POINT Z (143081.937 6518990.001 81.702),Enkel bilveg,,Tvedestrand,Rektangulær,,StikkKulv
461.0,461.0,466,462,,"Ikke hinder, men er litt gjengrodd under bru. ",Nei,0,0,10.0,Vegårshei ,Nei,"483 903,802","6 505 864,215",462.0,Stillestående vann. Ikke hinder ,10.0,500.0,5000.0,12.0,Lav,Lav,Vegårshei ,0.0,"483 890,983","6 505 872,347",Ikke hinder,Nei,018-239-R,bru,,,018.D,272298731,187506905,,,Raudelva,,,,,272298731.0,FV415 S2D1 m6843-6847,,,,,5000.0,,,Betong,,,,Enkel bilveg,,Åmli,,Platebru (215),Bru
336.0,336.0,341,337,,"Selve brua er fin, men er bratt opp mot inngang, bør kunne klatres av noe fisk. Men er muligens naturlig hinder. Ligger og en hvitevare av et slag nede i kulp.",Ja,250,Naturlig grunn kulp,50.0,"Gamle sørlandske (bekk mot gjerstadvannet, ved E18)",Ja,"506 976,239","6 523 580,392",337.0,"Stor bru, bredde rundt 500cm. Er noe vann oppstrøms, men tørt under bru. Ikke hinder oppstrøms",50.0,500.0,5000.0,17.0,Lav,Lav,Gjerstad ,0.0,"506 960,4","6 523 592,186",Absolutt,Ja,018-76-R,bru,,,018.2D,272298797,66,,,"Gjerstadvatnet, bekkefelt",,,,,272298797.0,FV3688 S1D1 m2911-2918,,,,,5000.0,,,Betong,,,,Enkel bilveg,,Gjerstad,,Platebru (211),Bru
457.0,457.0,462,458,,Usikker på dybde siden vannet er såpass uklart. Ikke hinder ,Nei,0,0,0.0,Vegårshei,Nei,"479 457,505","6 505 253,114",458.0,"Bru, ikke hinder. Stillestående uklart vann. ",0.0,500.0,5000.0,8.0,Høy,Lav,Vegårshei ,0.0,"479 458,149","6 505 265,821",Ikke hinder,Nei,019-423-R,0,,,019.C4,272300274,1477,,,"Nelaug, bekkefelt",,,,,272300274.0,FV415 S2D1 m11558-11563,,,,,5000.0,,,Betong,,,,Enkel bilveg,,Åmli,,Platebru (214),Bru
366.0,366.0,371,368,,"Bru i størrelse, rundt 500cm ikke hinder. Mulig bekk er for bratt nedstrøms. ",Nei,0,0,20.0,Gjerstad ,Nei,"501 973,396","6 510 796,486",368.0,God vannføring. Er bru ikke kulvert. Ser ut som noe basseng fra vann som kommer fra E18 på siden. Men bru ikke hinder ,60.0,500.0,5000.0,14.0,Høy,Middels,Gjerstad ,0.0,"501 973,776","6 510 808,056",Ikke hinder,Nei,018-247-R,bru,,,018.221Z,272300324,50,,,Hammarbekken,,,,,272300324.0,FV416 S1D1 m15994-16003,,,,,5000.0,,,Betong,,,,Enkel bilveg,,Risør,,"Kulvert, plassp (114)",Bru
286.0,286.0,291,289,,Vandringshinder på grunn av gammelt ålekar. Går en vannledning gjennom kulvert. Men er helt tørt nedstrøms og under bru.,Nei,0,0,0.0,Kystveien (bekk mellom Bjellandsvannet og Jorunnstadkilen),Ja,"495 112,503","6 488 535,539",289.0,"Stor bru, men bekk vil ikke være breiere en 200cm. Er lagt et ålekar, som bli blokerer fisk fra å vandre opp. Regner med det pleier å være høyere vannføring en nå ",0.0,500.0,5000.0,10.0,Lav,Lav,Arendal ,0.0,"495 089,982","6 488 548,722",Absolutt,Ja,018-172-R,bru,,,018.712,272300332,8,,,"Flostadøysund, bekkefelt",,,,,272300332.0,FV410 S3D1 m12927-12933,,,,,5000.0,,,Betong,,,,Enkel bilveg,,Arendal,,Platebru (211),Bru
432.0,432.0,437,434,,"Bru ser fin ut. Noe vann rett under bru, ellers er bekk tør. Mye vegetasjon i bekk. ",Nei,0,0,50.0,Tvedestrand ,Nei,"490 218,979","6 503 447,507",434.0,"Litt lite vann og relativt stillestående. Tør bekk lengre oppstrøms. Stor bru, ser ikke ut som hinder oppstrøms. ",50.0,500.0,5000.0,16.0,Lav,Lav,Tvedestrand ,0.0,"490 220,477","6 503 470,794",Ikke hinder,Nei,018-244-R,bru,,,018.D,272300484,152,,,"Ubergsvatnet, bekkefelt",,,,,272300484.0,FV415 S1D1 m7535-7541,,,,,5000.0,,,Betong,,,,Enkel bilveg,,Vegårshei,,"Kulvert, pref. (122)",Bru
183.0,183.0,188,191,,"Denne brua er grei, men her kan bekk stenges hvis der havner mye kvist og søppel ned ",Nei,0,0,50.0,Lillesand ,Nei,"464 195,896","6 457 908,354",191.0,"elv, god vannføring, sprengt i gjwll, og bro ish ikke rør",100.0,500.0,5000.0,20.0,Høy,Middels,0,0.0,"464 176,272","6 457 924,345",Ikke hinder,Nei,020-11-R,0,,,020.2Z,272300645,161,,,Moelva,,,,,272300645.0,FV420 S10D100 m170-188,,,,,5000.0,,,Spennbetong,,,,Gang- og sykkelveg,,Lillesand,,"Bjelkebru, NIB (320)",Bru
90.0,90.0,95,99,,"Bru, breiere en 250cm, ikke hinder ",,0,0,0.0,Grimstad ,Nei,"475 475,637","6 465 855,054",99.0,"Bru, ikke hinder ",0.0,0.0,,0.0,,0,Grimstad ,0.0,"475 465,612","6 465 870,961",Ikke hinder,Nei,019-575-R,bru,,,019.216Z,305287798,32987153,,,"Groosfjorden, bekkefelt",,,,,305287798.0,FV3622 S1D1 m318-325,,,,,,,,Betong,,,,Enkel bilveg,,Grimstad,,"Kulvert, pref. (120)",Bru
705.0,1096.0,SF 2026,,1096.0,Bekken fører opp et fjell og er derfor ikke viktig for gyting. Bratt stigning og økenende vannstrøm i kulverten. Lav vannstand på nedstrømssiden,,,,,,,,,,,,,,,,,,,,,Partiell,C,022-775-R,Bekken fører opp et fjell og er derfor ikke viktig for gyting. Bratt stigning og økenende vannstrøm i kulverten. Lav vannstand på nedstrømssiden,Søgne_Tangvall,neppe fisk,022.2A,86118268,-219169530,,Loneveien 3975 ved kjursveien,Lundelva bekkefelt,C,,100,naturstein går over i betong,86118268.0,FV3975 S1D1 m2205,Vann,100.0,,,100.0,,5.0,Betong,,,POINT Z (74845.548 6462131.074 1.967),Enkel bilveg,,Kristiansand,Sirkulær,I skråning/terreng,StikkKulv
719.0,1110.0,SF 2026,,1110.0,mye kvister etc. rydding nødvendig for at gjennomløpet ikke tette,,,,,,,,,,,,,,,,,,,,,Ikke hinder,B,024-469-R,mye kvister etc. rydding nødvendig for at gjennomløpet ikke tette,Lyngdal Farsund Vanse,ok,024.32Z,86156585,38317,,Myrveien,lyngdalsfjorden bekkefelt,B,,110,betongrør,86156585.0,FV472 S1D10 m1197,Vann,1000.0,,,1000.0,Nei,19.95,Betong,,,POINT Z (31753.298 6471088.298 2.363),Enkel bilveg,,Lyngdal,Sirkulær,I bekk/elv,StikkKulv
4.0,4.0,8,finner ikke,,"sannsynligvis bare drenering, SER IKKE noe oppstrems ",Nei,0,0,5.0,langenesveien,Usikker,"437 716,025","6 441 393,092",,,,,,,,,,,,,Ikke hinder,Usikker,021-846-R,drensrør,,,021.23Z,86123377,-33208,,,Kristiansandsfjorden indre bekkefelt,,,,,86123377.0,FV456 S2D1 m730,Vann,200.0,,,200.0,Nei,6.25,Plast,,Nei,POINT Z (84593.928 6462660.871 8.137),Enkel bilveg,,Kristiansand,Sirkulær,Kum,StikkKulv
802.0,1193.0,SF 2026,,1193.0,"god vandstand gjennom hele kulverten, lite strømning, usikker på opp og nedstrømsside pga stillestående vann",,,,,,,,,,,,,,,,,,,,,Partiell,C,020-60-R,Lav vannstand øker hastigheten på strømmen pga steiner foran kulverten under tørre sommere som kan være et hinder. Burde ha teskler i plastrøret,Tovdalselva,trenger terskler,020.4260,1015263183,929139806,,timenes veien paralelt med e18,timenesbekken,C,,140,rund kulvert,1015263183.0,EV18 S4D1 m343,Vann,200.0,,,200.0,,16.37,Plast,,,POINT Z (94968.392 6468546.678 21.296),Kanalisert veg,,Kristiansand,Sirkulær,Åpen grøft,StikkKulv
621.0,1012.0,SF 2026,,1012.0,"Denne fører ikke vann, derfor ingen bilde ettersom den ikke er relevant for fiskevandring. Må mye vann til før bekken faktisk når denne kulverten",,,,,,,,,,,,,,,,,,,,,Neppe fiskeførende,-,019-584-R,"Denne fører ikke vann, derfor ingen bilde ettersom den ikke er relevant for fiskevandring. Må mye vann til før bekken faktisk når denne kulverten",ingen foto,ingen foto,019.2Z,84429191,-930833992,,Reddalveien 3596 i svingen før Landvik,Landviksbekken,-,,60,betongrør,84429191.0,FV3596 S1D1 m1504,,300.0,,,300.0,,12.0,Betong,,,POINT Z (121769.645 6484967.4 18.896),Enkel bilveg,,Grimstad,,,StikkKulv
389.0,389.0,394,ok,,"Gammel steinkulvert. Mer redusert bekk, men kulvert ok. ",Nei,0,0,5.0,Tvedestrand ,Nei,"492 708,041","6 494 736,414",,,,,,,,,,,,,Ikke hinder,Nei,Ikke VF,0,,,018.C2Z,84582481,153290,,,,,,,,84582481.0,FV422 S1D1 m715,Vann,800.0,800.0,1000.0,800.0,Nei,4.70638105,Naturstein,,Ja,POINT Z (144253.28 6510980.702 59.17),Enkel bilveg,,Tvedestrand,Rektangulær,I bekk/elv,StikkKulv
634.0,1025.0,SF 2026,,1025.0,"mye rot foran og i kulver, fører nesten ikke vann, i tillegg er det bratt her, her finner du ingen fisk",,,,,,,,,,,,,,,,,,,,,Absolutt,D,020-356-R,"mye rot foran og i kulver, fører nesten ikke vann, i tillegg er det bratt her, her finner du ingen fisk",Grimstad til Birkeland,Fiskeførende??,020.B2Z,84451065,-131416,,Hobbeslandveien 3744 v. husnr. 299,Tovdalselva herefossfjorden - flakksvatn bekkefelt,D,C1,80,naturstein,84451065.0,FV3744 S1D1 m2870,Vann,300.0,,,300.0,,,Plast,,,POINT Z (106896.297 6486660.063 185.316),Enkel bilveg,,Birkenes,,,StikkKulv
637.0,1028.0,SF 2026,,1028.0,"ikke egenet til fiskevandring og sannsynligvis ikke beregnet for det heller, disse tre ser ut som rør som benyttes for avløp eller overflødig vann eller liknede. På denne eller de neste tre passerer det ingen fisk. Bratt, 30 cm hopp for å komme inn og fører nesten ingen vann. Ingen bilder",,,,,,,,,,,,,,,,,,,,,Absolutt,D,020-356-R,"ikke egenet til fiskevandring og sannsynligvis ikke beregnet for det heller, disse tre ser ut som rør som benyttes for avløp eller overflødig vann eller liknede. På denne eller de neste tre passerer det ingen fisk. Bratt, 30 cm hopp for å komme inn og fører nesten ingen vann. Ingen bilder",,ingen foto,020.B2Z,84451092,dubl,,Hobbeslandveien 3744 v. husnr. 231,Tovdalselva herefossfjorden - flakksvatn bekkefelt,D,,80,betongrør i naturstein,84451092.0,FV3744 S1D1 m2283,Vann,300.0,,,300.0,,,Plast,,,POINT Z (106417.425 6486601.276 158.935),Enkel bilveg,,Birkenes,,,StikkKulv
40.0,40.0,45,finner ikke,,"Drenering fra kum, selv om det er bekk på oversiden ",Nei,1 500,0,50.0,Søgne ,Usikker,"431 331,031","6 441 683,936",,,,,,,,,,,,,Ikke hinder,Usikker,022-705-R,drensrør,,,022.1A12,86118742,1667650,,,Søgneelva - Brennåsen til utløp,,,,,86118742.0,FV4234 S2D1 m1137,Vann,300.0,500.0,600.0,300.0,,9.0,Naturstein,,,POINT Z (78269.274 6463530.261 13.619),Enkel bilveg,,Kristiansand,Rektangulær,Kum,StikkKulv
20.0,20.0,24,finner ikke,,"Tørt bekkelei, finner ikke innløp, men er en tør bekk på andre siden av veien, gammelt rør muligens ",Nei,0,0,0.0,Ålefjærveien (sidebekk til bekk som renner ut i Skjedvannet),Ja,"442 264,708","6 456 158,201",,,,,,,,,,,,,Ikke hinder,Ja,021-851-R,drensrør,,,021.121Z,86132594,13852,,,Ålefjærfjorden bekkefelt,,,,,86132594.0,FV453 S1D1 m3918,Vann,300.0,,,300.0,Nei,12.52,Betong,"Masser, utløp",Nei,POINT Z (90465.722 6477000.587 29.611),Enkel bilveg,Masser tetter utløp,Kristiansand,Sirkulær,I skråning/terreng,StikkKulv
712.0,1103.0,SF 2026,,1103.0,Ikke funnet,,,,,,,,,,,,,,,,,,,,,-,-,022-767-R,Ikke funnet,,ingen foto,022.321,86138953,6359,,Stølevegen (veg nr. 3922),,-,-,-,-,86138953.0,FV3922 S1D1 m85,Vann,300.0,,,300.0,,10.0,Plast,,,POINT Z (82103.15 6478449.977 196.048),Enkel bilveg,,Vennesla,Sirkulær,Åpen grøft,StikkKulv
713.0,1104.0,SF 2026,,1104.0,Ikke funnet,,,,,,,,,,,,,,,,,,,,,-,-,022-767-R,Ikke funnet,,ingen foto,022.321,86138956,3,,Stølevegen (veg nr. 3922),,-,-,-,-,86138956.0,FV3922 S1D1 m85,Vann,300.0,,,300.0,,9.5,Plast,,,POINT Z (82103.15 6478449.977 196.048),Enkel bilveg,,Vennesla,Sirkulær,Åpen grøft,StikkKulv
744.0,1135.0,SF 2026,,1135.0,Denne kulverten er opp en fjellkant og er derfor ikke aktuell å vurdere,,,,,,,,,,,,,,,,,,,,,Neppe fiskeførende,-,022-815-R,Denne kulverten er opp en fjellkant og er derfor ikke aktuell å vurdere,Mandalsområdet_Mandalselva,ikke fisk,022.A3Z,86189794,50838,,daleveien ved bryggeodden,Mandalselva - øyslebø til mandal bekkefelt,-,A1 A2 B1,100,plastrør,86189794.0,FV4000 S1D1 m433,Vann,300.0,,,300.0,,6.0,Plast,,,POINT Z (58054.829 6460339.705 10.558),Enkel bilveg,,Lindesnes,Sirkulær,Kum,StikkKulv
767.0,1158.0,SF 2026,,1158.0,ikke sjekket fordi det virker for bratt og ikke som en kulvert utfra kartet,,,,,,,,,,,,,,,,,,,,,Neppe fiskeførende,,023-168-R,ikke sjekket fordi det virker for bratt og ikke som en kulvert utfra kartet,,ingen foto,023.A121Z,287720059,201530265,,,,,,,,287720059.0,FV4000 S1D1 m3335,,300.0,,,300.0,,,Plast,,,POINT Z (56117.107 6461423.506 141.211),Enkel bilveg,,Lindesnes,,,StikkKulv
,1163.0,,,,,,,,,,,,,,,,,,,,,,,,,,,024-482-R,,,we disse relevante kulverter,024.44Z,295355159,7635100,,,,,,,,295355159.0,FV465 S2D1 m5687,,300.0,,,300.0,,,Plast,,,POINT Z (17421.212 6475107.264 79.668),Enkel bilveg,,Farsund,,,StikkKulv
773.0,1164.0,SF 2026,,1164.0,,,,,,,,,,,,,,,,,,,,,,-,-,023-131-R,ikke funnet,,ingen foto,023.A22,297498630,211308836,,Audnedalsveien v.Lelandsveien,Audna-Tryland til Spilling bekkefelt,-,-,-,-,297498630.0,FV460 S2D1 m16775,,300.0,,,300.0,,,Plast,,,POINT Z (50343.019 6477361.246 32.656),Enkel bilveg,,Lindesnes,,,StikkKulv
669.0,1060.0,SF 2026,,1060.0,rett etter kulverten er går bekken raskt oppover med store steiner som gjør det svært usannsynlig at fisk kommer seg til denne bekken. Selve kulverten har et hopp på ca 10cm og lav vannstand. Ville ikke prioritert å gjøre noe med denne,,,,,,,,,,,,,,,,,,,,,Partiell,C,021-1538-R,rett etter kulverten er går bekken raskt oppover med store steiner som gjør det svært usannsynlig at fisk kommer seg til denne bekken. Selve kulverten har et hopp på ca 10cm og lav vannstand. Ville ikke prioritert å gjøre noe med denne,Brennåsen til Hægeland,Håpløs erosjonssikring,021.B6A,86103306,-211395324,,Vestbygda v. husnr. 16,Eljansåna bekkefelt,C,"A2, A3, C1",100,betongrør,86103306.0,FV3934 S2D1 m7880,Vann,1000.0,,,1000.0,,7.76,Betong,,,POINT Z (73066.36 6493062.491 257.522),Enkel bilveg,høyde geometri målt på topp av stikk,Vennesla,Sirkulær,I bekk/elv,StikkKulv
339.0,339.0,344,340,,"Sidekulvert ved bru. Vann renner nordover, vet ikke om det er vanlig, eller bare et resultat av lav vannstand. Denne er litt tør i fremkant. Men regner med fisk kan passere under bru ",Nei,0,0,30.0,Gjerstad ,Nei,"505 091,807","6 522 082,508",340.0,"Grei kulvert, ikke relevandt fiskemessig  ",0.0,0.0,,0.0,,0,Gjerstad ,0.0,"505 104,452","6 522 068,526",Ikke hinder,Nei,018-41-R,irrelevant,,,018.2C,1006060678,919957372,Ikke for elv eller fisk,,Sunda,,,,,1006060678.0,FV3688 S1D1 m113,Vann,300.0,,,300.0,Nei,24.3,Plast,,Nei,POINT Z (159084.002 6537145.828 37.206),Enkel bilveg,,Gjerstad,Sirkulær,I skråning/terreng,StikkKulv
629.0,1020.0,SF 2026,,1020.0,"småfisk observert, uproblematisk ved høyere vannstand",,,,,,,,,,,,,,,,,,,,,Ikke hinder,B/C,019-584-R,"småfisk observert, uproblematisk ved høyere vannstand",Tovdalselva,"ok, løft bekk",019.2Z,84444437,-921616241,,Høygiltveien v.nr. 3752,Bekk tilknyttet Topdalselva,B/C,,80,betongrør,84444437.0,KV1046 S1D1 m66,,350.0,,,350.0,,9.0,Plast,,,POINT Z (100828.162 6481039.359 20.821),Enkel bilveg,,Birkenes,,,StikkKulv
642.0,1033.0,SF 2026,,1033.0,"lite rør, ingen vann nå men ser ut som det vanligvis er det og da er det ok. Røret forbinder svært lite og bør ikke prioriteres for tiltak",,,,,,,,,,,,,,,,,,,,,Partiell,C,019-537-R,"lite rør, ingen vann nå men ser ut som det vanligvis er det og da er det ok. Røret forbinder svært lite og bør ikke prioriteres for tiltak",Grimstad til Birkeland,"Irrelevant, ikke fisk?",019.AD,84451269,6832,,Birkelandsveien 3744 v. Grøslemyra,"Bjørkoselva, bekkefelt",C,C1,35,plastrør,84451269.0,FV3744 S2D1 m9582,Vann,350.0,,,350.0,,,Plast,,,POINT Z (117566.925 6490687.537 125.187),Enkel bilveg,,Grimstad,,,StikkKulv
616.0,1007.0,SF 2026,,1007.0,"liten kulvert på 40cm, akkurat som de over som er i samme bekk er denne ganske tørr, men ok dersom det kommer vann senere på året, denne bekken er en sidebekk til hovedbekken som beskrives i neste kulvert og fører bra med vann",,,,,,,,,,,,,,,,,,,,,Partiell,C,019-488-R,"liten kulvert på 40cm, akkurat som de over som er i samme bekk er denne ganske tørr, men ok dersom det kommer vann senere på året, denne bekken er en sidebekk til hovedbekken som beskrives i neste kulvert og fører bra med vann",Grimstad til Birkeland,er det fisk her?,019.2D,84426618,-24651,,Reddal 3596 v. Rossdalen,"Reddalsåna, bekkefelt",C,C1,40,betongrør,84426618.0,FV3596 S2D1 m2404,Vann,400.0,,,400.0,,10.0,Betong,,,POINT Z (116149.428 6486985.876 75.694),Enkel bilveg,,Grimstad,,,StikkKulv
225.0,225.0,230,finner ikke,,"Kom oppstrøms, ikke ordentlig bekk oppstrøms heller ",,0,0,0.0,Tvedestrand. ,Usikker,"503 645,723","6 498 782,449",,,,,,,,,,,,,Partiell,Usikker,Ikke VF,0,,,018.52,ikke i nvdb,,nær 84494447,,,,,,,,,,,,,,,,,,,,,,,,,
636.0,1027.0,SF 2026,,1027.0,"ikke egenet til fiskevandring og sannsynligvis ikke beregnet for det heller, disse tre ser ut som rør som benyttes for avløp eller overflødig vann eller liknede. På denne eller de neste tre passerer det ingen fisk. Bratt, 30 cm hopp for å komme inn og fører nesten ingen vann. Ingen bilder",,,,,,,,,,,,,,,,,,,,,Absolutt,D,020-356-R,"ikke egenet til fiskevandring og sannsynligvis ikke beregnet for det heller, disse tre ser ut som rør som benyttes for avløp eller overflødig vann eller liknede. På denne eller de neste tre passerer det ingen fisk. Bratt, 30 cm hopp for å komme inn og fører nesten ingen vann. Ingen bilder",,ingen foto,020.B2Z,84451089,,,Hobbeslandveien 3744 v. husnr. 231,Tovdalselva herefossfjorden - flakksvatn bekkefelt,D,,60,plastrør,84451089.0,FV3744 S1D1 m2318,Vann,400.0,,,400.0,,,Plast,,,POINT Z (106448.788 6486584.894 160.164),Enkel bilveg,,Birkenes,,,StikkKulv
644.0,1035.0,SF 2026,,1035.0,"stort rør i kulverten ettersom denne antagelig blir brukt til landbruk, denne går veldig langt uten at vi klarte å observere slutten. Derfor bestemt som absolutt hinder. Dersom det ikke hadde vært et hinder ser vi ikke at bekke fortsetter særlig på andre siden av veien og bør ikke prioriteres",,,,,,,,,,,,,,,,,,,,,Absolutt,D,019-536-R,"stort rør i kulverten ettersom denne antagelig blir brukt til landbruk, denne går veldig langt uten at vi klarte å observere slutten. Derfor bestemt som absolutt hinder. Dersom det ikke hadde vært et hinder ser vi ikke at bekke fortsetter særlig på andre siden av veien og bør ikke prioriteres",Grimstad til Birkeland,Muligens ikke relevant for fisk,019.AD,84451372,283,,Birkelandsveien 3744 v. husnr. 25,Auslandvatnet utløpselv,D,,50,naturstein ,84451372.0,FV3744 S2D1 m4759,,,400.0,500.0,400.0,,,Naturstein,,,POINT Z (113555.886 6489886.689 174.148),Enkel bilveg,,Grimstad,,,StikkKulv
651.0,1042.0,SF 2026,,1042.0,"lite vannføring, tørrlagt nedstrøms, bekken demmet opp oppstøms med høy terskel",,,,,,,,,,,,,,,,,,,,,Absolutt,C/D,020-433-R ?,"lite vannføring, tørrlagt nedstrøms, bekken demmet opp oppstøms med høy terskel",Tovdalselva,hvor går vannet,020.A6,84732674,281302,,Birkelandsveien(R 41),Topdalselva bekkefelt (?),C/D,C1,110,betongrør,84732674.0,RV41 S3D1 m156,Vann,,400.0,,400.0,Nei,15.16,Betong,,Nei,POINT Z (101762.844 6484298.68 28.916),Enkel bilveg,"Starter med betongrør. Avslutter med plastrør, 500 mm.  NB. Vannledning i renna.",Birkenes,Sirkulær,I skråning/terreng,StikkKulv
,1163.0,,,,,,,,,,,,,,,,,,,,,,,,,,,024-482-R,,,we disse relevante kulverter,024.44Z,295355169,210622495,,,,,,,,295355169.0,FV465 S2D1 m5739,,400.0,,,400.0,,,Plast,,,POINT Z (17466.721 6475132.493 77.546),Enkel bilveg,,Farsund,,,StikkKulv
131.0,131.0,136,139,,fin bekk som renner greit,Nei,0,0,20.0,Frikstad,Nei,"448 165,4","6 444 172,636",139.0,"Finner ikke innløp, sikkert rast over.",0.0,0.0,,0.0,,0,Søm ,0.0,"448 094,457","6 444 177,886",Ikke hinder,Nei,020-404-R,0,,,020.4232Z,798028573,502673404,,,Dollsvågbekken,,,,,798028573.0,FV3902 S1D1 m945,Vann,400.0,,,400.0,Nei,,Plast,,,POINT Z (95223.476 6464518.109 18.865),Enkel bilveg,,Kristiansand,Sirkulær,,StikkKulv
817.0,1208.0,SF 2026,,1208.0,bare vannføring i det ene røret v. tørke,,,,,,,,,,,,,,,,,,,,,Absolutt,D ,022-877-R,"vannet forsvinner midt i og forsvinner under kulverten. Her passerer det ingenting denne var ikke inne på veikart? 7,560970 / 58,174327. Kanskje 844789977",Nodeland_Øyslebø,fisk opp,022.AA12,844789977,46761404,,Uslandsveien i svingen ved husnr. 7,Høyevatnet til øyslebø bekkefelt,D ,"C1, ",100,betongrør,844789977.0,FV4010 S1D1 m135,Vann,400.0,,,400.0,Nei,,Plast,,Nei,POINT Z (62944.008 6472312.792 27.764),Enkel bilveg,,Lindesnes,Sirkulær,Åpen grøft,StikkKulv
695.0,1086.0,SF 2026,,1086.0,"halv nedgravd, god vannføring, naturlig substrat. Absolutt hinder lenger opp i bekken se supperende bilde 1 2 3 4. Kulverten som står som prioritert er ok men selve bekken inneholder absolutte hinder som gjør det svært usannsynlig å møte fisk her. ",,,,,,,,,,,,,,,,,,,,,partiell,B,022-758-R,"halv nedgravd, god vannføring, naturlig substrat. Absolutt hinder lenger opp i bekken se supperende bilde 1 2 3 4. Kulverten som står som prioritert er ok men selve bekken inneholder absolutte hinder som gjør det svært usannsynlig å møte fisk her. ",Mandalsområdet_Mandalselva,høut innhopp,022.3C,86109484,-758680493,,skoieveien 3973,Skagestadvatnet bekkefelt,B,,100,halvrør betong,86109484.0,FV3973 S1D1 m1895,Vann,450.0,,,450.0,,42.0,Betong,,,POINT Z (61137.664 6460610.121 37.245),Enkel bilveg,,Lindesnes,Sirkulær,,StikkKulv
635.0,1026.0,SF 2026,,1026.0,,,,,,,,,,,,,,,,,,,,,,Ikke hinder,B,020-356-R,,Grimstad til Birkeland,ok,020.B2Z,84451083,-1658401,,Hobbeslandveien 3744 v. husnr. 250,Tovdalselva herefossfjorden - flakksvatn bekkefelt,B,,100,naturstein,84451083.0,FV3744 S1D1 m2453,Vann,,500.0,500.0,500.0,,,Naturstein,,,POINT Z (106544.2 6486492.242 161.261),Enkel bilveg,,Birkenes,,,StikkKulv
640.0,1031.0,SF 2026,,1031.0,"ok kulvert, lite vann",,,,,,,,,,,,,,,,,,,,,Ikke hinder,B/C,020-356-R,"ok kulvert, lite vann",Grimstad til Birkeland,ok,020.B2Z,84451137,54,,Hobbeslandveien 3744 v. husnr. 163,Tovdalselva herefossfjorden - flakksvatn bekkefelt,B/C,,50,naturstein,84451137.0,FV3744 S1D1 m1524,Vann,,500.0,500.0,500.0,,,Naturstein,,,POINT Z (105952.179 6487167.436 137.822),Enkel bilveg,,Birkenes,,,StikkKulv
283.0,283.0,288,286,,"Kulvert ender i plastrør nedstrøms, regner med at denne kulverten er så kronglete invendig at denne blir hinder og mulig barriere for fisk. ",Nei,0,0,40.0,Tverrdalsøyveien (bekk mellom Tjønna og Staubøfjorden),Ja,"498 759,988","6 490 891,325",286.0,"Veldig liten kulvert i naturstein 50cm bred og 40 høy omtrent. Bekk helt tør, men fint gytehabitat hvis der hadde vært vann her. ",0.0,40.0,400.0,25.0,Lav,Lav,Arendal ,0.0,"498 810,979","6 490 915,801",Absolutt,Ja,Ikke VF,0,,,018.711,119594792,35143655,,,,,,,,119594792.0,FV3494 S1D1 m8640,Vann,,,,400.0,Nei,52.95,Naturstein,,Nei,POINT Z (149969.932 6506620.315 2.847),Enkel bilveg,,Arendal,Rektangulær,I skråning/terreng,StikkKulv
394.0,394.0,399,396,,"Ser ikke gjennom denne, usikker på hinder. Ser ok ut nedstrøms",Nei,0,0,20.0,Tvedestrand ,Usikker,"493 583,302","6 492 352,272",396.0,"Ser ikke utløp, gjengrodd bekk",0.0,0.0,,0.0,,0,Tvedestrand ,0.0,"493 591,979","6 492 366,463",Partiell,Usikker,018-258-R,0,,,018.7AZ,84582433,-35012359,,,Langangselva bekkefelt,,,,,84582433.0,FV422 S1D1 m3275,Vann,500.0,,,500.0,Nei,18.0,Betong,,,POINT Z (144909.977 6508533.496 30.553),Enkel bilveg,,Tvedestrand,Sirkulær,I bekk/elv,StikkKulv
606.0,816.0,,393,,,,,,,,,,,393.0,Litt kryptisk bekkeløp med tanke på kulverter. Veldig vanskelig å se innløp på grunn av vegetasjon. Lite vann oppstrøms ,5.0,0.0,,0.0,Lav,Lav,Tvedestrand ,0.0,"493 093,037","6 493 905,513",Ikke angitt,0,018-258-R,0,,,018.7AZ,84582469,36,,,Langangselva bekkefelt,,,,,84582469.0,FV422 S1D1 m1632,Vann,500.0,,,500.0,Nei,29.12350308,Betong,,Ja,POINT Z (144537.154 6510115.25 55.308),Enkel bilveg,,Tvedestrand,Sirkulær,Kum,StikkKulv
3.0,3.0,7,finner ikke,,"tror ikke dette røret er fisketransporterende, sannsynligvis bare drenering",Nei,0,0,15.0,langenesveien,Usikker,"437 693,287","6 441 373,798",,,,,,,,,,,,,Ikke hinder,Usikker,021-846-R,drensrør,,,021.23Z,86123368,1540899,,,Kristiansandsfjorden indre bekkefelt,,,,,86123368.0,FV456 S2D1 m748,Vann,500.0,,,500.0,Nei,11.56,Plast,,Nei,POINT Z (84580.231 6462650.825 7.995),Enkel bilveg,,Kristiansand,Sirkulær,I bekk/elv,StikkKulv
816.0,1207.0,SF 2026,,1207.0,"lite vannføring oppstrøms ved tørke, mye kvister som demmer opp utløpet",,,,,,,,,,,,,,,,,,,,,Partiell,C,023-94-R,bare vannføring i det ene røret v. tørke,Audna Vigeland,"ser greie ut, hvorfor partiell",023.B110,296046369,209923001,,Audnedalsveien v.Viblemo,Audna - helle til tryland bekkefelt,C,C1,130,"To rør, et betong et metall",296046369.0,FV460 S2D1 m22310,,500.0,,,500.0,,,Plast,,,POINT Z (51748.69 6482190.487 67.467),Enkel bilveg,,Lyngdal,,,StikkKulv
611.0,1002.0,SF 2026,,1002.0,"brå stigning nedstrøms, ikke mulig for fisk å vandre opp en slik skråning. Oppstrøms er det helt tørt",,,,,,,,,,,,,,,,,,,,,Absolutt,D,020-259-R,"brå stigning nedstrøms, ikke mulig for fisk å vandre opp en slik skråning. Oppstrøms er det helt tørt",Grimstad til Birkeland,er det fisk her?,020.1C,84426480,-211619889,,øst for beislandvannet,"Stigelva, bekkefelt",D,C1,90,betongrør,84426480.0,FV3596 S2D1 m7785,Vann,600.0,,,600.0,,14.0,Betong,,,POINT Z (111575.542 6487040.76 186.94),Enkel bilveg,,Grimstad,,,StikkKulv
618.0,1009.0,SF 2026,,1009.0,"Akkurat i kulverten er det litt vann men det er ganske tørt ellers, dersom det var vann er denne ok",,,,,,,,,,,,,,,,,,,,,Ikke hinder,C,019-488-R,"Akkurat i kulverten er det litt vann men det er ganske tørt ellers, dersom det var vann er denne ok",Grimstad til Birkeland,er det fisk her?,019.2D,84426633,153,,Reddal 3596 v. Rossdalen,"Reddalsåna, bekkefelt",C,C1,60,betongrør,84426633.0,FV3596 S2D1 m2195,Vann,600.0,,,600.0,,10.0,Betong,,,POINT Z (116313.875 6486858.359 75.619),Enkel bilveg,,Grimstad,,,StikkKulv
625.0,1016.0,SF 2026,,1016.0,"Denne fører nesten ikke vann. Stort hopp på 40 cm uten satsekulp gjør det ikke mulig for fisk å komme inn i kulverten, heller ikke ål. Dersom vannstanden var høyere ville sannsynligvis hoppet kun minkes og ikke forsvinne. Vandringshinder",,,,,,,,,,,,,,,,,,,,,Absolutt,D,019-592-R,"Denne fører nesten ikke vann. Stort hopp på 40 cm uten satsekulp gjør det ikke mulig for fisk å komme inn i kulverten, heller ikke ål. Dersom vannstanden var høyere ville sannsynligvis hoppet kun minkes og ikke forsvinne. Vandringshinder",Grimstad til Birkeland,sjekkes for tiltak,019.2C,84433451,6818,,Reddalsveien 3596 ved Roklev,Dalholtbekken og bekk ved Roklev,D,"C1, A1, A2, B1",60,betongrør,84433451.0,FV3596 S1D1 m5080,Vann,,600.0,600.0,600.0,,8.0,Naturstein,,,POINT Z (118743.214 6483769.982 3.037),Enkel bilveg,,Grimstad,,,StikkKulv
628.0,1019.0,SF 2026,,1019.0,"Denne bekken har god dypde på den ene siden men er ganske tørr på den andre. Der det er dypt er fisk observert og siden denne går direkte til kilen vil denne bekken være viktig for fisk. Ved høydere vannstand hadde bekken vært fin, kan vurderes å grave en dypål til sommeren men tenker at denne er ok i gytetiden. ",,,,,,,,,,,,,,,,,,,,,Absolutt,B/C,020-397-R,"Denne bekken har god dypde på den ene siden men er ganske tørr på den andre. Der det er dypt er fisk observert og siden denne går direkte til kilen vil denne bekken være viktig for fisk. Ved høydere vannstand hadde bekken vært fin, kan vurderes å grave en dypål til sommeren men tenker at denne er ok i gytetiden. ",Grimstad til Kristiansand kystveien,sjekk for tiltak,020.41,84439577,dubl,,Ørelandsbekken Høvågveien i krysset til haugevigveien,Isefjærfjorden bekkefelt,B/C,C1 ,80,naturstein,84439577.0,FV401 S1D1 m3699,,,600.0,800.0,600.0,,12.0,Naturstein,,,POINT Z (102854.812 6468541.635 1.224),Enkel bilveg,,Lillesand,,,StikkKulv
638.0,1029.0,SF 2026,,1029.0,"ikke egenet til fiskevandring og sannsynligvis ikke beregnet for det heller, disse tre ser ut som rør som benyttes for avløp eller overflødig vann eller liknede. På denne eller de neste tre passerer det ingen fisk. Bratt, 30 cm hopp for å komme inn og fører nesten ingen vann. Ingen bilder",,,,,,,,,,,,,,,,,,,,,Absolutt,D,020-356-R,"ikke egenet til fiskevandring og sannsynligvis ikke beregnet for det heller, disse tre ser ut som rør som benyttes for avløp eller overflødig vann eller liknede. På denne eller de neste tre passerer det ingen fisk. Bratt, 30 cm hopp for å komme inn og fører nesten ingen vann. Ingen bilder",,ingen foto,020.B2Z,84451095,11518,,Hobbeslandveien 3744 v. husnr. 232,Tovdalselva herefossfjorden - flakksvatn bekkefelt,D,,30,plastrør,84451095.0,FV3744 S1D1 m2268,Vann,600.0,,,600.0,,,Plast,,,POINT Z (106404.416 6486608.345 158.484),Enkel bilveg,,Birkenes,,,StikkKulv
276.0,276.0,281,finner ikke,,Jeg ser verken innløp eller utløp fra kulvert på grunn av vegetasjon. Vandring kan også være vanskelig på grunn av høyde oppstrøms. Denne bør nok ses videre på ,,0,0,0.0,Arendal ,,"493 016,173","6 487 182,614",,,,,,,,,,,,,Ikke angitt,,018-255-R,0,,,018.712,84586155,135060,,,Bekk fra Strengereidvannet,,,,,84586155.0,FV3496 S1D1 m6524,Vann,600.0,,,600.0,Nei,11.72819671,Betong,,Ja,POINT Z (143877.449 6503422.053 3.83),Enkel bilveg,,Arendal,Sirkulær,I bekk/elv,StikkKulv
650.0,1041.0,SF 2026,,1041.0,"lite vannføring, vannhastigheten vil øke betydelig ved mye vann pga rørdiameter, hvor blir det av vannet?",,,,,,,,,,,,,,,,,,,,,Absolutt,C/D,020-433-R,"lite vannføring, vannhastigheten vil øke betydelig ved mye vann pga rørdiameter, hvor blir det av vannet?",Tovdalselva,sjekk,020.A6,84732661,146506,,Birkelandsveien(R 41),Topdalselva bekkefelt,C/D,"C1,(C3)",90,betongrør,84732661.0,RV41 S3D1 m217,Vann,600.0,,,600.0,Nei,23.79,Plast,,Ja,POINT Z (101807.126 6484342.625 27.733),Enkel bilveg,"Starter med plastrør. Deretter betongrør, 600 mm.",Birkenes,Sirkulær,,StikkKulv
570.0,570.0,576,573,,Observert fisk i bekken,Nei,0,0,30.0,Ulvegjelet,Nei,"408 368,791","6 433 648,768",573.0,Burde hatt terskeler i seg,10.0,100.0,1000.0,10.0,Middels,Høy,0,0.0,"408 416,057","6 433 652,214",Ikke hinder,Nei,Ikke VF,bru,,,022.42,272319199,187586538,,,,,,,,272319199.0,FV474 S2D1 m1195-1232,,,,,1000.0,,,Betong,,,,Enkel bilveg,,Lindesnes,,Platebru (213),Bru
248.0,248.0,253,finner ikke,,"Hinder, veldig mye stigning og alt for høyt opp mot kulvert",Nei,700,0,5.0,Mandal ,Nei,"425 547,682","6 445 328,83",,,,,,,,,,,,,Ikke hinder,Nei,022-696-R,0,,,022.2B0,86106623,-186212576,,,Trondstadvatnet bekkefelt,,,,,86106623.0,FV3976 S1D1 m7267,Vann,600.0,,,600.0,,10.0,Plast,,,POINT Z (72822.93 6467693.586 127.973),Enkel bilveg,,Kristiansand,Sirkulær,I skråning/terreng,StikkKulv
694.0,1085.0,SF 2026,,1085.0,"Denne kan derimot være et partiell hinder grunnet stup, lav vannføring",,,,,,,,,,,,,,,,,,,,,Partiell,-,022-758-R,"Denne kan derimot være et partiell hinder grunnet stup, lav vannføring",Mandalsområdet_Mandalselva,sjekk fisk,022.3C,86109469,2846,,skoieveien 3973,Skagestadvatnet bekkefelt,-,,,plastrør,86109469.0,FV3973 S1D1 m1780,Vann,600.0,,,600.0,,22.0,Plast,,,POINT Z (61232.146 6460543.644 32.251),Enkel bilveg,,Lindesnes,Sirkulær,,StikkKulv
720.0,1111.0,SF 2026,,1111.0,mye kvister etc. rydding nødvendig for at gjennomløpet ikke tette,,,,,,,,,,,,,,,,,,,,,Ikke hinder,B,024-469-R,mye kvister etc. rydding nødvendig for at gjennomløpet ikke tette,Lyngdal Farsund Vanse,ok,024.32Z,86156593,47124,,Myrveien,lyngdalsfjorden bekkefelt,B,,110,betongrør,86156593.0,FV472 S1D10 m1144,Vann,1000.0,,,1000.0,Nei,15.99,Betong,,,POINT Z (31782.272 6471044.114 2.857),Enkel bilveg,,Lyngdal,Sirkulær,I bekk/elv,StikkKulv
768.0,1159.0,SF 2026,,1159.0,"hopp og tørr, ingen bilde pga gjerde foran så vi kom oss ikke til. ",,,,,,,,,,,,,,,,,,,,,Absolutt,D,024-482-R,"hopp og tørr, ingen bilde pga gjerde foran så vi kom oss ikke til. ",,ingen foto,024.44Z,295355084,209198491,,åptaveien  v. tunellen,Åptafjorden bekkefelt,D,"C1, A1, A2",60,plastrør,295355084.0,FV465 S2D1 m4102,,600.0,,,600.0,,,Plast,,,POINT Z (16045.13 6474350.739 111.73),Enkel bilveg,,Farsund,,,StikkKulv
770.0,1161.0,SF 2026,,1161.0,tre rør rett ved hverandre (2) flomrør,,,,,,,,,,,,,,,,,,,,,Ikke hinder,-,024-482-R,tre rør rett ved hverandre (2) flomrør,,ingen foto,024.44Z,295355129,45,,åptaveien  v. kjerringdalen,Åptafjorden bekkefelt,-,,100,betong,295355129.0,FV465 S2D1 m5311,,600.0,,,600.0,,,Plast,,,POINT Z (17088.981 6474933.247 84.618),Enkel bilveg,,Farsund,,,StikkKulv
772.0,1163.0,SF 2026,,1163.0,"Denne og de to over er ikke aktuelle. De er tørre og har så å si alle feilkoder vi har. Hovedbekken går langs veien, men disse tre er kunn små rør som tilsynelatende har ingen funksjon. Disse rørene ender opp i en fjellvegg",,,,,,,,,,,,,,,,,,,,,Neppe fiskeførende,-,024-482-R,"Denne og de to over (GA 1161 og 1162) er ikke aktuelle. De er tørre og har så å si alle feilkoder vi har. Hovedbekken går langs veien, men disse tre er kunn små rør som tilsynelatende har ingen funksjon. Disse rørene ender opp i en fjellvegg",,ingen foto,024.44Z,295355154,25,,,,-,,,,295355154.0,FV465 S2D1 m5667,,600.0,,,600.0,Ja,,Plast,,,POINT Z (17403.816 6475097.454 80.363),Enkel bilveg,,Farsund,,,StikkKulv
542.0,542.0,547,ok,,Stikkrenne ikke hinder. Men veldig mudrete sediment og vann nedstøms. Her kommer også den mindre plaststikkrennen ut. ,Nei,0,0,50.0,Mandal ,Nei,"412 048,064","6 431 437,51",,,,,,,,,,,,,Ikke hinder,Nei,022-801-R,0,,,022.322,1013608491,dubl,,,Mannefjorden bekkefelt,,,,,1013608491.0,FV230 S1D1 m2119,Vann,600.0,,,600.0,,43.68,Betong,,Ja,POINT Z (58405.929 6455363.846 48.54),Enkel bilveg,,Lindesnes,Sirkulær,Åpen grøft,StikkKulv
722.0,1113.0,SF 2026,,1113.0,mye kvister etc. rydding nødvendig for at gjennomløpet ikke tette,,,,,,,,,,,,,,,,,,,,,Ikke hinder,B,024-469-R,mye kvister etc. rydding nødvendig for at gjennomløpet ikke tette,Lyngdal Farsund Vanse,"ok, men det er 3 rør og ingen dypål",024.32Z,86156599,-927451892,,Myrveien,lyngdalsfjorden bekkefelt,B,,110,betongrør,86156599.0,FV472 S1D10 m1098,Vann,1000.0,,,1000.0,Nei,10.17,Betong,,,POINT Z (31810.119 6471008.549 3.243),Enkel bilveg,,Lyngdal,Sirkulær,I bekk/elv,StikkKulv
811.0,1202.0,SF 2026,,1202.0,,,,,,,,,,,,,,,,,,,,,,Neppe fiskeførende,B,024-303-R,ok,,ingen foto,024.17Z,1026127180,939970581,,Jåsundveien,Grønnsfjorden bekkefelt,B,,70,naturstein,1026127180.0,FV4078 S2D1 m2327,Vann,,600.0,600.0,600.0,Nei,9.63,Naturstein,,Ja,POINT Z (36226.244 6464896.497 37.56),Enkel bilveg,,Lyngdal,Rektangulær,I bekk/elv,StikkKulv
627.0,1018.0,SF 2026,,1018.0,"denne fører ikke vann, men dersom det gjorde det er hellingen for bratt i forhold til fjelldalselva for at fisken skal ha mulighet til å komme seg opp, derfor ikke aktuell for fiskevandring. Dersom fisk hadde klart det og det hadde vært vann er kulverten ok. ikke bilde",,,,,,,,,,,,,,,,,,,,,Neppe fiskeførende,-,020-7-R,"denne fører ikke vann, men dersom det gjorde det er hellingen for bratt i forhold til fjelldalselva for at fisken skal ha mulighet til å komme seg opp, derfor ikke aktuell for fiskevandring. Dersom fisk hadde klart det og det hadde vært vann er kulverten ok. ikke bilde",,ingen foto,020.222Z,84437972,-941689208,,Utstikker fra fjelldalselva langs bjellandsveien 30 meter sør for brua,Fjelldalselva,-,,80,naturstein,84437972.0,FV3660 S1D1 m258,Vann,,700.0,700.0,700.0,Nei,5.0,Naturstein,,Ja,POINT Z (107062.528 6472642.497 4.494),Enkel bilveg,,Lillesand,Rektangulær,I bekk/elv,StikkKulv
670.0,1061.0,SF 2026,,1061.0,"flate av betong forran innslippet sprer vannmassene, gitter forran innslipp m.~15cm mellomrom, rør ligger opphøyet i bekken og resulterer i lite vannføring v. tørke, kulverten er lang og med felling som vil øke vannhastigheten og redusere dybden ytterlig",,,,,,,,,,,,,,,,,,,,,Absolutt,D,021-746-R,"flate av betong forran innslippet sprer vannmassene, gitter forran innslipp m.~15cm mellomrom, rør ligger opphøyet i bekken og resulterer i lite vannføring v. tørke, kulverten er lang og med felling som vil øke vannhastigheten og redusere dybden ytterlig",Brennåsen til Hægeland,"Gitter , vann går under kulvert, høyt innhopp, ingen kulp",021.B6C,86103372,1665400,,Vestbygda v. hus nr. 59,Sandlandsvannet bekkefelt,D,"A1,A2,B1,C2,D",100,Betongrør,86103372.0,FV3934 S2D1 m6417,Vann,1000.0,,,1000.0,Nei,27.27,Betong,,Ja,POINT Z (72646.153 6491729.291 255.231),Enkel bilveg,,Vennesla,Sirkulær,I bekk/elv,StikkKulv
693.0,1084.0,SF 2026,,1084.0,for denne og de to som følger er det er vandringshinder ved skoieveien 173 før kulvertene som gjør det ikke mulig for fisk å vandre opp i noen av disse kulvertene (fullstendig hinder). Denne kulverten er i seg selv ikke et hinder,,,,,,,,,,,,,,,,,,,,,Ikke hinder,-,022-758-R,for denne og de to som følger er det er vandringshinder ved skoieveien 173 før kulvertene som gjør det ikke mulig for fisk å vandre opp i noen av disse kulvertene (fullstendig hinder). Denne kulverten er i seg selv ikke et hinder,Mandalsområdet_Mandalselva,ok,022.3C,86109466,dubl,,skoieveien 3973,Skagestadvatnet bekkefelt,-,,,naturstein,86109466.0,FV3973 S1D1 m1780,Vann,,700.0,500.0,700.0,,6.0,Naturstein,,,POINT Z (61232.146 6460543.644 32.251),Enkel bilveg,,Lindesnes,Rektangulær,,StikkKulv
617.0,1008.0,SF 2026,,1008.0,"Akkurat i kulverten er det litt vann men det er ganske tørt ellers, dersom det var vann er denne ok",,,,,,,,,,,,,,,,,,,,,Partiell,C,019-488-R,"Akkurat i kulverten er det litt vann men det er ganske tørt ellers, dersom det var vann er denne ok",Grimstad til Birkeland,nye kvist,019.2D,84426630,-1682836,,Reddal 3596 v. Rossdalen,"Reddalsåna, bekkefelt",C,C1,70,betongrør,84426630.0,FV3596 S2D1 m2282,Vann,800.0,,,800.0,,10.0,Betong,,,POINT Z (116243.363 6486909.983 75.973),Enkel bilveg,,Grimstad,,,StikkKulv
479.0,479.0,484,480,,"Et av betongelementene i kulverten er løsnet, og kulvert ser noe stengt ut mellom disse. Ser derfor ut som hinder ",Nei,0,0,50.0,"Jernbaneveien (sidebekk Nesevja, som renner ut i Nidelva)",Ja,"477 898,03","6 477 167,115",480.0,Vanskelig å se inngang til kulvert tydelig ,0.0,0.0,,6.0,,0,Arendal ,0.0,"477 912,896","6 477 176,692",Absolutt,Ja,019-698-R,0,,,019.B1,84430379,3749,,,Nidelva Furre - Rygene kraftverk bekkefelt,,,,,84430379.0,FV408 S1D1 m3783,,800.0,,,800.0,,30.0,Betong,,,POINT Z (127909.875 6494768.384 43.03),Enkel bilveg,,Arendal,,,StikkKulv
632.0,1023.0,SF 2026,,1023.0,noe insnevring av bekken,,,,,,,,,,,,,,,,,,,,,Ikke hinder,B,020-368-R,noe insnevring av bekken,Tovdalselva,sjekk,020.A8,84450413,20034,,urdalsvegen vei 3750,Dalebekken bekkefelt,B,,80,betongrør,84450413.0,FV3750 S1D1 m1051,,800.0,,,800.0,,,Betong,,,POINT Z (101064.549 6484579.893 45.613),Enkel bilveg,,Birkenes,,,StikkKulv
584.0,584.0,590,587,,"Litt dårlig stand lengre ned, oppstrøms er det tørt å dårlig så kulverten i seg selv er ikke et hinder men lengre opp er det.",Nei,0,0,20.0,Vasekleiva,Usikker,"399 748,697","6 438 673,613",587.0,Anlegg - bekken flyttes som følge av husbygging,20.0,95.0,950.0,18.0,Middels,Lav,Birkeland,0.0,"419 529,816","6 447 974,517",Partiell,Usikker,Ikke VF,0,,,023.A21,86332033,1881620,,,,,,,,86332033.0,FV460 S1D1 m26163,Vann,600.0,,,600.0,Nei,18.0,Betong,,,POINT Z (46461.801 6463344.695 1.891),Enkel bilveg,,Lindesnes,Sirkulær,I bekk/elv,StikkKulv
14.0,14.0,18,23,,"kuverter er vel i hovedsak bare drenering, sannsynlig hinder, lite vann  lite vannføring. sannsynligvis ikke gytebekk. ",Nei,0,0,5.0,ålefjær,Usikker,"442 662,869","6 453 134,781",23.0,"ikke gytteområde sannsynligvis, tørt ",0.0,20.0,200.0,10.0,Lav,Lav,ålefjær,0.0,"442 671,343","6 453 139,913",Ikke hinder,Usikker,ikke VF,drensrør,,,021.122Z,86133075,-198958,,,,,,,,86133075.0,FV452 S1D1 m7246,Vann,400.0,400.0,400.0,400.0,Nei,12.19,Plast,,Nei,POINT Z (90597.604 6473948.044 41.934),Enkel bilveg,,Kristiansand,Sirkulær,I bekk/elv,StikkKulv
446.0,446.0,451,447,,Denne ser tett ut oppstrøms. Ligger veldig lavt. Er mye vann på begge sider. ,Nei,0,0,100.0,Vegårshei ,Ja,"487 002,65","6 508 804,215",447.0,"Ser ikke tydelig innløp, men ser ut som om denne er tett. Er en del vann oppstrøms.",80.0,0.0,,12.0,Lav,Lav,Vegårshei ,0.0,"487 013,155","6 508 816,786",Absolutt,Ja,018-238-R,0,,,018.E,84487673,-1645402,,,Storelva - Hauglandselva bekkefelt,,,,,84487673.0,FV414 S3D1 m23071,Vann,800.0,,,800.0,Nei,10.5896152,Betong,,Ja,POINT Z (139820.823 6525533.265 204.211),Enkel bilveg,,Vegårshei,Sirkulær,I bekk/elv,StikkKulv
15.0,15.0,19,24,,"usikker på om dette er et sted fisk vandrer, avhengig av kontakt med insjø, noe usannsynlig. må ha vannføring for å være fisketransporterende.  ",Nei,5,0,0.0,ålefjær,Usikker,"442 841,723","6 453 655,066",24.0,"mulig fiskebærende, ikke hinder, men veldig tør. bra kantvegetasjon. ok ved høyere vannstand.",0.0,60.0,600.0,10.0,Lav,Lav,ålefjær ,0.0,"442 830,868","6 453 655,981",Partiell,Usikker,ikke VF,Liten bekk,,,021.121Z,86133056,1645383,,,,,,,,86133056.0,FV452 S1D1 m7823,Vann,,500.0,600.0,500.0,Nei,9.46,Naturstein,,Ja,POINT Z (90811.083 6474449.099 35.516),Enkel bilveg,,Kristiansand,Rektangulær,I bekk/elv,StikkKulv
19.0,19.0,23,29,,"Vil sannsynligvis ikke være vandringshinder ved høyere vannføring. Er litt Bakke fra bekken opp mot kulvert, men bør gå bra. Er betongrør nederst og firkantet brokonstrukskon oppstrøms. Er veldig tørt nå, men ellers fin kantvegetasjon og bunnforhold.",Ja,35,"Liten grunn kulp, vil ikke være dypere en omtrent 10 cm. ",0.0,Ålefjær,Nei,"442 576,471","6 455 045,697",29.0,"Lav vannføring nå, men denne bør være god for at fisk skal kunne passere. Er en del stigning både før og etter kulvert. Ellers bra bunnforhold i kulvert og godt forhold over",5.0,70.0,700.0,20.0,Middels,Lav,Ålefjør,0.0,"442 556,895","6 455 052,154",Ikke hinder,Nei,ikke VF,0,,,021.1210,86131654,-1402,,,,,,,,86131654.0,FV452 S1D1 m9339,Vann,,1200.0,1400.0,1200.0,Ja,19.14,Naturstein,,Ja,POINT Z (90670.631 6475872.465 13.817),Enkel bilveg,Betong rør forlenger utløp,Kristiansand,Rektangulær,I skråning/terreng,StikkKulv
484.0,484.0,489,finner ikke,,"Gjenfinnes ikke oppstrøms. Litt lite vann, og svært stillestående vann. ",Nei,0,0,20.0,Arendal ,Usikker,"475 379,021","6 477 770,164",,,,,,,,,,,,,Partiell,Usikker,019-535-R,0,,,019.B20,84586316,-1545338,,,"Mørløsvatnet - Nidelva, bekkefelt",,,,,84586316.0,FV3737 S1D1 m2681,Vann,800.0,,,800.0,Nei,17.0,Betong,,,POINT Z (125428.326 6495606.923 47.327),Enkel bilveg,,Arendal,Sirkulær,I skråning/terreng,StikkKulv
649.0,1040.0,SF 2026,,1040.0,"Bekken forbinder småtjønnn og kjøstveittjønna, bekker fører for øyeblikket ingen vann, men dersom det var vann er høydeforskjellen mellom tjønna store og stigningen ganske bratt. Egner seg av den grunn ikke til fiskevandring",,,,,,,,,,,,,,,,,,,,,Neppe fiskeførende,-,020-397-R,"Bekken forbinder småtjønnn og kjøstveittjønna, bekker fører for øyeblikket ingen vann, men dersom det var vann er høydeforskjellen mellom tjønna store og stigningen ganske bratt. Egner seg av den grunn ikke til fiskevandring",,ingen foto,020.41,84706616,dubl,,mellom småtjønn og kjøstveittjønna under hånesveien,Isefjærfjorden bekkefelt,-,C1,80,betongrør,84706616.0,FV401 S1D1 m2145,Vann,,,,800.0,,,Betong,,,POINT Z (103115.417 6469703.87 20.809),Enkel bilveg,,Lillesand,Sirkulær,,StikkKulv
653.0,1044.0,SF 2026,,1044.0,"store steinplater ved utløp, nesten ikke vann i bekken, innløp er fullt opp",,,,,,,,,,,,,,,,,,,,,Absolutt,D,022-726-R,"store steinplater ved utløp, nesten ikke vann i bekken, innløp er fullt opp",Nodeland_Øyslebø,er denne fiskeførende,022.22Z,86057257,1350641,,Brunvatnebekken v. ulshus,Trysfjorden bekkefelt,D,C1,80,naturstein,86057257.0,FV3978 S1D1 m2225,,,,,800.0,,,,,,POINT Z (66610.713 6465140.202 61.526),Enkel bilveg,,Kristiansand,,,StikkKulv
44.0,44.0,49,54,,Må utbedres. Lav kulvert rundt 220cm bred. Stengt oppstrøms av slam og kvist. Vandringsbarriere som den er nå. Ser fisk nedstrøms. ,Nei,0,0,40.0,Birkenesvegen (sidebekk Sogndalselva),Ja,"432 087,062","6 444 908,648",54.0,"Ser ikke innløp, men ser 2 steder vann forsvinner inn. Innløp tett, av kvist og slam. Mye kvist og greiner. Ikke mulig å vandre gjennom oppstrøms. ",5.0,0.0,,12.0,Middels,Middels,Brenåsveien,0.0,"432 065,311","6 444 898,149",Absolutt,Ja,022-687-R,0,,,022.1B50,86101724,44467,,,Songdalselva - Samløp Sogna og Gumpedalselva til Brennåsen,,,,,86101724.0,FV3952 S1D1 m476,Vann,800.0,,,800.0,,23.0,Betong,,,POINT Z (79289.864 6466675.263 15.62),Enkel bilveg,,Kristiansand,Sirkulær,Kum,StikkKulv
263.0,263.0,268,finner ikke,,Bare drenering ,,0,0,0.0,0,Usikker,"427 346,516","6 438 293,305",,,,,,,,,,,,,Partiell,Usikker,022-783-R,0,,,022.221,86108818,7094,,,Torvefjorden bekkefelt,,,,,86108818.0,FV3972 S3D1 m6489,Vann,800.0,,,800.0,,10.0,Stål,,,POINT Z (73983.499 6460497.57 4.927),Enkel bilveg,,Kristiansand,Sirkulær,Kum,StikkKulv
716.0,1107.0,SF 2026,,1107.0,,,,,,,,,,,,,,,,,,,,,,,,024-515-R,,,ingen foto,024.2B,86153926,45108,,Teis lundegaards vei,Austadbekken,,,,,86153926.0,FV4080 S1D1 m9319,Vann,800.0,,,800.0,,11.0,Betong,,,POINT Z (31415.082 6466018.453 30.987),Enkel bilveg,,Lyngdal,Sirkulær,Kum,StikkKulv
717.0,1108.0,SF 2026,,1108.0,,,,,,,,,,,,,,,,,,,,,,,,024-515-R,,,ingen foto,024.2B,86153929,3,,Teis lundegaards vei,Austadbekken,,,,,86153929.0,FV4080 S1D1 m9318,Vann,800.0,,,800.0,,11.0,Betong,,,POINT Z (31414.582 6466017.587 31.065),Enkel bilveg,,Lyngdal,Sirkulær,Kum,StikkKulv
729.0,1120.0,SF 2026,,1120.0,"Bekken går tørr, vannet renner av i sand/grus masser før kulverten",,,,,,,,,,,,,,,,,,,,,Absolutt,D,024-482-R,"Bekken går tørr, vannet renner av i sand/grus masser før kulverten",,ingen foto,024.44Z,86163012,9083,,Kjørkleivveien,Åptafjorden bekkefelt,D,C1,80,naturstein,86163012.0,FV4104 S1D1 m16052,Vann,,800.0,800.0,800.0,,6.7,Naturstein,,,POINT Z (15493.117 6481106.341 176.331),Enkel bilveg,,Farsund,Rektangulær,I skråning/terreng,StikkKulv
724.0,1115.0,SF 2026,,1115.0,hinder rett oppstrøms,,,,,,,,,,,,,,,,,,,,,Ikke hinder,B,024-458-R,hinder rett oppstrøms,Lyngdal Farsund Vanse,bekk oppstrøms må sjekkes,024.15Z,86160038,-2974,,Eierslandveien (nr.4066),lenefjorden bekkefelt,B,,100,naturstein,86160038.0,FV4066 S1D1 m1938,Vann,,1000.0,1500.0,1000.0,Nei,5.0,Naturstein,,,POINT Z (38801.538 6468983.24 79.278),Enkel bilveg,,Lyngdal,Rektangulær,I bekk/elv,StikkKulv
731.0,1122.0,SF 2026,,1122.0,"Gjengrodd, ingen dokumentasjon mulig",,,,,,,,,,,,,,,,,,,,,Neppe fiskeførende,-,024-175-R,"Gjengrodd, ingen dokumentasjon mulig",,ingen foto,024.62Z,86163265,3227,,Kjørkleivveien,Fremvaren bekkefelt,-,-,-,-,86163265.0,FV4104 S1D1 m11504,Vann,,800.0,1300.0,800.0,,13.36,Naturstein,,,POINT Z (14422.557 6477429.054 21.461),Enkel bilveg,,Farsund,Rektangulær,I bekk/elv,StikkKulv
725.0,1116.0,SF 2026,,1116.0,"delvis nedgravd, liten terskel nedstrøms men ikke et hinder med litt vannføring",,,,,,,,,,,,,,,,,,,,,Ikke hinder,B,024-533-R,"delvis nedgravd, liten terskel nedstrøms men ikke et hinder med litt vannføring",Lyngdal Farsund Vanse,ok,024.7C,86162498,-767,,Søndre vei v. rødlandsveien,Fidjan-Løgan- nesheimvatnet bekkefelt,B,,120,betongrør,86162498.0,FV470 S1D1 m7023,Vann,1100.0,,,1100.0,,20.0,Betong,,,POINT Z (11497.636 6468126.438 7.182),Enkel bilveg,,Farsund,Sirkulær,I bekk/elv,StikkKulv
727.0,1118.0,SF 2026,,1118.0,,,,,,,,,,,,,,,,,,,,,,Ikke hinder,B,024-482-R,,Lyngdal Farsund Vanse,ok,024.44Z,86162916,418,,Kjørkleivveien,Åptafjorden bekkefelt,B,,110,betongrør,86162916.0,FV4104 S1D1 m17584,Vann,1000.0,,,1000.0,,7.0,Betong,,,POINT Z (16473.531 6481627.334 113.23),Enkel bilveg,,Farsund,Sirkulær,Kum,StikkKulv
751.0,1142.0,SF 2026,,1142.0,uforsvarlig å kontrollere,,,,,,,,,,,,,,,,,,,,,,,020-433-R,uforsvarlig å kontrollere,,ingen foto,020.A6,86226577,63661,,toppdalsveien,Vesbekken ved toppdalselva,,,,,86226577.0,RV41 S1D1 m3456,Vann,800.0,,,800.0,Nei,57.49,Betong,,Ja,POINT Z (94270.603 6471551.5 9.437),Enkel bilveg,Renna går i en bue.,Kristiansand,Sirkulær,Åpen grøft,StikkKulv
728.0,1119.0,SF 2026,,1119.0,"delvis nedgravd m. naturlig substrat i bunnen, fisk observert ved bruk",,,,,,,,,,,,,,,,,,,,,Ikke hinder,B,024-482-R,"delvis nedgravd m. naturlig substrat i bunnen, fisk observert ved bruk",Lyngdal Farsund Vanse,ok,024.44Z,86162935,-63642,,Kjørkleivveien,Åptafjorden bekkefelt,B,,110,betongrør,86162935.0,FV4104 S1D1 m17308,Vann,1000.0,,,1000.0,,8.0,Betong,,,POINT Z (16326.582 6481399.284 109.029),Enkel bilveg,,Farsund,Sirkulær,I bekk/elv,StikkKulv
730.0,1121.0,SF 2026,,1121.0,"Vandringshinder rett oppstrøms Sprangreitjødn (86163012) ved lav (?) vannstand, store fisk observerte",,,,,,,,,,,,,,,,,,,,,Partiell,C,024-482-R,"Vandringshinder rett oppstrøms Sprangreitjødn (86163012) ved lav (?) vannstand, store fisk observerte",Lyngdal Farsund Vanse,sjekk om tiltak er nødvendig,024.44Z,86163025,90,,Kjørkleivveien,Åptafjorden bekkefelt,C,C1,80,natursein,86163025.0,FV4104 S1D1 m15719,Vann,,800.0,800.0,800.0,,6.0,Naturstein,,,POINT Z (15200.352 6480994.982 189.485),Enkel bilveg,,Farsund,Rektangulær,I bekk/elv,StikkKulv
671.0,1062.0,SF 2026,,1062.0,"ligger litt høyt i bekken derav lite vanngjennomløp, hopp for å nå utløpet ~20",,,,,,,,,,,,,,,,,,,,,Absolutt,D,021-746-R,"ligger litt høyt i bekken derav lite vanngjennomløp, hopp for å nå utløpet ~20",Brennåsen til Hægeland,løft bekk,021.B6C,86103375,-59650,,Vestbygda v. hus nr. 64,Sandlandsvannet bekkefelt,D,"A1,A2,B1,C",100,Betongrør,86103375.0,FV3934 S2D1 m6269,Vann,1000.0,,,1000.0,Nei,12.83,Betong,,Ja,POINT Z (72633.339 6491581.784 255.445),Enkel bilveg,,Vennesla,Sirkulær,I bekk/elv,StikkKulv
804.0,1195.0,SF 2026,,1195.0,"Avhenger litt av vannføring, generell stygg kulvert men fungere dersom det er nok vann. Røret ligger egentlig litt for høy i bekken og hadde fungert bedre dersom den lå lengre nede. ",,,,,,,,,,,,,,,,,,,,,Ikke hinder,B/C,019-510-R,"Lav vannføring, men god plasering av kulvert, mangler naturlig substrat. Kan også ha med høyvann og lavvann å gjøre ettersom denne ligger i saltvann. Ser ingen problemer for fiskeføring dersom den generelle vanst\anden ikkke var lav. Ok dypde i bekken oppstrøms, vanskelig å se kulverten oppstrøms pga vegetsjon derfor kun bilde nedstrøms",Grimstad til Kristiansand kystveien,ok,019.2161Z,1019486375,933383000,,Hesnesveien husnr. 41,Vikkilen bekkefelt,B/C,C1,100,betongrør,1019486375.0,FV3620 S1D1 m752,Vann,800.0,1100.0,1000.0,800.0,Nei,5.0,Naturstein,,Ja,POINT Z (127148.132 6486770.732 1.659),Enkel bilveg,,Grimstad,Rektangulær,I bekk/elv,StikkKulv
810.0,1201.0,SF 2026,,1201.0,"to rør hvorav ett flomrør, mulig med noen terskler innad for å heve vannstanden, fisk observert opp og nedstrøms, lav vannstand akkurat nå",,,,,,,,,,,,,,,,,,,,,Ikke hinder,,024-303-R,,,ingen foto,024.17Z,1026127112,6640737,,Jåsundveien,Grønnsfjorden bekkefelt,,,,,1026127112.0,FV4078 S2D1 m4742,Vann,800.0,800.0,800.0,800.0,Nei,7.58,Betong,,Ja,POINT Z (34960.748 6465950.753 54.588),Enkel bilveg,,Lyngdal,Sirkulær,I skråning/terreng,StikkKulv
760.0,1151.0,SF 2026,,1151.0,"en del steiner i kulverten og oppstrøms, litt lav vannstand, kan være nyttig med dypål her",,,,,,,,,,,,,,,,,,,,,Partiell,C,023-168-R,"en del steiner i kulverten og oppstrøms, litt lav vannstand, kan være nyttig med dypål her",Audna Vigeland,Kan være grei denne. Sjekk på nytt,023.A121Z,86331988,-939795124,,Audnedalsveien 460 ved regevika,Audna- Spilling til melhusfossen bekkefelt,C,"C1,  ",170,Naturstein,86331988.0,FV460 S2D1 m6091,Vann,850.0,500.0,1000.0,850.0,Nei,25.0,Naturstein,"Vegetasjonstetting, innløp",,POINT Z (50263.501 6468332.612 16.111),Enkel bilveg,,Lindesnes,Rektangulær,,StikkKulv
710.0,1101.0,SF 2026,,1101.0,"Lite vannføring, hopp ut av kulverten oppstøms (~20cm)",,,,,,,,,,,,,,,,,,,,,Partiell,C,020-433-R,"Lite vannføring, hopp ut av kulverten oppstøms (~20cm)",Tovdalselva,løft bekk,020.A6,86131054,-200934,,Dønnestadsveien v.nr. 3910,Topdalselva bekkefelt,C,,120,firkantet betongrør,86131054.0,FV3910 S1D1 m4254,Vann,,900.0,1400.0,900.0,,32.0,Betong,,,POINT Z (97277.737 6475534.891 6.005),Enkel bilveg,,Kristiansand,Rektangulær,,StikkKulv
732.0,1123.0,SF 2026,,1123.0,Mye vegetasjon nedstrøms gjør bedømning vanskelig,,,,,,,,,,,,,,,,,,,,,Ikke hinder,B,025-1-R,Mye vegetasjon nedstrøms gjør bedømning vanskelig,Lyngdal Farsund Vanse,ok,025.2Z,86163478,32424,,Kjørkleivveien,"Fedafjorden, bekkefylt fra aust.",B,,80,plastrør,86163478.0,FV4104 S1D1 m7546,Vann,800.0,,,800.0,,11.0,Plast,,,POINT Z (10960.095 6477857.746 96.935),Enkel bilveg,,Farsund,Sirkulær,I bekk/elv,StikkKulv
741.0,1132.0,SF 2026,,1132.0,"anlegsområde og skoghost i området, ser litt skittet ut men skal ikke være noe hinder",,,,,,,,,,,,,,,,,,,,,Ikke hinder,B,022-886-R,"anlegsområde og skoghost i området, ser litt skittet ut men skal ikke være noe hinder",,ingen foto,022.4B,86180143,16665,,Gjervoldstadveien 3996 v. ommundsvatnet,Sjølingstadbekken bekkefelt,B,,120,betongrør,86180143.0,FV4002 S1D1 m6467,Vann,900.0,,,900.0,,10.0,Betong,,,POINT Z (54432.165 6462368.332 132.926),Enkel bilveg,,Lindesnes,Sirkulær,I bekk/elv,StikkKulv
743.0,1134.0,SF 2026,,1134.0,ikke prioritert med vi kjørte over og ville ha den med. Ser ok ut. Veldig liten bekk ,,,,,,,,,,,,,,,,,,,,,Ikke hinder,B,023-137-R,ikke prioritert med vi kjørte over og ville ha den med. Ser ok ut. Veldig liten bekk ,Audna Vigeland,ikke hinder,023.A21,86189657,9514,,"Vallemoen 4058, liten bekk ved husnr 151",Melhusfossen til kittelbekken bekkefelt,B,,80,betongrør,86189657.0,FV4058 S1D1 m1564,Vann,,900.0,1000.0,900.0,,5.89,Naturstein,,,POINT Z (47899.855 6465421.274 3.833),Enkel bilveg,,Lindesnes,Rektangulær,Kum,StikkKulv
755.0,1146.0,SF 2026,,1146.0,"ok, generell litt lite vannstrøm i bekken",,,,,,,,,,,,,,,,,,,,,Ikke hinder,B,023-94-R,"ok, generell litt lite vannstrøm i bekken",Audna Vigeland,ikke hinder,023.B110,86331876,142219,,Audnedalsveien ved trylandsmo,Audna - helle til tryland bekkefelt,B,,140,firkant naturstein,86331876.0,FV460 S2D1 m18428,Vann,,900.0,1200.0,900.0,,9.0,Naturstein,,,POINT Z (50625.453 6478863.253 35.785),Enkel bilveg,,Lindesnes,Rektangulær,,StikkKulv
757.0,1148.0,SF 2026,,1148.0,ingen vannføring i bekken ved befring,,,,,,,,,,,,,,,,,,,,,Neppe fiskeførende,-,023-131-R,ingen vannføring i bekken ved befring,Audna Vigeland,Helt tørr????,023.A22,86331895,19,,Audnedalsveien v. Vigemostad,Audna-Tryland til Spilling bekkefelt,-,C1,100,Naturstein,86331895.0,FV460 S2D1 m16790,Vann,,900.0,1100.0,900.0,,7.0,Naturstein,,,POINT Z (50344.142 6477376.248 32.738),Enkel bilveg,,Lindesnes,Rektangulær,,StikkKulv
759.0,1150.0,SF 2026,,1150.0,"en liten terskel ved utløpet, som muligens ikke er et hinder ved høyere vannstand",,,,,,,,,,,,,,,,,,,,,Partiell,C,023-131-R,"en liten terskel ved utløpet, som muligens ikke er et hinder ved høyere vannstand",Audna Vigeland,Bekken bør løftes for å fjerne terskel i utløpet. Evt trengs det kulp,023.A22,86331920,25,,Audnedalsveien v.Jogglebekken,Audna-Tryland til Spilling bekkefelt,C,"A1,A2,A3,B1,C1",140,Naturstein,86331920.0,FV460 S2D1 m13348,Vann,,900.0,1700.0,900.0,,9.0,Naturstein,,,POINT Z (51299.426 6474374.668 30.897),Enkel bilveg,,Lindesnes,Rektangulær,,StikkKulv
815.0,1206.0,SF 2026,,1206.0,god vannstrøm,,,,,,,,,,,,,,,,,,,,,Partiell,C,023-94-R,"lite vannføring oppstrøms ved tørke, mye kvister som demmer opp utløpet",Audna Vigeland,usikker- konsekvens,023.B110,296046353,209714433,,Audnedalsveien v. Gislefoss,Audna - helle til tryland bekkefelt,C,C1,100,Betongrør,296046353.0,FV460 S2D1 m21875,,900.0,,,900.0,,,Betong,,,POINT Z (51574.043 6481821.214 66.145),Enkel bilveg,,Lyngdal,,,StikkKulv
612.0,1003.0,SF 2026,,1003.0,"OK, god vannføring på tross for at det pumpes ut vann til landbruk",,,,,,,,,,,,,,,,,,,,,Ikke hinder,B,020-259-R,"OK, god vannføring på tross for at det pumpes ut vann til landbruk",Grimstad til Birkeland,ok,020.1C,84426486,dubl,,nord-øst for beislandvannet,"Stigelva, bekkefelt",B,,160,betongrør,84426486.0,FV3596 S2D1 m8353,Vann,1000.0,,,1000.0,,9.0,Betong,,,POINT Z (111467.834 6487529.464 182.31),Enkel bilveg,,Grimstad,,,StikkKulv
613.0,1004.0,SF 2026,,1004.0,"Litt lite vannføring, men dyp nok for fiskevandring, blir bedre på høsten",,,,,,,,,,,,,,,,,,,,,Ikke hinder,B,019-488-R,"Litt lite vannføring, men dyp nok for fiskevandring, blir bedre på høsten",Grimstad til Birkeland,ok,019.2D,84426570,dubl,,nygrenda v. Stømne,"Reddalsåna, bekkefelt",B,,120,dobbel betongrør,84426570.0,FV3596 S2D1 m4434,Vann,1000.0,,,1000.0,,16.0,Betong,,,POINT Z (114521.409 6486302.77 185.698),Enkel bilveg,,Grimstad,,,StikkKulv
619.0,1010.0,SF 2026,,1010.0,"høyt stup nedstrøms kombinert med steiner foran inngangen gjør det ikke mulig for fisk å ta sats, også ved høyere vannstand, kun bilde nedstrøms, mye rot i form av greiner blokkerer inngangen, dersom denne hadde blitt demnet opp ville ikke fisken tjent mye habitat, ville ikke prioritert denne",,,,,,,,,,,,,,,,,,,,,Absolutt,D,020-267-R,"høyt stup nedstrøms kombinert med steiner foran inngangen gjør det ikke mulig for fisk å ta sats, også ved høyere vannstand, kun bilde nedstrøms, mye rot i form av greiner blokkerer inngangen, dersom denne hadde blitt demnet opp ville ikke fisken tjent mye habitat, ville ikke prioritert denne",Grimstad til Kristiansand kystveien,er det fisk her?,020.110,84428091,1521,,gamleveien 3678 på helldal v. husnr. 170,Kaldvellfjorden bekkefelt,D,"C1, A1, A2, B1",100,betongrør,84428091.0,FV3678 S1D1 m220,Vann,1000.0,,,1000.0,Nei,10.0,Betong,,Ja,POINT Z (113740.244 6477705.779 5.762),Enkel bilveg,,Lillesand,Sirkulær,I bekk/elv,StikkKulv
622.0,1013.0,SF 2026,,1013.0,"samme bekk som de to over som er helt tørr enkelte steder, men dersom det hadde vært bedre vannføring kan det noen av problemene løses. Ingen statsekulp, lite hopp på 20cm og ingen naturlig substrat i kulverten",,,,,,,,,,,,,,,,,,,,,Partiell,C,019-493-R,"samme bekk som de to over som er helt tørr enkelte steder, men dersom det hadde vært bedre vannføring kan det noen av problemene løses. Ingen statsekulp, lite hopp på 20cm og ingen naturlig substrat i kulverten",Grimstad til Kristiansand kystveien,sjekkes for tiltak,019.A23Z,84431268,3177,,lia ved husnr. 41,"Temse, bekkefelt",C,"A1, A2, A3, B1, C1",100,betongrør,84431268.0,FV3634 S1D1 m170,,1000.0,,,1000.0,,6.0,Betong,,,POINT Z (128906.599 6489113.164 19.606),Enkel bilveg,,Grimstad,,,StikkKulv
624.0,1015.0,SF 2026,,1015.0,"ikke vann der nå, helt sommertørr, men ser på substratet at det vanligvis er vann her, kan tenktes at det oppstår et lite hopp på 10-15cm ellers ok ",,,,,,,,,,,,,,,,,,,,,Partiell,C,020-280-R,"ikke vann der nå, helt sommertørr, men ser på substratet at det vanligvis er vann her, kan tenktes at det oppstår et lite hopp på 10-15cm ellers ok ",Grimstad Kristiansand,"tørt, løft bekk",020.32,84431878,dubl,,Skottevigveien v. hellekilen,"Bliksfjorden - Røynevardsfjorden, bekkefelt",C,"C1, A2",120,betongrør,84431878.0,FV3644 S1D1 m3399,Vann,1000.0,,,1000.0,Nei,4.0,Betong,,Ja,POINT Z (102069.087 6464358.342 7.753),Enkel bilveg,,Lillesand,Sirkulær,I bekk/elv,StikkKulv
566.0,566.0,571,569,,Kulvert ser ikke ut som vandringshinder. Lav vannføring når denne ble undersøkt. Derfor tåkete og stillestående vann. ,Nei,0,0,60.0,Tvedestrand ,Nei,"491 271,603","6 498 594,886",569.0,"to rør, noe stein og kvist i forkant, kult 1 m før rør",0.0,0.0,,12.0,Lav,Lav,0,0.0,"491 265,242","6 498 604,814",Ikke hinder,Nei,018-270-R,0,,,018.C12,84453704,21826,,,Storelva Ubergsvann - Songevann bekkefelt,,,,,84453704.0,FV3718 S2D1 m10814,Vann,1000.0,,,1000.0,Nei,,Betong,,,POINT Z (143152.336 6514965.269 38.45),Enkel bilveg,,Tvedestrand,Sirkulær,Kum,StikkKulv
125.0,125.0,130,133,,"Sannsynligvis hinder, mulig barriere. Bør ses på. Litt høyde mot kulverter. 3 rør totalt. 2 som kanskje kan vandres. Usikker på hinder, siden jeg ikke ser igjennom rørene. Vann går ikke 100% gjennom kulvert. Noe lekkasje. Derfor mulig hinder. ",Nei,30,0,50.0,Songeveien ,Ja,"499 961,15","6 505 882,267",133.0,"masse kvist og avfall fra greiene over kulvert.... elva renner godt, klart hinder klare ikke se kulvert",15.0,0.0,,0.0,Middels,Middels,Risør,0.0,"499 946,061","6 505 901,631",Absolutt,Ja,018-205-R,0,,,018.32Z,84453727,23,,,"Songebekken, inkl. bekkefelt",,,,,84453727.0,FV3442 S2D1 m617,Vann,1000.0,,,1000.0,Nei,12.0,Betong,,,POINT Z (152474.461 6521461.039 28.177),Enkel bilveg,,Tvedestrand,Sirkulær,,StikkKulv
652.0,1043.0,SF 2026,,1043.0,"Denne var litt vanskelig å bedømme ettersom utløpet innløpet ikke var tilgjengelig for observasjon. Røret starter i vallesverdfjorden går under fjellet. Røret hadde god vanndypde, men røret er lang og vanskelig å se om den munner ut i bekken på andre siden av fv420 eller som den går skrått opp slik som det står i veikart. Hvis dette røret går gjennom fjellet er dette delvis nedgraved røret et genialt tiltak for å forbinde fjorden og en potesiell gytebekk derav bedømmelse B, men kan også være et hinder om ikke røret ligger rett. Røret er det opp for å først gå under lauvigveien, derav tre bilder ",,,,,,,,,,,,,,,,,,,,,Ikke hinder,B?,020-407-R,"Denne var litt vanskelig å bedømme ettersom utløpet innløpet ikke var tilgjengelig for observasjon. Røret starter i vallesverdfjorden går under fjellet. Røret hadde god vanndypde, men røret er lang og vanskelig å se om den munner ut i bekken på andre siden av fv420 eller som den går skrått opp slik som det står i veikart. Hvis dette røret går gjennom fjellet er dette delvis nedgraved røret et genialt tiltak for å forbinde fjorden og en potesiell gytebekk derav bedømmelse B, men kan også være et hinder om ikke røret ligger rett. Røret er det opp for å først gå under lauvigveien, derav tre bilder ",Grimstad til Kristiansand kystveien,må sjekkes,020.3110,84798417,344690,,lauvigveien til elva som passerer sagvollen,"Steindalsfjorden, bekkefelt",B?,C3?,100,betongrør,84798417.0,FV420 S12D1 m87,Vann,1000.0,,,1000.0,Nei,28.0,Betong,,Ja,POINT Z (103806.932 6471680.602 9.477),Enkel bilveg,,Lillesand,Sirkulær,I bekk/elv,StikkKulv
663.0,1054.0,SF 2026,,1054.0,"stillestående, god vannmengde",,,,,,,,,,,,,,,,,,,,,Ikke hinder,B,022-767-R,"stillestående, god vannmengde",Mandalsområdet_Mandalselva,ok,022.321,86102179,dubl,,tregdeveien 4228,Harkmark bekkefelt bekk til osnesvatnet,B,,100,betongrør,86102179.0,FV4228 S1D1 m8544,Vann,1000.0,,,1000.0,,12.0,Betong,,,POINT Z (64543.968 6456347.988 1.768),Enkel bilveg,,Lindesnes,Sirkulær,I bekk/elv,StikkKulv
666.0,1057.0,SF 2026,,1057.0,"steinflate foran utløpet, oppstrøms steinete foss",,,,,,,,,,,,,,,,,,,,,Absolutt,C (D for ørret),022-786-R,"steinflate foran utløpet, oppstrøms steinete foss",Mandalsområdet_Mandalselva,sjekk for fisk,022.322,86102356,177,,tregdeveien 4228,Buøysund indre bekkefelt,C (D for ørret),,80-100,firkant naturstein,86102356.0,FV4228 S1D1 m2032,Vann,,1000.0,1000.0,1000.0,,9.0,Naturstein,,,POINT Z (59970.531 6454136.105 3.392),Enkel bilveg,,Lindesnes,Rektangulær,,StikkKulv
668.0,1059.0,SF 2026,,1059.0,"God vannføring, ingen hinder. Liten innsnevring i bekken som dytter vannet langs veien",,,,,,,,,,,,,,,,,,,,,Ikke hinder,B,022-789-R,"God vannføring, ingen hinder. Liten innsnevring i bekken som dytter vannet langs veien",Mandalsområdet_Mandalselva,ok,022.32A,86103239,dubl,,tregdeveien,Mannefjorden bekkefelt,B,,2 x 110,2 halvrør i hardplast,86103239.0,FV230 S1D1 m943,Vann,1000.0,,,1000.0,,8.0,Stål,,,POINT Z (58366.779 6456464.771 24.806),Enkel bilveg,,Lindesnes,Sirkulær,I bekk/elv,StikkKulv
672.0,1063.0,SF 2026,,1063.0,"ligger for høyt i bekken, for lite gjennomløp, bekken selv er heller ikke dyp nok",,,,,,,,,,,,,,,,,,,,,Absolutt,D,021-746-R,"ligger for høyt i bekken, for lite gjennomløp, bekken selv er heller ikke dyp nok",Brennåsen til Hægeland,høyt hopp,021.B6C,86103381,142,,Vestbygde husnr. 68,Sandlandsvannet bekkefelt,D,A1 A2 A3 B1 C,100,betongrør,86103381.0,FV3934 S2D1 m6162,Vann,1000.0,,,1000.0,,11.57,Betong,,,POINT Z (72678.303 6491490.562 255.843),Enkel bilveg,Egen geometri målt på topp av stikk,Vennesla,Sirkulær,I bekk/elv,StikkKulv
673.0,1064.0,SF 2026,,1064.0,mulig noe lav vannstand,,,,,,,,,,,,,,,,,,,,,Ikke hinder,B,022-674-R,mulig noe lav vannstand,Brennåsen til Hægeland,ikke hinder,022.1C30,86103618,237,,Hønemyrvegen ved husnr 591,Songdalselva bekkefelt,B,,100,Betongrør + lite flomrør,86103618.0,FV3934 S1D1 m5983,Vann,1000.0,,,1000.0,,13.69,Betong,,,POINT Z (70252.497 6486431.362 289.217),Enkel bilveg,,Kristiansand,Sirkulær,I bekk/elv,StikkKulv
674.0,1065.0,SF 2026,,1065.0,"liten hopp 10cm ved inngang, kanskje ikke noe problem ved høyere vannstand, rot ved inngangen",,,,,,,,,,,,,,,,,,,,,Partiell,C,022-674-R,"liten hopp 10cm ved inngang, kanskje ikke noe problem ved høyere vannstand, rot ved inngangen",Brennåsen til Hægeland,"flere rør, kamskje OK",022.1C30,86103648,30,,Hønemyrvegen ved husnr 483,Songdalselva bekkefelt,C,A1,100,Betongrør + lite flomrør,86103648.0,FV3934 S1D1 m4890,Vann,1000.0,,,1000.0,,12.14,Betong,,,POINT Z (70823.666 6485611.948 248.802),Enkel bilveg,,Kristiansand,Sirkulær,I bekk/elv,StikkKulv
675.0,1066.0,SF 2026,,1066.0,"Bratt hellning på kulverten, bratt stigning oppstrøms, ikke egnet til fiskevandring",,,,,,,,,,,,,,,,,,,,,Absolutt,D,022-879-R,"Bratt hellning på kulverten, bratt stigning oppstrøms, ikke egnet til fiskevandring",Brennåsen til Hægeland,er det fisk her?,022.AC5,86103833,185,,Hønemyrvegen ved husnr 14c (fv102),Meåna,D,,120,firkant naturstein,86103833.0,FV3934 S1D1 m145,Vann,,700.0,1000.0,700.0,,9.0,Naturstein,,,POINT Z (70027.215 6482304.218 195.58),Enkel bilveg,,Kristiansand,Rektangulær,I bekk/elv,StikkKulv
676.0,1067.0,SF 2026,,1067.0,"betongplate lagt over bekkeløpet, store høydeforskjeller oppstrøms og nedstøms utgjør absolutte hinder for fiskevandring",,,,,,,,,,,,,,,,,,,,,Absolutt,-,021-1504-R,"betongplate lagt over bekkeløpet, store høydeforskjeller oppstrøms og nedstøms utgjør absolutte hinder for fiskevandring",Brennåsen til Hægeland,må sjekeks,021.A6B,86104177,344,,Tjomsåsveien,Røykneselva bekkefelt,-,-,260,Naturstein,86104177.0,FV3942 S1D1 m653,Vann,,1400.0,1500.0,1400.0,,6.0,Naturstein,,,POINT Z (78984.631 6487851.802 220.314),Enkel bilveg,,Vennesla,Rektangulær,I bekk/elv,StikkKulv
685.0,1076.0,SF 2026,,1076.0,Store fisk observert opp- og nedstrøms,,,,,,,,,,,,,,,,,,,,,Ikke hinder,B,022-827-R,Store fisk observert opp- og nedstrøms,Brennåsen til Hægeland,fisk,022.1B5B,86107146,2969,, Lolandsvegen v. hus nr. 3,Homselva - Fidjeåna - Stokkåns,B,,120,Plastrør 2x,86107146.0,FV3783 S1D1 m143,Vann,,1000.0,1100.0,1000.0,,5.0,Naturstein,,,POINT Z (80953.19 6482816.254 178.094),Enkel bilveg,,Vennesla,Rektangulær,I bekk/elv,StikkKulv
678.0,1069.0,SF 2026,,1069.0,"lite hopp nedstrøm, veldig langt plastrør kan evt påvirke hastigheten ved høy vannføring, litt lav vannstand",,,,,,,,,,,,,,,,,,,,,Partiell,C,022-872-R,"lite hopp nedstrøm, veldig langt plastrør kan evt påvirke hastigheten ved høy vannføring, litt lav vannstand",Nodeland_Øyslebø,sprang,022.AA1B,86105572,dubl,,Eiksåveien husnr. 370,Eidsåna ,C,"C1, A1, A2",120,plastrør,86105572.0,FV3976 S2D1 m6223,Vann,1000.0,,,1000.0,,14.0,Plast,,,POINT Z (67034.17 6470851.784 147.015),Enkel bilveg,,Lindesnes,Sirkulær,Åpen grøft,StikkKulv
680.0,1071.0,SF 2026,,1071.0,"Hinder oppstrøms så ikke veldig vits å fikse denne selv om det er mye som ikke stemmer, se bilde.",,,,,,,,,,,,,,,,,,,,,Absolutt,D,022-696-R,"Hinder oppstrøms så ikke veldig vits å fikse denne selv om det er mye som ikke stemmer, se bilde.",Nodeland_Øyslebø,høyt innhopp,022.2B0,86105734,dubl,,Eiksåsveien v. røyrvatnet,Trondstadvatnet bekkefelt,D,"A1, A2, C1",100,plastrør,86105734.0,FV3976 S2D1 m2181,Vann,1000.0,,,1000.0,,14.0,Plast,,,POINT Z (70591.268 6470521.33 171.869),Enkel bilveg,,Lindesnes,Sirkulær,I bekk/elv,StikkKulv
681.0,1072.0,SF 2026,,1072.0,"byttet fra betong oppstrøms til plast nedstrøms, vanskelig å si noe om hvordan det ser inni, men dette var en spesiell løsning. Den er ganske lang også dersom den krysset et veikryss. Lite vannføring i både kulvert og bekk, lite terskel nedstrøms på 10cm",,,,,,,,,,,,,,,,,,,,,Partiell,C,022-696-R,"byttet fra betong oppstrøms til plast nedstrøms, vanskelig å si noe om hvordan det ser inni, men dette var en spesiell løsning. Den er ganske lang også dersom den krysset et veikryss. Lite vannføring i både kulvert og bekk, lite terskel nedstrøms på 10cm",Nodeland_Øyslebø,sjekk,022.2B0,86106569,dubl,,Repstadveien v. myran,Trondstadvatnet bekkefelt,C,"A1, A2, C1, B1",100,betongrør,86106569.0,FV3976 S1D1 m8342,Vann,1000.0,,,1000.0,,23.0,Betong,,,POINT Z (72597.799 6468483.458 144.523),Enkel bilveg,,Kristiansand,Sirkulær,I bekk/elv,StikkKulv
682.0,1073.0,SF 2026,,1073.0,god vannføring og mengde i kulverten. Lite flomrør også,,,,,,,,,,,,,,,,,,,,,Ikke hinder,B,022-696-R,god vannføring og mengde i kulverten. Lite flomrør også,Nodeland_Øyslebø,3 bilder,022.2B0,86106641,dubl,,,Trondstadvatnet bekkefelt,B,,100,plastrør,86106641.0,FV3976 S1D1 m7080,Vann,1000.0,,,1000.0,,7.0,Plast,,,POINT Z (72997.025 6467701.8 112.138),Enkel bilveg,,Kristiansand,Sirkulær,I bekk/elv,StikkKulv
683.0,1074.0,SF 2026,,1074.0,"lav vannføring på tross for 20cm på begge siden, mulig oppdemning hadde økt vanndypden i kulverten, bratt mulig hinder, naturlig substrat, kunne vært bedre menn funker. ",,,,,,,,,,,,,,,,,,,,,Ikke hinder,B/C,022-777-R,"lav vannføring på tross for 20cm på begge siden, mulig oppdemning hadde økt vanndypden i kulverten, bratt mulig hinder, naturlig substrat, kunne vært bedre menn funker. ",Søgne_Tangvall,er det fisk her?,022.2A,86106752,dubl,,"Repstadveien 3976, bekk fra repstadvann til nedre håvann",Tverråne - Tronstadvannet til Lundeelva bekkefelt,B/C,C1,90,2 betongrør,86106752.0,FV3976 S1D1 m4289,Vann,1000.0,,,1000.0,,9.0,Betong,,,POINT Z (73525.047 6465810.757 40.505),Enkel bilveg,,Kristiansand,Sirkulær,I bekk/elv,StikkKulv
684.0,1075.0,SF 2026,,1075.0,"minimal/ikke vannførende, ikke aktuell for fisk",,,,,,,,,,,,,,,,,,,,,Neppe fiskeførende,-,022-674-R,"minimal/ikke vannførende, ikke aktuell for fisk",,ingen foto,022.1C30,86106860,108,,Repstadveien 3976 ved Husebakken,,-,C1?,100,betongrør,86106860.0,FV3976 S1D1 m3110,Vann,1000.0,,,1000.0,,6.0,Betong,,,POINT Z (73486.956 6464719.159 42.007),Enkel bilveg,,Kristiansand,Sirkulær,I bekk/elv,StikkKulv
714.0,1105.0,SF 2026,,1105.0,~10cm fall v. utløp ned til en stor steinplate som hindrer hopp,,,,,,,,,,,,,,,,,,,,,Absolutt,,021-1446-R,~10cm fall v. utløp ned til en stor steinplate som hindrer hopp,Brennåsen til Hægeland,løft bekk,021.A2Z,86138959,32099,,Stølevegen (veg nr. 3922),Storbekk,,"A1,A2,B1",200,Betongrør,86138959.0,FV3922 S1D1 m20,Vann,2000.0,,,2000.0,,26.0,Betong,,,POINT Z (82058.275 6478404.076 191.661),Kanalisert veg,,Vennesla,Sirkulær,I bekk/elv,StikkKulv
688.0,1079.0,SF 2026,,1079.0,Ikke funnet,,,,,,,,,,,,,,,,,,,,,-,-,022-696-R,Ikke funnet,,ingen foto,022.2B0,86107719,,,Tronstadvegen 4238 v. flegevollsbekken,Trondstadvatnet bekkefelt,-,,,,86107719.0,FV4238 S1D1 m4090,Vann,1000.0,,,1000.0,,6.95,Betong,,,POINT Z (75266.708 6469770.551 125.996),Enkel bilveg,,Kristiansand,Sirkulær,I bekk/elv,StikkKulv
689.0,1080.0,SF 2026,,1080.0,"Denne var vanskelig å gå ned til grunnet høydeforskjell og tett vegetasjon, hører vann som plasker så mulig liten terskel men ikke mulig å si sikkert",,,,,,,,,,,,,,,,,,,,,Partiell,-,022-840-R,"Denne var vanskelig å gå ned til grunnet høydeforskjell og tett vegetasjon, hører vann som plasker så mulig liten terskel men ikke mulig å si sikkert",,ingen foto,022.1B2,86107785,66,,Tronstadvegen 4238 femhundre meter opp fra 86107785,Songdalselva bekkefelt,-,,,,86107785.0,FV4238 S1D1 m2097,Vann,1000.0,,,1000.0,,19.92,Betong,,,POINT Z (77086.435 6469126.7 66.68),Enkel bilveg,,Kristiansand,Sirkulær,I bekk/elv,StikkKulv
692.0,1083.0,SF 2026,,1083.0,ikke funnet kulvert,,,,,,,,,,,,,,,,,,,,,-,-,022-758-R,ikke funnet kulvert,,ingen foto,022.3C,86109463,1678,,skoieveien 3973,Skagestadvatnet bekkefelt,-,,,betongrør,86109463.0,FV3973 S1D1 m1771,Vann,1000.0,,,1000.0,,10.0,Betong,,,POINT Z (61239.321 6460538.415 31.877),Enkel bilveg,,Lindesnes,Sirkulær,,StikkKulv
696.0,1087.0,SF 2026,,1087.0,"absolutte hinder nedstrøms v. 86104177 , derav ble denne kulverten ikke inspisert",,,,,,,,,,,,,,,,,,,,,nedstr hinder,-,021-1504-R,"absolutte hinder nedstrøms v. 86104177 , derav ble denne kulverten ikke inspisert",,ingen foto,021.A6B,86110498,1035,,Ropstadveien,Røykneselva bekkefelt,-,-,-,-,86110498.0,FV3930 S1D1 m815,Vann,1000.0,600.0,1800.0,1000.0,Nei,6.85,Betong,,Ja,POINT Z (78476.324 6488100.638 282.822),Enkel bilveg,,Vennesla,Sirkulær,I bekk/elv,StikkKulv
702.0,1093.0,SF 2026,,1093.0,"ikke mulig å kontrollere, stor høydeforskjell",,,,,,,,,,,,,,,,,,,,,-,-,022-840-R,"ikke mulig å kontrollere, stor høydeforskjell",,ingen foto,022.1B2,86116849,dubl,,birkenesvegen ved barnehagen,Songdalselva bekkefelt,-,,,,86116849.0,FV3952 S1D10 m281,Vann,1000.0,,,1000.0,,22.0,Betong,,,POINT Z (79378.654 6466337.662 14.182),Enkel bilveg,,Kristiansand,Sirkulær,I bekk/elv,StikkKulv
715.0,1106.0,SF 2026,,1106.0,vandringshinder pga foss rett oppstrøms (1m opp uten satsekulp),,,,,,,,,,,,,,,,,,,,,Ikke hinder,B,024-482-R,vandringshinder pga foss rett oppstrøms (1m opp uten satsekulp),,ingen foto,024.44Z,86147051,30202,,Drangeveien,Åptafjorden bekkefelt,B,,110,betongrør,86147051.0,FV4102 S2D1 m10374,Vann,1000.0,,,1000.0,,29.0,Betong,,Ja,POINT Z (19851.665 6478730.742 7.736),Enkel bilveg,,Farsund,Sirkulær,I bekk/elv,StikkKulv
718.0,1109.0,SF 2026,,1109.0,mye kvister etc. rydding nødvendig for at gjennomløpet ikke tette,,,,,,,,,,,,,,,,,,,,,Ikke hinder,B,024-469-R,mye kvister etc. rydding nødvendig for at gjennomløpet ikke tette,,ingen foto,024.32Z,86156582,9531,,Myrveien,lyngdalsfjorden bekkefelt,B,,110,betongrør,86156582.0,FV472 S1D10 m1200,Vann,1000.0,,,1000.0,Nei,19.99,Betong,,,POINT Z (31751.328 6471090.622 2.339),Enkel bilveg,,Lyngdal,Sirkulær,I bekk/elv,StikkKulv
733.0,1124.0,SF 2026,,1124.0,gjengrodd nedstrøms så kun bilde opp,,,,,,,,,,,,,,,,,,,,,Ikke hinder,B,024-482-R,gjengrodd nedstrøms så kun bilde opp,Lyngdal Farsund Vanse,ok,024.44Z,86176388,19806,,Ravneheiveien v. husnr. ,Åptafjorden bekkefelt,B,,120,naturstein,86176388.0,FV4100 S1D1 m9701,Vann,,900.0,1200.0,900.0,,5.0,Naturstein,,,POINT Z (18749.645 6475251.74 7.91),Enkel bilveg,,Farsund,Rektangulær,I bekk/elv,StikkKulv
734.0,1125.0,SF 2026,,1125.0,Lav vannstand derfor vanskelilg å bedømme,,,,,,,,,,,,,,,,,,,,,Partiell,C?,024-482-R,Lav vannstand derfor vanskelilg å bedømme,Lyngdal Farsund Vanse,vanskelig å mene noe,024.44Z,86176427,39,,Ravneheiveien v. husnr. 22 ,Åptafjorden bekkefelt,C?,C1,,naturstein,86176427.0,FV4100 S1D1 m9221,Vann,,1400.0,1200.0,1400.0,,5.0,Naturstein,,,POINT Z (19075.563 6474906.251 14.179),Enkel bilveg,,Farsund,Rektangulær,I bekk/elv,StikkKulv
721.0,1112.0,SF 2026,,1112.0,mye kvister etc. rydding nødvendig for at gjennomløpet ikke tette,,,,,,,,,,,,,,,,,,,,,Ikke hinder,B,024-469-R,mye kvister etc. rydding nødvendig for at gjennomløpet ikke tette,,ingen foto,024.32Z,86156596,-19831,,Myrveien,lyngdalsfjorden bekkefelt,B,,110,betongrør,86156596.0,FV472 S1D10 m1144,Vann,1000.0,,,1000.0,Nei,15.99,Betong,,,POINT Z (31782.272 6471044.114 2.857),Enkel bilveg,,Lyngdal,Sirkulær,I bekk/elv,StikkKulv
735.0,1126.0,SF 2026,,1126.0,"Ganske mange høydemeter, ganske bratt men hvis en fisk kommer seg hit koser den seg, fine tersker for å ha jevnt med vann i kulverten, men som sagt usannsynlig at denne er relevant. ",,,,,,,,,,,,,,,,,,,,,Ikke hinder,B,024-482-R,"Ganske mange høydemeter, ganske bratt men hvis en fisk kommer seg hit koser den seg, fine tersker for å ha jevnt med vann i kulverten, men som sagt usannsynlig at denne er relevant. ",Lyngdal Farsund Vanse,ok,024.44Z,86176665,20069,,Ravneheiveien v. husnr. 548,Åptafjorden bekkefelt,B,,90,naturstein,86176665.0,FV4100 S1D1 m5505,Vann,,800.0,1200.0,800.0,,7.5,Naturstein,,,POINT Z (19707.024 6472044.999 148.733),Enkel bilveg,,Farsund,Rektangulær,I bekk/elv,StikkKulv
723.0,1114.0,SF 2026,,1114.0,mye kvister etc. rydding nødvendig for at gjennomløpet ikke tette,,,,,,,,,,,,,,,,,,,,,Ikke hinder,B,024-469-R,mye kvister etc. rydding nødvendig for at gjennomløpet ikke tette,,ingen foto,024.32Z,86156602,-20063,,Myrveien,lyngdalsfjorden bekkefelt,B,,110,betongrør,86156602.0,FV472 S1D10 m1098,Vann,1000.0,,,1000.0,Nei,10.01,Betong,,,POINT Z (31810.119 6471008.549 3.243),Enkel bilveg,,Lyngdal,Sirkulær,I bekk/elv,StikkKulv
736.0,1127.0,SF 2026,,1127.0,Ligger oppstrøms for 86176825 og på mange høydemeter derfor ikke relevant for fiskevandring,,,,,,,,,,,,,,,,,,,,,Absolutt,D,024-520-R,Ligger oppstrøms for 86176825 og på mange høydemeter derfor ikke relevant for fiskevandring,Lyngdal Farsund Vanse,er det fisk her,024.61,86176807,20205,,Ravneheiveien v. husnr. 229,Bekk fra Skittvatnet,D,"A1, A2, B1, C2, C3",80,plastrør,86176807.0,FV4100 S1D1 m2309,Vann,150.0,,,150.0,,6.0,Stål,,,POINT Z (17188.709 6471516.044 161.713),Enkel bilveg,,Farsund,Sirkulær,Kum,StikkKulv
726.0,1117.0,SF 2026,,1117.0,siste delen av røret nedstrøms har mellomrom mellom rørene slik at bekken bryter ut og går videre på undersiden av kulverten,,,,,,,,,,,,,,,,,,,,,Absolutt,C/D,024-482-R,siste delen av røret nedstrøms har mellomrom mellom rørene slik at bekken bryter ut og går videre på undersiden av kulverten,,ingen foto,024.44Z,86162908,-13899,,Kjørkleivveien,Åptafjorden bekkefelt,C/D,,110,betongrør,86162908.0,FV4104 S1D1 m17683,Vann,1000.0,,,1000.0,,10.0,Betong,,,POINT Z (16491.404 6481723.759 114.417),Enkel bilveg,,Farsund,Sirkulær,I bekk/elv,StikkKulv
737.0,1128.0,SF 2026,,1128.0,"fiskevannskile, terskel på vei opp, denne er på ganske mange høyemeter så usannsynlig å finne vandrende fisk her, relativ brå helling",,,,,,,,,,,,,,,,,,,,,Absolutt,D,024-520-R,"fiskevannskile, terskel på vei opp, denne er på ganske mange høyemeter så usannsynlig å finne vandrende fisk her, relativ brå helling",Lyngdal Farsund Vanse,høy vannhastighet sklie,024.61,86176825,13917,,Ravneheiveien v. Nørskår,Bekk fra Skittvatnet,D,"A2, C2, C3",120,plastrør pyntet med naturstein på utsiden,86176825.0,FV4100 S1D1 m2081,Vann,1000.0,,,1000.0,,6.0,Plast,,,POINT Z (16990.979 6471414.173 140.782),Enkel bilveg,,Farsund,Sirkulær,I bekk/elv,StikkKulv
738.0,1129.0,SF 2026,,1129.0,"trenger bare litt rydding, vi rydda litt i dag. Godt med vann i fiskerøret",,,,,,,,,,,,,,,,,,,,,Ikke hinder,B,024-523-R,"trenger bare litt rydding, vi rydda litt i dag. Godt med vann i fiskerøret",Lyngdal Farsund Vanse,ok,024.31Z,86177264,439,,Lyngdalsveien v. Sævik,Lyngdalsfjord-ytre bekkefelt,B,,100,halv nedgravd betongrør med viltovergang,86177264.0,FV43 S3D1 m3984,Vann,,1800.0,2100.0,1800.0,,11.0,Betong,,,POINT Z (21349.435 6468833.386 16.091),Enkel bilveg,,Farsund,Rektangulær,,StikkKulv
739.0,1130.0,SF 2026,,1130.0,ok,,,,,,,,,,,,,,,,,,,,,Ikke hinder,B,024-523-R,ok,Lyngdal Farsund Vanse,ok,024.31Z,86177333,69,,Lyngdalsveien v. veikryss til vestre spindsvei,Lyngdalsfjord-ytre bekkefelt,B,,70,betongrør,86177333.0,FV43 S3D1 m2510,Vann,600.0,700.0,700.0,600.0,,9.0,Naturstein,,,POINT Z (19958.913 6469001.369 23.355),Enkel bilveg,,Farsund,Rektangulær,Kum,StikkKulv
740.0,1131.0,SF 2026,,1131.0,mulig hinder sterk strømning i røret. Vanskelig å se inni fordi denne er nesten 60meter lang,,,,,,,,,,,,,,,,,,,,,Partiell,C,024-469-R,mulig hinder sterk strømning i røret. Vanskelig å se inni fordi denne er nesten 60meter lang,Lyngdal Farsund Vanse,tiltak?,024.32Z,86178858,1525,,Farsundveien v. dypvåg,Lyngdalsfjorden bekkefelt,C,"C1, ",100,Betongrør,86178858.0,FV43 S3D1 m8912,Vann,1000.0,,,1000.0,,52.63,Betong,,,POINT Z (26070.54 6469649.92 27.91),Enkel bilveg,,Lyngdal,Sirkulær,Åpen grøft,StikkKulv
745.0,1136.0,SF 2026,,1136.0,"Gitter ødelegger, c dersom gitteret blir vedlikeholdt, B hvis det blir fjerna",,,,,,,,,,,,,,,,,,,,,Absolutt,C/D,022-753-R,"Gitter ødelegger, c dersom gitteret blir vedlikeholdt, B hvis det blir fjerna",Mandalsområdet_Mandalselva,fjern gitter,022.A21,86190524,dubl,,Gjervoldstadveien 3996 v. kongefjellveien,Mandalselva - mandal til utløp bekkefelt,C/D,"D1, D2",120,betongrør,86190524.0,FV4002 S1D1 m1330,Vann,1000.0,,,1000.0,,47.57,Betong,,Ja,POINT Z (54961.689 6458402.124 57.857),Enkel bilveg,,Lindesnes,Sirkulær,I bekk/elv,StikkKulv
747.0,1138.0,SF 2026,,1138.0,"ikke egnet for fiskevandring, denne går opp en fjellvegg",,,,,,,,,,,,,,,,,,,,,Neppe fiskeførende,-,023-97-R,"ikke egnet for fiskevandring, denne går opp en fjellvegg",Audna Vigeland,mulig ikke relevant for tiltak,023.A2B4Z,86210280,19756,,,Røsstadvatnet bekkefelt,-,,100,plast,86210280.0,FV4054 S2D1 m14297,Vann,1000.0,,,1000.0,,6.0,Plast,,,POINT Z (47437.786 6474607.672 174.819),Enkel bilveg,,Lindesnes,Sirkulær,Kum,StikkKulv
748.0,1139.0,SF 2026,,1139.0,"veldig lite vann i røret, lite stup på ca 10 cm. Oppstrøms van det mye rot foran kulverten som blokkerte inngangen. Ca 20 meter lengre oppstrøms var den liten foss på 30-40 cm, men med god satsekulp foran, mulig vannet kan demnes opp litt. Mangla satsekulp nedstrøms for det lille 10cm hoppet. Mulig tilstanden her forbedrer seg dersom det hadde vært våtere. ",,,,,,,,,,,,,,,,,,,,,Absolutt,C/D,023-99-R,"veldig lite vann i røret, lite stup på ca 10 cm. Oppstrøms van det mye rot foran kulverten som blokkerte inngangen. Ca 20 meter lengre oppstrøms var den liten foss på 30-40 cm, men med god satsekulp foran, mulig vannet kan demnes opp litt. Mangla satsekulp nedstrøms for det lille 10cm hoppet. Mulig tilstanden her forbedrer seg dersom det hadde vært våtere. ",Audna Vigeland,absolutt,023.A2A,86210550,270,,Lelandsveien 4054 ved grislevatnet,Grislevatnet bekkefelt,C/D,"A2, A3, B1, C1",100,betongrør,86210550.0,FV4054 S2D1 m9012,Vann,,1000.0,2000.0,1000.0,,5.0,Betong,,,POINT Z (48238.816 6470598.801 68.407),Enkel bilveg,,Lindesnes,Rektangulær,Kum,StikkKulv
753.0,1144.0,SF 2026,,1144.0,"god vandypde, naturlig substrat, vanskelig å komme seg til andre siden for å ta bilde derfor kun bilde oppstrøms",,,,,,,,,,,,,,,,,,,,,Ikke hinder,B,022-815-R,"god vandypde, naturlig substrat, vanskelig å komme seg til andre siden for å ta bilde derfor kun bilde oppstrøms",Mandalsområdet_Mandalselva,ok,022.A3Z,86279957,69407,,,Mandalselva - øyslebø til mandal bekkefelt,B,,150,firkant naturstein,86279957.0,FV455 S1D1 m5760,Vann,,1000.0,1200.0,1000.0,Nei,14.0,Naturstein,,,POINT Z (59282.274 6461594.129 3.666),Enkel bilveg,,Lindesnes,Rektangulær,Kum,StikkKulv
764.0,1155.0,SF 2026,,1155.0,"Mulig denne bekken er mer brukbar dersom vannstanden er høyere enn den er i dag, evt oppdemning, kun bilde nedstrøms",,,,,,,,,,,,,,,,,,,,,Partiell,C,023-137-R,"Mulig denne bekken er mer brukbar dersom vannstanden er høyere enn den er i dag, evt oppdemning, kun bilde nedstrøms",Audna Vigeland,Noe fall ut ,023.A21,154769414,68489457,,Farmoveien 4054 ved motsatt side av elv av bustadmonen,Melhusfossen til kittelbekken bekkefelt,C,"C1, A1, A2, A3",100,betongrør,154769414.0,FV4054 S2D1 m4267,Vann,1000.0,,,1000.0,,9.88,Betong,,,POINT Z (49030.619 6466746.481 3.003),Enkel bilveg,målt topp rør,Lindesnes,Sirkulær,,StikkKulv
766.0,1157.0,SF 2026,,1157.0,"god vandstand gjennom hele kulverten, store fisk observert oppstøms",,,,,,,,,,,,,,,,,,,,,Ikke hinder,B,023-131-R,"god vandstand gjennom hele kulverten, store fisk observert oppstøms",Audna Vigeland,ikke hinder,023.A22,223776829,69007415,,Audnedalsveien v.Løland,Audna-Tryland til Spilling bekkefelt,B,,100,"Betongrør, godt nedsenket",223776829.0,FV4060 S1D1 m1595,,,,,1000.0,,,,,,POINT Z (50470.423 6474302.619 30.049),Enkel bilveg,,Lindesnes,,,StikkKulv
771.0,1162.0,SF 2026,,1162.0,tre rør rett ved hverandre (3) flomrør,,,,,,,,,,,,,,,,,,,,,Ikke hinder,-,024-482-R,tre rør rett ved hverandre (3) flomrør,,ingen foto,024.44Z,295355130,,,åptaveien  v. kjerringdalen,Åptafjorden bekkefelt,-,,60,plast,295355130.0,FV465 S2D1 m5311,,1000.0,,,1000.0,,,Betong,,,POINT Z (17089.54 6474933.425 84.614),Enkel bilveg,,Farsund,,,StikkKulv
762.0,1153.0,SF 2026,,1153.0,"vandringshinder ved lavvann, lite terskel på noen cm, fisk observert nedstrøms, splitter seg midt i?",,,,,,,,,,,,,,,,,,,,,Partiell,C,024-500-R,"vandringshinder ved lavvann, lite terskel på noen cm, fisk observert nedstrøms, splitter seg midt i?",Lyngdal Farsund Vanse,løft bekk,024.710,142114281,-153240849,,Loshavnveien ved lomsesanden parkering,bekk ved røyrtjønn,C,"C1, A1, A2",80,Betongrør,142114281.0,FV4098 S1D1 m2295,Vann,800.0,,,800.0,,29.24,Betong,,,POINT Z (16649.926 6465665.832 2.218),Enkel bilveg,,Farsund,,,StikkKulv
776.0,1167.0,SF 2026,,1167.0,"god vannstrøm, stillestående vanskelig å se hva som er opp og ned strøms",,,,,,,,,,,,,,,,,,,,,Ikke hinder,B/C,020-433-R,"lite vannføring oppstøms, hopp på ~10cm på utløp men god kulp",Tovdalselva,løft bekk,020.A6,799388480,657274199,,Høygiltveien v.nr. 3753,Bekk tilknyttet Topdalselva,B/C,"A2, C1",100,betongrør,799388480.0,FV3752 S1D1 m503,,,,,1000.0,,,Betong,,,POINT Z (100928.69 6481452.856 25.412),Enkel bilveg,,Birkenes,,,StikkKulv
777.0,1168.0,SF 2026,,1168.0,"lite vannføring oppstøms, hopp på ~10cm på utløp men god kulp",,,,,,,,,,,,,,,,,,,,,Absolutt,D,020-424-R,mulig hinder inne i kulverten (Betongmur) ,Tovdalselva,hvorfor denne proppen,020.A7,799388540,dubl,,"Tveideveien, v.nr. 3754",Vassbotnbekken,D,,100,betongrør,799388540.0,FV3754 S1D1 m1274,,,,,1000.0,,,Betong,,,POINT Z (104039.028 6483988.994 58.207),Enkel bilveg,,Birkenes,,,StikkKulv
779.0,1170.0,SF 2026,,1170.0,"Litt lite vannføring, hadde vært ok dersom det var mer vann, kun bilde oppstrøms, ikke naturlig substrat og kulverten ligger muligens for høyt",,,,,,,,,,,,,,,,,,,,,Ikke hinder,B,019-584-R,"Ser bra ut nedstrøms, men oppstrøms var ikke mulig å nå og derfor vanskelig å vurdere. Derfor kun et bilde",Grimstad til Birkeland,ok,019.2Z,807953901,8565361,,Reddalveien 3596 midt i krysset på landvik,Landviksbekken,B,,100,betongrør,807953901.0,FV3596 S1D1 m1616,,,,,1000.0,,,,,,POINT Z (121659.807 6484988.975 15.404),Enkel bilveg,,Grimstad,,,StikkKulv
780.0,1171.0,SF 2026,,1171.0,"Ser bra ut nedstrøms, men oppstrøms var ikke mulig å nå og derfor vanskelig å vurdere. Derfor kun et bilde",,,,,,,,,,,,,,,,,,,,,Ikke hinder,-,022-840-R,"ikke mulig å kontrollere, for mye vegetasjon for å si noe fornuftig",Brennåsen til Hægeland,hvor er kulvert,022.1B2,815353368,7399467,,Songdalsvegen 461 ved eidsåvegen,Songdalselva bekkefelt,-,,,,815353368.0,FV461 S1D1 m7210,Vann,1000.0,,,1000.0,,,Naturstein,,,POINT Z (77347.771 6472428.365 18.356),Enkel bilveg,,Kristiansand,Sirkulær,I bekk/elv,StikkKulv
781.0,1172.0,SF 2026,,1172.0,"ikke mulig å kontrollere, for mye vegetasjon for å si noe fornuftig",,,,,,,,,,,,,,,,,,,,,Absolutt,D,022-678-R,"Lite vannføring, hopp opp til utløpet ~30cm, utløp fører til en oppdemmet kulp men når ikke ned til elva.",Brennåsen til Hægeland,må rettes,022.1BZ,815353386,18,,Songdalsveien v. Grødal,Gumpedalselva bekkefelt,D,"A1,A2,B1,C1",~100,Betongrør,815353386.0,FV461 S1D1 m15205,Vann,1000.0,,,1000.0,,,Betong,,,POINT Z (72668.685 6478049.712 121.178),Enkel bilveg,,Kristiansand,Sirkulær,I bekk/elv,StikkKulv
782.0,1173.0,SF 2026,,1173.0,"Lite vannføring, hopp opp til utløpet ~30cm, utløp fører til en oppdemmet kulp men når ikke ned til elva.",,,,,,,,,,,,,,,,,,,,,Ikke hinder,B,022-879-R,Bekken blir snevret inn til 150,Brennåsen til Hægeland,"ok, trenger terskel?",022.AC5,815353542,156,,utløp til livatnet ved kilen,Meåna,B,,150,Firkant betong,815353542.0,FV461 S2D1 m4181,Vann,,2000.0,2000.0,2000.0,,,Betong,,,POINT Z (69891.637 6482253.294 191.289),Enkel bilveg,,Kristiansand,Rektangulær,I bekk/elv,StikkKulv
783.0,1174.0,SF 2026,,1174.0,Bekken blir snevret inn til 150,,,,,,,,,,,,,,,,,,,,,Ikke hinder,B,022-823-R,liten terskel oppstrøms,Brennåsen til Hægeland,ok,022.1B1D,815353557,15,,songdalsvegen kryss til farvannsbakken,"Møllebekken inkl. mjpvann, farvannet og øygardvannet",B,,170,Metallrør med betong på bunn,815353557.0,FV461 S1D1 m51,Vann,2000.0,,,2000.0,,,Stål,,,POINT Z (79906.481 6466460.121 19.837),Kanalisert veg,,Kristiansand,Sirkulær,I bekk/elv,StikkKulv
784.0,1175.0,SF 2026,,1175.0,liten terskel oppstrøms,,,,,,,,,,,,,,,,,,,,,Partiell,C,022-840-R,"litt lite vann, naturlig sommertørke, terskel inni kulverten i form av store steiner kan hindre fisk i å vandre opp, se bilde",Brennåsen til Hægeland,enig,022.1B2,815353564,7,,Songdalsvegen ved Eikeneset,Songdalselva bekkefelt,C,C1,290,Firkant betong,815353564.0,FV461 S1D1 m10428,Vann,300.0,1000.0,1200.0,300.0,,,Naturstein,,,POINT Z (75774.097 6475016.008 28.79),Enkel bilveg,,Kristiansand,Rektangulær,,StikkKulv
791.0,1182.0,SF 2026,,1182.0,"Denne er ikke i bruk, fører ikke vann og det ser ikke ut som om den kommer til å gjøre den heller, spor av en bekk som kanskje var der gode 100 år siden. Ligger i tillegg for høyt til at den nærliggende elva har noe bruk for den. ",,,,,,,,,,,,,,,,,,,,,Neppe fiskeførende,B(D),022-840-R,"Bratt fjellvegg rett oppstrøms, ingen mulighet til fiskevandring",,ingen foto,022.1B2,815353676,112,,Songdalsveien v. Underåsen,Songdalselva bekkefelt,B(D),,100,Betongrør,815353676.0,FV461 S1D1 m11294,Vann,1000.0,,,1000.0,,,Betong,,,POINT Z (75340.168 6475590.843 39.542),Enkel bilveg,,Kristiansand,Sirkulær,I bekk/elv,StikkKulv
793.0,1184.0,SF 2026,,1184.0,Stein utgjør et mulig  hinder i innløpet,,,,,,,,,,,,,,,,,,,,,Absolutt,D,019-584-R,,Tovdalselva,"tørt, løft bekk",019.2Z,84444458,-730909218,,Høygiltveien v.nr. 3754,Bekk tilknyttet Topdalselva,D,"A2, B1, ",100,"betongrør, ~10-20 hopp, stein forran utløp (ikke masse vann)",84444458.0,FV3752 S1D1 m97,,1000.0,,,1000.0,,30.0,Betong,,,POINT Z (101132.304 6481683.757 46.332),Enkel bilveg,,Birkenes,,,StikkKulv
785.0,1176.0,SF 2026,,1176.0,"litt lite vann, naturlig sommertørke, terskel inni kulverten i form av store steiner kan hindre fisk i å vandre opp, se bilde",,,,,,,,,,,,,,,,,,,,,Partiell,-,022-840-R,"ikke mulig å kontrollere, for mye vegetasjon for å si noe fornuftig",Brennåsen til Hægeland,sjekk,022.1B2,815353592,730909134,,Songdalsvegen 461 ved eidsåvegen,Songdalselva bekkefelt,-,,,,815353592.0,FV461 S1D1 m7248,Vann,,800.0,800.0,800.0,,,Naturstein,,,POINT Z (77328.039 6472460.164 18.55),Enkel bilveg,,Kristiansand,Rektangulær,I bekk/elv,StikkKulv
796.0,1187.0,SF 2026,,1187.0,~20cm fall nedstøms,,,,,,,,,,,,,,,,,,,,,Absolutt,D,023-137-R,"denne er et umiddelbar hinder dersom det hadde vært fisk her grunnet stup, mangel på satsekulp dypål ogv. Men ettersom signingen fra hovedelva er såpass brå ser vi det som svært sannsynlig at fisk ville brukt denne bekken",Audna Vigeland,går det vann under røret. Fall ut skaper absolutt hinder,023.A21,917897536,102543944,,Kårstølveien 4006 ved stemtjønna,Melhusfossen til kittelbekken bekkefelt,D,"A1, A2, C2, C3",100,betongrør,917897536.0,FV4006 S2D1 m9344,Vann,1000.0,,,1000.0,Nei,31.0,Betong,,Ja,POINT Z (49798.252 6465510.519 113.975),Enkel bilveg,,Lindesnes,Sirkulær,I bekk/elv,StikkKulv
797.0,1188.0,SF 2026,,1188.0,"denne er et umiddelbar hinder dersom det hadde vært fisk her grunnet stup, mangel på satsekulp dypål ogv. Men ettersom signingen fra hovedelva er såpass brå ser vi det som svært sannsynlig at fisk ville brukt denne bekken",,,,,,,,,,,,,,,,,,,,,Absolutt,C/D,022-663-R,"lite vann nå men grunneier mener det er mer på høsten, lite flomrør på siden. Husene oppstrøms er ikke tilknyttet avløp og benytter bekken til det. Ved lavvan er det er terskel nedstrøms. ",Nodeland_Øyslebø,hvorfor tørt,022.ABZ,1007467852,89570316,,Brelandsveien v. smørtjønnveien ,Høyevatnet bekkefelt,C/D,"C1, A2",110,plastrør,1007467852.0,FV4238 S2D1 m5818,Vann,1000.0,,,1000.0,,7.0,Plast,,,POINT Z (67968.203 6475507.454 178.273),Enkel bilveg,,Lindesnes,Sirkulær,I bekk/elv,StikkKulv
803.0,1194.0,SF 2026,,1194.0,Lav vannstand øker hastigheten på strømmen pga steiner foran kulverten under tørre sommere som kan være et hinder. Burde ha teskler i plastrøret,,,,,,,,,,,,,,,,,,,,,Absolutt,C,022-877-R,"Avhenger litt av vannføring, generell stygg kulvert men fungere dersom det er nok vann. Røret ligger egentlig litt for høy i bekken og hadde fungert bedre dersom den lå lengre nede. ",Nodeland_Øyslebø,hev bekk,022.AA12,1017867491,dubl,,Skjøvesland v. trebekken husnr. 66,Høyevatnet til øyslebø bekkefelt,C,C1,80,plastrør,1017867491.0,FV3976 S3D1 m424,Vann,1000.0,,,1000.0,Nei,10.44,Plast,,,POINT Z (63521.34 6471917.466 25.831),Enkel bilveg,,Lindesnes,Sirkulær,I bekk/elv,StikkKulv
808.0,1199.0,SF 2026,,1199.0,"god vanndype, strømhastighet, snevrer ikke inn bekken, naturlig substrat i bunn, pluss flomrør",,,,,,,,,,,,,,,,,,,,,Ikke hinder,-,021-1504-R,"absolutte hinder nedstrøms v. 86104177 , derav ble denne kulverten ikke inspisert",,ingen foto,021.A6B,1021410797,3543306,,Ropstadveien,Røykneselva bekkefelt,-,-,-,,1021410797.0,FV3930 S1D1 m815,Vann,1000.0,,,1000.0,Nei,6.96,Betong,,Ja,POINT Z (78476.126 6488100.847 282.848),Enkel bilveg,,Vennesla,Sirkulær,I bekk/elv,StikkKulv
812.0,1203.0,SF 2026,,1203.0,ok,,,,,,,,,,,,,,,,,,,,,Ikke hinder,,024-303-R,Vandringshinder,,ingen foto,024.17Z,1026127188,4716391,,Jåsundveien,Grønnsfjorden bekkefelt,,,,betongrør,1026127188.0,FV4078 S2D1 m4746,Vann,1000.0,1000.0,1000.0,1000.0,Nei,7.81,Betong,,Ja,POINT Z (34964.461 6465949.415 54.901),Enkel bilveg,,Lyngdal,Sirkulær,I bekk/elv,StikkKulv
814.0,1205.0,SF 2026,,1205.0,ok kulvert men vandringshinder i forbindelse med oppdemning av drikkevannplass,,,,,,,,,,,,,,,,,,,,,Ikke hinder,B,024-523-R,god vannstrøm,,ingen foto,024.31Z,ikke i nvdb,,,"Lyngdalsveien v. Sævik lenger oppsrøms for den over, står ikke nummeret på vegkart",Lyngdalsfjord-ytre bekkefelt,B,,100,plastrør,,,,,,,1000.0,,,,,,,,,,,,
818.0,1209.0,SF 2026,,1209.0,vannet forsvinner midt i og forsvinner under kulverten. Her passerer det ingenting,,,,,,,,,,,,,,,,,,,,,Partiell,C,022-775-R,Steiner v. utløp  danne en terskel noen fisk kan ha vansker å forsere (husk å endre bildenavn),,,022.2A,ikke i nvdb,,Nedstrøms 86124928 v. Blåveis Barnehage,vei 439 ved stemveien,Lundelva bekkefelt,C,,100,"to betongrør, ligger rett i overkant av bekkeløpet",,,,,,,1000.0,,,,,,,,,,,,
819.0,1210.0,SF 2026,,1210.0,Steiner v. utløp  danne en terskel noen fisk kan ha vansker å forsere (husk å endre bildenavn),,,,,,,,,,,,,,,,,,,,,Partiell,C,020-60-R,"gitter med mye greiner forårsaker mulig hinder, fisk observert oppstrøms",,,020.4260,Mangler i NVDB,,"denne var ikke inne på veikart? 7,560970 / 58,174327. Kanskje 844789977",50 meter oppstrøms fra 1015263183,timenesbekken,C,"D1, D2",150,rund kulvert,,,,,,,1000.0,,,,,,,,,,,,
701.0,1092.0,SF 2026,,1092.0,"Umiddelbar hinder oppstrøms, lite terskel nedstrøm som forsvinner ved høyere vannstand, selve kulverten ok litt kvister som blokkerer, men her er det ikke fisk. a",,,,,,,,,,,,,,,,,,,,,Partiell,C,022-726-R,"Umiddelbar hinder oppstrøms, lite terskel nedstrøm som forsvinner ved høyere vannstand, selve kulverten ok litt kvister som blokkerer, men her er det ikke fisk. a",Nodeland_Øyslebø,sjekk om irrelevant,022.22Z,86114143,dubl,,Brunvatnebekken v. moskelbekken,Trysfjorden bekkefelt,C,,130,betongrør,86114143.0,FV3978 S1D1 m1329,Vann,1100.0,,,1100.0,,13.0,Betong,,,POINT Z (67109.141 6464518.18 36.726),Enkel bilveg,,Kristiansand,Sirkulær,I bekk/elv,StikkKulv
769.0,1160.0,SF 2026,,1160.0,"tre rør rett ved hverandre (1) Kun en er vannførende de andre er flomrør, noe større støm ved utløpet som kan hindre større fisk ved lav vannstand. Ellers ok",,,,,,,,,,,,,,,,,,,,,Ikke hinder,B,024-482-R,"tre rør rett ved hverandre (1) Kun en er vannførende de andre er flomrør, noe større støm ved utløpet som kan hindre større fisk ved lav vannstand. Ellers ok",Lyngdal Farsund Vanse,ok,024.44Z,295355128,209240985,,åptaveien  v. kjerringdalen,Åptafjorden bekkefelt,B,,100,betong,295355128.0,FV465 S2D1 m5309,,1000.0,,,1000.0,,,Betong,,,POINT Z (17087.634 6474932.818 84.625),Enkel bilveg,,Farsund,,,StikkKulv
778.0,1169.0,SF 2026,,1169.0,mulig hinder inne i kulverten (Betongmur) ,,,,,,,,,,,,,,,,,,,,,Partiell,C,019-584-R,"Litt lite vannføring, hadde vært ok dersom det var mer vann, kun bilde oppstrøms, ikke naturlig substrat og kulverten ligger muligens for høyt",Grimstad til Birkeland,"kan ikke se mur, må sjekkes",019.2Z,807953894,799388540,,Reddalveien 3596 i svingen før Landvik,Landviksbekken,C,C1,110,betongrør,807953894.0,FV3596 S1D1 m1529,,,,,1100.0,,,,,,POINT Z (121746.355 6484976.873 17.928),Enkel bilveg,,Grimstad,,,StikkKulv
610.0,1001.0,SF 2026,,1001.0,luligens høy vannhastighet,,,,,,,,,,,,,,,,,,,,,Partiell,C,020-422-R,muligens høy vannhastighet,Tovdalselva,sjekk trenger terskler,020.A7,84426438,dubl,,Tveideveien v.nr. 3754,Møllebekken,C,A2,190,betongrør,84426438.0,FV3754 S1D1 m60,,1200.0,,,1200.0,,20.0,Betong,,,POINT Z (104058.332 6485077.891 42.809),Enkel bilveg,,Birkenes,,,StikkKulv
623.0,1014.0,SF 2026,,1014.0,"Stor stein foran inngangen som i tillegg har et lite hopp, gjør det vanskelig for fisk å ta sats og ikke mulig for ål å passere. Dette kan muligens skyldes lav vannstand",,,,,,,,,,,,,,,,,,,,,Partiell,C,019-493-R,"Stor stein foran inngangen som i tillegg har et lite hopp, gjør det vanskelig for fisk å ta sats og ikke mulig for ål å passere. Dette kan muligens skyldes lav vannstand",Grimstad til Kristiansand kystveien,må fiskes hvis fisk,019.A23Z,84431271,4833,,lia ved husnr. 40,"Temse, bekkefelt",C,"A1, A2, A3, B1, C1",120,betongrør,84431271.0,FV3634 S1D1 m85,,1200.0,,,1200.0,,7.0,Betong,,,POINT Z (128841.605 6489059.158 18.675),Enkel bilveg,,Grimstad,,,StikkKulv
626.0,1017.0,SF 2026,,1017.0,"Lav vannføring, rot oppstrøms, kan se for meg denne er ok med litt vedlikehold og høyere vannstand",,,,,,,,,,,,,,,,,,,,,Partiell,C,020-6-R,"Lav vannføring, rot oppstrøms, kan se for meg denne er ok med litt vedlikehold og høyere vannstand",Grimstad til Kristiansand kystveien,ok over drift,020.221Z,84437855,dubl,,Glamslandveien v. songe,Glamslandvatnet bekkefelt,C,"C1,  ",120,betongrør,84437855.0,FV3662 S1D1 m1385,Vann,1200.0,,,1200.0,Nei,8.0,Betong,,Ja,POINT Z (108215.074 6475640.708 10.625),Enkel bilveg,,Lillesand,Sirkulær,I bekk/elv,StikkKulv
639.0,1030.0,SF 2026,,1030.0,"helt ok, ikke veldig mye vann men ok",,,,,,,,,,,,,,,,,,,,,Ikke hinder,B,020-356-R,"helt ok, ikke veldig mye vann men ok",Grimstad til Birkeland,ok,020.B2Z,84451113,dubl,,Hobbeslandveien 3744 v. husnr. 191,Tovdalselva herefossfjorden - flakksvatn bekkefelt,B,,100,naturstein ,84451113.0,FV3744 S1D1 m1799,,,1200.0,1000.0,1200.0,,,Naturstein,,,POINT Z (106066.186 6486922.824 145.325),Enkel bilveg,,Birkenes,,,StikkKulv
656.0,1047.0,SF 2026,,1047.0,"foss oppstrøms for både 86099650 og 86099653 som fungerer som et absolutt hinder, selv kulvertene ok, mangla vanndypde",,,,,,,,,,,,,,,,,,,,,Partiell,C,022-775-R,"foss oppstrøms for både 86099650 og 86099653 som fungerer som et absolutt hinder, selv kulvertene ok, mangla vanndypde",Søgne_Tangvall,hinder oppstr  86099650 og 86099653,022.2A,86099650,dubl,,Repstadveien 3976 ved lunde skole,Lundelva bekkefelt,C,,120,betongrør,86099650.0,FV3976 S1D1 m410,Vann,1200.0,,,1200.0,,18.0,Betong,,,POINT Z (74287.129 6462542.312 19.389),Enkel bilveg,,Kristiansand,Sirkulær,I bekk/elv,StikkKulv
657.0,1048.0,SF 2026,,1048.0,helling,,,,,,,,,,,,,,,,,,,,,Partiell,C,022-775-R,helling,Søgne_Tangvall,løft bekk,022.2A,86099653,3,,Repstadveien 3976 ved lunde skole,Lundelva bekkefelt,C,C2,120,betongrør,86099653.0,FV3976 S1D1 m388,Vann,1200.0,,,1200.0,,6.0,Betong,,,POINT Z (74297.958 6462523.051 17.57),Enkel bilveg,,Kristiansand,Sirkulær,I bekk/elv,StikkKulv
659.0,1050.0,SF 2026,,1050.0,"Innsnevring med mindre dypde grunnet terskel i røret, mangler naturlig substrad, Stor stein fungerer som et hinder grunnet Lennard, kulverten kan gå naturlig sommertørr",,,,,,,,,,,,,,,,,,,,,Partiell,C,022-767-R,"Innsnevring med mindre dypde grunnet terskel i røret, mangler naturlig substrad, Stor stein fungerer som et hinder grunnet Lennard, kulverten kan gå naturlig sommertørr",Mandalsområdet_Mandalselva,løft bekk,022.321,86100915,dubl,,harmkmarkvegen,Harkmark bekkefelt bekk ved dostad,C,C1,120,plastrør,86100915.0,FV3980 S2D1 m4966,Vann,1200.0,,,1200.0,,12.13,Plast,,,POINT Z (65377.143 6457041.673 2.993),Enkel bilveg,,Lindesnes,Sirkulær,I bekk/elv,StikkKulv
660.0,1051.0,SF 2026,,1051.0,"To kulverter rett ved siden av hverandre, god vanntilførsel og vannmengde, ingen hinder",,,,,,,,,,,,,,,,,,,,,Ikke hinder,B,022-789-R,"To kulverter rett ved siden av hverandre, god vanntilførsel og vannmengde, ingen hinder",Mandalsområdet_Mandalselva,86101895 og 86101898 ,022.32A,86101895,980,,vei 439 ved aurebekkveien,Jåbekken bekkfelt,B,,120,plastrør,86101895.0,FV3984 S1D1 m61,Vann,1200.0,,,1200.0,,8.0,Plast,,,POINT Z (59635.277 6457324.461 7.111),Enkel bilveg,,Lindesnes,Sirkulær,I bekk/elv,StikkKulv
661.0,1052.0,SF 2026,,1052.0,"To kulverter rett ved siden av hverandre, god vanntilførsel og vannmengde, ingen hinder",,,,,,,,,,,,,,,,,,,,,Ikke hinder,B,022-789-R,"To kulverter rett ved siden av hverandre, god vanntilførsel og vannmengde, ingen hinder",Mandalsområdet_Mandalselva,ok,022.32A,86101898,dubl,,vei 439 ved aurebekkveien,Jåbekken bekkfelt,B,,120,plastrør,86101898.0,FV3984 S1D1 m60,Vann,1200.0,,,1200.0,,8.0,Plast,,,POINT Z (59635.431 6457323.525 7.12),Enkel bilveg,,Lindesnes,Sirkulær,I bekk/elv,StikkKulv
664.0,1055.0,SF 2026,,1055.0,2 til kulverter oppstrøms så også bra ut,,,,,,,,,,,,,,,,,,,,,Ikke hinder,B,022-767-R,2 til kulverter oppstrøms så også bra ut,Mandalsområdet_Mandalselva,sjekk fall ut,022.321,86102188,dubl,,tregdeveien 4228,"Harkmark bekkefelt, bekk fra lillestøltjørna",B,,130,betongrør,86102188.0,FV4228 S1D1 m7414,Vann,1200.0,,,1200.0,,16.0,Betong,,,POINT Z (64046.438 6455384.719 6.322),Enkel bilveg,,Lindesnes,Sirkulær,I bekk/elv,StikkKulv
665.0,1056.0,SF 2026,,1056.0,"20cm stup, ingen satsekulp, enkelt å fikse med noen steiner / lett oppdemning",,,,,,,,,,,,,,,,,,,,,Partiell,C ,022-767-R,"20cm stup, ingen satsekulp, enkelt å fikse med noen steiner / lett oppdemning",Mandalsområdet_Mandalselva,løft bekk,022.321,86102209,dubl,,tregdeveien 4228,Harkmark bekkefelt,C ,A1 A2 B1 ,120,betongrør,86102209.0,FV4228 S1D1 m6543,Vann,1200.0,,,1200.0,,20.0,Betong,,,POINT Z (63847.688 6454565.228 11.779),Enkel bilveg,,Lindesnes,Sirkulær,I bekk/elv,StikkKulv
677.0,1068.0,SF 2026,,1068.0,"lite stup nedstrøms ellers ok, sikkert bedre ved høyere vannstand",,,,,,,,,,,,,,,,,,,,,Partiell,C,022-874-R,"lite stup nedstrøms ellers ok, sikkert bedre ved høyere vannstand",Nodeland_Øyslebø,lite vann,022.AA1A,86105506,dubl,,Eiksåveien husnr. 130,Elv fra mjåvatnet,C,A2,120,betongrør,86105506.0,FV3976 S2D1 m8526,Vann,1200.0,,,1200.0,,8.0,Betong,,,POINT Z (64904.959 6471000.674 112.55),Enkel bilveg,,Lindesnes,Sirkulær,I bekk/elv,StikkKulv
699.0,1090.0,SF 2026,,1090.0,"Lite fall nedstrøms 10-20cm, ellers ok, fisk observert oppstrøms",,,,,,,,,,,,,,,,,,,,,Partiell,C,022-726-R,"Lite fall nedstrøms 10-20cm, ellers ok, fisk observert oppstrøms",Søgne_Tangvall,løft bekk,022.22Z,86113777,8271,,Kleivsetveien 3974 ved kryss til eikestølveien,Trysfjord bekkefelt ,C,A,110,betongrør,86113777.0,FV3974 S1D1 m2661,Vann,1200.0,,,1200.0,,10.0,Betong,,,POINT Z (69274.696 6464067.358 97.681),Enkel bilveg,,Kristiansand,Sirkulær,I bekk/elv,StikkKulv
706.0,1097.0,SF 2026,,1097.0,"store sprang inn og ut av kulverten, selve kulverten er OK men umulig for fisk å havne her i det heletatt. Ingen poeng i å ""fikse"" noe her",,,,,,,,,,,,,,,,,,,,,Absolutt,-,022-789-R,"store sprang inn og ut av kulverten, selve kulverten er OK men umulig for fisk å havne her i det heletatt. Ingen poeng i å ""fikse"" noe her",Mandalsområdet_Mandalselva,sjekk fisk,022.32A,86123519,9742,,vei 439 ved bergeåsen,Jåbekken bekkfelt,-,,90,,86123519.0,FV439 S4D1 m10015,Vann,1200.0,,,1200.0,,23.0,Betong,,,POINT Z (59284.261 6457202.5 9.359),Enkel bilveg,,Lindesnes,Sirkulær,,StikkKulv
749.0,1140.0,SF 2026,,1140.0,"ser ok ut, kan optimaliseres med dypål ettersom noen partier oppstrøms hadde lav vanstand, men ikke et umiddelbar hinder, fisk observert",,,,,,,,,,,,,,,,,,,,,Ikke hinder,B,023-137-R,"ser ok ut, kan optimaliseres med dypål ettersom noen partier oppstrøms hadde lav vanstand, men ikke et umiddelbar hinder, fisk observert",Audna Vigeland,ikke hinder,023.A21,86214588,91069,,Aurnedalveien 460 ved bombekken,Melhusfossen til kittelbekken bekkefelt,B,,140/120,to kulverter i firkanta naturstein,86214588.0,FV460 S2D1 m2963,Vann,,1200.0,1800.0,1200.0,Nei,3.15,Naturstein,,,POINT Z (49235.379 6465775.256 4.589),Enkel bilveg,målt fra vei,Lindesnes,Rektangulær,,StikkKulv
756.0,1147.0,SF 2026,,1147.0,ca. 70cm fall fra utløpet,,,,,,,,,,,,,,,,,,,,,Absolutt,D,023-94-R,ca. 70cm fall fra utløpet,Audna Vigeland,Helt håpløst høyt fall,023.B110,86331885,dubl,,Audnedalsveien v.Lelandsveien,Audna - helle til tryland bekkefelt,D,"A1, A2, B1, C3",120,Betongrør,86331885.0,FV460 S2D1 m17738,Vann,1200.0,1200.0,1200.0,1200.0,Nei,18.22,Betong,,Ja,POINT Z (50410.964 6478238.142 35.155),Enkel bilveg,geometri målt på topp av rør,Lindesnes,Sirkulær,I bekk/elv,StikkKulv
763.0,1154.0,SF 2026,,1154.0,ok,,,,,,,,,,,,,,,,,,,,,Ikke hinder,B,022-753-R,ok,Mandalsområdet_Mandalselva,ok,022.A21,152195075,dubl,,Heslandsveien v. rugland,Mandalselva - mandal til utløp bekkefelt,B,,120,betongrør,152195075.0,FV3996 S1D1 m1085,,1200.0,,,1200.0,,14.0,Betong,,,POINT Z (53988.317 6458994.068 81.25),Enkel bilveg,,Lindesnes,Sirkulær,,StikkKulv
786.0,1177.0,SF 2026,,1177.0,"ikke mulig å kontrollere, for mye vegetasjon for å si noe fornuftig",,,,,,,,,,,,,,,,,,,,,Ikke hinder,B,022-677-R,To rør rett ved siden av hverandre.Ok kulvert med ok vann til å være midt på sommeren. Trenger kunn vedlikehold i form av rydding av kvister og greiner og slikt,Brennåsen til Hægeland, og 815353628,022.1BZ,815353627,dubl,,Songdalsveien v. Nedstrøms spikkevann,Gumpedalselva  ,B,,120,delvis nedgravd betongrør,815353627.0,FV461 S2D1 m2571,Vann,1200.0,,,1200.0,,,Betong,,,POINT Z (70172.697 6480888.893 244.264),Enkel bilveg,,Kristiansand,Sirkulær,I bekk/elv,StikkKulv
787.0,1178.0,SF 2026,,1178.0,To rør rett ved siden av hverandre.Ok kulvert med ok vann til å være midt på sommeren. Trenger kunn vedlikehold i form av rydding av kvister og greiner og slikt,,,,,,,,,,,,,,,,,,,,,Ikke hinder,B,022-677-R,To rør rett ved siden av hverandre.Ok kulvert med ok vann til å være midt på sommeren. Trenger kunn vedlikehold i form av rydding av kvister og greiner og slikt,Brennåsen til Hægeland,ok,022.1BZ,815353628,1,,Songdalsveien v. Nedstrøms spikkevann,Gumpedalselva  ,B,,120,delvis nedgravd betongrør,815353628.0,FV461 S2D1 m2573,Vann,1200.0,,,1200.0,,,Betong,,,POINT Z (70171.444 6480890.421 244.284),Enkel bilveg,,Kristiansand,Sirkulær,I bekk/elv,StikkKulv
788.0,1179.0,SF 2026,,1179.0,To rør rett ved siden av hverandre.Ok kulvert med ok vann til å være midt på sommeren. Trenger kunn vedlikehold i form av rydding av kvister og greiner og slikt,,,,,,,,,,,,,,,,,,,,,Absolutt,D,022-678-R,"Høy stigning oppstrøms utgjør et absolut hinder, ~50cm hopp fra kulvertutløp til bekken og ingen satsekulp",Brennåsen til Hægeland,løft bekk,022.1BZ,815353645,17,,Songdalsveien v. Grødal,Gumpedalselva bekkefelt,D,"A1,A2,B1,C1",~100,Betongrør,815353645.0,FV461 S1D1 m15094,Vann,1000.0,,,1000.0,,,Betong,,,POINT Z (72747.463 6477974.326 121.608),Enkel bilveg,,Kristiansand,Sirkulær,I bekk/elv,StikkKulv
798.0,1189.0,SF 2026,,1189.0,"lite vann nå men grunneier mener det er mer på høsten, lite flomrør på siden. Husene oppstrøms er ikke tilknyttet avløp og benytter bekken til det. Ved lavvan er det er terskel nedstrøms. ",,,,,,,,,,,,,,,,,,,,,Absolutt,-,022-663-R,vanskelig å vurdere grunnet høydeforskjell og vegetasjon. Ikke forsvarlig å klartre ned. Bekken fører i hvert fall vann. ,,ingen foto,022.ABZ,1007467883,dubl,,Brelandsveien v. Gunnarsholmen,Høyevatnet bekkefelt,-,,,,1007467883.0,FV4238 S2D1 m8225,Vann,1200.0,,,1200.0,,13.08,Betong,,Ja,POINT Z (66322.107 6474889.359 121.878),Enkel bilveg,,Lindesnes,Sirkulær,I bekk/elv,StikkKulv
805.0,1196.0,SF 2026,,1196.0,"Lav vannføring, men god plasering av kulvert, mangler naturlig substrat. Kan også ha med høyvann og lavvann å gjøre ettersom denne ligger i saltvann. Ser ingen problemer for fiskeføring dersom den generelle vanst\anden ikkke var lav. Ok dypde i bekken oppstrøms, vanskelig å se kulverten oppstrøms pga vegetsjon derfor kun bilde nedstrøms",,,,,,,,,,,,,,,,,,,,,Ikke hinder,C/D,022-815-R,"Tørr på oversiden, vannhastigheten hadde vært for høy dersom det hadde vært nok vann fordi kulverten er skrå",Mandalsområdet_Mandalselva,er det fisk her,022.A3Z,1021363380,dubl,,haddelandsveien 4000,Mandalselva - øyslebø til mandal bekkefelt,C/D,C1 C3,90,plastrør,1021363380.0,FV4226 S1D1 m2406,Vann,1200.0,,,1200.0,,7.7,Betong,,Ja,POINT Z (57423.737 6458444.08 1.723),Enkel bilveg,,Lindesnes,Sirkulær,I bekk/elv,StikkKulv
697.0,1088.0,SF 2026,,1088.0,"absolutte hinder nedstrøms v. 86104177 , derav ble denne kulverten ikke inspisert",,,,,,,,,,,,,,,,,,,,,nedstr hinder,-,021-1504-R,"absolutte hinder nedstrøms v. 86104177 , derav ble denne kulverten ikke inspisert",,ingen foto,021.A6B,86110510,-935252870,,Ropstadveien,Røykneselva bekkefelt,-,-,-,-,86110510.0,FV3930 S1D1 m155,Vann,1300.0,,,1300.0,,7.0,Plast,,,POINT Z (78963.999 6487955.713 237.351),Enkel bilveg,,Vennesla,Sirkulær,I bekk/elv,StikkKulv
704.0,1095.0,SF 2026,,1095.0,"Noe lav vannstand, ellers ok",,,,,,,,,,,,,,,,,,,,,Ikke hinder,B,022-775-R,"Noe lav vannstand, ellers ok",Søgne_Tangvall,lag dypål,022.2A,86118205,dubl,,"loneveien 3975, ved lunde skole",Trerråna nedlagt kraftverksdam til lundelva,B,(C1),170,firkant betong,86118205.0,FV3975 S1D1 m2763,Vann,,1300.0,1400.0,1300.0,,12.0,Betong,,,POINT Z (74292.046 6462198.392 3.888),Enkel bilveg,,Kristiansand,Rektangulær,,StikkKulv
315.0,315.0,320,ok,,"Fin kulvert, ser fisk. Ikke hinder. ",,0,0,0.0,Grimstad ,,"466 854,967","6 468 356,549",,,,,,,,,,,,,Ikke hinder,,019-488-R,0,,,019.2D,84426615,dubl,,,Reddalsåna,,,,,84426615.0,FV3596 S2D1 m2466,Vann,1400.0,,,1400.0,,15.0,Betong,,,POINT Z (116088.549 6486993.091 76.731),Enkel bilveg,,Grimstad,,,StikkKulv
615.0,1006.0,SF 2026,,1006.0,fører bra med vann på tross av generell tørke for tiden. Fisk observert både opp og nedstrøms. Mangler kun naturlig substrat i kulverten,,,,,,,,,,,,,,,,,,,,,Ikke hinder,B,019-488-R,fører bra med vann på tross av generell tørke for tiden. Fisk observert både opp og nedstrøms. Mangler kun naturlig substrat i kulverten,Grimstad til Birkeland,ok,019.2D,84426615,dubl,,Reddal 3596 v. Rossdalen,"Reddalsåna, bekkefelt",B,,120,dobbel betongrør,84426615.0,FV3596 S2D1 m2466,Vann,1400.0,,,1400.0,,15.0,Betong,,,POINT Z (116088.549 6486993.091 76.731),Enkel bilveg,,Grimstad,,,StikkKulv
655.0,1046.0,SF 2026,,1046.0,"Fisk observert her også, fin bekk",,,,,,,,,,,,,,,,,,,,,Ikke hinder,B,022-726-R,"Fisk observert her også, fin bekk",Søgne_Tangvall,ok,022.22Z,86099240,dubl,,Kleivsetveien 3974 100 meter videre fra 86113777,Trysfjord bekkefelt ,B,,140,betongrør,86099240.0,FV3974 S1D1 m2523,Vann,1400.0,,,1400.0,,12.0,Betong,,,POINT Z (69390.371 6464002.084 102.79),Enkel bilveg,,Kristiansand,Sirkulær,I bekk/elv,StikkKulv
667.0,1058.0,SF 2026,,1058.0,"10cm stup, men mulig å ta sats. Vanskelig for ål ",,,,,,,,,,,,,,,,,,,,,Ikke hinder,B,022-801-R,"10cm stup, men mulig å ta sats. Vanskelig for ål ",Mandalsområdet_Mandalselva,trenger terskler,022.322,86103120,dubl,,tregdeveien innkjørsel til kigeveien,Mannefjorden bekkefelt,B,,150,rund betongrør,86103120.0,FV4228 S1D1 m1204,Vann,1400.0,,,1400.0,,9.0,Betong,,,POINT Z (59288.417 6454493.185 7.434),Enkel bilveg,,Lindesnes,Sirkulær,I bekk/elv,StikkKulv
789.0,1180.0,SF 2026,,1180.0,"Høy stigning oppstrøms utgjør et absolut hinder, ~50cm hopp fra kulvertutløp til bekken og ingen satsekulp",,,,,,,,,,,,,,,,,,,,,Ikke hinder,B,022-678-R,"Lite oppfangsbekken i oppstøms og jevn vannstand i kulverten, oppvandring avhenger av passasje av kulvert nedstrøms (815353690)",Brennåsen til Hægeland,ok,022.1BZ,815353658,729250538,,Songdalsvegen v. Øygården,Gumpedalselva bekkefelt,B,,100,Betongrør,815353658.0,FV461 S1D1 m13517,Vann,1000.0,,,1000.0,,,Betong,,,POINT Z (73740.452 6476780.249 102.951),Enkel bilveg,,Kristiansand,Sirkulær,I bekk/elv,StikkKulv
690.0,1081.0,SF 2026,,1081.0,"ok, litt steinete oppstrøms, jevn dypde på 20cm. Ikke mulig å ta bilde nedstrøms, fisk observert oppstrøm",,,,,,,,,,,,,,,,,,,,,Ikke hinder,B,022-840-R,"ok, litt steinete oppstrøms, jevn dypde på 20cm. Ikke mulig å ta bilde nedstrøms, fisk observert oppstrøm",Nodeland_Øyslebø,ok,022.1B2,86107821,-729245837,,Tronstadvegen 4238 to hundre meter opp fra 86107836,Songdalselva bekkefelt,B,,140,betongrør,86107821.0,FV4238 S1D1 m1419,Vann,1400.0,,,1400.0,,8.7,Betong,,,POINT Z (77642.661 6468764.07 33.649),Enkel bilveg,,Kristiansand,Sirkulær,I bekk/elv,StikkKulv
703.0,1094.0,SF 2026,,1094.0,Observert fisk nedstrøms som ikke kom seg videre,,,,,,,,,,,,,,,,,,,,,Absolutt,D,021-1232-R,Observert fisk nedstrøms som ikke kom seg videre,Tovdalselva,løft bekk,021.A21,86117683,9862,,ravnåsvegen ,Otra,D,"A1, A2, C1",140,"40-50cm hopp, lite vann",86117683.0,FV3920 S2D1 m1311,Vann,1400.0,,,1400.0,,17.57,Betong,,,POINT Z (85836.256 6477527.059 7.383),Enkel bilveg,,Vennesla,Sirkulær,I bekk/elv,StikkKulv
707.0,1098.0,SF 2026,,1098.0,"store sprang inn og ut av kulverten, selve kulverten er OK men umulig for fisk å havne her i det heletatt. Ingen poeng i å ""fikse"" noe her",,,,,,,,,,,,,,,,,,,,,Absolutt,-,022-789-R,"store sprang inn og ut av kulverten, selve kulverten er OK men umulig for fisk å havne her i det heletatt. Ingen poeng i å ""fikse"" noe her",Mandalsområdet_Mandalselva,"ok, utgår",022.32A,86123538,5855,,vei 439 ved storakerveien,Jåbekken bekkfelt,-,,140,betongrør,86123538.0,FV439 S4D1 m9238,Vann,1400.0,,,1400.0,,25.0,Betong,,,POINT Z (60041.632 6457357.465 10.759),Enkel bilveg,,Lindesnes,Sirkulær,,StikkKulv
708.0,1099.0,SF 2026,,1099.0,"selve kulverten er fin, men det er et umiddelbar hinder i form av en foss ca 30m oppstrøms",,,,,,,,,,,,,,,,,,,,,Ikke hinder,B,022-775-R,"selve kulverten er fin, men det er et umiddelbar hinder i form av en foss ca 30m oppstrøms",Søgne_Tangvall,foss oppstrøms,022.2A,86124928,1390,,vei 439 ved stemveien,Lundelva bekkefelt,B,,140/100,To betongrør i forskjellig størrelse,86124928.0,FV439 S2D1 m2244,Vann,1400.0,1400.0,1400.0,1400.0,,32.0,Betong,,,POINT Z (76520.812 6462214.418 17.991),Enkel bilveg,,Kristiansand,Sirkulær,,StikkKulv
774.0,1165.0,SF 2026,,1165.0,ikke funnet,,,,,,,,,,,,,,,,,,,,,Partiell,C,024-482-R,"en liten terskel for å komme inn i røret nedstrøms ~10cm, foss rett oppstrøms",Lyngdal Farsund Vanse,løft bekk,024.44Z,305814794,219689866,,Åptaveien v. Kvåle,Åptafjorden bekkefelt,C,"C1, A1,A2",110,betongrør,305814794.0,FV465 S2D1 m9950,Vann,1000.0,,,1000.0,Nei,26.06,Betong,,,POINT Z (18228.177 6478268.216 2.502),Enkel bilveg,,Farsund,Sirkulær,,StikkKulv
746.0,1137.0,SF 2026,,1137.0,"~20cm terskel ved utløp, lite vandstand, forhold for vandring kan endres ved økt vannføring",,,,,,,,,,,,,,,,,,,,,Partiell,C,023-131-R,"~20cm terskel ved utløp, lite vandstand, forhold for vandring kan endres ved økt vannføring",Audna Vigeland,86331911  og 86200681,023.A22,86200681,-219614113,,Audnedalsveien v.Ormgrovbekk,Audna-Tryland til Spilling bekkefelt,C,"A1,A2,A3,C1,B1",120,betongrør,86200681.0,FV460 S2D1 m14324,Vann,1400.0,,,1400.0,,12.0,Betong,,,POINT Z (51125.037 6475272.221 30.786),Enkel bilveg,,Lindesnes,Sirkulær,,StikkKulv
754.0,1145.0,SF 2026,,1145.0,"ingen vannføring ved befaring og derav vanskelig å bedømme, steiner forran utløpet kan potensielt danne et hinder",,,,,,,,,,,,,,,,,,,,,Absolutt,-,023-94-R,"ingen vannføring ved befaring og derav vanskelig å bedømme, steiner forran utløpet kan potensielt danne et hinder",Audna Vigeland,Helt tørr????,023.B110,86331839,dubl,,Audnedalsveien v.Bordal,Audna - helle til tryland bekkefelt,-,C1,160,Betongrør,86331839.0,FV460 S2D1 m23296,Vann,1400.0,,,1400.0,,9.0,Betong,,,POINT Z (51753.828 6483162.449 70.453),Enkel bilveg,,Lyngdal,Sirkulær,,StikkKulv
758.0,1149.0,SF 2026,,1149.0,"~20cm terskel ved utløp, lite vandstand, forhold for vandring kan endres ved økt vannføring",,,,,,,,,,,,,,,,,,,,,Partiell,C,023-131-R,"~20cm terskel ved utløp, lite vandstand, forhold for vandring kan endres ved økt vannføring",Audna Vigeland,Fall ut av kulvert. Mangler kult. 8633111911 og 86200681,023.A22,86331911,72,,Audnedalsveien v.Ormgrovbekk,Audna-Tryland til Spilling bekkefelt,C,"A1,A2,A3,C1,B1",120,betongrør,86331911.0,FV460 S2D1 m14322,Vann,1400.0,,,1400.0,,12.0,Betong,,,POINT Z (51126.393 6475270.757 30.802),Enkel bilveg,,Lindesnes,Sirkulær,,StikkKulv
761.0,1152.0,SF 2026,,1152.0,"skarpe kanter av sprøytebetong nedstrøms, mulig noe lavvann grunnet sommer",,,,,,,,,,,,,,,,,,,,,Ikke hinder,B,023-137-R,"skarpe kanter av sprøytebetong nedstrøms, mulig noe lavvann grunnet sommer",Audna Vigeland,ikke hinder,023.A21,86331993,82,,Audnedalsveien 460 ved melhus,Melhusfossen til kittelbekken bekkefelt,B,,140,betongrør,86331993.0,FV460 S2D1 m5132,Vann,1400.0,,1000.0,1400.0,Nei,8.37,Betong,,Ja,POINT Z (49555.35 6467830.406 7.944),Enkel bilveg,kulvert målt topp vei,Lindesnes,Sirkulær,I bekk/elv,StikkKulv
790.0,1181.0,SF 2026,,1181.0,"Lite oppfangsbekken i oppstøms og jevn vannstand i kulverten, oppvandring avhenger av passasje av kulvert nedstrøms (815353690)",,,,,,,,,,,,,,,,,,,,,Ikke hinder,-,022-673-R,"Denne er ikke i bruk, fører ikke vann og det ser ikke ut som om den kommer til å gjøre den heller, spor av en bekk som kanskje var der gode 100 år siden. Ligger i tillegg for høyt til at den nærliggende elva har noe bruk for den. ",Brennåsen til Hægeland,Mangler i rådata,022.1C4,815353673,729021680,,Songdalsveien v. Underåsen,Songa,-,,100,Betongrør,815353673.0,FV461 S1D1 m11633,Vann,1000.0,,,1000.0,,,Betong,,,POINT Z (75120.423 6475833.674 51.116),Enkel bilveg,,Kristiansand,Sirkulær,I bekk/elv,StikkKulv
643.0,1034.0,SF 2026,,1034.0,"bra, naturlig substrat på bunnen og fisk observert på begge sider. Er ikke dette en bru?",,,,,,,,,,,,,,,,,,,,,Ikke hinder,B,019-536-R,"bra, naturlig substrat på bunnen og fisk observert på begge sider. Er ikke dette en bru?",Grimstad til Birkeland,ok,019.AD,84451351,-730902322,,Birkelandsveien 3744 v. granemyra,Auslandvatnet utløpselv,B,,300,firkant betong,84451351.0,FV3744 S2D1 m5352,Vann,,1500.0,1000.0,1500.0,,,Betong,,,POINT Z (114109.137 6489987.979 150.111),Enkel bilveg,,Grimstad,,,StikkKulv
560.0,560.0,565,ok,,"Mye trafikk, derfor kort kartlegging. Bekk så bratt oppstrøms, at dette er et naturlig hinder. Kulvert ok.",,0,0,0.0,Bykle ,Nei,"414 092,037","6 571 229,809",,,,,,,,,,,,,Ikke hinder,Nei,021-1274-R,0,,,021.F53Z,84710201,258850,,,Otra - Bykil til Flåren bekkfelt,,,,,84710201.0,FV450 S8D1 m5403,Vann,1500.0,,,1500.0,Nei,8.0,Betong,,,POINT Z (72689.59 6594375.122 628.589),Enkel bilveg,,Valle,Sirkulær,,StikkKulv
687.0,1078.0,SF 2026,,1078.0,"fisk observert nedstrøms, fin bekk oppstrøms, utgjør et stor hinder for fisk grunnet høy vannhastighet og lav vannstand grunnet støpbetong og en plate som blokkerer nedstrøms. Noe usikker hvordan dette påvirker vandring ved høy vannstand. På nedstrømsbilde ser man en stor stein/plate med et par millimeter vann på. ",,,,,,,,,,,,,,,,,,,,,Absolutt,D/C,022-696-R,"fisk observert nedstrøms, fin bekk oppstrøms, utgjør et stor hinder for fisk grunnet høy vannhastighet og lav vannstand grunnet støpbetong og en plate som blokkerer nedstrøms. Noe usikker hvordan dette påvirker vandring ved høy vannstand. På nedstrømsbilde ser man en stor stein/plate med et par millimeter vann på. ",Nodeland_Øyslebø,ser ok ut,022.2B0,86107626,1397425,,Tronstadvegen 4238 direkte v. Tronstadvannet på høyre siden,Trondstadvatnet bekkefelt,D/C,"C1, ",180,firkanta betong,86107626.0,FV4238 S1D1 m6293,Vann,,1500.0,1100.0,1500.0,,5.99,Naturstein,,,POINT Z (74317.509 6470932.976 43.11),Enkel bilveg,,Kristiansand,Rektangulær,I bekk/elv,StikkKulv
752.0,1143.0,SF 2026,,1143.0,"Grunneier postive til forbedring, vanskelig å se andre oppstrømsiden av kulverten",,,,,,,,,,,,,,,,,,,,,Absolutt,D,021-1232-R,"Grunneier postive til forbedring, vanskelig å se andre oppstrømsiden av kulverten",Tovdalselva,gitter,021.A21,86227000,119374,,riksveg 9,Otra,D,"B1, C2, C3 (D)",150,"ingen satskulp, høy strømhastig, lav vannstand, gitter over bekken",86227000.0,RV9 S1D1 m8437,Vann,,1500.0,1800.0,1500.0,,60.0,Betong,,,POINT Z (84670.459 6473404.041 22.401),Enkel bilveg,,Kristiansand,Rektangulær,,StikkKulv
813.0,1204.0,SF 2026,,1204.0,Vandringshinder,,,,,,,,,,,,,,,,,,,,,Neppe fiskeførende,B,024-515-R,ok kulvert men vandringshinder i forbindelse med oppdemning av drikkevannplass,,ingen foto,024.2B,1026127217,939900217,,Jåsundveien,Austadbekken,B,,150,firkanta betong,1026127217.0,FV4078 S2D1 m8134,Vann,,1500.0,2500.0,1500.0,Nei,8.97,Betong,,Ja,POINT Z (33994.893 6468605.592 113.435),Enkel bilveg,,Lyngdal,Rektangulær,I bekk/elv,StikkKulv
316.0,316.0,321,ok,,"Fin oppstrøms, veldig høyt til kulvert. Noe hinder, mulig barriere. Men noe fisk bør kunne passere ved høy vannføring.",,0,0,0.0,Nygrenda 3596 (mulig bekk ender i Reddalsvannet),Ja,"466 201,016","6 467 906,506",,,,,,,,,,,,,Absolutt,Ja,019-488-R,0,,,019.2D,84426600,dubl,,,"Reddalsåna, bekkefelt",,,,,84426600.0,FV3596 S2D1 m3505,Vann,1600.0,,,1600.0,,15.0,Betong,,,POINT Z (115390.462 6486583.423 168.941),Enkel bilveg,,Grimstad,Sirkulær,,StikkKulv
614.0,1005.0,SF 2026,,1005.0,"lite vannføring og stort terskel uten statsekulp, absolutt vandringshinder",,,,,,,,,,,,,,,,,,,,,Absolutt,D,019-488-R,"lite vannføring og stort terskel uten statsekulp, absolutt vandringshinder",Grimstad til Birkeland,stort sprang ingen kultp,019.2D,84426600,dubl,,nygrenda ,"Reddalsåna, bekkefelt",D,"A1, A2, B1, C1",170,betongrør,84426600.0,FV3596 S2D1 m3505,Vann,1600.0,,,1600.0,,15.0,Betong,,,POINT Z (115390.462 6486583.423 168.941),Enkel bilveg,,Grimstad,Sirkulær,,StikkKulv
641.0,1032.0,SF 2026,,1032.0,"naturlig substrat, bra kulvert men veldig tørr nå. Ok med høyere vanstand",,,,,,,,,,,,,,,,,,,,,Ikke hinder,B/C,020-356-R,"naturlig substrat, bra kulvert men veldig tørr nå. Ok med høyere vanstand",Grimstad til Birkeland,ok,020.B2Z,84451140,dubl,,Hobbeslandveien 3744 v. husnr. 163,Tovdalselva herefossfjorden - flakksvatn bekkefelt,B/C,,200,firkant betong,84451140.0,FV3744 S1D1 m1510,Vann,,1600.0,1600.0,1600.0,,,Betong,,,POINT Z (105938.833 6487169.561 137.908),Enkel bilveg,,Birkenes,,,StikkKulv
709.0,1100.0,SF 2026,,1100.0,"Bekken graver under kulverten, lav vannstand i selve røret (2-3) cm, hopp på 30-40 nedstrøms",,,,,,,,,,,,,,,,,,,,,Partiell,C,020-433-R,"Bekken graver under kulverten, lav vannstand i selve røret (2-3) cm, hopp på 30-40 nedstrøms",Tovdalselva,bekken går under,020.A6,86126250,dubl,,Fosseveien ,jordfallbekken,C,"A1, A2, A3, C1",160,Rund plastrør,86126250.0,FV3748 S1D1 m3223,Vann,1600.0,,,1600.0,Nei,,Plast,,,POINT Z (99417.974 6478848.872 22.089),Enkel bilveg,,Kristiansand,Sirkulær,I bekk/elv,StikkKulv
765.0,1156.0,SF 2026,,1156.0,"engasjert nabo mener ikke fisk gyter her, men vi ser ingen grunn for at de ikke skal det. Litt lav vannstand men dette var det laveste det blir ifølge fyren, fremdeles 20cm, stillestående vann så litt usikker på opp og nedstrømssiden",,,,,,,,,,,,,,,,,,,,,Ikke hinder,B,023-137-R,"engasjert nabo mener ikke fisk gyter her, men vi ser ingen grunn for at de ikke skal det. Litt lav vannstand men dette var det laveste det blir ifølge fyren, fremdeles 20cm, stillestående vann så litt usikker på opp og nedstrømssiden",Audna Vigeland,ikke hinder,023.A21,223776607,137650357,,"Vallemoen 4058, ved abildsnesbekken",Melhusfossen til kittelbekken bekkefelt,B,,150,firkant betong,223776607.0,FV4058 S1D1 m1060,Vann,,1600.0,1600.0,1600.0,,3.95,Betong,,,POINT Z (47532.809 6465077.596 2.885),Enkel bilveg,Målt topp veg,Lindesnes,,,StikkKulv
800.0,1191.0,SF 2026,,1191.0,"Glemte å ta bilde men denne var fin! Dyp nok vann til å være sommertørt pga djupål, naturlig substrat ok vannstrømm og fisk observert på begge sider av kulverten",,,,,,,,,,,,,,,,,,,,,Ikke hinder,B,022-783-R,"god vandstand gjennom hele kulverten, lite stømning",Søgne_Tangvall,1014876244 og 1014876245,022.221,1014876244,791099637,,Leireveien ved Ausvigheia 3972,Torvefjorden bekkefelt,B,,170,nedgravde helrør i betong,1014876244.0,FV3972 S3D1 m6181,Vann,1600.0,,,1600.0,,,Betong,,,POINT Z (73886.103 6460207.235 3.813),Enkel bilveg,,Kristiansand,Sirkulær,I bekk/elv,StikkKulv
801.0,1192.0,SF 2026,,1192.0,"god vandstand gjennom hele kulverten, lite stømning",,,,,,,,,,,,,,,,,,,,,Ikke hinder,B,022-783-R,"god vandstand gjennom hele kulverten, lite strømning, usikker på opp og nedstrømsside pga stillestående vann",Søgne_Tangvall,ok 1014876244  og 1014876245,022.221,1014876245,dubl,,Leireveien ved Ausvigheia 3972,Torvefjorden bekkefelt,B,,170,nedgravde helrør i betong,1014876245.0,FV3972 S3D1 m6179,Vann,1600.0,,,1600.0,,,Betong,,,POINT Z (73885.197 6460205.301 3.829),Enkel bilveg,,Kristiansand,Sirkulær,I bekk/elv,StikkKulv
662.0,1053.0,SF 2026,,1053.0,fint,,,,,,,,,,,,,,,,,,,,,Ikke hinder,B,022-767-R,fint,Mandalsområdet_Mandalselva,OK,022.321,86102149,dubl,,tregdeveien 4228,Harkmark bekkefelt bekk til osnesvatnet,B,,220,firkant naturstein,86102149.0,FV4228 S1D1 m9761,Vann,,1800.0,2000.0,1800.0,,7.0,Naturstein,,,POINT Z (64142.812 6457169.669 6.035),Enkel bilveg,,Lindesnes,Rektangulær,I bekk/elv,StikkKulv
775.0,1166.0,SF 2026,,1166.0,"en liten terskel for å komme inn i røret nedstrøms ~10cm, foss rett oppstrøms",,,,,,,,,,,,,,,,,,,,,Ikke hinder,B,024-523-R,"god vannstrøm, stillestående vanskelig å se hva som er opp og ned strøms",Lyngdal Farsund Vanse,ok,024.31Z,323655823,237553674,,Lyngdalsveien v. veikryss til vestre spindsvei,Lyngdalsfjord-ytre bekkefelt,B,,100,betong ,323655823.0,FV43 S3D1 m2523,,800.0,,,800.0,,21.0,Betong,,,POINT Z (19972.061 6469001.081 23.313),Enkel bilveg,,Farsund,,,StikkKulv
742.0,1133.0,SF 2026,,1133.0,"Liten sats fra elva inn i kulverten som ikke gjør den egna til ål. Ellers ok, naturlig substrat på bunnen, morsom løsning med improvisert djupål",,,,,,,,,,,,,,,,,,,,,Partiell,C,022-815-R,"Liten sats fra elva inn i kulverten som ikke gjør den egna til ål. Ellers ok, naturlig substrat på bunnen, morsom løsning med improvisert djupål",Mandalsområdet_Mandalselva,ok,022.A3Z,86189078,-237466745,,Daleveien ved urdalsbekken,Mandalselva - øyslebø til mandal bekkefelt,C,"A2, ",150,plastrør med betong i bunn som lager dypål,86189078.0,FV4226 S1D1 m5773,Vann,1800.0,,,1800.0,,12.0,Stål,,,POINT Z (58936.591 6461326.452 2.713),Enkel bilveg,,Lindesnes,Sirkulær,I bekk/elv,StikkKulv
750.0,1141.0,SF 2026,,1141.0,"Lagt inn ufullstendige demninger for å senke vannhastigheten,  ikke mulig å ta bilde oppstrøms, lite stup som gjør det vanskelig å komme seg inn i kulverten, mangler dyp nok statskulp (mulig dette er bedre med høyere vannstand, idag så det ut som den var ganske lav i mandalselva også). Godt tenkt men kan forbedres enkelt med statskulp og evt oppdemning ved inngangen til kulverten",,,,,,,,,,,,,,,,,,,,,Partiell,C,022-815-R,"Lagt inn ufullstendige demninger for å senke vannhastigheten,  ikke mulig å ta bilde oppstrøms, lite stup som gjør det vanskelig å komme seg inn i kulverten, mangler dyp nok statskulp (mulig dette er bedre med høyere vannstand, idag så det ut som den var ganske lav i mandalselva også). Godt tenkt men kan forbedres enkelt med statskulp og evt oppdemning ved inngangen til kulverten",Mandalsområdet_Mandalselva,sjekk terskler,022.A3Z,86216562,27484,,marnarveien 455 ved andre siden av elva i forhold til katteneset,Mandalselva - øyslebø til mandal bekkefelt,C,"A2,A3, B1",240,firkant betong,86216562.0,FV455 S2D1 m1245,Vann,,1900.0,2500.0,1900.0,,21.0,Betong,,,POINT Z (60929.59 6465572.399 14.902),Enkel bilveg,,Lindesnes,Rektangulær,,StikkKulv
620.0,1011.0,SF 2026,,1011.0,fint,,,,,,,,,,,,,,,,,,,,,Ikke hinder,B,019-584-R,fint,Grimstad til Birkeland,ok,019.2Z,84429179,-1787383,,Reddalveien 3596 i svingen før Landvik,Landviksbekken,B,,100 opp 200 ned,betongrør opp naturstein ned,84429179.0,FV3596 S1D1 m2081,,,2000.0,2000.0,2000.0,,25.0,Naturstein,,,POINT Z (121201.378 6484949.727 8.328),Enkel bilveg,,Grimstad,,,StikkKulv
630.0,1021.0,SF 2026,,1021.0,"Litt lav vannstand, ingenting som reduserer vannfart i kulvert, litt hopp ca 20cm (steinplate), noe flere hopp oppstrøm fra kulverten ",,,,,,,,,,,,,,,,,,,,,Partiell,C,020-433-R,"Litt lav vannstand, ingenting som reduserer vannfart i kulvert, litt hopp ca 20cm (steinplate), noe flere hopp oppstrøm fra kulverten ",Tovdalselva,fall ut ,020.A6,84450391,dubl,,urdalsvegen vei 3750,toppdalselva bekkefelt,C,"A2, C2, ",210,Rund plastrør,84450391.0,FV3750 S1D1 m1746,,2000.0,,,2000.0,,,Stål,,,POINT Z (100534.344 6484177.088 68.421),Enkel bilveg,,Birkenes,,,StikkKulv
631.0,1022.0,SF 2026,,1022.0,,,,,,,,,,,,,,,,,,,,,,Ikke hinder,B,020-433-R,,Tovdalselva,ok,020.A6,84450394,dubl,,urdalsvegen vei 3750,toppdalselva bekkefelt,B,,190,Rund betong,84450394.0,FV3750 S1D1 m1663,,2000.0,,,2000.0,,,Betong,,,POINT Z (100615.62 6484186.789 61.575),Enkel bilveg,,Birkenes,,,StikkKulv
633.0,1024.0,SF 2026,,1024.0,"Lite vannføring og flater uten kulp. En bru lenger nedstrøms kan også tenkes å være et absolutt hinder, følgelig er ikke kulvertene oppstøms relevante i forhold til videre fiskevandring",,,,,,,,,,,,,,,,,,,,,Nedstr hinder,D,020-433-R,"Lite vannføring og flater uten kulp. En bru lenger nedstrøms kan også tenkes å være et absolutt hinder, følgelig er ikke kulvertene oppstøms relevante i forhold til videre fiskevandring",Tovdalselva,sjekk,020.A6,84450473,dubl,,Røynåsveien v.nr. 3658,Topdalselva bekkefelt,D,"A2, B1,C1",~100,,84450473.0,FV3658 S2D1 m4124,Vann,,2000.0,1000.0,2000.0,,,Betong,,,POINT Z (100525.092 6479698.821 73.149),Enkel bilveg,,Birkenes,,,StikkKulv
301.0,301.0,306,finner ikke,,"Ikke mulig å vandre opp fra elv, men en del fisk vil sikkert kunne komme ned til elv, men ikke opp. Kulvert fin ",Nei,0,0,0.0,Birkenes ,Nei,"452 034,549","6 459 722,731",,,,,,,,,,,,,Nedstr hinder,Nei,020-433-R,0,,,020.A6,84450473,dubl,,,,,,,,84450473.0,FV3658 S2D1 m4124,Vann,,2000.0,1000.0,2000.0,,,Betong,,,POINT Z (100525.092 6479698.821 73.149),Enkel bilveg,,Birkenes,,,StikkKulv
645.0,1036.0,SF 2026,,1036.0,fint,,,,,,,,,,,,,,,,,,,,,Ikke hinder,B,019-536-R,fint,Grimstad til Birkeland,ok,019.AD,84451381,908,,Birkelandsveien 3744 v. granemyra,Auslandvatnet utløpselv,B,,250,naturstein,84451381.0,FV3744 S2D1 m4618,Vann,,2000.0,1500.0,2000.0,,,Naturstein,,,POINT Z (113436.352 6489813.807 176.039),Enkel bilveg,,Grimstad,,,StikkKulv
646.0,1037.0,SF 2026,,1037.0,fint,,,,,,,,,,,,,,,,,,,,,Ikke hinder,B,019-538-R,fint,Grimstad til Birkeland,ok,019.2E,84451387,6,,Birkelandsveien 3744 v. Søyletjenn,Auslandvatnet bekkefelt,B,,200,naturstein,84451387.0,FV3744 S2D1 m3895,Vann,,2000.0,1000.0,2000.0,,,Naturstein,,Ja,POINT Z (112771.381 6489596.363 191.548),Enkel bilveg,,Grimstad,,,StikkKulv
647.0,1038.0,SF 2026,,1038.0,"Lav vannføring som er vandringshinder ok, bedre med mer vann derfor partiell",,,,,,,,,,,,,,,,,,,,,Partiell,C,020-259-R,"Lav vannføring som er vandringshinder ok, bedre med mer vann derfor partiell",Grimstad til Birkeland,Muligens OK,020.1C,84451432,dubl,,"Birkelandsveien 3744, øst for hundsvatn","Stigelva, bekkefelt",C,C1,170,naturstein,84451432.0,FV3744 S2D1 m1589,Vann,,2000.0,1500.0,2000.0,,,Naturstein,,,POINT Z (110903.09 6488514.26 187.451),Enkel bilveg,,Grimstad,,,StikkKulv
648.0,1039.0,SF 2026,,1039.0,"Mangler naturlig substrat, vannføring er såpass lav at fisk ikke kan passere på nåværende tidspunkt, utfra kantene å bedømme er det vanligvis høyere vannstand ellers i året og det vil da ikke være noe problem for fiskevandring",,,,,,,,,,,,,,,,,,,,,Partiell,C,019-493-R,"Mangler naturlig substrat, vannføring er såpass lav at fisk ikke kan passere på nåværende tidspunkt, utfra kantene å bedømme er det vanligvis høyere vannstand ellers i året og det vil da ikke være noe problem for fiskevandring",Grimstad til Kristiansand kystveien,sannsynlig ok,019.A23Z,84686230,234798,,fylkesei 407 i krysset til lia,"Temse, bekkefelt",C,C1,200,plastrør,84686230.0,FV407 S3D1 m2438,Vann,2000.0,,,2000.0,Nei,14.0,Stål,,Ja,POINT Z (128772.162 6489049.741 18.325),Enkel bilveg,,Grimstad,Sirkulær,I bekk/elv,StikkKulv
654.0,1045.0,SF 2026,,1045.0,"lite strøm, ok dypde og vannføring",,,,,,,,,,,,,,,,,,,,,Partiell,C,021-1376-R,"lite strøm, ok dypde og vannføring",Tovdalselva,gitter,021.1240,86098085,1411855,,under e18,"nedre jegersbergvann, prestebekken",C,"D1, D2",260,"Trapp oppstrøm (terskel), 11cm mellom gitter, firkant kulvert",86098085.0,EV18 S1D1 m5784,Vann,,2000.0,2000.0,2000.0,Ja,83.89,Betong,,Ja,POINT Z (89539.798 6467875.423 6.734),Kanalisert veg,,Kristiansand,Rektangulær,Åpen grøft,StikkKulv
658.0,1049.0,SF 2026,,1049.0,"Uforsvalig å se nedstrømåpningen, noe som likner en fisketrapp på oppstrømsiden",,,,,,,,,,,,,,,,,,,,,,,021-1232-R,"Uforsvalig å se nedstrømåpningen, noe som likner en fisketrapp på oppstrømsiden",Tovdalselva,sjekk,021.A21,86100799,2714,,ravnåsvegen 43,Otra,,,,,86100799.0,FV3920 S1D1 m1109,Vann,,2000.0,2000.0,2000.0,,32.0,Stål,,,POINT Z (85229.5 6476236.36 14.833),Enkel bilveg,,Kristiansand,Rektangulær,,StikkKulv
679.0,1070.0,SF 2026,,1070.0,"vanskelig å få bilde så vanskelig å se noe. Ok med vann, virker som en ok kulvert men litt vanskelig å være helt sikker på denne",,,,,,,,,,,,,,,,,,,,,Ikke hinder,B,022-872-R,"vanskelig å få bilde så vanskelig å se noe. Ok med vann, virker som en ok kulvert men litt vanskelig å være helt sikker på denne",Nodeland_Øyslebø,ok,022.AA1B,86105653,4854,,eiksåveien øst for eiksåvannet,Eidsåna ,B,,200,firkanta betong pynta med naturstein,86105653.0,FV3976 S2D1 m4259,Vann,2000.0,,,2000.0,,12.0,Stål,,,POINT Z (68741.162 6471132.769 154.777),Enkel bilveg,,Lindesnes,Sirkulær,I bekk/elv,StikkKulv
686.0,1077.0,SF 2026,,1077.0,Vanskelig å vurdere grunnet stor høydeforskjell. Av samme grunn er denne et naturlig hinder for fisk. Brå stigning/foss med mange store stein. Vanskelig å si noe om selve kulverten,,,,,,,,,,,,,,,,,,,,,Neppe fiskeførende,-,022-692-R,Vanskelig å vurdere grunnet stor høydeforskjell. Av samme grunn er denne et naturlig hinder for fisk. Brå stigning/foss med mange store stein. Vanskelig å si noe om selve kulverten,Nodeland_Øyslebø,er det fisk her?,022.2D,86107542,1889,,Tronstadvegen 4238 ved ålgårdsbekken ,Birklandsvannet bekkefelt,-,,,naturstein,86107542.0,FV4238 S1D1 m9263,Vann,,2000.0,1500.0,2000.0,,11.31,Naturstein,,Ja,POINT Z (74111.248 6473318.215 71.811),Enkel bilveg,,Kristiansand,Rektangulær,I bekk/elv,StikkKulv
691.0,1082.0,SF 2026,,1082.0,Svært rør plassert på bakken med et lite terskel og lavt vann. Burde blitt nedgravd.,,,,,,,,,,,,,,,,,,,,,Partiell,C,022-840-R,Svært rør plassert på bakken med et lite terskel og lavt vann. Burde blitt nedgravd.,Nodeland_Øyslebø,høyt hopp,022.1B2,86107836,294,,Tronstadvegen 4238 v. husnr. 35,Songdalselva bekkefelt,C,"A1, A2, C1",190,betongrør,86107836.0,FV4238 S1D1 m1204,Vann,2000.0,,,2000.0,,16.49,Betong,,,POINT Z (77838.131 6468677.368 20.984),Enkel bilveg,egen geometri målt på topp av rør,Kristiansand,Sirkulær,I bekk/elv,StikkKulv
698.0,1089.0,SF 2026,,1089.0,"Steiner ved nedstrømssiden kan være et partiell hinder ved lavere vannstand, evt større satsekulp og eller djupål for tiden med lavere vanntilførsel. Kun bilde nedstrøms",,,,,,,,,,,,,,,,,,,,,Ikke hinder,B,022-706-R,"Steiner ved nedstrømssiden kan være et partiell hinder ved lavere vannstand, evt større satsekulp og eller djupål for tiden med lavere vanntilførsel. Kun bilde nedstrøms",Søgne_Tangvall,løft bekk,022.1A2,86110918,dubl,,Søgneveien,Søgneelva - bekkefelt brennåsen til utløp,B,,150,Metall med sprøytebetong,86110918.0,FV3960 S1D1 m1293,Vann,2000.0,,,2000.0,,18.0,Stål,,,POINT Z (78042.987 6461530.279 8.122),Enkel bilveg,,Kristiansand,Sirkulær,,StikkKulv
,,SF 2026,,1301.0,,,,,,,,,,,,,,,,,,,,,,,,,,Brennåsen til Hægeland,Mangler i rådata,022.1B7,815353675,,,,,,,,,,,,,,,,,,,,,,,,,,,
792.0,1183.0,SF 2026,,1183.0,"Bratt fjellvegg rett oppstrøms, ingen mulighet til fiskevandring",,,,,,,,,,,,,,,,,,,,,Partiell,C,022-678-R,Stein utgjør et mulig  hinder i innløpet,Brennåsen til Hægeland,ikke relevant,022.1BZ,815353690,15,,Songdalsvegen v. Øygården,Gumpedalselva bekkefelt,C,"A1,A2,A3,B1,C1",100,Betongrør,815353690.0,FV461 S1D1 m13493,Vann,1200.0,,,1200.0,,,Betong,,,POINT Z (73753.067 6476759.656 102.908),Enkel bilveg,,Kristiansand,Sirkulær,I bekk/elv,StikkKulv
794.0,1185.0,SF 2026,,1185.0,Partiell ,,,,,,,,,,,,,,,,,,,,,Partiell,C,021-1503-R,"~10cm terskel v. utløp, innløp innløp veldig inngrod og vanskelig å bedømme",Brennåsen til Hægeland,Bekk må løftes,021.A6AA,913615180,98261490,,Øvrebøvegen,Løyningsåna bekkefelt,C,"A1,A2,A3,C1",100,Betongrør,913615180.0,FV454 S2D1 m2254,Vann,1000.0,,,1000.0,,8.4,Betong,,,POINT Z (78430.325 6484152.134 226.123),Enkel bilveg,,Vennesla,Sirkulær,I bekk/elv,StikkKulv
799.0,1190.0,SF 2026,,1190.0,vanskelig å vurdere grunnet høydeforskjell og vegetasjon. Ikke forsvarlig å klartre ned. Bekken fører i hvert fall vann. ,,,,,,,,,,,,,,,,,,,,,Neppe fiskeførende,B,022-877-R,"Glemte å ta bilde men denne var fin! Dyp nok vann til å være sommertørt pga djupål, naturlig substrat ok vannstrømm og fisk observert på begge sider av kulverten",,ingen foto,022.AA12,1007467916,dubl,,Brelandsveien sør for ramnåsvatnet,Høyevatnet til øyslebø bekkefelt,B,,240,firkanta betong,1007467916.0,FV4238 S2D1 m11656,Vann,,2200.0,1000.0,2200.0,,4.98,Betong,,Ja,POINT Z (64914.33 6472079.756 86.434),Enkel bilveg,,Lindesnes,Rektangulær,,StikkKulv
700.0,1091.0,SF 2026,,1091.0,"virker litt blokkert grunnet stein og lite vann, og en mini foss, men vi så fisk så virker som denne er ok ved høyere vannstand",,,,,,,,,,,,,,,,,,,,,Partiell,C,022-726-R,"virker litt blokkert grunnet stein og lite vann, og en mini foss, men vi så fisk så virker som denne er ok ved høyere vannstand",Nodeland_Øyslebø,sjekk,022.22Z,86114023,-921353893,,Brunvatnebekken v. kyrss ved telandsveien,Trysfjorden bekkefelt,C,C1,270,firkant betong,86114023.0,FV3978 S1D1 m3916,Vann,2300.0,1200.0,,2300.0,,6.0,Naturstein,,,POINT Z (65895.577 6466288.834 100.728),Enkel bilveg,,Kristiansand,Rektangulær,I bekk/elv,StikkKulv
806.0,1197.0,SF 2026,,1197.0,"Tørr på oversiden, vannhastigheten hadde vært for høy dersom det hadde vært nok vann fordi kulverten er skrå",,,,,,,,,,,,,,,,,,,,,Ikke hinder,B,021-1232-R,"god vanndype, strømhastighet, snevrer ikke inn bekken, naturlig substrat i bunn, pluss flomrør",Tovdalselva,ok,021.A21,1021367570,935253547,,riksveg 9,Otra,B,,240,2 firkanta rør,1021367570.0,RV9 S1D1 m7022,Vann,,2400.0,1800.0,2400.0,,49.28,Betong,,Ja,POINT Z (84913.783 6472076.493 19.912),Enkel bilveg,,Kristiansand,Rektangulær,I bekk/elv,StikkKulv
807.0,1198.0,SF 2026,,1198.0,"god vanndype, strømhastighet, snevrer ikke inn bekken, naturlig substrat i bunn, pluss flomrør",,,,,,,,,,,,,,,,,,,,,Ikke hinder,B,021-1232-R,"god vanndype, strømhastighet, snevrer ikke inn bekken, naturlig substrat i bunn, pluss flomrør",Tovdalselva,ok,021.A21,1021367571,1,,riksveg 9,Otra,B,,240,3 firkanta rør ,1021367571.0,RV9 S1D1 m7142,Vann,,2400.0,2100.0,2400.0,,49.58,Betong,,Ja,POINT Z (84955.511 6472187.693 19.543),Enkel bilveg,,Kristiansand,Rektangulær,I bekk/elv,StikkKulv
102.0,102.0,107,finner ikke,,"Sannsynligvis drenering fra mye, ikke økologisk interessant.",,0,0,0.0,Grumstsd ,Usikker,"463 968,372","6 475 404,301",,,,,,,,,,,,,Partiell,Usikker,019-462-R,0,,,019.AD,84697020,-936670551,,,Hålandsbekken,,,,,84697020.0,FV404 S3D1 m10474,Vann,,,,,,,Betong,,,POINT Z (113836.146 6494258.814 165.336),Enkel bilveg,,Grimstad,Sirkulær,,StikkKulv
2.0,2.0,6,finner ikke,,"langt rør, men gjennfinnes ikke oppstrøms sannsynslig vandringshinder,stor ål i åpningen",Nei,0,0,50.0,skjosbukten,Usikker,"438 485,365","6 441 694,608",,,,,,,,,,,,,Ikke hinder,Usikker,021-846-R,delvis hinder,,,021.23Z,86127454,1430434,"Mangler i kart, men id finnes",,Kristiansandsfjorden indre bekkefelt,,,,,,FV456 K S1D1 m3551 (V),,,,,,,,,,,,,,,,,
711.0,1102.0,SF 2026,,1102.0,vanskelig å bedømme grunnet mye vegetasjon på begge siden. Stillestående vann på begge sider av veien med god dypde. Virker ikke som et hinder utfra det vi observerte,,,,,,,,,,,,,,,,,,,,,Ikke hinder,B?,022-723-R,vanskelig å bedømme grunnet mye vegetasjon på begge siden. Stillestående vann på begge sider av veien med god dypde. Virker ikke som et hinder utfra det vi observerte,,ingen foto,022.221,86136683,dubl,,trysnesveien 3970 ved oftenestjønna,Hundsveifjorden bekkefelt,B?,,,,86136683.0,FV3970 S1D1 m87,Vann,,,,,,7.0,,,,POINT Z (72374.778 6460069.556 18.193),Enkel bilveg,,Kristiansand,,I bekk/elv,StikkKulv
444.0,444.0,449,ok,,"Grei gammel bru, bekk tettet av kvist oppstrøms. ",,0,0,40.0,Vegårshei ,Usikker,"485 551,217","6 515 954,448",,,,,,,,,,,,,Partiell,Usikker,018-264-R,bru,,,018.F,272298864,186162181,,,Vegår bekkefelt,,,,,272298864.0,FV414 S3D1 m12587-12590,,,,,,,,Betong,,,,Enkel bilveg,,Vegårshei,,Platebru (214),Bru
604.0,814.0,,25,,,,,,,,,,,25.0,"Bredde 2.7 blir bru. Ser fisk, ikke vandringshinder. Noe lav vannføring nå. Pent habitat. Bra. ",0.0,0.0,,0.0,,0,Ålefjør,0.0,"442 830,685","6 454 432,15",Ikke angitt,0,021-851-R,bru,,,021.121Z,376607441,104308577,,,Ålefjærfjorden bekkefelt,,,,,376607441.0,FV452 S1D1 m8654-8661,,,,,,,,Betong,,,,Enkel bilveg,,Kristiansand,,Platebru (210),Bru
5.0,5.0,9,finner ikke,,ikke funnet ,,0,0,0.0,0,,"437 736,328","6 441 412,613",,,,,,,,,,,,,Ikke hinder,,021-846-R,drensrør,,,021.23Z,ikke i nvdb,,,,Kristiansandsfjorden indre bekkefelt,,,,,,,,,,,,,,,,,,,,,,,
43.0,43.0,48,53,,"Vanskelig å forsere, rør sannsynligvis tett. Barriere ",Ja,100,"Grunn kulp, sannsynligvis dypere ved høyere vannføring.",10.0,Sogndalsvegen (sidebekk Sogndalselva),Ja,"432 328,061","6 445 235,449",53.0,Regner med hovedinnløp ligger under kvist. Ikke mulig å vandre gjennom. ,0.0,0.0,,12.0,Lav,Lav,Nodeland ,0.0,"432 345,459","6 445 244,437",Absolutt,Ja,022-687-R,0,,,022.1B50,ikke i nvdb,,,,Songdalselva - Samløp Sogna og Gumpedalselva til Brennåsen,,,,,,,,,,,,,,,,,,,,,,,
153.0,153.0,159,finner ikke,,"Veldig tør bekk, noe slammete og jord som sediment.  Ikke beste habitatet nedstrøms, men ok. Bør ikke være hinder ",Nei,20,0,2.0,Høvåg ,Usikker,"454 926,98","6 444 626,573",,,,,,,,,,,,,Partiell,Usikker,020-280-R,bru,,,020.32,ikke i nvdb,,,,"Bliksfjorden - Røynevardsfjorden, bekkefelt",,,,,,,,,,,,,,,,,,,,,,,
198.0,198.0,203,finner ikke,,"Kulvert tett i forkant av kvist, gammel bru 5 meter lengre nede også tett oppstrøms av kvist. Barriere for ål og anadrom fisk ",,0,0,0.0,Mandal Spillingsveien (Storebekken mellom Øvre Gjellesvatn og Tjønna),Ja,"410 078,497","6 449 359,51",,,,,,,,,,,,,Absolutt,Ja,022-650-R,0,,,022.B1Z,ikke i nvdb,,nær 86188036,,Mandalselva - Laudal til Øyslebø bekkefelt,,,,,,,,,,,,,,,,,,,,,,,
16.0,16.0,20,26,,"Stort rør ned ender i mindre plastrør. Må sjekke om dette ender i fjorden og hvordan dette er. Sannsynlig hinder, renger med ikke 100% barriere ",Nei,0,0,0.0,Ålefjærveien ( bekk renner sannsynligvis ut i Ålefjærfjorden),Ja,"442 779,448","6 454 616,75",26.0,"Veldig tør, fin kantvegetasjon. Rist foran åpning. Må ha mye vann for vandring ",0.0,80.0,800.0,30.0,Lav,Lav,Ålefjør,0.0,"442 753,213","6 454 586,915",Absolutt,Ja,ikke VF,Lukket liten bekk,,,021.1210,86333480,,,,,,,,,86333480.0,FV452 S1D1 m8834,Vann,800.0,,,800.0,Ja,34.84,Betong,,Ja,POINT Z (90834.262 6475400.018 14.078),Enkel bilveg,Finner ikke utløp. Estimert posisjon,Kristiansand,Sirkulær,I skråning/terreng,StikkKulv
465.0,465.0,470,466,,Mulig høyde gjør denne til delvis hinder. Så en liten fisk nedstrøms. ,Ja,40,"Naturlig kulp, grei dybde. ",40.0,0,Usikker,"488 129,735","6 497 653,509",466.0,"Litt tør, men ser ikke ut til å være hinder. Noe kvist i åpning. ",0.0,0.0,,0.0,,0,0,0.0,"488 128,014","6 497 671,571",Partiell,Usikker,018-267-R,0,,,018.C23,ikke i nvdb,,nær 84581994,,Elv fra Øynesvann bekkefelt,,,,,,,,,,,,,,,,,,,,,,,
517.0,517.0,522,usikker,,"Usikker, siden disse kulvertene ligger litt merkelig. Spesielt med tanke på hvordan rørene ligger under jorder. Og l åpningen før den lange kulverten. ",Nei,0,0,40.0,Mandal ,Usikker,"422 926,855","6 434 944,636",,,,,,,,,,,,,Partiell,Usikker,022-792-R,0,,,022.226,ikke i nvdb,,nær 86099904,,Kumlefjorden bekkfelt,,,,,,,,,,,,,,,,,,,,,,,
795.0,1186.0,SF 2026,,1186.0,"~10cm terskel v. utløp, innløp innløp veldig inngrod og vanskelig å bedømme",,,,,,,,,,,,,,,,,,,,,Partiell,C,021-1496-R,~20cm fall nedstøms,Brennåsen til Hægeland,Bekk må løftes,021.A6AA,913616356,,,Øvrebøvegen,Løyningsåna,C,"A1,A2,C1,C2",140,Betongrør,913616356.0,FV454 S2D1 m3323,Vann,1400.0,,,1400.0,,9.11,Betong,,,POINT Z (77388.782 6483938.348 232.628),Enkel bilveg,,Vennesla,Sirkulær,,StikkKulv
,,SF 2026,,1302.0,,,,,,,,,,,,,,,,,,,,,,,,,,Brennåsen til Hægeland,IMF_6593,,Bilde mangler NVDB,,,,,,,,,,,,,,,,,,,,,,,,,,,
,,SF 2026,,1303.0,,,,,,,,,,,,,,,,,,,,,,,,,,Brennåsen til Hægeland,IMF_6594,,Bilde mangler NVDB,,,,,,,,,,,,,,,,,,,,,,,,,,,
,,SF 2026,,1304.0,,,,,,,,,,,,,,,,,,,,,,,,,,Brennåsen til Hægeland,IMF_6595,,Bilde mangler NVDB,,,,,,,,,,,,,,,,,,,,,,,,,,,
809.0,1200.0,SF 2026,,1200.0,"absolutte hinder nedstrøms v. 86104177 , derav ble denne kulverten ikke inspisert",,,,,,,,,,,,,,,,,,,,,Neppe fiskeførende,B/C,024-469-R,"to rør hvorav ett flomrør, mulig med noen terskler innad for å heve vannstanden, fisk observert opp og nedstrøms, lav vannstand akkurat nå",Lyngdal Farsund Vanse,"neppe fisk nå, men var det før???",024.32Z,1025730974,,,lyngdalsveien v. Viksvatnet ,Lyngdalsfjorden bekkefelt,B/C,C1 ,80,Betongrør,1025730974.0,FV43 S3D1 m6206,Vann,600.0,,,600.0,Nei,33.97,Betong,,Ja,POINT Z (23532.29 6468810.627 22.428),Enkel bilveg,,Farsund,Sirkulær,I skråning/terreng,StikkKulv
,,SF 2026,,1307.0,,,,,,,,,,,,,,,,,,,,,,,,ukjent,,Lyngdal Farsund Vanse,,,11554431-b712-47a1-b86b-6258bde1649c,,,,,,,,,,,,,,,,,,,,,,,,,,,
,,SF 2026,,1306.0,,,,,,,,,,,,,,,,,,,,,,,,ukjent,,Lyngdal Farsund Vanse,,,3391e044-e48b-424d-9aa1-59d3957dbcde,,,,,,,,,,,,,,,,,,,,,,,,,,,
,,SF 2026,,1309.0,,,,,,,,,,,,,,,,,,,,,,,,ukjent,,Lyngdal Farsund Vanse,,,df2cd93e-8e6c-40b3-b1fb-657bad1c3700,,,,,,,,,,,,,,,,,,,,,,,,,,,
,,SF 2026,,1310.0,,,,,,,,,,,,,,,,,,,,,,,,ukjent,,Lyngdal Farsund Vanse,,,e7382b71-3c0b-4ca6-8eaa-ea95744de4bd,,,,,,,,,,,,,,,,,,,,,,,,,,,
,,SF 2026,,1317.0,"to betongrør, ligger rett i overkant av bekkeløpet",,,,,,,,,,,,,,,,,,,,,,,022-775-R,,Søgne_Tangvall,IMG_6473,022.2A,Nedstrøms 86124928 v. Blåveis Barnehage,,,vei 439 ved stemveien,Lundelva bekkefelt,,,,,,,,,,,,,,,,,,,,,,,
,,SF 2026,,1319.0,,,,,,,,,,,,,,,,,,,,,,,,,Rett opp i foto,Tovdalselva,IMG_6369,021.A222Z,86117683,,,,,,,,,,,,,,,,,,,,,,,,,,,
,,SF 2026,,1320.0,,,,,,,,,,,,,,,,,,,,,,,,,Rett opp i foto,Tovdalselva,IMG_6371,021.A222Z,86117683,,,,,,,,,,,,,,,,,,,,,,,,,,,
,,SF 2026,,1321.0,,,,,,,,,,,,,,,,,,,,,,,,,Rett opp i foto,Tovdalselva,IMG_6372,021.A222Z,86117683,,,,,,,,,,,,,,,,,,,,,,,,,,,
,,SF 2026,,1322.0,,,,,,,,,,,,,,,,,,,,,,,,,Rett opp i foto,Tovdalselva,IMG_6375,021.124Z,86098085,,,,,,,,,,,,,,,,,,,,,,,,,,,
,,SF 2026,,1323.0,,,,,,,,,,,,,,,,,,,,,,,,,Rett opp i foto,Tovdalselva,IMG_6376,021.124Z,86098085,,,,,,,,,,,,,,,,,,,,,,,,,,,
,,SF 2026,,1324.0,,,,,,,,,,,,,,,,,,,,,,,,020-433-R,Rett opp i foto,Tovdalselva,IMG_6405,020.A5,272298534,,,,,,,,,,,,,,,,,,,,,,,,,,,
,,SF 2026,,1325.0,,,,,,,,,,,,,,,,,,,,,,,,020-433-R,Rett opp i foto,Tovdalselva,IMG_6406,020.A5,272298534,,,,,,,,,,,,,,,,,,,,,,,,,,,
,,SF 2026,,1326.0,,,,,,,,,,,,,,,,,,,,,,,,020-433-R,Rett opp i foto,Tovdalselva,IMG_6407,020.A5,272298534,,,,,,,,,,,,,,,,,,,,,,,,,,,
,,,,,,,,,,,,,,,,,,,,,,,,,,,,,,,,,,,,,,,,,,,,,,,,,,,,,,,,,,,,
,,,,,,,,,,,,,,,,,,,,,,,,,,,,,,,,,,,,,,,,,,,,,,,,,,,,,,,,,,,,
,,,,,,,,,,,,,,,,,,,,,,,,,,,,,,,,,,,,,,,,,,,,,,,,,,,,,,,,,,,,
,,,,,,,,,,,,,,,,,,,,,,,,,,,,,,,,,,,,,,,,,,,,,,,,,,,,,,,,,,,,
,,,,,,,,,,,,,,,,,,,,,,,,,,,,,,,,,,,,,,,,,,,,,,,,,,,,,,,,,,,,
,,,,,,,,,,,,,,,,,,,,,,,,,,,,,,,,,,,,,,,,,,,,,,,,,,,,,,,,,,,,
,,,,,,,,,,,,,,,,,,,,,,,,,,,,,,,,,,,,,,,,,,,,,,,,,,,,,,,,,,,,
,,,,,,,,,,,,,,,,,,,,,,,,,,,,,,,,,,,,,,,,,,,,,,,,,,,,,,,,,,,,
,,,,,,,,,,,,,,,,,,,,,,,,,,,,,,,ikke sjekka,018.1c,84789242,,,,,,,,,,,,,,,,,,,,,,,,,,,
,,,,,,,,,,,,,,,,,,,,,,,,,,,,ikke vf,Fiskevandringshinder.574253,,"Sperre, nær absolutt hinder",018.2A21,Fiskevandringshinder.574253,,,,,,,,,,,,,,,,,,,,,,,,,,,
,,,,,,,,,,,,,,,,,,,,,,,,,,,,,er reg i vannnett,,,018.F,84465666,,,,,,,,,,,,,,,,,,,,,,,,,,,
,,,,,,,,,,,,,,,,,,,,,,,,,,,,,er reg i vannnett,,ikke sjekka,018.E,1014171677,,,,,,,,,,,,,,,,,,,,,,,,,,,
,,,,,,,,,,,,,,,,,,,,,,,,,,,,,Fiskevandringshinder.53322,,ikke sjekka,018.E,84504964,,,,,,,,,,,,,,,,,,,,,,,,,,,
,,,,,,,,,,,,,,,,,,,,,,,,,,,,,Fiskevandringshinder.52014,,ikke sjekka,018.3Z,84657752,,,,,,,,,,,,,,,,,,,,,,,,,,,
,,,,,,,,,,,,,,,,,,,,,,,,,,,,,Fiskevandringshinder.54981,,ikke sjekka,018.3Z,84657799,,,,,,,,,,,,,,,,,,,,,,,,,,,
,,,,,,,,,,,,,,,,,,,,,,,,,,,,,Fiskevandringshinder.52400,,ikke sjekka,018.2D,407882371,,,,,,,,,,,,,,,,,,,,,,,,,,,
,,,,,"2 betongkulverter på 100cm, ikke hinder. Ser fine ut oppstrøms, men veldig lite vann.",,,,,,,,,,,,,,,,,,,,,,,,Fiskevandringshinder.59221,,"Vandring påvirkes, delvis hinder",018.2D,84453715,,,,,,,,,,,,,,,,,,,,,,,,,,,
,,,,,Vandring påvirkes ikke eller kun i beskjeden grad,,,,,,,,,,,,,,,,,,,,,,,,Fiskevandringshinder.56652,,Ser fin ut,018.2C,537326151,,,,,,,,,,,,,,,,,,,,,,,,,,,
,,,,,,,,,,,,,,,,,,,,,,,,,,,,ikke vf,Fiskevandringshinder.574253,,"Sperre, nær absolutt hinder",018.2A21,,,,,,,,,,,,,,,,,,,,,,,,,,,,
