OBJECTID,Kommentar,Kulp_nedstrøms,Avstand til kulp,Beskrivelse av kulp,Vanndybde_nedstrøms,Stedsnavn,Studentenes vurdering,Anadrom strekning?,Over driftskontrakt?,Type tiltak,Prioritering,Fagkommentar,Kontrollert,Vassdragets viktighet,x,y
2,"ikke vandringssHinder, ser mye fisk ",Nei,0,,40.0,skjosbukten,Nei,,,, ,,Nei,,"85 320,508","6 463 117,304"
3,"langt RØR, SER IKKE OPPSTREMS. sannsynslig vandringshinder,stor ål i åpningen",Nei,0,,50.0,skjosbukten,Usikker,,,, ,,Nei,,"85 403,781","6 462 900,662"
4,"tror ikke dette røret er fisketransporterende, sannsynligvis bare drenering",Nei,0,,15.0,langenesveien,Usikker,,,, ,,Nei,,"84 584,62","6 462 651,06"
5,"sannsynligvis bare drenering, SER IKKE noe oppstrems ",Nei,0,,5.0,langenesveien,Usikker,,,, ,,Nei,,"84 609,033","6 462 668,29"
6,ikke funnet ,,,,,,,,,, ,,Nei,,"84 631,038","6 462 685,965"
7,"vann i røret, tørt å oversiden. sannsynligvis ikke vandringshinder. tørt etter RØR",Nei,0,,0.0,langenesveien,Usikker,,,, ,,Nei,,"84 444,782","6 462 567,464"
8,"ikke barriere, god for vandring, ligger stein som terskler nedstrøms. ",Nei,0,,30.0,langenesveien ,Nei,,,, ,,Nei,,"84 250,624","6 462 492,734"
9,"barriere ved lav vannstand, men sannsynligvis passerer noe fisk. kjempebjørnekjeks langs bekken.",Ja,80,"omtrent 40cm dyp, men med 20 cm avstand til røret. stor kulp",40.0,langenesveien ,Usikker,,,, ,,Nei,,"84 097,901","6 462 476,519"
10,"ikke vandringshinder, observerer noe småfisk. fin god vannføring",Nei,0,,40.0,gillsvannet,Nei,,,, ,,Nei,,"90 780,059","6 470 320,921"
11,både gitter og stålplate nedstrøms vil gjøre dette til hinder  men ikke barriere. hvorfor plate? bedre vannføring hadde gjort ok.,Nei,10,,20.0,gillsvannet,Usikker,,,, ,,Nei,,"90 956,015","6 471 321,658"
12,"bra kantvegetasjo, ikke hinder. bra vannføring. og ligger steiner i vannet, som skaper dynamikk i bekken ",Nei,0,,15.0,joker justvik,Nei,,,, ,,Nei,,"91 015,008","6 472 060,85"
13,"usikker på om dette er utløp, hvis det er det, vil det være nødvendig med høyere vannstand for at fisk skal passere. tørt og Per nå 40 meter ut til innsjøen. ",Nei,0,,0.0,justvik,Usikker,,,, ,,Nei,,"90 941,767","6 472 850,076"
14,"ikke vann gjennom rør, røret er tett oppstrøms inni. burde ryddes. mye søppel nedstrøms, ellers fin  kantvegetasjon. mye søppel nedstrøms. vandringsbarriere nå",Nei,0,,0.0,ålefjær,Ja,,,, ,,Nei,,"90 936,092","6 473 584,961"
15,"kuverter er vel i hovedsak bare drenering, sannsynlig hinder, lite vann  lite vannføring. sannsynligvis ikke gytebekk. ",Nei,0,,5.0,ålefjær,Usikker,,,, ,,Nei,,"90 593,361","6 473 946,153"
16,"usikker på om dette er et sted fisk vandrer, avhengig av kontakt med insjø, noe usannsynlig. må ha vannføring for å være fisketransporterende.  ",Nei,5,,0.0,ålefjær,Usikker,,,, ,,Nei,,"90 818,284","6 474 449,459"
17,"Stort rør ned ender i mindre plastrør. Må sjekke om dette ender i fjorden og hvordan dette er. Sannsynlig hinder, renger med ikke 100% barriere ",Nei,0,,0.0,Ålefjør,Ja,,,, ,,Nei,,"90 841,94","6 475 414,807"
18,"Bra habitat ikke hinder, hindrer ikke vandring. Ser fisk. God vegetasjon. ",Nei,0,,30.0,Ålefjær,Nei,,,, ,,Nei,,"90 758,481","6 475 959,423"
19,"Noe lav vannstand, men ikke problematisk. Bra kantvegetasjon, ikke vandringshinder, bra bunnforhold i rør. ",Nei,0,,5.0,Ålefjør,Nei,,,, ,,Nei,,"89 456,289","6 477 642,967"
20,"Vil sannsynligvis ikke være vandringshinder ved høyere vannføring. Er litt Bakke fra bekken opp mot kulvert, men bør gå bra. Er betongrør nederst og firkantet brokonstrukskon oppstrøms. Er veldig tørt nå, men ellers fin kantvegetasjon og bunnforhold.",Ja,35,"Liten grunn kulp, vil ikke være dypere en omtrent 10 cm. ",0.0,Ålefjær,Nei,,,, ,,Nei,,"90 677,639","6 475 861,022"
21,"Tørt bekkelei, finner ikke innløp, men er en tør bekk på andre siden av veien, gammelt rør muligens ",Nei,0,,0.0,Ålefjør,Ja,,,, ,,Nei,,"90 465,77","6 476 999,162"
22,"Bra bunnforhold og vegetasjon. Kulvert ikke vandringshinder, bra ",Nei,5,,10.0,Ålefjær,Nei,,,, ,,Nei,,"90 534,01","6 476 949,972"
23,Mindre langt plastrør som drener ned ved innløpet til den større kulverten. Går i 2 rør via en kum. Noe knotete å vandre gjennom sannsynligvis ,Nei,60,,5.0,Ålefjær,Nei,,,, ,,Nei,,"88 944,665","6 478 070,02"
24,"Enten så er denne vinklet ellerRedusert vanndybde på grunn av mye slam og sediment i kulverten. Observerte ål/fisk, regner ikke denne for et vandringshinder. Noe tør, og er mulig sediment burde vært gravd ut. ",Nei,0,,20.0,Ålefjær,Usikker,,,, ,,Nei,,"88 968,905","6 478 053,065"
25,Ikke vandringshinder hvis fisken kommer hit ,Nei,0,,5.0,Ålefjær,Nei,,,, ,,Nei,,"89 043,827","6 478 745,55"
26,"Jeg går utifra at disse 3 rørene henger sammen,  tror at fisk hvis fisk kan passere vil denne uansett fungere som hinder i en grad  ",Nei,5,,5.0,Ålefjærveien,Usikker,,,, ,,Nei,,"88 905,359","6 478 948,291"
27,"Lite vann, noe sedimenter i bunnen av kulvert. Ikke barriere. ",Nei,0,,3.0,Ålefjær,Nei,,,, ,,Nei,,"88 876,355","6 478 975,783"
28,"Lite rør, ser tett ut, men bør ellers kunne vandres gjennom. ",Nei,15,,5.0,Ålefjær,Ja,,,, ,,Nei,,"88 901,818","6 478 947,199"
29,"Ikke barriere hvis det er fisk her, men mye av kulveeten er full av sediment nedstrøms. Er veldig tør og ",Nei,0,,2.0,Ålefjær,Nei,,,, ,,Nei,,"88 573,898","6 479 211,424"
30,Lite vann og veldig mye stigning vil gjøre veien opp mot røret vanskelig. Ikke mulighet for serlig hopping heller. Sannsynlig hinder mulig barriere ,Nei,50,,0.0,Ålefjær,Usikker,,,, ,,Nei,,"88 695,631","6 479 047,867"
32,"Ikke hinder, men noe avstand fra kulp til stikkrenne. Vandring bør være ok. Litt mye vegetasjon foran stikkrenne. ",Ja,60,"Liten kulp, sannsynligvis større ved mer vann. Stor avstand fra kulvert til rør. ",10.0,Mot søgne,Nei,,,, ,,Nei,,"83 686,887","6 461 749,229"
33,Noe tørt nedstrøms. Ikke høyt mot kulvert i forhold til hopp. Bør fungere bra for vandring. Lite vannføring for øyeblikket. Bra ,Nei,5,,0.0,Mot søgne ,Nei,,,, ,,Nei,,"83 281,946","6 460 842,792"
34,ingen vann i rør men vann renne på siden av rør.... noe usikkert mtp høyere vannføring,Nei,10,,10.0,hlskogen,Ja,,,, ,,Nei,,"83 155,755","6 460 314,524"
35,"Bør utbedres. Rør er lite og samler mye rusk i åpning på grunn av vannrør. Selve stikkrenna er noe liten, og vil kunne få veldig høy vannhastighet. Demningen nedenfor kulp vil kunne være barriere. ",Ja,10,"Stor kulp, laget demning ved kulpen. Vanndybde 40-60cm. ",40.0,Mot søgne ,Usikker,,,, ,,Nei,,"82 439,601","6 459 150,72"
36,"Ikke hinder, noe lav vannføring, ikke problematisk og vandre gjennom. God størrelse ",Nei,5,,15.0,Søgne vgs ,Nei,,,, ,,Nei,,"78 031,759","6 461 535,918"
37,"Ikke vandringshinder, mulig kulvert er noe lav i forhold til vannstand. Sannsynligvis helt ok. ",Ja,0,"Stor grunn kulp, ikke nødvendig med hopp.",40.0,Søgne vgs ,Nei,,,, ,,Nei,,"78 719,719","6 461 234,483"
38,"Sannsynligvis grei å vandre gjennom. Stikkrenna er lav, og vil muligens være under vannstand ved mye vann. Er mye vegetasjon som delvis sperrer kulverten. Sannsynligvis ok for gjennomvandring",Nei,0,,5.0,Søgne vgs ,Nei,,,, ,,Nei,,"78 889,49","6 461 056,454"
39,"Ikke barriere, fin å vandre gjennom. Gode forhold nedstrømstrøms.  ",Nei,15,,5.0,Søgne vgs ,Nei,,,, ,,Nei,,"79 091,153","6 460 923,54"
40,"Ubetydelig. Finner ikke 100% kulverten nedstrøms. Var tett på oppsiden, mulig gravd ned, eller fylt over. Sannsynligvis uansett ikke egnet for fisk ",Nei,0,,0.0,Søgne vgs ,Usikker,,,, ,,Nei,,"79 093,908","6 460 849,413"
41,"Ikke viktig! Sannsynligvis ikke fiskeførende. Veldig høy avstand fra elv og opp, leder heller ikke til egnet gytehabitat. ",Nei,500,,50.0,Søgne ,Ja,,,, ,,Nei,,"78 138,326","6 463 142,079"
42,"Drenering fra kum, selv om det er bekk på oversiden ",Nei,1 500,,50.0,Søgne ,Usikker,,,, ,,Nei,,"78 261,938","6 463 527,71"
43,"Ikke barriere, men regner med denne vil fungere som delvis hinder grunnet lengde, avhengig av vannføring. Noe demningsdannelse nedstrøms av greiner. Denne vil sannsynligvis kunne passeres av fisk. ",Ja,10,"Noe kulp ved lav vannstand, men sannsynligvis ikke mye kulp når vannet når mer normal vannstand. ",15.0,Søgne ,Usikker,,,, ,,Nei,,"79 652,98","6 465 348,035"
44,"Ikke vandringshinder, burde gå bra og svømme gjennom. Noe redusert vegetasjon nedstrøms, men helt greit bra. ",Nei,0,,30.0,Nodeland e39,Nei,,,, ,,Nei,,"79 895,373","6 466 447,087"
45,"Vanskelig å forsere, rør sannsynligvis tett. Barriere ",Ja,100,"Grunn kulp, sannsynligvis dypere ved annen vannhastighet. ",10.0,Nodeland,Ja,,,, ,,Nei,,"79 573,753","6 466 983,742"
46,Må utbedres. Lav kulvert rundt 220cm bred. Stengt oppstrøms av slam og kvist. Vandringsbarriere som den er nå. Ser fisk nedstrøms. ,Nei,0,,40.0,Brenåsveien,Ja,,,, ,,Nei,,"79 304,063","6 466 679,039"
47,"Ikke vandringshinder, ser fisk nedstrøms. Sannsynligvis mindre avstand mot røret når vannet er høyere. ",Nei,15,,40.0,Birkelandveien,Nei,,,, ,,Nei,,"79 382,082","6 466 350,133"
48,"Tørt og mye vegetasjon, som blokerer inngangen noe, men bør kunne vandres igjennom. ",Nei,0,,0.0,,Nei,,,, ,,Nei,,"79 337,396","6 465 861,048"
49,"Fin kulvert, ikke vandringshinder. Grei vannføring ",Nei,0,,20.0,Søgne ,Nei,,,, ,,Nei,,"75 115,96","6 460 331,925"
50,"Burde sjekkes lengre opp i forhold til bebyggelse. Ser fisk, ikke vandringshinder. Er sannsynligvis bro i forhold til bredde >250cm. Sannsynligvis over 3 meter bred. ",Nei,0,,40.0,Søgne ,Nei,,,, ,,Nei,,"75 875,953","6 461 968,498"
51,"sannsynligvis noe vandringsbarriere, på grunn av rist oppstrøms. er fin nedstrøms. langt RØR, SER IKKE gjennom. er fisk nedstrøms",Nei,0,,30.0,søgne,Usikker,,,, ,,Nei,,"77 594,702","6 462 799,429"
52,Ikke vandringshinder. Men er bru ,Nei,0,,60.0,Mandal Daleveien 1,Nei,,,, ,,Nei,,"56 088,56","6 457 265,623"
53,"Ikke vandringshinder for ål eller annen fisk. Grei størrelse, bra vannføring selv om det er tørt. Grei dimensjon på rør. ",Nei,0,,40.0,Mandal 2 ,Nei,,,, ,,Nei,,"56 667,694","6 457 565,432"
54,"Ikke hinder. Kan samle seg slam, og er mye vegetasjon oppstrøms. Savner en litt tydeligere bekk oppstrøms. Med mer kantvegetasjon og tydeligere bekk. Mye landbruksavrenning. ",Nei,0,,10.0,Mandal 3,Nei,,,, ,,Nei,,"56 741,678","6 457 715,774"
55,"Ikke hinder, fin kulvert, noe lav. Grunneier ønsker bedre drenering før kulvert. ",Nei,0,,5.0,Mandal 4 ,Nei,,,, ,,Nei,,"57 245,22","6 458 134,429"
56,"Fint habitat nedstrøms, ikke vandringshinder. ",Nei,0,,15.0,Mandal Daleveien Årekjerrsbekken,Nei,,,, ,,Nei,,"57 427,063","6 458 443,244"
57,"Ikke hinder, observerer mye stor fisk i gjennom kulverten. Fint habitat oppstrøms og nedstrøms. Bra ",Nei,0,,40.0,Mandal 6,Nei,,,, ,,Nei,,"57 863,744","6 459 159,673"
58,"Litt høyde mot kulvert, men er kulvert i stein og fin Inngang til kulvert. Ikke vandringshinder nedstrøms.",Nei,30,,5.0,Mandal 7 ,Nei,,,, ,,Nei,,"57 921,176","6 459 245,841"
59,"Ser fisk nedstrøms. Ikke vandringshinder, sannsynligvis ok ålehabitat oppstrøms. Men litt bratt ",Nei,25,,10.0,Mandal 8 ,Nei,,,, ,,Nei,,"58 341,256","6 459 961,201"
60,"Bratt, mulig ål vandrer. Lite vann nå ",Nei,10,,0.0,Mandal 9 ,Usikker,,,, ,,Nei,,"58 008,549","6 460 349,516"
61,"Bra kulvert, litt stigning opp mot åpning, men greit med normal vannstand, ser fisk nedstrøms. Fint bunnforhold ",Nei,40,,30.0,Mandal 10 ,Nei,,,, ,,Nei,,"57 197,421","6 460 596,86"
62,"Stor fin kulvert, ikke vandringshinder for fisk. Regner med utløp er ved vannspeil ved mer nedbør. ",Nei,10,,100.0,Mandal 11,Nei,,,, ,,Nei,,"58 936,506","6 461 319,221"
63,"Ål vil kunne passere den lille høyden mot kulvert. Fin kulvert, ser fisk i kulvert. Ikke hinder. ",Nei,10,,20.0,Mandal 12 ,Nei,,,, ,,Nei,,"59 122,869","6 461 859,82"
64,Mulig denne vil kunne vandres med høyere vannføring. Sannsynligvis delvis hinder ,Nei,0,,0.0,Mandal 13,Usikker,,,, ,,Nei,,"58 998,959","6 462 545,665"
65,"Ser ikke utløp, vandring blir begrenset av lengde sannsynligvis ",Nei,0,,0.0,Mandal 14,Ja,,,, ,,Nei,,"59 416,825","6 463 233,437"
66,"Bør utbedres, flere bassenger, som vil kunne være vanskelig for ål og passere. Bør gå for anadrom fisk, selv om det vil være krevende",Ja,60,"Flere menneskeskapte kulper, som kan hindre vandring.",100.0,Mandal 15 ,Ja,,,, ,,Nei,,"60 222,087","6 463 991,136"
67,"Noe tør, men fin kulvert med naturlig substrat, ikke hinder. ",Nei,0,,3.0,Mandal 16,Nei,,,, ,,Nei,,"60 222,506","6 463 761,717"
68,Bør ikke være vandringshinder ved normal vannføring. Fin gammel kulvert. Ok for ål og anadrom fisk ,Nei,0,,0.0,Mandal 17,Nei,,,, ,,Nei,,"59 710,978","6 463 054,364"
69,"Det dannes en liten terskel Av et mindre rør som krysser bekken nedstrøms, ikke vandringshinder, grei kulvert. Ser mye fisk nedstrøms mot kulvert. ",Nei,0,,20.0,Kystveien ,Nei,,,, ,,Nei,,"138 568,579","6 498 159,088"
70,"Bru, ikke hinder ",Nei,0,,,Kystveien ,Nei,,,, ,,Nei,,"138 586,795","6 498 096,321"
71,"Sannsynligvis vandringshinder lengre opp, fin bekk ned mot sjøen. ",Nei,0,,10.0,Kystveien ,Usikker,,,, ,,Nei,,"139 469,614","6 497 932,706"
72,"Denne er sannsynligvis vandringsbarriere grunnet lite rør, og høy stigning",Nei,5,,0.0,Kystveien ,Ja,Ja,Nei,UavklartMåBefares,3,ØK Anadrom helt nederst. Det er store høydeforkjeller som gjør at dette ikke vil være en sjøørretbekk videre oppover. Det kan være aktuelt med tiltak for ål.,Nei,,"139 907,249","6 498 567,362"
73,Sannsynligvis ikke fiskeførende. ,Nei,0,,0.0,Tromøy,Usikker,,,, ,,Nei,,"142 108,515","6 497 549,686"
74,"Ikke barriere, noe hinder. mye vegetasjon og igjengrod bekk. Selve kulvert mulig litt liten. Noe fisk bør passere.",Ja,30,"Liten kulp, dannet av en stein som bremser vannføring nedstrømsz ",15.0,Tromøy,Usikker,,,, ,,Nei,,"144 801,486","6 500 579,17"
75,Grei kulvert. Mye slam i bekkeløp. ,Nei,0,,10.0,Tromøy ,Nei,,,, ,,Nei,,"144 483,962","6 498 856,766"
76,"Liten kulvert, liten vannføring. Kulvert nesten helt under vann. ",Nei,0,,40.0,Tromøy ,Nei,,,, ,,Nei,,"144 972,504","6 498 482,557"
77,"Kulvert under jorde, mye vegetasjon som vil kunne sperre ",Nei,0,,15.0,Tromøy ,Usikker,,,, ,,Nei,,"144 581,144","6 498 930,096"
78,"Ikke hinder, men bekkeløp burde vært renska/gravd ut ",Nei,0,,25.0,Tromøy ,Nei,,,, ,,Nei,,"144 604,511","6 498 953,684"
79,"Veldig igjengrodd bekkeløp, ser ikke utløp",Nei,0,,5.0,Tromøy ,Usikker,,,, ,,Nei,,"144 650,058","6 498 995,918"
80,Mye vegetasjon som fungerer som hinder nedstrøms. Mye vegetasjon som blokerer ,Nei,0,,0.0,Tromøy ,Ja,Ja,Ja,,0,,'Ja',,"142 330,434","6 496 435,426"
81,"Kulvert tett oppstrøms, mye vegetasjon i bekkeløp begge sider. ",Nei,0,,0.0,Hove ,Ja,Ja,Ja,LettRensk,0,rør ikke tett -begge ligger fint og ikke trenger rensk,'Ja',,"141 069,139","6 494 766,134"
82,"Lav kulvert, men bør kunne passeres. Mye vegetasjon foran kulvert begge sider ",Nei,0,,25.0,Hove ,Usikker,Ja,,,IkkePrioritert,,'Ja',,"141 046,633","6 495 066,096"
83,"Sliter med å finne ingang på grunn av vegetasjon, hinder ",,,,,Hove ,Ja,,,, ,,Nei,,"141 048,492","6 495 063,756"
84,"Sliter med å finne ingang, bør graves ut, veldig mye vegetasjon",,,,,Hove ,,,,, ,,Nei,,"141 020,245","6 495 082,264"
85,,,,,,Tromøy ,Ja,Ja,Nei,,,ikke et vandringhinder. rørene ligger langt nede og ingen fisk i sivet,Nei,,"140 551,374","6 495 239,554"
86,"Grei kulvert, ikke hinder. ",Nei,0,,50.0,Arendal ,Nei,,,, ,,Nei,,"140 696,953","6 499 140,428"
87,"Finner ikke utløp, veldig mye vegetasjon, gravd ned? ",Nei,,,,Eydehavn ,Ja,Ja,,LettRensk,1,,Nei,,"143 008,644","6 500 757,284"
88,"Grei nedstrøms, god vannføring, stor kulvert. Ligger lavt i vannet. ",Nei,0,,50.0,Grimstad ,Nei,,,, ,,Nei,,"124 569,706","6 484 424,7"
89,"Bør utbedres. Uegnet grunnet lengde og habitat nedstrøms. To rør under vei, sand som sediment, dette streket er sannsynligvis uegnet for fisk. ",Nei,0,,25.0,Grimstad ,Ja,Ja,Nei,OmfattendeUtbedring,2,Må befares nedstrøms ift. hindre her,Nei,,"124 714,636","6 485 035,175"
90,"Denne e fin, litt sandete substrat nedstrøms. ",Nei,0,,25.0,Grimstad ,Nei,,,, ,,Nei,,"124 514,253","6 484 037,682"
91,"Ikke hinder, så lenge rørene ikke tettes med kvist. Mye vegetasjon i bekk. ",Nei,0,,17.0,Grimstad ,Nei,,,, ,,Nei,,"124 395,983","6 484 164,994"
92,"Bru, breiere en 250cm, ikke hinder ",,,,,Grimstad ,Nei,,,, ,,Nei,,"124 472,004","6 483 711,115"
93,"Kulvert sannsynligvis grei. Noe slam og finkornet sediment nedstrøms. Går småkulverten in fra siden, med vann av ukjent kvalitet. ",Nei,0,,15.0,Gross ,Nei,,,, ,,Nei,,"124 355,514","6 483 251,234"
94,Fin kulvert nedstrøms. Ser ut til at bekken er lagt i rør et stykke og kommer ut midt på jordet. ,Nei,0,,10.0,Grimstadb,Ja,Ja,Nei,MindreUtbedring,IkkePrioritert,,'Ja',,"123 822,125","6 483 592,447"
95,"Grei kulvert, litt stigning opp mot utløp, men ikke problematisk for annet en ål muligens. ",Ja,40,"Stor kulp 40-50cm dyp. Store rullestein i bunn. Strupes ned lengre nede, så vil være basseng her uansett vannføring ",60.0,Grimstad ,Nei,,,, ,,Nei,,"120 974,472","6 491 445,593"
96,Demning oppstrøms. Her skal vi ikke gjøre tiltal,Ja,30,"Dyp kulp, som dannes av innsnevring lengre nede. ",60.0,Grimstad ,Ja,Ja,Nei,OmfattendeUtbedring,IkkePrioritert,,'Ja',,"119 670,995","6 491 152,562"
97,Utbedres i 2025,Ja,200,"Stor steiner, 70cm",70.0,Grimstad ,Ja,Ja,Nei,MindreUtbedring,1,,'Ja',,"118 987,907","6 490 562,962"
98,"Grei kulvert, fisk kan gå igjennom. Er dette anadrom strekning? ",Nei,0,,90.0,Grimstad ,Nei,,,, ,,Nei,,"117 939,81","6 491 334,348"
99,"Grei kulvert, ikke hinder ",Nei,0,,50.0,Grimstad ,Nei,,,, ,,Nei,,"117 708,205","6 491 578,381"
100,"Ikke hinder, grei kulvert. Greit Aure habitat. ",Nei,0,,25.0,Grimstad ,Nei,,,, ,,Nei,,"117 176,553","6 491 813,982"
101,"Kulvert nesten gravd ned, og helt under vann. Vil kunne være tungvind å vandre gjennom, sannsynlig hinder.",Nei,0,,40.0,Grimstad ,Usikker,Uklart,Ja,LettRensk, ,,Nei,,"116 119,268","6 492 410,724"
102,"Grei kulvert, ikke hinder ",Nei,0,,25.0,Grimstad ,Nei,,,, ,,Nei,,"115 071,167","6 492 848,621"
103,"Sannsynligvis grei ved normal vannstand, sannsynligvis ikke hinder ",Nei,20,,0.0,Grimstad ,Nei,,,, ,,Nei,,"114 344,328","6 493 476,512"
104,"Sannsynligvis drenering fra mye, ikke økologisk interessant.",,,,,Grumstsd ,Usikker,,,, ,,Nei,,"113 843,285","6 494 267,011"
105,"Stor bru, ikke problematisk for gjenomvandring, ikke hinder.",Nei,0,,50.0,Grimstad nord ,Nei,,,, ,,Nei,,"113 629,899","6 494 586,469"
106,Sannsynligvis grei for gjennomvandring ved normal vannstand. Noe bøy på rør invendig. Et av 2 rør er mulig tett. Men ok.,Nei,0,,0.0,Grimstad nord ,Nei,,,, ,,Nei,,"113 380,206","6 494 970,987"
107,Grei bekk nedstrøms. Høyt fra vannflate opp mot kulvert. Vandringshinder etter kulvert oppstrøms.,Ja,110,Grunn kulp støpt i betong på siden.,20.0,Risørveien (sidebekk Sørfjorden),Ja,,,,IkkePrioritert,"Fossefall, kun for drenering",Nei,,"163 828,536","6 522 878,619"
108,Usikker på om det er fisk her. Kulvert sikkert grei ved høyere vannstand ,Nei,30,,20.0,Risør ,Nei,,,, ,,Nei,,"163 134,155","6 522 513,482"
109,"Veldig lang kulvert, må være hinder, mulig barriere. Mulig man kan sette terskler invendig ved høy vannhastighet. ",Nei,50,,10.0,Risørveien (sidebekk Sørfjorden),Ja,,,,IkkePrioritert,"Ikke sjøørretbekk, komplisert og dyrt tiltak",Nei,,"163 477,556","6 522 831,557"
110,"Denne er sannsynligvis helt ok. Litt stigning opp mot kulvert, men bør gå bra, hvis der e fisk her ",Nei,40,,20.0,Risør ,Nei,,,, ,,Nei,,"161 520,827","6 523 072,53"
111,"Små stikkrennene før kulvert vil kunne være problematiske siden de er så små. Er 5 rør på 20cm. Hinder, kanskje barriere.",Nei,20,,45.0,Risør ,Ja,,,UavklartMåBefares,1,,Nei,,"159 698,75","6 523 466,798"
112,"Er over 250 cm brei, ikke vandringshinder. stor demning litt lenger ned",Ja,0,,40.0,Risør ,Ja,,,,IkkePrioritert,"Bru, og foss nedstrøms",Nei,,"158 940,276","6 523 633,729"
113,"Fin, litt avstand opp mot kulvert, men er ikke bratt og vann renner fint opp. Fungerer bra for vandring ",Nei,40,,30.0,Lyngør ,Nei,,,, ,,Nei,,"158 753,991","6 519 982,252"
114,Grei kulvert. Greit habitat nedstrøms. God vannføring.,Nei,0,,25.0,Lyngør ,Nei,,,, ,,Nei,,"158 926,523","6 520 069,596"
115,Kulvert noe redusert invendig. Ikke hinder. Noe slam fra veiarbeid nedstrøms i bekk. Og noe ras fra arbeid. Men ok. ,Nei,0,,20.0,Lyngør ,Nei,,,, ,,Nei,,"159 246,387","6 520 131,61"
116,Grei kulvert ,Nei,0,,0.0,Lyngør ,Nei,,,, ,,Nei,,"159 982,874","6 520 053,37"
117,Mulig hinderbarriere på grunn av lengde. Noe underdimensjonert rør sannsynligvis. Mudrete vann nedstrøms,Nei,0,,30.0,Lyngør ,Ja,,Uklart,UavklartMåBefares,1,,Nei,,"160 779,725","6 520 362,585"
118,"Hinder på grunn av lengde, mulig barriere. Fin bekk nedstrøms. Veldig lang ",Nei,0,,15.0,Lyngør ,Ja,,,UavklartMåBefares,1,,Nei,,"160 788,44","6 519 107,771"
119,"Ikke egnet for vandring, lite plastrør. Ikke velegnet for vandring. Dårli habitat oppstrøms. ",Nei,20,,0.0,Lyngør ,Usikker,,,,IkkePrioritert,Dårlig habitat,Nei,,"161 837,876","6 520 395,262"
120,"Plaststikkrenne, noe bregrenset habitat. Usikker på fisk, noe hinder",Ja,50,"Noe kulp an stein som ligger under kulvert, så skal gå å hoppe. Hvis der e fisk.",0.0,Lyngør ,Usikker,,,,IkkePrioritert,"Landbrukslandskap, langt fra vann",Nei,,"164 044,293","6 519 856,949"
121,Ikke fiskehabitat oppstrøms. Igjengrodd nedstrøms,Nei,0,,10.0,Lyngør ,Usikker,,,,IkkePrioritert,"Landbruksstrøk, langt fra vann",Nei,,"164 117,047","6 519 830,383"
122,"Veldig høy stigning i noe uegnet bekk, med underdimensjoner plaststikrenne. Gjør denne til hinder og sannsynligvis barriere ",Nei,150,,0.0,Songeveien ,Ja,,,,IkkePrioritert,"Veldig lang kulvert, høyt fall, lukket nederst -loten verdi",'Ja',,"151 750,609","6 519 691,561"
123,Grei kulvert. God størrelse. Ikke hinder ,Nei,10,,70.0,Songeveien,Nei,,,, ,,Nei,,"152 750,567","6 520 555,041"
124,Ser fisk nedstrøms. Håper derfor at vandring under e 18 går greit. 2 store kulverten. Bra substrat og habitat for fisk nedstrøms. Ikke hinder ,Nei,0,,20.0,Songeveien ,Nei,,,, ,,Nei,,"152 686,262","6 520 972,571"
125,"Mye vann rett ved utløp, men bekk tør lengre nede. Ser fisk på begge sider. Vannstand stopper fisk fra å vandre lengre ned nå. Men grei kulvert. Bra habitat, fint substrat.",Nei,0,,30.0,Songeveien ,Nei,,,, ,,Nei,,"152 617,971","6 521 138,278"
126,"Er noe kvist som blokerer ene rør ved innløp, og mye kvist invendig i andre rør. Ville ryddet opp. Ellers fint habitat, noe lav vannstand nå. Ser fisk nedstrøms. ",Nei,0,,20.0,Songeveien ,Usikker,,Ja,,0,,Nei,,"152 535,451","6 521 247,641"
127,"Sannsynligvis hinder, mulig barriere. Bør ses på. Litt høyde mot kulverter. 3 rør totalt. 2 som kanskje kan vandres. Usikker på hinder, siden jeg ikke ser igjennom rørene. Vann går ikke 100% gjennom kulvert. Noe lekkasje. Derfor mulig hinder. ",Nei,30,,50.0,Songeveien ,Ja,,,LettRensk,0,Ikke vandringshinder,'Ja',,"152 478,185","6 521 452,735"
128,Rør ser ut til å være slammet igjen. Usikker på hvor egnet habitat på oversiden er uansett. Men ser fisk nedstrøms ,Nei,0,,50.0,Høvågveien (bekk fra Sukkevann),Ja,,,, ,,Nei,,"93 960,839","6 466 682,207"
129,"Usikker på egnetheten av habitat oppstrøms. Jord som substrat i bekk, ikke hinder ",Nei,0,,10.0,Søm ,Nei,,,, ,,Nei,,"94 344,343","6 466 225,531"
130,Sannsynligvis grei for vandring. Men er veldig tør nå. Mulig noe underdimensjoner kulvert. Sikkert ok for brunaure. ,Nei,0,,0.0,Søm ,Nei,,,, ,,Nei,,"94 288,736","6 466 372,743"
131,"Tør noe igjengrod bekk, bør renskes. oppstrøms og nedstrøms må byttes omm. ",Nei,0,,20.0,Søm ,Usikker,,,, ,,Nei,,"94 917,534","6 465 495,827"
132,gjengrodd og grumsete,Nei,0,,20.0,Frikstadkrysset,Nei,,,, ,,Nei,,"95 018,91","6 465 368,781"
133,fin bekk som renner greit,Nei,0,,20.0,Frikstad,Nei,,,, ,,Nei,,"95 285,783","6 464 511,057"
134,"Ikke under fylkesvei, på siden. Stikkrenne ligger lavt i bekken. Mye mudder og gjengrodd bekk. ",Nei,0,,20.0,Søm ,Nei,,,, ,,Nei,,"95 467,512","6 463 718,345"
135,"Noe kvist nedstrøms, kort avstand til sjøen, litt lang, og rist foran. Rist er hinder ",Nei,0,,30.0,Søm ,Ja,Ja,Ja,MindreUtbedring,1,det er noen vannslanger som skal bort,Nei,,"95 924,398","6 462 637,992"
136,"Ser ikke gjennom kulvert. Veldig stillestående vann. Sikkert ok, mulig hinder lengre nedstrøms. Mye vegetasjon i bekk.",Nei,0,,30.0,Søm,Nei,,,, ,,Nei,,"95 003,688","6 462 146,836"
137,"Ikke hinder, bekk fin ut mot sjøen. ",Nei,0,,30.0,Søm,Nei,,,, ,,Nei,,"93 933,437","6 463 077,458"
138,Ikke nødvendigvis vandringshinder selve kulverten. Men kommer hinder lengre nedstrøms sannsynligvis. Ny liten betongstikkrenne.,Nei,0,,2.0,Søm,Usikker,,,, ,,Nei,,"96 152,812","6 466 183,99"
139,"Noe igjengrodd bekk, men kulvert er grei, fin gammel steinkulvert. ",Nei,0,,10.0,Søm,Nei,,,, ,,Nei,,"97 706,204","6 464 798,978"
140,Fin kulvert. Selve kulvert er ikke hinder. Bra ,Nei,0,,25.0,Søm,Nei,,,, ,,Nei,,"97 733,887","6 464 312,215"
141,Selve kulvert ok. Mye sediment og planter i bekk. Mye landbruksavrenning,Nei,0,,10.0,Søm ,Nei,,,, ,,Nei,,"96 712,473","6 466 280,365"
142,"Grei kulvert, sikkert ok for Aure fra tjern til tjern. Noe tør oppstrøms. Gammel kulvert ",Nei,0,,30.0,Søm ,Nei,,,, ,,Nei,,"98 049,54","6 466 179,936"
143,"Usikker på vandring gjennom selve kulvert, er litt liten ",Ja,70,"Grunn steinkulp 10cm vann nå, sikkert fin ved meir nedbør. ",10.0,Søm ,Usikker,,,, ,,Nei,,"99 178,711","6 466 029,898"
144,"Noe hinder, kvist oppstrøms. Grei kulvert. Noe hopp opp til kulvert nå, men renger med denne er grei ved høyere vannstand. Ser en del fisk nedstrøms ",Nei,20,,40.0,Høvåg ,Usikker,,,, ,,Nei,,"99 325,739","6 466 524,664"
145,"Fin bru, over 250cm. Ikke hinder, fungerer bra. ",Nei,0,,50.0,Høvåg ,Nei,,,, ,,Nei,,"99 398,35","6 467 168,676"
146,Gjennfinner ikke utløp,,,,,Søm,,,,, ,,Nei,,"99 570,238","6 467 198,999"
147,fin og stor og dyp,Nei,0,,50.0,Isefjær,Nei,,,, ,,Nei,,"99 806,139","6 467 423,673"
148,"Grei kulvert, ikke hinder. Noe gjengrodd nedstrøms.",Nei,0,,25.0,Kvinesdal,Nei,,,, ,,Nei,,"28 927,107","6 490 801,184"
149,"Grei kulvert, flat og brei. Noe gjengroing og slam i bekk.",Nei,0,,20.0,Kvinesdal ,Nei,,,, ,,Nei,,"28 160,116","6 490 304,127"
150,"Veldig tør og gjenngrodd bekk, kulvert fin ",Nei,0,,0.0,Kvinesdal ,Nei,,,, ,,Nei,,"26 765,564","6 489 443,753"
151,"Slammete og sannsynligvis noe tett kulvert. Lite betongrør under bru. Veldig stillestående og slammete vann, ikke bra habitat nedstrøms ",Nei,0,,30.0,Øyesletta ( ''jordbruksbekk''),Ja,,,, ,,Nei,,"26 373,92","6 489 155,839"
152,"Er bratt, men sannsynligvis ikke barriere, mulig noe hinder. Men bør greit kunne hoppes ",Ja,70,Dyp stor naturlig kulp ,50.0,Kvinesdal ,Ja,,,, ,,Nei,,"26 369,811","6 489 160,777"
153,"Fin kulvert, ser fisk nedstrøms. Litt gjengrodd, men grei bekk. ",Nei,0,,50.0,Kvinesdal ,Nei,,,, ,,Nei,,"25 219,244","6 488 877,677"
154,"Ikke hinder, men veldig begrenset bekk. Gjengrodd og mye sediment, og avrenning ",Nei,20,,20.0,Kvinesdal ,Nei,,,, ,,Nei,,"25 395,406","6 488 782,448"
155,"Veldig tør bekk, noe slammete og jord som sediment.  Ikke beste habitatet nedstrøms, men ok. Bør ikke være hinder ",Nei,20,,2.0,Høvåg ,Usikker,,,, ,,Nei,,"102 074,129","6 464 361,415"
156,"Fin kulvert, bekk kunne hatt noe gytegrus",Nei,0,,2.0,Høvåg ,Nei,,,, ,,Nei,,"102 165,485","6 464 281,755"
157,"Grei kulvert, ikke hinder. Mye vegetasjon, kunne hatt grus ",Nei,0,,25.0,Høvåg ,Nei,,,, ,,Nei,,"102 067,594","6 464 368,566"
158,"Noe hinder for ål muligens, og kunne vært dannet noe kulp nedstrøms. Men anadrom fisk bør kunne gjennomvandring med høy vannføring. ",Nei,25,,10.0,Høvåg ,Usikker,,,, ,,Nei,,"102 537,433","6 463 969,993"
159,Kulvert igjengrodd og fylt igjen med jord/slam nedstrøms. Bekkeløp er tørt og fult med kvist og jord. Bekk må graves ut for at denne skal kunne vandres og kulvert må graves ut og utbedres ,Nei,0,,10.0,Høvåg ,Ja,,,, ,,Nei,,"102 464,384","6 463 336,139"
160,"Fin kulvert, bra substrat i bekk. Når det er så tørt som nå så vil noe saltvann flytte gjennom kulvert. Men ok. ",Nei,0,,20.0,Høvåg ,Nei,,,, ,,Nei,,"101 203,365","6 463 135,622"
161,"Ikke egnet habitat for ferskvannsfisk, noe rumpetroll nedstrøms. Ikke relevandt ",Nei,0,,20.0,Ramsdalen,Nei,,,, ,,Nei,,"102 343,205","6 465 733,244"
162,"2 plast stikkrenner etter hverandre, mulig disse kan gjennomvandres. Veldig gjengrodd og begrenset bekk",Nei,0,,2.0,Høvåg ,Usikker,,,, ,,Nei,,"103 935,206","6 468 589,382"
163,"Bekk ok nedstrøms, men ser svært begrenset ut oppstrøms. Bekk burde utbedres med tanke på jordbruk og kulverter under jorder. ",Nei,0,,25.0,Høvågveien (Øreslandsbekken),Ja,,,, ,,Nei,,"102 846,864","6 468 550,188"
164,Kulvert helt grei. Tør bekk nedstrøms. Vandring mulig ved høyere vannstand. ,Nei,0,,20.0,Høvåg ,Nei,,,, ,,Nei,,"102 601,485","6 469 307,469"
165,"Denne ser ut til å ligge litt for dypt, og regner med det er mye slam og kvist innvendig, regner med denne er vanskelig å vandre gjennom ",Nei,0,,40.0,Høvåg ,Ja,,,, ,,Nei,,"102 901,743","6 469 665,752"
166,"Bør nok gjennomspyles. Kulvert i seg selv ikke hinder sannsynligvis, men bekk nedstrøms er for bratt for vandring oppover ",Nei,0,,10.0,Høvåg ,Nei,,,, ,,Nei,,"103 116,2","6 469 696,535"
167,"Grei kulvert, et av de 2 rørene er litt tett nedstrøms. Veldig fint bekkeløp og ser laks/sjøørret nedstrøms(smolt) ",,,,,,,,,, ,,Nei,,"104 086,373","6 470 188,652"
168,"Leder ikke til noe serlig bekk, mest myr ",Nei,0,,25.0,Høvåg ,Ja,,,, ,,Nei,,"105 427,263","6 469 645,484"
169,Fine kulverter ikke fylkesvei ,Ja,0,Stor naturlig kulp 40-50cm dyp nå. Fin ,40.0,Høvåg ,Nei,,,, ,,Nei,,"103 632,735","6 470 755,052"
170,"Avstand opp mot kulvert sannsynligvis lavere. Men er nok hinder for en del fisk, ikke barriere ",,80,,35.0,,Usikker,,,, ,,Nei,,"103 008,568","6 470 984,503"
171,Grei kulvert. Ok bekk. Ser ut som mye avrenning fra pukkverk i vannet. Så en fisk nedstrøms. ,Nei,5,,25.0,Høvåg ,Nei,,,, ,,Nei,,"99 525,762","6 470 966,771"
172,Bør renskes oppstrøms. Mulig vandringshinder hvis der e mye dropp. Mulig ok. Lang og stor og ser ut til å beholde naturlig bunn ihvertfall en stund ,Nei,0,,30.0,Høvåg ,Ja,,,, ,,Nei,,"104 115,849","6 471 891,411"
173,"Fin kulvert, god vannføring og fin bekk. Ikke hinder ",Nei,0,,40.0,Høvåg ,Nei,,,, ,,Nei,,"103 914,949","6 473 335,681"
174,"Kulvert sannsynligvis grei, veldig tør. Men usikker på stigning på bekk lengre nede. ",Nei,0,,0.0,Høvåg ,Nei,,,, ,,Nei,,"104 255,845","6 473 959,387"
175,Finner ikke nedstrøms ,,,,,,,,,, ,,Nei,,"106 103,842","6 472 344,718"
176,"Grei kulvert, fin liten bekk. ",Nei,10,,20.0,Høvåg ,Nei,,,, ,,Nei,,"106 575,412","6 474 478,157"
177,"Kulvert ligger helt under vann, ser ikke utløp. Mulig vanskelig å vandre gjennom. Vann renner gjennom. Mulig hinder ",Nei,0,,80.0,Lillesand ,Usikker,,,, ,,Nei,,"107 387,153","6 472 807,532"
178,"Fin kulvert, fint bekkeløp",Nei,0,,10.0,Lillesand ,Nei,,,, ,,Nei,,"108 216,652","6 475 629,517"
179,"Stor grei kulvert, ikke vandringshinder. Lite vegetasjon langs bekk, men bekk ok ",Nei,2,,20.0,Lillesand ,Nei,,,, ,,Nei,,"108 996,364","6 474 619,993"
180,"Ikke vandringshinder for anadrom fisk, mulig hinder for ål. Kan bli litt lav vannhøyde siden kulvert er så brei. Sannsynligvis helt ok. Kunne hatt noe terskler i kulvert. ",Nei,30,,40.0,Lillesand ,Usikker,,,, ,,Nei,,"109 239,621","6 474 553,261"
181,Underdimensjonert kulvert med tanke på lengde. Usikker på hvordan denne er å vandre gjennom.  Brakkvann nedstrøms. ,Nei,0,,15.0,Lillesand ,Usikker,,,,2,,Nei,,"111 255,061","6 472 191,958"
182,"Ikke hinder, leder ut på jorde ",Nei,0,,0.0,Lillesand ,Nei,,,, ,,Nei,,"109 555,036","6 473 909,699"
183,"Hvis kulvert går som på kartet, er utløpet gravd ned and kvist og kvast. Ser åpning lenger nede fra kulvert inder sykkelsti. Bør utbedres hvis dette stemmer. Sannsynligvis vandringshinder ",,,,,Lillesand ,Ja,,,, ,,Nei,,"110 536,368","6 474 674,498"
184,"Denne brua er grei, men her kan bekk stenges hvis der havner mye kvist og søppel ned ",Nei,0,,50.0,Lillesand ,Nei,,,, ,,Nei,,"112 507,947","6 476 788,68"
185,Fint bekkeløp oppstrøms og nedstrøms. Ikke hinder. Plastterskler inni kulvert. ,Nei,0,,10.0,Mandal ,Nei,,,, ,,Nei,,"59 209,56","6 461 173,184"
186,"Fin kulver, ser fisk og er bra bekkeløp. Laget laksetrap i tilleg ",Ja,0,"Flere kulper, kunstig laksetrap støp, med flere bassengers ",30.0,Mandal ,Nei,,,, ,,Nei,,"59 222,914","6 461 241,116"
187,Fin gammel steinkulvert. Ikke vandringshinder. ,Nei,0,,25.0,Mandal ,Nei,,,, ,,Nei,,"59 187,183","6 461 390,799"
188,"Vannet renner under steiner som er rast nedi, denne vil være hinder og bør ryddes ut ",Nei,40,,10.0,Mandal ,Ja,,,, ,,Nei,,"59 191,333","6 461 416,973"
189,"Kulvert i seg selv ikke hinder, men er veldig stigning på begge sider. Sannsynligvis ikke en bekk som vandres. ",Nei,30,,5.0,Mandal ,Usikker,,,, ,,Nei,,"58 571,152","6 464 140,846"
190,Kulvert noe høyt over vannflate. Død fisk i vannet? Denne vil være hinder for ål. Noe anadrom fisk kan nok passere ,Nei,50,,50.0,Mandal ,Usikker,,,, ,,Nei,,"59 821,705","6 465 564,737"
191,Veldig lav vannføring. Kulvert kun sannsynlig hinder for ål. Mulig noe tau hadde vært fint ,Nei,20,,5.0,Mandal ,Usikker,,,, ,,Nei,,"60 076,537","6 466 252,078"
192,Fin steinkulvert. Ikke hinder for ål eller anadrom fisk. Ser fisk nedstrøms ,Nei,0,,30.0,Mandal ,Nei,,,, ,,Nei,,"60 301,164","6 466 508,619"
193,Kulvert egentlig fin. Men blir begrenset av mye stein nedstrøms. Som muligens vil kunne være hinder hvis det samler seg kvist. Ok for ål og anadrom fisk. Ser grei Aure oppstrøms.,Nei,10,,25.0,Mandal ,Usikker,,,, ,,Nei,,"60 630,384","6 467 523,791"
194,"Denne er fin, og ål bør kunne klatre opp til kulvert. Siden det er en slakk Bakke opp. Ikke hinder ",Ja,20,50 cm dyp naturlig kulp. Fin. Dannes av instrupning av Steen lengre nede ,50.0,Mandal ,Nei,,,, ,,Nei,,"60 912,297","6 473 221,884"
195,"Samme som forigge, støpt fin slak ingang til kulvert. Ikke hinder ",Nei,15,,40.0,Mandal ,Nei,,,, ,,Nei,,"60 972,124","6 473 274,301"
196,Ser mye fisk nedstrøms. Men noe brakk bekk. Usikker i forhold til ål. Fisk sannsynligvis ok.,Nei,0,,10.0,Mandal ,Nei,,,, ,,Nei,,"59 516,6","6 472 382,819"
197,En terskel før innløp til kulverter. Hinder for både anadrom fisk og ål. Mulig ål kunne gjennomvandret med noe tau eller annet de kunne klatret på. Men blir bratt mot kulvert.,Ja,80,Noe antydning til naturlig kulp nedstrøms. Liten kulp ,40.0,Mandal ,Ja,,,, ,,Nei,,"59 412,073","6 472 479,125"
198,"Bekk veldig gjengrodd og begrenset oppstrøms mot innsjøe. Kulvert litt høy og liten. Begrenset bekk nedstrøms. Hvis der kommer ål opp, så er kulvert hinder for ål ",Nei,15,,25.0,Mandal ,Usikker,,,, ,,Nei,,"57 467,427","6 473 221,18"
199,"Kulvert tett i forkant av kvist, gammel bru 5 meter lengre nede også tett oppstrøms av kvist. Barriere for ål og anadrom fisk ",,,,,Mandal ,Ja,,,, ,,Nei,,"57 731,498","6 473 085,288"
200,Mye fisk nedstrøms. Men er nok ikke fisk som har vandret opp. Fin kulvert og greit habitat i bekk.,Nei,,,30.0,Mandal ,Nei,,,, ,,Nei,,"59 753,068","6 477 969,311"
201,"Grei kulvert, vandring fra innsjø til innsjø. ",Nei,0,,20.0,Mandal ,Nei,,,, ,,Nei,,"57 472,295","6 480 234,545"
202,"Høyt opp mot kulvert, men bør kunne vandres av anadrom fisk. Mye Aure nedstrøms, som er fanget i kulp ved vannstand som er nå. Vanskelig for ål opp mot kulvert ",Ja,70,"Semi naturlig kulp, ikke bekk etter kulp sånn som vannstand er nå ",30.0,Mandal ,Ja,Ja,Nei,OmfattendeUtbedring,1,ser veldig lovende ut. Sannsynlig mye habitat oppstrøms,Nei,,"60 285,54","6 480 753,673"
203,"Ser stor Aure nedstrøms, men er terskel før kulvert. Og innløp mot kulvert er grodd igjen. Blir hinder for ål og fisk. Men sannsynligvis ikke 100% barriere ",Nei,60,,20.0,Mandal ,Ja,,,, ,,Nei,,"59 851,654","6 482 261,219"
204,Kulvert ok. Men bekk oppstrøms er ekstremt bratt og kan ikke vandres opp. ,Nei,0,,10.0,Mandal ,Usikker,,,, ,,Nei,,"56 749,403","6 483 771,371"
205,Skal være mye større vannføring for vandring her. Veldig bratt ,Nei,60,,0.0,Mandal ,Ja,,,, ,,Nei,,"62 252,856","6 482 557,563"
206,"Veldig lav vannføring, og stillestående vann, med mye slam. Ikke bra fiskehabitat nedstrøms. Lav gjennomføring av vann ",Nei,0,,20.0,Mandal ,Usikker,,,, ,,Nei,,"65 173,892","6 483 044,744"
207,"Bedre bekk her en lengre oppstrøms. Sandete bunn, ser fisk. Grei å vandre gjennom ",Nei,0,,5.0,Mandal ,Nei,,,, ,,Nei,,"65 368,396","6 482 962,637"
208,"Veldig lav vannføring. Ikke nødvendigvis vandringshinder, hvis det kommer fisk hit ",Nei,5,,0.0,Mandal ,Nei,,,, ,,Nei,,"66 556,059","6 483 519,242"
209,"Helt tør bekk, og noe igjengrodd innløp. Skal mye vann her for st fisk skal kunne vandre. Sannsynlig bare drenering ",Nei,0,,0.0,Mandal ,Ja,,,, ,,Nei,,"66 503,716","6 484 847,882"
210,"Mesteparten av vannet går gjennom en mindre kulvert, som ser ut som vandringshinder siden den er tett.",Nei,60,,15.0,Mandal ,Usikker,,,, ,,Nei,,"64 116,973","6 487 280,04"
211,"Ser ikke helt utløp, sannsynligvis bare drenering fra landbruk. ",Nei,,,,Mandal ,Nei,,,, ,,Nei,,"66 092,152","6 486 069,754"
212,"Grei kulvert, ikke hinder. Blir fin bekk nedstrøms. Igjengrodd bekk oppstrøms ",Nei,0,,30.0,Mandal ,Nei,,,, ,,Nei,,"66 178,984","6 486 368,542"
213,Kulvert sannsynligvis grei. Fint habitat nedstrøms ,Nei,0,,20.0,Mandal ,Nei,,,, ,,Nei,,"66 316,61","6 487 046,362"
214,"Fin kulvert, ikke hinder ",Nei,0,,15.0,Mandal ,Nei,,,, ,,Nei,,"66 595,134","6 487 994,921"
215,"Bru i bredde, ikke vandringshinder. Noe gjengroing under bru. Ser fisk nedstrøms ",Nei,0,,40.0,Mandal ,Nei,,,, ,,Nei,,"68 672,708","6 486 179,142"
216,Stor og grei bru. Ikke hinder. Men noe gjengroing nedstrøms ,Nei,0,,15.0,Mandal ,Nei,,,, ,,Nei,,"69 887,977","6 482 244,388"
217,Ok kulverter. Bekk noe gjengrodd. Stillestående vann. Men bør kunne passeres av fisk ,Nei,0,,25.0,Mandal ,Nei,,,, ,,Nei,,"70 179,795","6 480 888,167"
218,Noe usikker i forhold til vandring med tanke på lengde av kulvert. Men menneskeskapt bekkeløp nedstrøms er fint. Veldig tørt nå. Ikke noe vann ,Ja,0,"Menneskeskapt kulp, stor og bred. 2 meter dyp(ikke nå)",0.0,Tvedestrand ,Usikker,,Uklart,,1,,Nei,,"147 332,452","6 512 365,455"
219,"Bygg er revet og mye av kulvert er oppe i dagen, bekk sannsynlig hinder på grunn av stigning opp mot vegen. Og lengden på kulvert. Men ser noe fisk nedstrøms. Denne bør sjekkes ",Nei,0,,20.0,Tvedestrand ,Ja,,,,IkkePrioritert,Finner ikke kulverten pga privat hage. Kan ikke gjøre noe. Ligger langt under veien ,'Ja',,"147 411,164","6 514 160,832"
220,"Grei kulvert, mye slam i sediment. Ikke hinder ser fisk oppstrøms. Mulig noe ålehinder med stigningen opp mot kulvert. ",Nei,20,,30.0,Tvedestrand ,Nei,,,, ,,Nei,,"149 303,86","6 514 316,947"
221,"Denne er vandringshinder, flere meter uten vann opp mot kulvert. Tenker denne er barriere for all oppstrøms vandring ",Nei,600,,0.0,Tvedestrand ,Ja,,,,IkkePrioritert,"5 meter opp, rører ligger igjennom vegkropp, vannet siger andre steder, røret går i rør 60 m nedstrøms under hus/hage",'Ja',,"152 912,513","6 513 133,02"
222,Tiltak utført i 2025,Ja,25,"Naturlig liten men dyp kulp, skal gå greit å hoppe opp ",60.0,Tvedestrand ,Ja,,Nei,MindreUtbedring,1,"liten kulp i forkant (30 cm terskel), erosjonssikring ",'Ja',,"153 695,007","6 513 524,753"
223,"Ok kulvert sannsynligvis, vannet er veldig stillestående og mye sediment og slam ",Nei,0,,20.0,Tvedestrand ,Nei,,,, ,,Nei,,"153 856,003","6 513 608,212"
224,"Små plaststikkrenner, ikke passende for fisk og passere. Heller ikke særlig habitat oppstrøms. Hovedsak drenering fra landbruk ",Nei,0,,20.0,Tvedestrand ,Ja,,,,IkkePrioritert,"ok, to rør som ligger greit. ok",'Ja',,"154 187,394","6 513 655,896"
225,"Kulvert lander på en sandstrand, mulig denne kan vandres ved veldig mye høyere vann, men tenker det er usannsynlig ",Nei,40,,0.0,Tvedestrand ,Ja,,,, ,,Nei,,"155 532,617","6 514 045,566"
226,"Kom oppstrøms, ikke ordentlig bekk oppstrøms heller ",,,,,Tvedestrand. ,Usikker,,Nei,,IkkePrioritert,"Bru, ikke hinder",Nei,,"155 517,664","6 514 041,048"
227,"Denne bør være ok, er hinder lengre opp i bekken i form av demning, noe bratt oppstrøms, men fisk bør kunne passere. Ok ",Nei,0,,10.0,Tvedestrand ,Nei,,,, ,,Nei,,"157 745,334","6 515 738,55"
228,"Kulvert ikke bra, men heller ikke hinder. Liten og dårlig vannkvalitet nedstrøms. Lite habitat oppstrøms. Sannsynligvis ok. ",Nei,0,,40.0,Tvedestrand ,Usikker,,,,IkkePrioritert,Ikke vandringshinder,Nei,,"159 244,588","6 515 836,172"
229,"Veldig mye slam og sediment i bekk, ingen vannføring. Mulig noe fisk kan passere ved veldig gode forhold, ellers hinder. ",Nei,30,,15.0,Tvedestrand ,Ja,,,,IkkePrioritert,Ikke fiskeførende og alt ligger for høyt,Nei,,"157 361,473","6 516 260,461"
230,"Selve kulvert ok, grei vannføring og stor i diameter. Se annet punkt, er demning lengre nede ",Nei,0,,40.0,Tvedestrand ,Usikker,,,,IkkePrioritert,"Røret er ok, ikke vandringshinder",Nei,,"157 153,842","6 517 892,996"
231,"Kulvert noe hinder, ved lav vannføring lekker kulvert vann, og bekk er helt tør nedstrøms. Mulig bedre ved høyere vannføring ",Nei,30,,0.0,Tvedestrand ,Ja,,Ja,,0,,Nei,,"157 151,15","6 517 846,149"
232,"Noe gjengrodd nedstrøms, plastkulvert. Sannsynligvis ikke hinder ",Nei,0,,30.0,Risør ,Nei,,,,,,'Nei',,"169 890,002","6 526 093,602"
233,"2 små kulverter, noe stengt av kvist oppstrøms. Grei vannføring, men noe hinder.",Nei,0,,20.0,Hødnebøveien (forbindelse mellom Skarvann og Lonene),Ja,,Ja,LettRensk,0,,Nei,,"168 707,121","6 527 581,282"
234,"Grei gammel kulvert, noe tømmerstokker invendig, som hindrer vandring ved veldig lav vannstand, men ellers ok. ",Nei,10,,5.0,Risør ,Nei,,,, ,,Nei,,"169 111,754","6 529 128,805"
235,"Denne er vandringshinder, men fisk bør kunne passere ved bru på siden ",Nei,500,,200.0,SSS-veien (Breidungen/Dalsvann til Nordfjorden),Ja,,,,IkkePrioritert,Dette er en demning -må være slik for å holde vannstanden i vannet,'Ja',,"159 666,307","6 527 513,091"
236,"Fin kulvert, noe usikker på vandring på grunn av lengde ",Nei,0,,10.0,Mandal ,Usikker,,,, ,,Nei,,"69 590,967","6 475 384,569"
237,"Vandringshinder for ål, ligger en flat stein foran utløp til kulvert. Og rør stikker ut av vegg ",Nei,40,,20.0,Mandal ,Ja,,,, ,,Nei,,"67 973,236","6 475 509,972"
238,"Veldig gammel kulvert, usikker på om det vil kunne komme nok vann til at fisk og ål skal kunne vandre her. ",Nei,220,,0.0,Mandal ,Ja,,,, ,,Nei,,"66 324,158","6 474 879,796"
239,"Veldig høyt opp mot kulvert, plus at denne lekker foran slik at vann ikke passerer gjennom kulvert. Hinder for ål og fisk ",Nei,250,,10.0,Mandal ,Ja,,,, ,,Nei,,"66 316,286","6 474 899,41"
240,"Fin kulvert, ikke hinder. Mye fisk nedstrøms (Aure/sjøaure)",Nei,0,,20.0,Mandal ,Nei,,,, ,,Nei,,"64 911,977","6 472 082,69"
241,"Veldig høy på oppsiden, vandringshinder, ikke nødvendigvis barriere. ",Nei,0,,5.0,Mandal ,Ja,,,, ,,Nei,,"63 524,093","6 471 911,84"
242,"Grei kulvert, bør ikke være hinder ",Nei,2,,40.0,Mandal ,Nei,,,, ,,Nei,,"64 901,308","6 471 002,4"
243,"Selve kulvert ikke hinder, men bekk nedstrøms ser begrenset ut. Ser dog noen rumpetroll. Usikker på vandring opp fra elv hit ",Nei,0,,15.0,Mandal ,Nei,,,, ,,Nei,,"66 135,092","6 470 773,046"
244,"Merkelig bekkeløp nedstrøms. Usikker på om bekk er egnet for fisk. Kulvert isåfall kanskje mulig å passere, usikker",Nei,20,,15.0,Mandal ,Usikker,,,, ,,Nei,,"67 641,265","6 471 062,1"
245,Fin stor kulvert. Stål med betong ned mot bekk. Ikke hinder ,Nei,0,,20.0,Mandal ,Nei,,,, ,,Nei,,"68 740,294","6 471 123,706"
246,"Tenker disse er hinder for ål, mulig Aure kan passere kulvert, selv om disse vil slite med demning på andre siden ",Nei,15,,30.0,Mandal ,Ja,,,, ,,Nei,,"70 589,955","6 470 516,361"
247,"Plastkulvert, helt grei. Ikke hinder. Men noe lav vannføring ",Nei,0,,15.0,Mandal ,Nei,,,, ,,Nei,,"71 224,763","6 468 825,435"
248,"Tenker denne er grei å passere for fisk, ved litt høyere vannføring. Sannsynligvis hinder for ål, hvis det er ål her. ",Nei,15,,10.0,Mandal ,Nei,,,, ,,Nei,,"72 608,866","6 468 507,852"
249,"Hinder, veldig mye stigning og alt for høyt opp mot kulvert",Nei,700,,5.0,Mandal ,Nei,,,, ,,Nei,,"72 814,137","6 467 681,595"
250,"Grei stikkrenne, ikke hinder.",Nei,0,,20.0,Mandal ,Nei,,,, ,,Nei,,"72 986,09","6 467 706,008"
251,"Ser fisk nedstrøms, noe stillestående vann. Fint substrat, ikke hinder ",Nei,0,,50.0,Mandal ,Nei,,,, ,,Nei,,"73 232,774","6 467 556,84"
252,"Grei kulvert, noe bratt bekk oppstrøms. Ser fisk på begge sider av kulvert.",Nei,4,,40.0,Kristiansand ,Nei,,,, ,,Nei,,"73 235,148","6 467 217,747"
253,"Grei kulvert, fint habitat og mye fisk nedstrøms. Ikke hinder ",Nei,0,,20.0,Kristiansand ,Nei,,,, ,,Nei,,"73 352,093","6 467 180,673"
254,"Noe høyde mot kulvert, men bør gå bra for fisk, men kan være hinder for ål. Mye fisk nedstrøms. ",Ja,30,"Dyp naturlig kulp, holder igjen groet med vann, er 2 meter dypp på dypeste. ",50.0,Kristiansand ,,,,, ,,Nei,,"73 495,236","6 467 211,679"
255,"Noe lav vannføring nå, men regner med denne er fin med meir vann. ",Nei,20,,10.0,Kristiansand ,Nei,,,, ,,Nei,,"73 727,987","6 467 213,27"
256,"Se kart, er det demning lengre oppstrøms? Men kulverter ok, ene med vannføring lekker litt, men bør kunne passeres ",Nei,20,,10.0,Kristiansandn,Usikker,,,, ,,Nei,,"73 519,92","6 465 814,395"
257,"Ikke hinder, men ligger noe tegl inni kulvert, som blokerer noe, ellers ok.",Nei,0,,5.0,Søgne ,Nei,,,, ,,Nei,,"74 250,129","6 462 609,824"
258,"Grei kulvert nedstrøms, ok oppstrøms ",Nei,0,,20.0,Søgne ,,,,, ,,Nei,,"74 295,68","6 462 510,696"
259,"Grei kulvert, fisk nedstrøms. Ikke hinder. Lav vannføring nå, mulig noe lekk i kulvert ",Ja,5,"Naturlig brei kulp, ikke dyp. Men holder fisk ",30.0,Søgne ,Nei,,,, ,,Nei,,"74 288,031","6 462 528,139"
260,"Noe tett oppstrøms Veldig lav vannstand, men grei kulvert ",Nei,0,,4.0,Søgne ,Usikker,,,, ,,Nei,,"74 289,213","6 462 190,133"
261,"Grei kulvert, noe søppel, men ikke hinder ",Nei,0,,10.0,Søgne ,,,,, ,,Nei,,"71 567,828","6 462 682,973"
262,"Grei kulvert, ikke hinder ",Nei,0,,30.0,Søgne ,Nei,,,, ,,Nei,,"69 389,121","6 464 006,051"
263,"Grei kulvert, ikke hinder ",Nei,10,,30.0,Søgne ,Nei,,,, ,,Nei,,"69 270,189","6 464 073,444"
264,Bare drenering ,,,,,,Usikker,,,, ,,Nei,,"73 982,503","6 460 498,417"
265,"Veldig stillestående vann, kulvert ok. Fisk oppstrøms ",Nei,0,,40.0,Søgne ,Nei,,,, ,,Nei,,"73 882,724","6 460 213,371"
266,"Tenker vandringshinder siden det er mye mellomrom mellom betongelementer i kulvert, vil derfor lekke mye vann. Kulvert veldig tør ",Nei,5,,20.0,Søgne ,Ja,,,, ,,Nei,,"73 070,396","6 460 023,373"
267,"Ikke hinder nødvendigvis, men veldig gjengrodd bekk, stillestående vann ",Nei,0,,15.0,Søgne ,Nei,,,, ,,Nei,,"72 423,412","6 460 115,389"
268,"Kulvert helt under vann, mye gjengroing og rør fylt av slam. Burde spyles ",Nei,0,,20.0,Søgne ,Ja,,,, ,,Nei,,"72 369,834","6 460 076,361"
269,"Grei kulvert, ikke hinder ",Nei,0,,30.0,Søgne ,Nei,,,, ,,Nei,,"72 426,723","6 459 696,131"
270,Noe usikker på vandring på grunn av lengde og vannføring. Men bør gå fint ,Nei,0,,10.0,Søgne ,Usikker,,,, ,,Nei,,"72 231,016","6 460 244,96"
271,"Fin bru, ikke hinder, greit substrat og fin kantvegetasjon. ",Nei,0,,15.0,Arendal ,Nei,,,, ,,Nei,,"141 240,445","6 500 901,46"
272,"Vandringshinder, er gitter oppstrøms. Noe hjemmelaget. Bekk stillestående og vannkvaliteten ser dårlig ut. ",Nei,0,,30.0,Arendal ,Ja,Ja,Ja,LettRensk,0,Gitteret må fjernes,'Ja',,"140 888,27","6 502 000,987"
273,"Noe merkelig vannføring nedstrøms ut av kulvert, slik som vannmengden er nå. Kulvert bør ryddes for kvist. Tenker denne er hinder i lav grad, men ikke barriere. ",Nei,40,,30.0,Arendal ,Usikker,,,, ,,Nei,,"140 779,996","6 502 410,118"
274,Kulvert er nok ikke noe mer hinder en det selve bekken er. Tvilsomt at denne bekken fører fisk ,Nei,0,,,Arendal ,Usikker,,,, ,,Nei,,"141 323,921","6 504 348,73"
275,"Kulvert sannsynligvis fin, bekk er nok mest egnet som leder for vann fra jordbruk. Veldig igjengrodd og sølete stillestående vann. ",,,,,Arendal ,,,,, ,,Nei,,"141 303,039","6 504 491,238"
276,"100% barriere, ikke tydelig utløp fra kulvert, steinete utløp. I tillegg til gitter oppstrøms, gjør denne til barriere for oppvandring ",Nei,150,,10.0,Arendal ,Ja,Ja,Nei,LettRensk,,ta vekk gitteret over drift -er et alternativ bekk rett ved siden av som fungerer fint,Nei,,"142 949,139","6 504 859,311"
277,Jeg ser verken innløp eller utløp fra kulvert på grunn av vegetasjon. Vandring kan også være vanskelig på grunn av høyde oppstrøms. Denne bør nok ses videre på ,,,,,Arendal ,,,,, ,,Nei,,"143 876,867","6 503 421,203"
278,"Usikker på om kulvert ville vært hinder, ved nok vann til å støtte fisk. Sannsynligvis ok. Helt tør bekk nedstrøms og oppstrøms ",Nei,0,,0.0,Arendal ,Usikker,,,, ,,Nei,,"149 041,388","6 504 912,574"
279,Kulvert ikke hinder hvis der skulle bli nok vann ti bekken. Er veldig lite vann nedstrøms. Og helt tr,Nei,0,,0.0,Arendal,Usikker,,,, ,,Nei,,"149 352,025","6 505 031,653"
280,"Gjenfinnes ikke nedstrøms, mulig gravd over ",,,,,Arendal ,,,,, ,,Nei,,"149 254,365","6 505 006,577"
281,"Ikke vandringshinder, men veldig stillestående vann, med preg av avrenning fra landbruk. Med grei vannføring her kan dette være en gytebekk, hvis ikke blokkert lengre nede. ",Nei,0,,20.0,Arendal ,Nei,,,, ,,Nei,,"149 665,816","6 505 162,319"
282,"Bekk er helt tør nå, men bekkeleie nedstrøms bærer preg av at det vil være en bekk her når det er mer nedbør ",Nei,0,,0.0,Arendal ,Usikker,,,, ,,Nei,,"149 650,779","6 505 116,319"
283,"Selve kulvert er nok ikke vandringshinder, men bekk både oppstrøms og nedstrøms er svært redusert. Og mye potensielle hindere lengre ned i bekk. ",Nei,15,,10.0,Arendal ,Usikker,,,, ,,Nei,,"149 682,984","6 504 617,67"
284,"Kulvert ender i plastrør nedstrøms, regner med at denne kulverten er så kronglete invendig at denne blir hinder og mulig barriere for fisk. ",Nei,0,,40.0,Arendal ,Nei,,,, ,,Nei,,"149 938,181","6 506 607,028"
285,"Kulvert ikke hinder, men er ikke noe serlig bekk nedstrøms, veldig mye vegetasjon",Nei,0,,0.0,Arendal ,Usikker,,,, ,,Nei,,"148 277,32","6 506 051,477"
286,"Naturstein nedstrøms som strupes ned til stort betongrør 120cm oppstrøms. Veldig mye vegetasjon i bekk, men bør være grei ved nok vannføring. Bør sjekkes for hindere lengre ned ",Nei,0,,2.0,Arendal ,Nei,,,, ,,Nei,,"148 200,012","6 505 912,747"
287,Vandringshinder på grunn av gammelt ålekar. Går en vannledning gjennom kulvert. Men er helt tørt nedstrøms og under bru ,Nei,0,,0.0,Arendal ,Ja,Ja,Nei,MindreUtbedring,1,,Nei,,"146 089,044","6 504 583,329"
288,"Denne bør sjekkes om er anadrom strekning lengre nede, fin steinkulvert. Ikke hinder, men usikker på hvordan vannføring er her. Ikke noe vann nå ",Nei,0,,0.0,Kristiansand ,Nei,,,, ,,Nei,,"96 223,994","6 474 124,753"
289,"Stor fin steinkulvert, ikke hinder nedstrøms. ",Nei,0,,3.0,Kristiansand ,Nei,,,, ,,Nei,,"96 489,884","6 474 445,725"
290,"Vandringsbarriere, er 300cm til der jeg tror vanstanden vil være ved grei vannføring. ",Nei,300,,0.0,Kristiansand ,Ja,,,,IkkePrioritert,"kort bekk, bratt",Nei,,"98 125,808","6 477 168,003"
291,"Vandringshinder, men ikke barriere sannsynligvis. Noe høyde opp mot kulvert. Kunne gjerne hatt finere ingang. Mye stor Aure nedstrøms. Og fint bekkeløp. ",Ja,40,"Naturlig kulp, mulig fisk kan hoppe ved litt mer vann. ",30.0,Kristiansand ,Ja,,,MindreUtbedring,1,må sjekkes mer før endelig prioritering. Lengre bekkeløp,Nei,,"98 725,932","6 477 902,921"
292,"Plastkulvert, stor og bred. Mye vann nedstrøms. Skal gå greit å hoppe, men mulig man kunne tilrettelagt noe.",Nei,20,,35.0,Kristiansand ,Usikker,,,MindreUtbedring,1,Lang bekk. Kan være interessant å gjøre god,Nei,,"99 420,262","6 478 843,556"
293,"Kulvert veldig fin, noe små terskler og naturlig elvebunn. Krem sjøaure habitat nedstrøms og oppstrøms. Ser stor Aure nedstrøms ",Nei,0,,55.0,Kristiansand ,Nei,,,, ,,Nei,,"99 770,443","6 479 755,262"
294,"Liten betongkulvert, underdimensjoner. Ser ut som denne er full av jord og slam. Ikke noe vann i bekk nedstrøms. Ikke bra, avhengig av hvor mye vann der kan gå her ",Nei,0,,0.0,Kristiansand ,Ja,,,OmfattendeUtbedring,3,kan bekken flyttes utenom kulvert slik at kryss blir kortere,Nei,,"100 056,18","6 480 485,891"
295,"Veldig slammete bekkeløp, med stillestående vann. Noe bratt på oppsiden Av kulvert. Plus at rør er litt lite, gjør at denne kategoriseres som mulig hinder",Nei,0,,40.0,Birkenes ,Usikker,,,Uklassifisert,IkkePrioritert,virker som en kort stubb av en bekk,Nei,,"99 913,436","6 480 983,634"
296,"Kulvert fin, noe slammete bekk. Men sannsynligvis ok. Ser fisk. ",Nei,0,,45.0,Birkenes ,Nei,,,, ,,Nei,,"100 020,729","6 483 268,869"
297,Litt kvist og stein i fremkant av kulvert. Bør være fin. Men noe høyde opp. Usikker på normal vannføring her ,Ja,40,"Ser ut som menneskeskapt kulp, men laget av steinz ",0.0,Birkenes ,Usikker,,,Uklassifisert,IkkePrioritert,sert ut som terrenget blir bratt oppstrøms. Tiltak for ål,Nei,,"100 216,036","6 483 496,786"
298,Denne bør gå bra å hoppe opp. Ser fisk nedstrøms. Tror fisk hadde hatt godt av noe kantvegetasjon i kulp. Er lagt en stein for å fremme vandring oppover. Grei kulvert ,Ja,20,"Menneskeskapt kulp i stein, er fin ",50.0,Birkenes ,Nei,,,, ,,Nei,,"100 551,081","6 484 185,206"
299,"Fin stor betongkulvert. Fint habitat nedstrøms. Noe rotete i forkant av kulvert oppstrøms. Men dette holder vann, sikkert greit ",Nei,0,,20.0,Birkenes ,Nei,,,, ,,Nei,,"100 619,175","6 484 181,582"
300,Ikke vandringshinder for anadrom fisk. Skal gå fint å hoppe opp mot kulvert. Fin kulp nedstrøms. Ser en del Aure nedstrøms ,Ja,25,"Halvstor naturlig kulp, holder på en del vann. Enda en liten kulp rett ved inngang til kulvert ",30.0,Birkenes ,Nei,,,, ,,Nei,,"101 134,655","6 481 661,538"
301,"Fint habitat og kulvert ikke vandringshinder. Kulvert lekker noe vann, men ikke betydelig. Denne er grei. Men bekk er veldig tør nedstrøms. Mye fisk nedstrøms, en på rundt 20cm.",Ja,20,"Naturlig kulp, 3-4 meter bred og 50-60 cm vann på dypeste. ",45.0,Birkenes ,Nei,,,, ,,Nei,,"100 923,1","6 481 455,07"
302,"Ikke mulig å vandre opp fra elv, men en del fisk vil sikkert kunne komme ned til elv, men ikke opp. Kulvert fin ",Nei,,,,Birkenes ,Nei,,,, ,,Nei,,"100 534,115","6 479 684,542"
303,"Noe hinder, Noe høyde opp mot kulvert, plus begrenses til betongrør inni kulvert, med 20-30cm høyde fra vannflate. Vandring for anadrom fisk bør gå bra, men er noe høyt. Mulig noe tiltak burde gjøres. Og gjerne rydde litt i utløp fra kulvert. ",Ja,60,"Bred, stor kulp. Tipper denne er menneskeskapt. Litt mye grein ut fra kulp til bekk. ",90.0,Birkenes ,Usikker,,,, ,bør sjekkes bedre. Kan være viktig,Nei,,"104 060,87","6 485 104,241"
304,"Kulvert grei, men med noe kvist invendig. Kulp stengt av grein og plank ved utløp, dette er hinder. Lav vannføring ",Ja,5,"Ikke menneskeskapt kulp, av greiner og plank",10.0,Birkenes ,Ja,,Nei,MindreUtbedring,1,,'Ja',,"104 031,04","6 483 982,723"
305,"Fisk nedstrøms Kulvert helt tør, men ikke hinder ved høyere vannføring. Stor og fint substrat ",Nei,0,,5.0,Birkenes ,Nei,,,, ,,Nei,,"104 281,766","6 485 055,387"
306,"Helt stillestående vann, men andemat? På toppen. Vannkvaliteten ser dårlig ut. Kulverter sannnsynligvis fine. ",Nei,0,,20.0,Birkenes ,Nei,,,, ,,Nei,,"104 608,64","6 484 761,588"
307,"Helt tør mot kulvert, noe vann etter et par meter. Selve kulverten er fin. Bekkeløp noe gjengrodd. ",Nei,15,,5.0,Birkenes ,Nei,,,, ,,Nei,,"105 954,867","6 487 176,767"
308,Fisk bør kunne hoppe opp ved grei vannføring. Ser en Aure på 15cm nedstrøms. ,Nei,20,,35.0,Birkenes ,Nei,,,, ,,Nei,,"106 050,374","6 486 933,046"
309,Kommer nytt rør med 20-40 stigning inne i kulvert. Usikker på om dette er fiskehabitat uansett. Dette er mulig hinder ,Nei,0,,15.0,Birkenes ,Usikker,,,, ,,Nei,,"106 417,171","6 486 608,369"
310,"Hvis kulvert ikke er tett, er denne fin. Gjengrodd bekk og veldig stillestående vann. Ser overraskende nok fisk nedstrøms, størrelse 10cm. ",Nei,0,,30.0,Birkenes ,Nei,,,, ,,Nei,,"106 569,751","6 486 483,651"
311,"Noe tett oppstrøms. Kulvert fin, veldig fin bekk. Kommer en stigning under kulvert på 20-30cm, dette bør kunne bestiges. Ser småfisk under kulvert. Ok, men mulig man skulle tilrettelagt litt under kulvert. ",Nei,0,,5.0,Birkenes ,Ja,,,, ,,Nei,,"109 040,536","6 487 389,685"
312,"Usikker på vandring, litt høyt mot kulvert, og ikke veldig stor Plass å hoppe fra. Men bør gå fint ved mer nedbør. Grei bekk nedstrøms.",Nei,60,,30.0,Birkenes ,Usikker,,,, ,,Nei,,"110 893,148","6 488 513,821"
313,"Grei kulvert, veldig stillestående vann. Ikke hinder ",Nei,0,,30.0,Grimstad ,Nei,,,, ,,Nei,,"111 454,809","6 487 521,188"
314,"Grei kulvert, noe landbrukspreget bekk. Stillestående vann nedstrøms. Kulvert ligger under vann oppstrøms ser det ut til. ",Nei,10,,20.0,Grimstad ,Nei,,,, ,,Nei,,"111 604,123","6 487 317,14"
315,"punktet plassert feil. Nå går kulvert i jordbruk, med gress mm. Liten verdi",,40,,20.0,Grimstad ,Ja,Ja,Nei,MindreUtbedring,IkkePrioritert,,'Ja',,"113 218,871","6 486 298,333"
316,"Fin kulvert, ser fisk. Ikke hinder. ",,,,,Grimstad ,,,,, ,,Nei,,"116 093,911","6 486 976,786"
317,På 2. befaring viste seg at det ikke var vann i bekkeb. Tiltak unødvendig,,,,,Grimstad ,Ja,Ja,Nei,MindreUtbedring,IkkePrioritert,,'Ja',,"115 401,2","6 486 586,132"
318,"Grei bru, lav vannføring, men ikke hinder. ",Nei,0,,20.0,Grimstad ,Nei,,,, ,,Nei,,"119 366,508","6 483 815,572"
319,"Grei kulvert nedstrøms, og fint bekkeløp. Bekk er helt tør. Stålkulvert, som er noe ødelagt innvendig oppstrøms. Se bilder på punkt oppstrøms. ",Nei,0,,0.0,Arendal ,Usikker,Nei,Nei,OmfattendeUtbedring,3,ØK Det er ikke anadrom strekning og det er ikke ørret i innsjø nedenfor. Ikke relevant som gytebekk for ørret. Kan ha funksjon for ål.,Nei,,"135 748,884","6 499 980,833"
320,"Fin steinkulvert. Er registrert som usikker i forhold til hinder fordi denne er smal og det samler seg noe kvist inni kulvert. Ikke nok til å være barriere, men kan gjøre gjennomvandring noe vanskeligere ",Nei,0,,10.0,Arendal ,Usikker,Uklart,Ja,LettRensk,0,ØK Om anadrom fisk kommer forbi Stampefoss så er det anadrom strekning,'Ja',,"134 566,145","6 501 130,064"
321,"Kulvert stor og fin, noe sølete vann nedstrøms. Og ser ut til at denne kan samle noe kvist som kan bli hinder. Men ok ",Nei,0,,10.0,Arendal ,Nei,,,, ,,Nei,,"137 324,005","6 502 967,19"
322,Noe stillestående og slammete vann. Litt gjengrodd foran kulvert. Men ok for vandring. ,Nei,0,,35.0,Arendal ,Nei,,,, ,,Nei,,"137 178,498","6 502 842,066"
323,"Usikker på om denne er hinder da den ligger dypt, og er vanskelig å se. Men mulig ok. Bekk er kalket nedstrøms ",Nei,0,,40.0,Froland ,Usikker,,,, ,,Nei,,"132 460,899","6 503 275,165"
324,"Ikke fiskehabitat, bare drenering ",Nei,0,,30.0,Arendal ,Nei,,,, ,,Nei,,"131 593,215","6 503 384,712"
325,"Kulvert rast i front. Kulvert ser fin ut, lite vann. Men kan ikke se gjennom kulvert, derfor usikker på hinder. ",Nei,0,,5.0,Froland ,Ja,Uklart,Nei,OmfattendeUtbedring,3,Usikkert om anadrom fisk når opp hit. Stort tiltak.,Nei,,"130 673,821","6 500 927,115"
326,"Sannsynligvis fin, men veldig gjengrodd nedstrøms. ",Nei,0,,10.0,Froland ,Nei,,,, ,,Nei,,"131 201,095","6 499 813,099"
327," Denne ser fin ut, ser fisk nedstrøms. ",Nei,0,,10.0,Froland ,Nei,,,, ,,Nei,,"131 235,446","6 499 743,752"
328,"Stor fin kulvert, grei vannføring med tanke på hvor tørt det er. Ikke hinder ",Nei,0,,10.0,Froland ,Nei,,,, ,,Nei,,"131 286,99","6 499 495,362"
329,"Stor kulvert i stål med betong i bunn, fin ikke vandringshinder ",Nei,0,,30.0,Froland ,Nei,,,, ,,Nei,,"131 542,492","6 499 293,365"
330,"Veldig stillestående vann, ikke kulvert ikke hinder. Ser noe småfisk ",Nei,0,,15.0,Froland ,Nei,,,, ,,Nei,,"131 249,892","6 499 060,381"
331,"Stor fin plastkulvert, ikke hinder. ",Nei,0,,50.0,Froland ,Nei,,,, ,,Nei,,"132 480,852","6 500 703,811"
332,"Usikker på hinder på grunn av lengde, men fin ingang til kulvert og fint habitat nedstrøms ",Nei,0,,2.0,Arendal ,Usikker,,,, ,,Nei,,"132 215,63","6 499 215,706"
333,"Grei kulvert, ikke vandringshinder. ",Nei,0,,20.0,Arendal ,Nei,,,, ,,Nei,,"133 423,542","6 498 641,554"
334,Usikker på vanndybde. Helt grønt stillestående vann. Kulvert ser grei ut. ,Nei,0,,100.0,Arendal ,Nei,,,, ,,Nei,,"133 871,721","6 497 935,229"
335,"Er noe høyde opp mot kulvert, men ikke så høyt at denne ikke burde kunne vandres ved litt høyere vannføring. Fint habitat nedstrøms. 2 betongkulverter på rundt 80cm invendig ",Nei,30,,10.0,Gjerstad ,Usikker,,,UavklartMåBefares, ,Så ut til å være litt høye rør,Nei,,"161 742,003","6 539 018,471"
336,Greie betongkulverter. Ikke hinder.,Nei,0,,15.0,Gjerstad,Nei,,,, ,,Nei,,"161 473,228","6 538 838,307"
337,"Selve brua er fin, men er bratt opp mot inngang, bør kunne klatres av noe fisk, men sannsynglvis hinder. Ligger og en hvitevare av et slag nede i kulp. ",Ja,250,Naturlig grunn kulp,50.0,"Gamle sørlandske (bekk mot gjerstadvannet, ved E18)",Ja,,,,IkkePrioritert,,Nei,,"161 061,716","6 538 476,43"
338,"Bred fin kulvert, ikke hinder. Ser en Aure på 20cm nedstrøms. ",Nei,0,,40.0,Gjerstad ,Nei,,,, ,,Nei,,"160 414,315","6 537 560,384"
339,"Veldig fin og stor bru, ikke hinder. Er en den stor Aure under bru. Som står delvis fast på grunn av vannstand nedstrøms. ",Nei,0,,50.0,Gjerstad ,Nei,,,, ,,Nei,,"160 066,002","6 537 707,161"
340,"Sidekulvert ved bru. Vann renner nordover, vet ikke om det er vanlig, eller bare et resultat av lav vannstand. Denne er litt tør i fremkant. Men regner med fisk kan passere under bru ",Nei,0,,30.0,Gjerstad ,Nei,,,, ,,Nei,,"159 047,83","6 537 151,499"
341,"Tenker denne vil kunne være hinder. Mye kvist og gamle store ståldeler i bekk, som vil skape hinder. Plus noe stigning. Men her bør noe fisk komme opp, så hinder ikke barriere. ",Nei,60,,0.0,Gjerstadveien (bekk renner ut til Sunda),Ja,,,,0,,Nei,,"158 819,922","6 537 798,468"
342,"Veldig gjengrodd bekk, men stillestående vann. Men kulvert ser grei ut. ",Nei,0,,20.0,Gjerstad ,Nei,,,, ,,Nei,,"156 422,822","6 543 253,774"
343,"det er mye kvist foran inngang, og det ligger et gammel sauegjerde foran. Vet ikke hvor mye fisk som kommer hit, men vil være hinder.",Nei,0,,0.0,Indre vei (sidebekk storeelva),Ja,,,,0,,Nei,,"156 071,839","6 543 672,801"
344,"Ikke hinder, ved riktig vannføring. Bekk helt tør. Kulverter ok.",Nei,30,,0.0,Gjerstad ,Nei,,,, ,,Nei,,"155 551,965","6 544 452,969"
345,"Overraskende god vannkvalitet. Kulvert forsvinner under jorder på begge siders. Kulvert sannsynligvis grei, usikker på om det kommer fisk opp hit ",Nei,0,,20.0,Gjerstad ,Nei,,,, ,,Nei,,"152 614,883","6 544 382,715"
346,"Kulvert ikke hinder, helt tørt. Mulig bekk er for bratt til å vandres. Men må mye nedbør til før det skal kunne være aktuelt ",Nei,10,,0.0,Gjerstad ,Nei,,,, ,,Nei,,"150 306,885","6 547 388,336"
347,"Stillestående bekk, veldig mørt vannfarge. Kulvert ikke hinder. ",Nei,0,,40.0,Gjerstad ,Nei,,,, ,,Nei,,"149 501,136","6 547 810,314"
348,"Egentlig grei kulvert, settes som usikker på grunn av åpent gitter oppstrøms. Ser en fisk nedstrøms. God vannføring ",Nei,0,,80.0,Gjerstad ,Usikker,,,,IkkePrioritert,Ser fin ut,Nei,,"159 015,293","6 536 706,709"
349,"Hinder i form av kvist oppstrøms. Kulvert ser fin ut. Noe høyde opp mot innløp nedstrøms, men er en jevn overgang og bør kunne forses hvis fisk kommer opp hit. ",Nei,40,,30.0,Gjerstadveien (bekk renner ut til Sunda),Ja,,,,0,,Nei,,"158 774,511","6 536 583,539"
350,Både terskel oppstrøms og habitat oppstrøms er hinder. Ser fisk nedstrøms. ,Ja,30,"Dannes naturlig kulp, når vannstand er så lav. ",60.0,Søndeledveien (sidebekk Søndeleddfjorden),Ja,,,OmfattendeUtbedring,IkkePrioritert,Veldig høy terskel med mur rett oppstrøms. Ser ut til at bekken stopper i jordet oppstrøms,'Ja',MindreViktig,"156 804,126","6 527 912,586"
351,Kulverter ser ok ut. 3 betongkulverter der 2 er like store. Ikke mange meter ut i fjorden etter kulvert. ,Nei,0,,60.0,Risør ,Nei,,,, ,,Nei,,"157 751,802","6 528 477,759"
352,Ser grei ut nedstrøms. Trolig greit bekkeløp. Usikker på hvor denne ender ,Nei,0,,20.0,Risør ,Usikker,,,,IkkePrioritert,Bekken stopper rett oppstrøms i et stort jordet,'Ja',,"158 021,243","6 528 626,27"
353,"Naturstein i bunn. Setter denne som hinder fordi denne sannsynligvis ikke er veldig fin oppstrøms. Plus noe høyde opp mot kulvert. Lite vann, men fin bekk nedstrøms",,40,,30.0,Søndeledveien (bekk renner mot Brøbøvann),Ja,Ja,Ja,LettRensk,0,Rydde vekk kvist 0-100 m overstrøms,'Ja',,"158 315,157","6 531 063,049"
354,"Ikke hinder, men vannkvalitet ser ikke bra ut, oljete skinnende vann. Og gjengrodd bekk, med lite vann. ",Nei,0,,20.0,Gjerstad ,Nei,,,, ,,Nei,,"157 987,035","6 534 630,295"
355,"Usikker på hinder, selve kulvert ser fin ut. Ser fisk nedstrøms. Men vannet bærer preg av å ligge så nærme riksvei. Slammete og noe oljeflekker i vann. Usikker på hinder på grunn av lengden og usikker på hvordan denne er innvendig ",Nei,0,,40.0,Gjerstad ,Usikker,,,, ,,Nei,,"158 178,19","6 535 451,493"
356,"Hinder fordi man blokkerer til utløp mot bekk. Selv om småfisk sannsynligvis passerer. Dårlig vannkvalitet, ser fisk nedstrøms. ",Ja,0,"Menneskeskapt kulp, blokkerer fisk delsvis fra å reise til innsjø. ",60.0,"Gjerstadveien (E18, Bekk renner ut mot Nybøtjerna)",Ja,,,,IkkePrioritert,Kulvert går også under hele E18,Nei,,"158 059,338","6 535 147,51"
357,Kulvert ser fin ut. Sannsynligvis fisk nedstrøms. Ikke mye vannflyt ut fra kulp,Ja,0,"Naturlig bred kulp, sikkert opp mot meteren dyp. ",40.0,Gjerstad ,Nei,,,, ,,Nei,,"157 637,358","6 536 760,408"
358,"Kulvert liten, og ikke veldig fin bekk oppstrøms. ",Nei,0,,0.0,Gjerstad ,Usikker,,,,IkkePrioritert,"Usikker på om det er fiskebekk, ser ut til å være lite vann",Nei,,"157 387,244","6 536 619,942"
359,Mulig hinder. Lite vann og tre gjennom kulvert. ,Nei,0,,20.0,Gjerstad ,Usikker,,,,0,,Nei,,"155 673,958","6 535 707,252"
360,Ikke hinder. Noe gjengrodd ,Nei,0,,10.0,Gjerstad ,Nei,,,, ,,Nei,,"154 682,445","6 535 715,475"
361,"Vann som kommer ut av sidekulvert, lekker. Denne vil være vandringsbarriere og hinder, ved mindre det er nok vann til at fisk kan passere under bru, eller kommer inn i sidekulvert. ",Nei,130,,20.0,Gjerstad ,Ja,,,,IkkePrioritert,"Bru, sannsynligvis ikke vandringshindre med mer vann",Nei,,"150 003,906","6 532 104,905"
362,"Sannsynligvis grei, men lite vann, og noe høyde opp mot kulvert. ",Nei,15,,10.0,Gjerstad ,Usikker,,,,IkkePrioritert,"Stårgrei kulvert, var ute når det var lite vannføring",Nei,,"148 114,494","6 529 206,229"
363,"Usikker på hinder, mulig denne kan vandres ved god vannføring. ",Nei,0,,50.0,Gjerstad ,Usikker,,,,IkkePrioritert,Ok ved høyere vannføring,Nei,,"151 432,863","6 528 200,339"
364,"Gitter oppstrøms, som kan fange kvist. Noe høyt opp mot kulvert ved lav vannstand. Rett ut i innsjø nedstrøms. ",Nei,45,,20.0,Gjerstad ,Ja,,Ja,,0,Gitter oppstrøms må fjernes,Nei,,"151 955,333","6 527 957,973"
365,Skal mye vann til før denne kan brukes av fisk ,Nei,0,,0.0,Gjerstad ,Usikker,,,,IkkePrioritert,"Tørt, mange gyteomrd i Eksjø",Nei,,"152 571,526","6 527 723,286"
366,Liten terskel under bru. Sannsynligvis ikke hinder. Mulig bekk er naturlig hinder nedstrøms på grunn av høyde ,Nei,0,,5.0,Gjerstad ,Nei,,,, ,,Nei,,"154 866,566","6 526 546,662"
367,"Bru i størrelse, rundt 500cm ikke hinder. Mulig bekk er for bratt nedstrøms. ",Nei,0,,20.0,Gjerstad ,Nei,,,, ,,Nei,,"154 925,589","6 526 174,166"
368,Sikkert grei kulvert. Lav vannføring.,Nei,5,,40.0,,Nei,,,, ,,Nei,,"147 648,013","6 518 272,091"
369,"Sannsynligvis ikke hinder. Greit bekkeløp nedstrøms, men vanskelig å finne oppstrøms.",Nei,0,,5.0,Arendal,Usikker,,,, ,,Nei,,"139 288,487","6 504 568,663"
370,"Er noe stigning opp mot bru, men denne er jevn og bør kunne forses. Men er hinder oppstrøms. ",Ja,100,"Naturlig kulp, holder på noe vann. Usikker på dybde ",20.0,Arendal ,Usikker,,,, ,,Nei,,"139 501,709","6 505 251,948"
371,"Selve kulvert er nok ikke hinder. Men er veldig bratt opp mot kulvert, uten veldig tydelig bekkeløp. ",Nei,,,0.0,Arendal ,Usikker,,,, ,,Nei,,"139 781,287","6 505 878,486"
372,"Ser fisk nedstrøms. Sannsynligvis ikke hinder, ser ok ut. Er noen lave terskler inni bru. Og bru er så lav at vann muligens vil renne over ved veldig høy vannføring ",Nei,0,,20.0,Arendal ,Nei,,,, ,,Nei,,"139 949,212","6 506 719,347"
373,"Usikker på vandringshinder på grunn av lengde på hvordan kulvert går. Noe høyde opp mot kulvert, greit for anadrom fisk, sannsynligvis problematisk for ål.",Ja,20,"På sett og vis en kulp nedstrøms, dannet av at bekk er blokkert av kvist ",10.0,Arendal ,Usikker,,,, ,,Nei,,"140 699,119","6 507 861,716"
374,"Ser fisk og frosk nedstrøms. Kulvert ikke hinder, men krever mer vannføring for å kunne passeres ",Nei,0,,20.0,Arendal ,Nei,,,,IkkePrioritert,fine rør,'Ja',,"141 483,275","6 506 904,762"
375,"Veldig lite vann, men bør være fiskeførende ved høyere vannstand. Kulvert sannsynligvis ok ",Nei,0,,2.0,Arendal ,Nei,,,,IkkePrioritert,fine rør,Nei,,"141 507,177","6 506 873,137"
376,Tenker selve kulverten ikke er hinder. Men bekk gjengrodd både oppstrøms og nedstrøms. Men er fortsatt noe vann i bekk. ,Nei,0,,30.0,Arendal ,Nei,,,, ,,Nei,,"141 700,059","6 506 308,206"
377,"Veldig stillestående vann, Ser ut som om det har begynt å dannes bekkeløp på siden av veien også. ",Nei,0,,70.0,Arendal ,Usikker,,,,IkkePrioritert,bekken går igjennom hele p-plassen nedenfor.,'Ja',,"142 283,426","6 509 054,847"
378,Kulvert ser ok ut. Men vassdrag bør sjekkes lengre nede ,Nei,0,,50.0,Arendal ,Nei,,,, ,,'Ja',,"142 324,592","6 509 069,61"
379,"Blir delvis blokkert av kvist oppstrøms. Fint habitat, men alt for stillestående og sølete vann. Kulvert ok ",Nei,0,,30.0,Arendal,Usikker,,,, ,,Nei,,"142 374,5","6 509 097,343"
380,"Kunstig bekkeløp? Er helt tørt. Noe høyde opp mot kulvert. Usikker på denne, kommer Ann på hvor stor vannføringen kan bli. ",Ja,60,"Kulp lager av stein, menneskeskapt. ",0.0,Tvedestrand ,Usikker,,,, ,,Nei,,"146 058,349","6 513 188,828"
381,"Usikker på hinder, da dette er en lang kulvert. Og mulig det er kummer langs vei som renner ned i denne. Ved dagens vannføring lekker vann ut mellom to betongelementer før bekk. Ser ikke fisk, en del rumpetroll. ",Nei,30,,30.0,Tvedestrand ,Usikker,,,,IkkePrioritert,"Bekk går ikke til et vann, veldig lang kulvert i utgangspunktet",Nei,,"145 488,196","6 514 521,124"
382,"Sannsynligvis fin, men er veldig tørt nedstrøms. ",Nei,0,,0.0,Tvedestrand ,Nei,,,, ,,Nei,,"144 780,735","6 513 942,943"
383,"Kulvert sannsynligvis ok. Men er veldig mye vegetasjon fra ny bekk, til eksisterende bekk. ",Nei,0,,4.0,Tvedestrand ,Usikker,,,,IkkePrioritert,Skal være et vandringshinder her for å hindre at fisk kommer opp i sedimantasjonsbasseng,Nei,,"144 686,449","6 513 931,552"
384,Registrerer disse to sammen. Ser ikke ut som hinder. Vann er stillestående og tåkete. Kun god flytt gjennom et av rørene. Det andre er grodd igjen i front. ,Nei,0,,50.0,Tvedestrand ,Nei,,,, ,,Nei,,"144 632,179","6 512 832,414"
385,"Gammel bru, ikke hinder. ",Nei,0,,20.0,Tvedestrand ,Nei,,,, ,,Nei,,"144 631,445","6 512 713,353"
386,"Samme som oppstrøms, kun en av kulvertene fører vann nå. Veldig landbrukspreget bekk. Mye sand inni kulvert. Svært redusert bekk, der det sannsynligvis går beitedyr. ",Nei,0,,4.0,Tvedestrand ,Usikker,,,, ,,Nei,,"144 569,28","6 512 421,945"
387,Tror dette er utløp. Ser ut til å være blokkert eller rast over.,,,,,Tvedestrand ,Ja,,,,0,Betongelement løsnet nedstrøms -må hektes på. Fin bekken oversteøms,'Ja',,"144 060,85","6 511 717,811"
388,Ser en liten fisk. Slammete bekk sammenlignet med lengre nedstrøms. Noe vannføring. Ser ikke ut som hinder. ,Nei,3,,5.0,Tvedestrand ,Nei,,,, ,,Nei,,"144 129,874","6 511 403,162"
389,"Kulvert ok. Begynner å bli mindre vann i bekk, sammenlignet med nedstrøms. Ikke like landbrukspreget som punkt lengre nedstrøms. ",Nei,20,,10.0,Tvedestrand ,Nei,,,, ,,Nei,,"144 132,121","6 511 350,82"
390,"Gammel steinkulvert. Mer redusert bekk, men kulvert ok. ",Nei,0,,5.0,Tvedestrand ,Nei,,,, ,,Nei,,"144 245,246","6 510 984,062"
391,"Betongstikkrenne, ikke hinder. Men er velsig lite vann nedstrøms, og de fiskene som er her, er fanget på grunn av lav vannstand. ",Nei,10,,10.0,Tvedestrand ,Nei,,,, ,,Nei,,"144 242,167","6 511 025,244"
392,Denne er veldig lang og kan ikke ses igjenom. Er en del kvist i bekk nedstrøms og veldig lite vann. Usikker på hinder,Nei,2,,5.0,Tvedestrand ,Usikker,,,, ,,Nei,,"144 252,907","6 510 938,616"
393,"Grei kulvert, noe redusert bekk. Men er noe vann ",Nei,0,,15.0,Tvedestrand ,Nei,,,, ,,Nei,,"144 517,27","6 510 048,757"
394,"Bekk renner ikke gjennom  , men i åpning på siden. Denne åpningen er tett invendig, blir hinder for fisk. ",Nei,50,,60.0,Tvedestrand ,Ja,Ja,Ja,LettRensk,0,,'Ja',,"144 791,175","6 508 841,433"
395,"Ser ikke gjennom denne, usikker på hinder. Ser ok ut nedstrøms",Nei,0,,20.0,Tvedestrand ,Usikker,,,, ,,Nei,,"144 905,023","6 508 527,458"
396,"En del vann nedstrøms, bekk ser bra ut. Kulvert ikke hinder ",Nei,0,,40.0,Tvedestrand ,Nei,,,, ,,Nei,,"144 975,285","6 508 443,562"
397,"Ikke hinder, relativt ny bru. Men slammete sediment på begge sider. Grei vannføring ",Nei,0,,40.0,Tvedestrand ,Nei,,,, ,,Nei,,"145 145,803","6 507 891,224"
398,"Noe høyde opp mot kulvert, og kan ikke se gjennom rør. Mulig hinder. Renner ikke vann igjennom. Stillestående vann nedstrøms.",Nei,40,,40.0,Tvedestrand ,Usikker,,,, ,,Nei,,"145 677,209","6 507 008,956"
399,"Denne ser fin ut, er støpt. Ser fisk nedstrøms, og det er noe vannføring. ",Nei,40,,10.0,Tvedestrand ,Nei,,,, ,,Nei,,"145 718,991","6 506 939,036"
400,"Er en del kvist oppstrøms, som delvis blokerer. Ser fisk nedstrøms, lite vann. Men kulvert ser ok ut.",Nei,0,,30.0,Tvedestrand ,Ja,Ja,Ja,LettRensk,0,,'Ja',,"145 732,967","6 506 896,253"
401,Kulvert blokkert av stor stein og kvist. Helt klart hinder. Dette har gjort at siste betongelement er løsnet fra resten. Greit bekkeløp nedstrøms,Nei,0,,20.0,Tvedestrand ,Ja,Ja,Ja,LettRensk,0,,'Ja',,"145 895,662","6 506 633,155"
402,"Litt usikker på denne, liten vannføring og ser ikke gjennom stikkrenne ",Nei,0,,20.0,Tvedestrand ,Usikker,,,, ,,Nei,,"145 276,809","6 505 401,887"
403,"Gammel stålkulvert, noe rusten. Men ser ikke ut som hinder. Veldig gjengrodd bekk nedstrøms. ",Nei,0,,10.0,Tvedestrand ,Nei,,,, ,,Nei,,"145 282,333","6 505 215,456"
404,"Usikker på hinder, siden man ikke ser gjennom kulvert. Mistenker at denne er delvis fylt med sand og jord på grunn av vannhastighet. Og siden den ligger så dypt. Fin bekk nedstrøms, men noe kvist i bekk. ",Nei,0,,20.0,Tvedestrand ,Usikker,,,, ,,Nei,,"144 977,343","6 504 726,861"
405,"Ser fin ut nedstrøms, noe høyde mot kulvert, men bør være greit ved mer nedbør. Men kulvert ser ut til å være blokkert av kvist oppstrøms. ",Nei,50,,50.0,Arendal ,Ja,Ja,Ja,LettRensk,0,Viktig sidebekk til Nidelva.,'Ja',,"129 625,685","6 491 826,306"
406,"Fin bru, ikke hinder. Noe stillestående vann. ",Nei,0,,70.0,Grimstad ,Nei,,,, ,,Nei,,"128 876,359","6 489 742,788"
407,"Bru ikke hinder, mindre vegetasjon i bekk nedstrøms. Ser greit ut",Nei,0,,50.0,Grimstad ,Nei,,,, ,,Nei,,"128 862,512","6 489 578,11"
408,"Ikke hinder, men lite vann i bekk. Fin bekk nedstrøms. ",Nei,0,,15.0,Grimstad ,Nei,,,, ,,Nei,,"127 497,327","6 490 013,046"
409,"Betongelementer er løsnet fra hverandre i bunn. Lite vannføring. Usikker på om fisk kommer opp hit, hvis de gjør det, vil denne sannsynligvis være hinder ",Nei,35,,30.0,Arendal ,Ja,Uklart,Nei,MindreUtbedring,1,,'Ja',,"128 954,016","6 490 563,546"
410,"Nederste betongelementer i kulvert er løsnet, og denne blir hinder og sannsynligvis barriere. Bør utbedres. Noe gjengrodd bekkeløp nedstrøms, men ok. ",Nei,0,,40.0,Grimstad ,Ja,Ja,Nei,MindreUtbedring,1,,'Ja',,"126 835,475","6 491 431,366"
411,"Denne vil være hinder hvis fisk kommer så langt opp. Er mye slam i stikkrenne, og denne er liten ",Nei,0,,5.0,Arendal ,Ja,Uklart,Ja,LettRensk,0,,'Ja',,"126 933,026","6 491 432,227"
412,"Kulvert ser ok ut nedstrøms. Veldig lite vann, men bekkeleie indikerer bekk med noe størrelse ved normal vannføring. ",Nei,0,,2.0,Grimstsdb,Nei,,,, ,,Nei,,"126 651,915","6 491 542,15"
413,Kulvert ser ok ut. Men bekk svært tør og redusert. Nesten vanskelig å se bekk. ,Nei,0,,20.0,Grimstad ,Nei,,,, ,,Nei,,"126 250,491","6 491 932,874"
414,En av rørene kunne nok med fordel ha vært litt lavere. Plaststikkrenne bør kunne passeres ved høyere vannføring. Er fisk nedstrøms som er fanget på grunn av lav vannstand. ,Nei,15,,30.0,Grimstad ,Usikker,,,, ,,Nei,,"126 004,965","6 489 848,008"
415,"Tenker denne er lagt noe høyt. Bekk er helt tør nedstrøms. Er noe småfisk nedstrøms, men disse er fanget. ",Nei,10,,15.0,Grimstad ,Ja,Uklart,Nei,UavklartMåBefares,2,Uklar verdi oppstrøms. Uklart om det er behov for tiltak. Kulp?,Nei,,"126 075,122","6 489 665,201"
416,"Kulvert tett innvendig. Hinder hvis fisk kommer hit, ellers bør dette utbedres uansett på grunn av potensialet for erosjon langs vei. ",Nei,0,,0.0,Grimstad ,Ja,Uklart,Ja,LettRensk,1,,'Ja',,"125 677,93","6 488 198,623"
417,"Selve kulvert er nok ikke hinder, men er veldig bratt opp mot innløp. ",Nei,0,,0.0,Grimstad ,Nei,,,, ,,Nei,,"125 659,746","6 488 171,911"
418,Denne ser ok ut. En del stillestående vann nedstrøms. Men grei bekk. ,Nei,0,,50.0,Grimstad ,Nei,,,, ,,Nei,,"125 543,817","6 487 750,102"
419,"Gammel kulvert i stein, denne ser ok ut, men er noe større stokker foran kulvert. Men bør være ok. ",Nei,0,,15.0,Grimstad ,Nei,,,, ,,Nei,,"126 194,183","6 487 617,197"
420,"Potensielt vandringshinder. Terskel inni kulvert, der det lekker vann i tillegg, vil børe krevende og passere. Fin bekk nedstrøms. ",Nei,40,,30.0,Fjæreveien (bekk fra Holletjenn mot Vikkilen),Ja,Uklart,Nei,UavklartMåBefares,2,Nedstrøms kulvert under E18 må befares for å si om bekken er anadrom.,Nei,,"126 209,334","6 487 593,23"
421,Det er to stor rør som ligger for høy. Svær steinføys i forkant som ikke er vårt ansvar,Nei,20,,10.0,Grimstad ,Ja,Ja,Nei,Uklassifisert,IkkePrioritert,,'Ja',,"122 958,235","6 482 583,672"
422,"Ikke hinder, kulvert sannsynligvis ok. Fin bekk nedstrøms. Ser fisk. Kommer inn en liten stikkrenne ved utløp, vet ikke hvor denne kommer fra ",Nei,0,,30.0,Grimstad ,Nei,,,, ,,Nei,,"122 716,879","6 482 425,998"
423,"Fisk nedstrøms. Kulvert er fulstending blokkert for vandring oppstrøms av kvist, og delvis nedstrøms av stein, sand og kvist. Denne bør ryddes, nåværende hinder ",Nei,0,,10.0,Grimstad ,Ja,Ja,Nei,OmfattendeUtbedring,IkkePrioritert,,'Ja',,"122 574,151","6 482 317,348"
424,Kulvert ser ikke ut som hinder. Er kvist som hinder lengre nede i bekk. Se bilde 2. Noe stillestående vann. ,Nei,0,,30.0,Grimstad ,Nei,,,, ,,Nei,,"122 456,953","6 483 149,623"
425,"Ikke hinder, men noe jord og sand i kulvert. Gjengrodd bekk, med lite vann. ",Nei,0,,15.0,Grimstad ,Nei,,,, ,,Nei,,"120 566,986","6 481 684,087"
426,Hele innløpet til kulverten ligger under saltvann. ,Nei,0,,200.0,Grimstad ,Usikker,,,, ,,Nei,,"120 181,459","6 480 696,019"
427,"Usikker på hva som er oppstrøms her, ser ut som saltvann flytter oppover slik som vannivået er nå. Ser fisk nedstrøms. ",Nei,0,,120.0,Grimstad ,Nei,,,, ,,Nei,,"120 212,332","6 480 839,276"
428,Kulvert vil sannsynligvis være hinder på grunn av høyde og diameter på rør. ,Nei,50,,5.0,Grimstad ,Usikker,,,, ,,Nei,,"118 967,615","6 478 721,157"
429,"Ikke hinder, kulvert ser ok ut. Greit med vann. ",Nei,0,,80.0,Grimstad ,Nei,,,, ,,Nei,,"118 800,357","6 477 786,432"
430,"Ser grei ut nedstrøms, men er ikke noe vann. Usikker på grunn av lengde ",Nei,0,,0.0,Grimstad ,Usikker,,,, ,,Nei,,"117 325,367","6 478 255,89"
431,"Usikker på hinder. Liten stikkrenne. Helt tør, gjengtrodd bekk. ",Nei,0,,0.0,Grimstad ,Usikker,,,, ,,Nei,,"117 217,298","6 478 191,345"
432,"Ligger en den kvist i kulp nedstrøms, og er noe høyde opp mot kulvert. Mulig hinder ",Ja,60,"Semi naturlig kulp, dannet av store steiner og kvist nedstrøms. Rundt 50-60 på det dypeste. ",40.0,Tvedestrand ,Usikker,,,,IkkePrioritert,,Nei,,"143 059,294","6 518 998,084"
433,"Bru ser fin ut. Noe vann rett under bru, ellers er bekk tør. Mye vegetasjon i bekk. ",Nei,0,,50.0,Tvedestrand ,Nei,,,, ,,Nei,,"142 542,186","6 519 896,653"
434,"Sannsynligvis ikke hinder, noe høyde opp mot bru, men er ikke vertikalt, men en litt bratt bekk. ",Nei,100,,60.0,Tvedestrand ,Nei,,,, ,,Nei,,"142 398,973","6 522 168,447"
435,Noe kvist i bekk nedstrøms. Men sansynligvis ikke hinder. ,Nei,0,,20.0,Vegårshei ,Nei,,,, ,,Nei,,"144 674,281","6 525 720,125"
436,"Kulverter ikke hinder, veldig menneskepåvirket bekk. ",Nei,0,,40.0,Vegårshei ,Nei,,,, ,,Nei,,"145 273,19","6 528 965,079"
437,"Litt lite vann. Fint bekk ned til tjern, noe småfisk nedstrøms. ",Nei,15,,20.0,Vegårshei ,Nei,,,, ,,Nei,,"146 913,966","6 535 701,185"
438,"Tør rett ved kulvert, ellers landbrukspreget bekk nedstrøms. Ikke hinder ",Nei,0,,5.0,Vegårshei ,Nei,,,, ,,Nei,,"146 852,708","6 535 812,935"
439,"Er noe høyde mot kuvert, og noe kvist oppstrøms. Ser flere døde aurer nedstrøms. Noe gjengrodd bekkeløp ",Nei,20,,35.0,Vegårshei ,Usikker,,,,0,,Nei,,"146 766,711","6 535 977,71"
440,"Liten stikkrenne, men ser ok ut. ",Nei,5,,10.0,Vegårshei ,Nei,,,, ,,Nei,,"146 751,344","6 537 793,031"
441,"Hinder, begge stikkrennene er tett oppstrøms, vann graver seg på siden av stikkrenner. litt kvist i bekk nedstrøms. Helt tør bekk. ",Nei,0,,0.0,Vegårshei ,Ja,,Ja,,0,,Nei,,"146 065,65","6 537 842,754"
442,"Noe redusert bekk, sannsynligvis ok. ",Nei,0,,0.0,Vegårshei ,Nei,,,, ,,Nei,,"146 012,813","6 538 031,019"
443,"Ligger 2 betongstikkrenner, under den i plast. Disse ser tette ut, og kan ikke ses oppstrøms. ",Nei,50,,40.0,Vegårshei ,Ja,,,,0,,Nei,,"145 741,727","6 538 147,707"
444,Fin bru ,Nei,0,,20.0,Vegårshei ,Nei,,,, ,,Nei,,"144 131,006","6 533 394,601"
445,"Grei gammel bru, bekk tettet av kvist oppstrøms. ",,0,,40.0,Vegårshei ,Usikker,,,,IkkePrioritert,Ikke vandringshinder,Nei,,"139 006,726","6 532 791,46"
446,Tørre nedstrøms. Hinder siden disse er blokkert oppstrøms. ,Nei,0,,5.0,Vegårshei ,Ja,,,,0,,Nei,,"138 452,968","6 528 315,392"
447,Denne ser tett ut oppstrøms. Ligger veldig lavt. Er mye vann på begge sider. ,Nei,0,,100.0,Vegårshei ,Ja,,,,0,,Nei,,"139 813,621","6 525 528,465"
448,"Tenker denne er grei, ved høyere vannføring. Er fisk nedstrøms. Kulvert ok. ",Nei,10,,40.0,Vegårshei ,Nei,,,, ,,Nei,,"142 312,284","6 527 263,06"
449,"Ikke hinder, men veldig bratt oppstrøms. ",,10,,0.0,Vegårshei ,Nei,,,, ,,Nei,,"143 105,663","6 527 954,458"
450,"Bekk ser blokkert ut lengre nedstrøms, og det er litt for høyt opp mot kulvert. ",Nei,50,,25.0,Vegårshei ,Ja,,,,0,,Nei,,"140 708,48","6 524 761,622"
451,"Tørt rett ved kulverter, ellers mye vann nedstrøms. Renner ikke vann gjennom kulvert. ",Nei,10,,60.0,Vegårshei ,Nei,,,, ,,Nei,,"136 121,93","6 525 441,854"
452,Tjern/myr nedstrøms. Ikke hinder ,Nei,0,,20.0,Vegårshei ,Nei,,,, ,,Nei,,"135 525,84","6 525 648,844"
453,"Tør bekk, helt grei nedstøms. ",Nei,0,,30.0,Vegårshei ,Nei,,,, ,,Nei,,"135 081,001","6 525 738,011"
454,"Kan se alle tre utløpende nedstrøms, hvor 2 av disse kan ses igjennom. Tør bekk etter pytt nedstrøms. Ser frosk og rumpetroll nedstrøms. ",Nei,40,,60.0,Vegårshei ,Nei,,,, ,,Nei,,"134 927,109","6 525 779,48"
455,"Mulig hinder, ligger et par plank og noe stein foran kulvert. ",Nei,50,,2.0,Vegårshei ,Usikker,,,,IkkePrioritert,"Langt unna vannet for gytefisk, ikke mellom to vann, ser ut til å være veldig tørt her",Nei,,"133 875,891","6 525 982,024"
456,"Ikke hinder, grei bekk. Så en liten fisk ",Nei,0,,10.0,Vegårshei ,Nei,,,, ,,Nei,,"134 055,192","6 526 469,902"
457,"Ikke hinder, fin bekk nedstrøms. Ser noe fisk. ",Nei,2,,10.0,Vegårshei ,Nei,,,, ,,Nei,,"134 044,056","6 526 559,747"
458,Usikker på dybde siden vannet er såpass uklart. Ikke hinder ,Nei,0,,,Vegårshei,Nei,,,, ,,Nei,,"131 968,326","6 522 661,979"
459,"Meir grøft en bekk, kulvert ikke hinder. Tørt ",Nei,0,,2.0,Vegårshei ,Nei,,,, ,,Nei,,"134 107,718","6 518 290,065"
460,"Gjengrodd rett før kulvert, så lite vann rett ved kulvert. Ok bekk nedstrøms. Blokkert av kvist oppstrøms. ",Nei,0,,5.0,Vegårshei ,Ja,Nei,Ja,LettRensk,0,,'Ja',,"134 338,891","6 518 769,66"
461,"Fin kulvert, ikke hinder. Lite vann i bekk. ",Nei,0,,5.0,Vegårshei ,Nei,,,, ,,Nei,,"134 650,963","6 519 211,539"
462,"Ikke hinder, men er litt gjengrodd under bru. ",Nei,0,,10.0,Vegårshei ,Nei,,,, ,,Nei,,"136 458,803","6 522 873,242"
463,"Ser grei ut nedstrøms, men det ut som om kulvert er lagt feil. Ser ut som om denne ligger på siden ",Nei,0,,100.0,Tvedestrand ,Nei,,,, ,,Nei,,"141 389,735","6 513 905,889"
464,"Litt stillestående vann, sannsynligvis ikke hinder. Mye vegetasjon ",Nei,0,,40.0,Tvedestrand ,Nei,,,, ,,Nei,,"141 305,713","6 513 851,641"
465,"Tenker denne er hinder, da det er litt høyt fra vannflate til kulvert. Plus at siste del av stikkrenne ser ny ut. ",Nei,40,,10.0,Tvedestrand ,Ja,,Ja,UavklartMåBefares,0,,Nei,,"140 953,702","6 513 551,117"
466,Mulig høyde gjør denne til delvis hinder. Så en liten fisk nedstrøms. ,Ja,40,"Naturlig kulp, grei dybde. ",40.0,,Usikker,,,,IkkePrioritert,Ikke fiskevandringsstrekning,Nei,,"139 939,2","6 514 303,838"
467,"Ser grei ut nedstrøms, litt stillestående vann. Er et par store aurer. ",Nei,25,,50.0,Froland ,Nei,,,, ,,Nei,,"137 683,008","6 513 860,473"
468,"Mulig hinder på grunn av lengde og vannføring, er en del fisk nedstrøms",Nei,0,,70.0,Tvedestrand ,Usikker,,,,3,,Nei,,"137 117,526","6 513 327,802"
469,"Kulvert er nok hinder, men ikke noe interessant habitat oppstrøms. ",Nei,0,,0.0,Froland ,Ja,,,,IkkePrioritert,,Nei,,"133 478,908","6 507 992,05"
470,"Kulvert ikke hinder, men bekk bør sjekkes. Usikker på vannstand, veldig stillestående vann. Svært redusert vankvalitet og veldig gjødselpreget vann. Litt stigning mot kulvert, men fin inngang. Bekk burde ses over. ",Nei,40,,,Froland ,Ja,,,,IkkePrioritert,,Nei,,"130 294,649","6 503 725,112"
471,"Noe gjengrodd bekk, ikke hinder ",Nei,0,,20.0,Froland ,Nei,,,, ,,Nei,,"133 357,191","6 505 460,14"
472,Usikker på om fisk noen gang vil kunne bruke denne bekken. Kulvert blokkert av kvist nedstrøms. Bekk gjengrodd ,Nei,0,,0.0,Arendal ,Ja,Nei,Ja,LettRensk,0,,'Ja',,"129 745,943","6 495 701,554"
473,Fisk vil ikke kunne komme opp til kulvert. Men er ikke mye til bekk nedstrøms uansett. ,Nei,300,,0.0,Arendal ,Ja,Nei,Nei,UavklartMåBefares,3,,Nei,,"129 683,277","6 495 699,583"
474,"Grei bekk nedstrøms, kulvert ikke hinder ",Nei,0,,10.0,Arendal ,Nei,,,, ,,Nei,,"129 612,741","6 495 372,156"
475,Noe gjengrodd foran åpning oppstrøms. Stillestående vann og relativt gjødselpreget. ,Nei,5,,15.0,Arendal ,Nei,,,, ,,Nei,,"128 365,879","6 495 272,615"
476,"Klein vannkvalitet nedstrøms. Mulig hinder, er litt høyde opp mot kulvert og bekk i stinging før dette. Ingen kulp og hoppe fra. ",Nei,40,,10.0,Arendal ,Usikker,,,, ,,Nei,,"129 059,002","6 493 075,815"
477,Småfisk i bekk nedstrøms. Usikker på om denne er hinder. Kan se ut som at ved lav vannføring renner vann ikke gjennom selve kulverten. Plus at betongelement er delvis løsnet oppstrøms. ,Nei,0,,0.0,Arendal ,Usikker,,,, ,,Nei,,"130 095,163","6 493 831,437"
478,Noe landbrukspreget bekk. Usikker på hinder ,Nei,2,,10.0,Arendal ,Usikker,,,, ,,Nei,,"128 021,584","6 492 402,053"
479,"Nederste del av kulvert er løsnet, resten er fylt igjen med jord. ",Nei,,,,Arendal ,Ja,Uklart,Ja,LettRensk,0,,'Ja',,"127 919,392","6 494 773,864"
480,"Et av betongelementene i kulverten er løsnet, og kulvert ser noe stengt ut mellom disse. Ser derfor ut som hinder ",Nei,0,,50.0,Arendal ,Ja,Ja,Nei,MindreUtbedring,1,,'Ja',,"127 899,261","6 494 780,986"
481,"Grei bekk nedstrøms, renner 2 forskjellige kulverter ut her. Litt lav vannstand, men renner en del vann igjennom. ",Nei,0,,2.0,Arendal ,Usikker,,,, ,,Nei,,"127 963,219","6 495 924,497"
482,Renner omtrent ikke noe vann gjennom denne. Grei bekk nedstrøms. ,Nei,0,,2.0,Arendal ,Usikker,,,, ,,Nei,,"127 967,21","6 495 926,943"
483,"Noe høyde opp mot kulvert, men kulvert så dyp at denne bør kunne passeres (ikke ål) ved høyere vannføring. Er flere fisk nedstrøms, disse kommer ikke ned til elv ved lav vannføring. ",Ja,40,"Naturlig kulp, dannet av vegetasjon, holder fisk igjen ved lav vannføring, slik at de ikke kommer ned til elv. ",60.0,Arendal,Usikker,,,, ,,Nei,,"125 950,504","6 495 798,579"
484,2 betongkulverter under bru. Vann passerer i kulverter ved lav vannføring.  Disse er tilbøyelige til å tettes oppstrøms. Ligger 3 sykler i bekk nedstrøms. ,Nei,0,,30.0,Arendal ,Usikker,,,, ,,Nei,,"125 799,133","6 495 849,192"
485,"Gjenfinnes ikke oppstrøms. Litt lite vann, og svært stillestående vann. ",Nei,0,,20.0,Arendal ,Usikker,,,, ,,Nei,,"125 439,919","6 495 607,778"
486,"Så noe som vaket, enten frosk eller fisk. Er 2 kulverter, der kun den ene er i bruk. Kulvert mulig hinder siden den er lang og kan være tett. Landbrukspreget bekk ",Nei,0,,30.0,Arendal ,Usikker,,,, ,,Nei,,"128 099,834","6 496 275,454"
487,Demning blokkerer foran kulverter. Selve kulvert sannsynligvis ok. ,Nei,0,,50.0,Arendal ,Ja,,Nei,MindreUtbedring,1,,'Ja',,"128 670,254","6 498 228,14"
488,Noe kvist i bekk nedstrøms. Men grei bekk og kulvert ikke hinder. ,Nei,0,,10.0,Arendal ,Usikker,,,, ,,Nei,,"128 602,161","6 498 304,192"
489,"Tett nedstrøms, en kombinasjon av kvist, søppel og stein. Ved høy vannføring ville nok denne vært krevende og vandre gjennom på grunn av kum i tillegg. ",Nei,0,,5.0,Froland ,Ja,Ja,Uklart,UavklartMåBefares,3,Kulvert deles med jernbane. Kort bekkestreng oppstrøms med ukjent kvalitet.,Nei,,"128 485,508","6 499 739,899"
490,"Veldig bratt opp til åpning, og kulvert er nok bratt også. Plus naturlig hinder oppstrøms. ",,100,,10.0,Froland ,Ja,Ja,Nei,UavklartMåBefares,3,Bekken har naturlig vandringshinder like oppstrøms. Kulvert under jernbane nedstrøms må befares,Nei,,"128 789,88","6 500 361,286"
491,Noe grus foran kulvert. Og er veldig tør. Men ikke hinder. ,Nei,0,,0.0,Froland ,Nei,,,, ,,Nei,,"128 250,34","6 504 402,328"
492,"God vannføring, fin bekk. Kulvert ikke hinder ",Nei,0,,40.0,Mandal ,Nei,,,, ,,Nei,,"65 313,296","6 466 799,695"
493,"Mulig hinder, er forskjellig rør i utløp og innløp. Så disse er koblet sammen under veien et sted. Kan være hinder. Bekk fin nedstrøms. Og der går vann gjennom kulvert. ",Nei,0,,30.0,Mandal ,Usikker,,,, ,,Nei,,"65 808,924","6 466 512,049"
494,"Fin bekk, kulvert ikke hinder ",Nei,0,,30.0,Mandal ,Nei,,,, ,,Nei,,"65 895,074","6 466 299,635"
495,"Mulig hinder, da denne ser ut til å være skjøtet på midten, betongstikkrenne i topp og plaststikkrenne i bunn. ",Nei,0,,10.0,Mandal ,Usikker,,,, ,,Nei,,"65 989,606","6 465 877,569"
496,"Ligger en stor stein foran utløp, som også samler kvist. Denne er hinder ",Nei,0,,20.0,Mandal ,Ja,,,, ,,Nei,,"66 597,579","6 465 071,843"
497,"Kulvert ikke hinder, fin bekk nedstrøms. Veldig bratt oppstrøms. ",Nei,20,,30.0,Mandal ,Nei,,,, ,,Nei,,"67 099,905","6 464 526,233"
498,Kulvert ikke hinder. Noe slammete sediment. Ser fisk nedstrøms. ,Nei,0,,40.0,Mandal ,Nei,,,, ,,Nei,,"65 567,778","6 463 038,439"
499,Tørt bekkeløp. Plasttersker innvendig. Kulp holder ikke på vann og vann lekker. Ikke vann i bekk. ,Ja,20,Menneskeskapt kulp. Holder ikke på vann. ,20.0,Mandal ,Usikker,,,, ,,Nei,,"65 592,528","6 463 051,889"
500,"Ikke hinder, veldig tør nedstrøms. ",Nei,20,,5.0,Mandal ,Nei,,,, ,,Nei,,"60 181,967","6 460 632,286"
501,Skjønner ikke hvilken vei vannet går her ,Nei,10,,0.0,Mandal ,Nei,,,, ,,Nei,,"60 146,476","6 460 629,237"
502,Ikke hinder. Men veldig tørt. ,Nei,0,,5.0,Mandal ,Nei,,,, ,,Nei,,"60 280,215","6 460 643,831"
503,Kulvert ikke hinder. ,Nei,0,,5.0,Mandal ,Nei,,,, ,,Nei,,"61 183,065","6 460 573,954"
504,Kulvert sannsynligvis ok. ,Nei,0,,30.0,Mandal ,Nei,,,, ,,Nei,,"61 238,993","6 460 543,69"
505,"Ser ikke ut som hinder, helt ok bekk. ",Nei,0,,5.0,Mandal ,Nei,,,, ,,Nei,,"61 250,753","6 460 535,633"
506,"Veldig gjengrodd bekk nedstrøms, stillestående vann. Kulvert ikke hinder ",,0,,70.0,Mandal ,Nei,,,, ,,Nei,,"59 629,598","6 457 324,873"
507,Sannsynligvis ikke hinder. Litt gjengrodd bekk nedstrøms og litt vann ,Nei,20,,5.0,Mandal ,Nei,,,, ,,Nei,,"59 607,354","6 457 612,233"
508,"Bru i størrelse. Grei bekk nedstrøms, kulvert ikke hinder ",Nei,0,,35.0,Mandal ,Nei,,,, ,,Nei,,"57 989,532","6 456 904,429"
509,Sannsynligvis grei. Men ligger en del fin sand inni stikkrenne. Mudrete substrat nedstrøms.,Nei,0,,20.0,Mandal ,Nei,,,, ,,Nei,,"58 509,564","6 456 250,429"
510,"Denne er sannsynligvis ikke vandringshinder. Men med tanke på erosjon oppstrøms, burde rør nummer to vært rensket. Noe grøftepreget bekkeløp. ",Nei,0,,5.0,Mandal ,Usikker,,,, ,,Nei,,"58 372,861","6 456 469,75"
511,Usikker på om denne er hinder. Stikkrennen er lang og ser ut til å være bratt noen steder innvendig. Noe mudrete vann nedstrøms. ,Nei,50,,55.0,Mandal ,Usikker,,,, ,,Nei,,"58 268,237","6 456 624,277"
512,"Ser ikke ut som hinder, men er helt tørt. ",Nei,0,,1.0,Mandal ,Nei,,,, ,,Nei,,"58 421,699","6 455 382,774"
513,"Litt usikker på vanndybde, men er dypt. Kulvert ikke hinder, og det er en Fin inngang opp mot kulvert. ",Nei,50,,100.0,Mandal ,Nei,,,, ,,Nei,,"69 115,876","6 460 140,71"
514,God vannføring nå. Kulvert ikke hinder. Grei bekk nedstrøms. ,Nei,0,,50.0,Mandal ,Nei,,,, ,,Nei,,"69 413,728","6 458 043,925"
515,"Grei bekk nedstrøms. Denne vil nok ikke være hinder for anadrom fisk. Men kan være problematisk for ål, siden kulvert stikker litt ut over vannflate. ",Nei,30,,50.0,Mandal ,Ja,,,, ,,Nei,,"69 379,472","6 457 945,42"
516,"Setter usikker på hinder på denne, på grunn av lengden. Men grei bekk nedstrøms. Og fisk/ål kommer seg greit til inngang til kulverter ",Nei,0,,30.0,Mandal ,Usikker,,,, ,,Nei,,"69 294,253","6 457 696,35"
517,Ser ut som om den lange kulverten under jordet lander her. Men er litt lav vannføring så er usikker. Denne er mulig hinder.  ,Nei,0,,20.0,Mandal ,Usikker,,,, ,,Nei,,"69 273,489","6 457 563,712"
518,"Usikker, siden disse kulvertene ligger litt merkelig. Spesielt med tanke på hvordan rørene ligger under jorder. Og l åpningen før den lange kulverten. ",Nei,0,,40.0,Mandal ,Usikker,,,, ,,Nei,,"69 272,346","6 457 549,56"
519,Usikker på om der kommer fisk til denne kulverten. Men den er ikke hinder. ,Nei,0,,40.0,Mandal ,Nei,,,, ,,Nei,,"67 505,891","6 457 954,8"
520,Kulvert går rett ut i saltvann. Denne er ikke hinder. Bra at denne ikke er for bratt. ,Nei,0,,100.0,Mandal ,Nei,,,, ,,Nei,,"67 165,672","6 458 115,408"
521,Usikker på denne. Bekk burde nok også vært rensket. ,Nei,0,,10.0,Mandal ,Usikker,,,, ,,Nei,,"67 256,917","6 457 083,114"
522,Denne er jeg også usikker på. Er 2 stikkrenner i forskjellig diameter. Der det er litt høyde opp mot den største. Den lille har veldig høy vannhastighet. Ser for meg at denne er krevende for nåde anadrom fisk og ål. ,Nei,10,,40.0,Mandal ,Ja,,,, ,,Nei,,"67 287,264","6 457 065,727"
523,"Fin gammel kulvert. Ikke hinder. Fin bekk, ser ut som om denne er ryddet kvist utav tidligere. Bra. ",Nei,0,,20.0,Mandal ,Nei,,,, ,,Nei,,"67 509,646","6 455 823,582"
524,"Tenker denne er hinder, lav vannføring og en del høyde opp mot innløp. ",Nei,30,,2.0,Mandal ,Ja,,,, ,,Nei,,"66 333,013","6 455 515,573"
525,Kulvert ser ikke ut som hinder. Gjengrodd bekk nedstrøms. ,Nei,0,,10.0,Mandal ,Nei,,,, ,,Nei,,"65 256,721","6 455 476,193"
526,"Kulvert ok, ikke hinder. Veldig gjengrodd bekk nedstrøms ",Nei,0,,20.0,Mandal ,Nei,,,, ,,Nei,,"65 095,478","6 456 017,517"
527,"Kulvert ikke hinder, grei bekk nedstrøms. Flere fisk nedstrøms. ",Nei,0,,15.0,Mandal ,Nei,,,, ,,Nei,,"65 373,721","6 457 047,464"
528,"Usikker på denne, grunneier mener denne stikkrenne stopper fisk. Gjengrodd bekk nedstrøms. ",Nei,0,,20.0,Mandal ,Ja,,,, ,,Nei,,"66 200,172","6 457 242,059"
529,Mistenker at denne er hinder. Lite vannføring gjennom kulvert. Og substrat nedstrøms bærer preg av lav vannføring. ,Nei,0,,40.0,Mandal ,Usikker,,,, ,,Nei,,"66 084,626","6 457 267,604"
530,Fin kulvert ikke hinder. Fin bekk nedstrøms. ,Nei,0,,70.0,Mandal,Nei,,,, ,,Nei,,"64 149,106","6 457 173,575"
531,"Grei bekk nedstrøms, kulvert ikke hinder ",Nei,0,,30.0,Mandal ,Nei,,,, ,,Nei,,"64 553,077","6 456 350,853"
532,Grei betongstikkrenne. Denne er ikke hinder. ,Nei,0,,80.0,Mandal ,Nei,,,, ,,Nei,,"64 055,731","6 455 386,714"
533,Enten ligger denne veldig lavt. Ellers så er siste betongelementet løsnet. Ser ut som hinder. ,Nei,0,,70.0,Mandal ,Ja,,,, ,,Nei,,"63 904,087","6 455 078,586"
534,Kulvert ikke hinder. Fin bekk nedstrøms. ,Nei,0,,50.0,Mandal ,Nei,,,, ,,Nei,,"63 857,366","6 454 556,094"
535,"Tenker denne er hinder både på grunn av høyde mot inngang, der det i tillegg ligger et vannføring. Plus stigningen på stikkrennen. ",Ja,40,"Antydning til kulp, fordypning i bekk. ",40.0,Mandal ,Ja,,,, ,,Nei,,"62 596,155","6 453 875,417"
536,"Mulig hinder, noe høyde opp mot kulvert og ikke veldig god plass til å hoppe fra. Sannsynligvis hinder for ål. ",Nei,10,,20.0,Mandal ,Ja,,,, ,,Nei,,"62 450,4","6 453 851,099"
537,Kulvert ser ok ut nedstrøms. Står noe fisk nedenfor kulvert. ,Nei,0,,70.0,Mandal ,Nei,,,, ,,Nei,,"62 195,138","6 453 780,315"
538,"Grei gammel kulvert. Lite vann, men ikke hinder. Gjengrodd bekk nedstrøms. ",Nei,0,,2.0,Mandal ,Nei,,,, ,,Nei,,"60 764,581","6 454 057,622"
539,"God vannføring, grei bekk. Ser ikke ut som hinder. ",Nei,5,,30.0,Mandal ,Nei,,,, ,,Nei,,"59 284,648","6 454 484,171"
540,Kulvert ser ikke ut som hinder. Men det er mye vegetasjon i bekkeløp. ,Nei,0,,20.0,Mandal ,Nei,,,, ,,Nei,,"59 143,425","6 454 685,945"
541,Sannsynligvis ikke hinder. Litt stillestående vann rett ved kulvert. Og steinkulvert går inn i rør lengre oppstrøms. ,Nei,0,,40.0,Mandal ,Nei,,,, ,,Nei,,"59 103,506","6 454 757,579"
542,"Gjenfinnes ikke oppstrøms. Mer grøft en bekk, usikker på om denne er hinder. ",Nei,0,,10.0,Mandal ,Usikker,,,, ,,Nei,,"58 155,058","6 455 067,271"
543,Stikkrenne ikke hinder. Men veldig mudrete sediment og vann nedstøms. Her kommer også den mindre plaststikkrennen ut. ,Nei,0,,50.0,Mandal ,Nei,,,, ,,Nei,,"58 099,763","6 455 017,663"
544,Ser fisk nedstrøms. Kulvert ser ikke ut som hinder. Men bekk ser ut til å bære preg av avrenning fra anlegg lengre oppstrøms. ,Nei,0,,40.0,Mandal ,Nei,,,, ,,Nei,,"58 106,774","6 454 666,983"
545,En del vegetasjon langs bekk. Litt lav vannhøyde. Men kulvert er ikke hinder. ,Nei,0,,20.0,Mandal ,Nei,,,, ,,Nei,,"58 034,077","6 454 531,53"
546,Både betongkloss og grein kan være hinder ved lav vannføring. Ellers er denne ok. ,Nei,0,,15.0,Mandal ,Usikker,,,, ,,Nei,,"57 920,07","6 454 300,77"
547,Vandringshinder ved mindre det er mye mer vann en nå. Mulig kulvert skulle lagt lavere oppstrøms. ,Nei,2,,0.0,Mandal ,Ja,,,, ,,Nei,,"58 272,954","6 452 104,23"
548,"Sølete vann, men kulvert ser ikke ut som hinder ",Nei,5,,5.0,Mandal ,Nei,,,, ,,Nei,,"57 483,502","6 452 652,322"
549,Kulvert egentlig grei nedstøms. Mye søppel og slam. Blir blokkert av kvist oppstrøms. ,Nei,0,,140.0,Arendal ,Ja,Nei,Ja,LettRensk,3,"ØK Det er antakelig ikke noe poeng å renske opp her da det ikke er sjøørret her, og det er gjedde i Langsævannet",Nei,,"136 345,119","6 498 019,223"
550,"Veldig lite vann, men ikke hinder ved høyere vannføring. Ok. ",Nei,15,,60.0,Arendal ,Nei,,,, ,,Nei,,"135 030,776","6 495 409,326"
551,"Stillestående vann, gjengrodd bekkeløp. Ellers kulvert ikke hinder. ",Nei,0,,10.0,Arendal ,Nei,,,, ,,Nei,,"132 562,312","6 495 033,805"
552,"Mye søppel. Det er lav vannstand, men kulvert er veldig høy. Denne vil sannsynligvis by på problemer for både ål og anadrom fisk. Bekk ut fra kulvert burde vært lagt slik at vandring er greiere. ",Nei,500,,40.0,Arendal ,Ja,Ja,,UavklartMåBefares,2,Trolig større tiltak med usikker oppstrøms verdi.,Nei,,"132 383,843","6 493 493,492"
553,"Kulvert ikke direkte hinder, men er noe kvist og en stein som burde ryddes. Denne bør også sjekkes da det renner mye vann som sannsynligvis har veldig dårlig kvalitet inn i bekk. Ser ikke bra ut. ",Nei,0,,25.0,Arendal ,Usikker,,,, ,,Nei,,"132 075,549","6 491 617,673"
554,Ikke vandringshinder. Men veldig stillestående vann. Noe fisk lengre nedstrøms. ,Nei,0,,25.0,Grimstad ,Nei,,,, ,,Nei,,"130 711,747","6 489 101,348"
555,Grei bekk nedstrøms. Ikke hinder. Litt lav vannføring. Men grei kulvert. ,Nei,0,,30.0,Arendal ,Nei,,,, ,,Nei,,"134 488,819","6 497 476,186"
556,Kulvert ok nedstrøms. Men rist og demning oppstrøms gjør denne til hinder. ,Ja,50,Halvnaturlig kulp. Dannet av samme stein som elv. Rundt 60cm dyp og er et par meter bred. Kulp er sperret fra elv. ,60.0,Hovden ,Ja,,,, ,,Nei,,"68 763,378","6 628 239,121"
557,"Rist oppstrøms, sannsynligvis ikke problematisk. Fin bekk, kulvert ikke hinder. God vannføring. ",Ja,0,"Naturlig fordypning i bekk, rundt 80cm dyp, samme bredde som bekk. ",80.0,Hovden ,Usikker,,,, ,,Nei,,"68 938,091","6 628 136,872"
558,"Fin bekk, kulvert ikke hinder. Men er bratt ned til elv. ",Nei,0,,35.0,Bykle ,Nei,,,, ,,Nei,,"72 621,677","6 598 033,095"
559,"Litt stinging opp mot kulvert. Sannsynligvis ikke hinder, hvis fisk skulle komme så langt opp. ",Ja,60,Liten naturlig kulp. ,30.0,Bykle ,Nei,,,, ,,Nei,,"72 682,085","6 597 584,615"
560,"Fin kulvert, og fin bekk. Skulle fisk komme opp hit er denne ikke hinder",Ja,0,Kulp dannet av stein og betongbiter. ,70.0,Bykle ,,,,, ,,Nei,,"73 149,835","6 595 705,366"
561,"Mye trafikk, derfor kort kartlegging. Bekk så bratt oppstrøms, at dette er et naturlig hinder. Kulvert ok.",,,,,Bykle ,Nei,,,, ,,Nei,,"72 675,892","6 594 375,692"
562,"Sannsynlig kun sesongmessig bekk. Denne vil kunne være hinder, men det vil sannsynligvis aldri være fisk i denne bekken. ",Nei,,,,Bykle ,Usikker,,,, ,,Nei,,"72 921,218","6 593 248,434"
563,"Usikker på høyde og vanndybde. Men er hinder i bekk, da bekkeløp er fylt med kvist. Er også veldig bratt oppstrøms. ",Nei,,,,Bykle ,Nei,,,, ,,Nei,,"72 385,593","6 592 032,291"
564,Kulvert ikke vandringshinder. Men bekk er helt tør. Noe kvist som blokkerer elv nedstrøms. ,Nei,50,,0.0,Tvedestrand ,Nei,,,,,,Nei,,"143 389,461","6 516 994,657"
565,Går ikke igjennom fylkesveien -kulverten er privat,Ja,200,Naturlig kulp dannet av stein. ,20.0,Tvedestrand ,Ja,,,,IkkePrioritert,Ikke fylkeskommunens ansvar ,'Ja',,"144 473,478","6 516 538,612"
566,"Bekk helt tør, sannsynligvis ikke hinder. ",Nei,5,,0.0,Tvedestrand ,Nei,,,,,,Nei,,"144 225,793","6 516 417,635"
567,Kulvert ser ikke ut som vandringshinder. Lav vannføring når denne ble undersøkt. Derfor tåkete og stillestående vann. ,Nei,0,,60.0,Tvedestrand ,Nei,,,,,,Nei,,"143 157,695","6 514 961,649"
568,Lav vannføring. Men ser ikke på kulverter som hinder ved normal vannføring. ,Nei,35,,5.0,Tvedestrand ,Nei,,,,,,Nei,,"143 329,743","6 514 821,816"
569,Veldig stor kulvert i stål. Med naturlig steinbunn. Denne er ikke hinder. ,Nei,0,,5.0,Tvedestrand ,Nei,,,,,,Nei,,"144 433,17","6 514 905,664"
